date,open,high,low,close,adj
2007-04-11,104.3499984741211,104.38999938964844,104.3499984741211,104.3499984741211,31.084781646728516
2007-04-12,104.41999816894531,104.41999816894531,104.3499984741211,104.41999816894531,31.105621337890625
2007-04-13,104.38999938964844,104.48999786376953,104.2300033569336,104.2300033569336,31.049034118652344
2007-04-16,104.2699966430664,104.2699966430664,104.1500015258789,104.19000244140625,31.037107467651367
2007-04-17,104.1500015258789,104.4000015258789,104.13999938964844,104.13999938964844,31.022201538085938
2007-04-18,104.19000244140625,104.2699966430664,104.1500015258789,104.16999816894531,31.031164169311523
2007-04-19,104.19999694824219,104.56999969482422,104.05999755859375,104.52999877929688,31.138391494750977
2007-04-20,104.54000091552734,104.54000091552734,104.44999694824219,104.47000122070312,31.120512008666992
2007-04-23,104.58999633789062,104.66000366210938,104.44999694824219,104.52999877929688,31.138391494750977
2007-04-24,104.58999633789062,105.30999755859375,104.41999816894531,105.25,31.352876663208008
2007-04-25,105.27999877929688,105.41000366210938,105.27999877929688,105.41000366210938,31.400527954101562
2007-04-26,105.43000030517578,105.5999984741211,105.29000091552734,105.5999984741211,31.457120895385742
2007-04-27,105.51000213623047,105.5999984741211,105.51000213623047,105.5999984741211,31.457120895385742
2007-04-30,105.55999755859375,105.62999725341797,105.33000183105469,105.61000061035156,31.460094451904297
2007-05-01,105.2699966430664,105.43000030517578,105.2699966430664,105.33000183105469,31.46401023864746
2007-05-02,105.3499984741211,105.38999938964844,105.19999694824219,105.29000091552734,31.452045440673828
2007-05-03,105.37000274658203,105.4800033569336,105.19999694824219,105.30000305175781,31.455041885375977
2007-05-04,105.3499984741211,105.44000244140625,105.20999908447266,105.43000030517578,31.493860244750977
2007-05-07,105.31999969482422,105.41999816894531,105.30000305175781,105.41999816894531,31.490890502929688
2007-05-08,105.54000091552734,105.55000305175781,105.44999694824219,105.5,31.514795303344727
2007-05-09,105.58999633789062,105.5999984741211,105.16000366210938,105.22000122070312,31.431140899658203
2007-05-10,105.69999694824219,105.80999755859375,105.51000213623047,105.5999984741211,31.544639587402344
2007-05-11,105.63999938964844,105.77999877929688,105.55999755859375,105.66000366210938,31.562578201293945
2007-05-14,105.69000244140625,105.69999694824219,105.55000305175781,105.6500015258789,31.55956268310547
2007-05-15,105.69999694824219,105.93000030517578,105.56999969482422,105.56999969482422,31.535690307617188
2007-05-16,105.83000183105469,105.86000061035156,105.81999969482422,105.8499984741211,31.619319915771484
2007-05-17,105.88999938964844,105.93000030517578,105.69000244140625,105.81999969482422,31.61039161682129
2007-05-18,105.94999694824219,105.94999694824219,105.8499984741211,105.8499984741211,31.619319915771484
2007-05-21,105.94000244140625,105.95999908447266,105.8499984741211,105.94999694824219,31.64918327331543
2007-05-22,106.08000183105469,106.08999633789062,105.7300033569336,105.95999908447266,31.652185440063477
2007-05-23,105.91999816894531,106.11000061035156,105.69999694824219,105.87999725341797,31.628307342529297
2007-05-24,106.04000091552734,106.04000091552734,105.8499984741211,105.91000366210938,31.63724708557129
2007-05-25,105.97000122070312,106.47000122070312,105.80000305175781,106.05999755859375,31.682043075561523
2007-05-29,105.69999694824219,105.72000122070312,105.58000183105469,105.63999938964844,31.55658531188965
2007-05-30,105.87000274658203,105.94000244140625,105.75,105.87999725341797,31.628307342529297
2007-05-31,105.88999938964844,105.88999938964844,105.6500015258789,105.70999908447266,31.57750701904297
2007-06-01,105.11000061035156,105.12999725341797,104.94999694824219,105.11000061035156,31.57330894470215
2007-06-04,105.19999694824219,105.22000122070312,105.0199966430664,105.19999694824219,31.600332260131836
2007-06-05,105.20999908447266,105.20999908447266,105.05000305175781,105.05000305175781,31.55527687072754
2007-06-06,105.0,105.05999755859375,104.87999725341797,104.91999816894531,31.516237258911133
2007-06-07,104.73999786376953,104.73999786376953,104.19999694824219,104.43000030517578,31.369050979614258
2007-06-08,104.20999908447266,104.2699966430664,103.91999816894531,104.1500015258789,31.284948348999023
2007-06-11,103.9000015258789,104.06999969482422,103.5999984741211,103.93000030517578,31.2188663482666
2007-06-12,103.7699966430664,103.77999877929688,103.06999969482422,103.4000015258789,31.05965805053711
2007-06-13,103.62999725341797,103.80999755859375,102.87000274658203,103.58000183105469,31.11372184753418
2007-06-14,103.33999633789062,103.66000366210938,103.16000366210938,103.66000366210938,31.13774871826172
2007-06-15,103.5,103.68000030517578,103.5,103.63999938964844,31.131736755371094
2007-06-18,103.91000366210938,103.91000366210938,103.4000015258789,103.69999694824219,31.1497745513916
2007-06-19,103.83999633789062,103.83999633789062,103.36000061035156,103.83000183105469,31.188812255859375
2007-06-20,103.83999633789062,103.83999633789062,102.91000366210938,102.91000366210938,30.912460327148438
2007-06-21,103.0,103.43000030517578,103.0,103.0999984741211,30.96953582763672
2007-06-22,103.22000122070312,103.36000061035156,102.83999633789062,103.30000305175781,31.029603958129883
2007-06-25,103.30000305175781,103.33999633789062,102.6500015258789,102.69999694824219,30.849365234375
2007-06-26,102.94000244140625,103.19000244140625,102.69999694824219,103.0,30.93947982788086
2007-06-27,102.79000091552734,102.80000305175781,102.4800033569336,102.63999938964844,30.831369400024414
2007-06-28,102.55000305175781,102.63999938964844,101.93000030517578,102.0999984741211,30.66913604736328
2007-06-29,102.0999984741211,102.5,101.80999755859375,101.80999755859375,30.582021713256836
2007-07-02,101.69999694824219,102.2699966430664,101.4000015258789,102.0,30.821659088134766
2007-07-03,101.9000015258789,101.9000015258789,101.5999984741211,101.80999755859375,30.76424789428711
2007-07-05,101.8499984741211,101.86000061035156,100.9800033569336,101.44000244140625,30.652463912963867
2007-07-06,101.43000030517578,101.79000091552734,101.11000061035156,101.55000305175781,30.685688018798828
2007-07-09,101.43000030517578,101.9800033569336,101.38999938964844,101.86000061035156,30.77934455871582
2007-07-10,101.4800033569336,101.75,101.0,101.58999633789062,30.697751998901367
2007-07-11,101.62000274658203,101.62999725341797,100.55999755859375,100.83000183105469,30.46812629699707
2007-07-12,101.0,101.12999725341797,100.70999908447266,101.12999725341797,30.558786392211914
2007-07-13,101.30000305175781,101.55999755859375,101.0,101.55000305175781,30.685688018798828
2007-07-16,101.37000274658203,101.80999755859375,101.26000213623047,101.58999633789062,30.697751998901367
2007-07-17,101.69999694824219,101.70999908447266,101.22000122070312,101.70999908447266,30.734041213989258
2007-07-18,101.66999816894531,101.66999816894531,100.80000305175781,100.94999694824219,30.504365921020508
2007-07-19,101.02999877929688,101.05999755859375,101.02999877929688,101.05999755859375,30.537630081176758
2007-07-20,100.9800033569336,101.31999969482422,100.58999633789062,100.80000305175781,30.459054946899414
2007-07-23,100.69999694824219,100.70999908447266,100.5,100.58000183105469,30.392578125
2007-07-24,100.5,100.51000213623047,99.86000061035156,100.0,30.21732521057129
2007-07-25,99.9000015258789,99.9000015258789,98.68000030517578,99.05000305175781,29.930252075195312
2007-07-26,98.5,99.5,96.38999938964844,97.6500015258789,29.507213592529297
2007-07-27,97.0,97.0,95.48999786376953,96.0199966430664,29.014663696289062
2007-07-30,96.98999786376953,97.0199966430664,96.3499984741211,96.94999694824219,29.295690536499023
2007-07-31,97.0,98.19999694824219,97.0,97.27999877929688,29.395414352416992
2007-08-01,96.83999633789062,96.83999633789062,95.26000213623047,96.44999694824219,29.334583282470703
2007-08-02,96.98999786376953,97.33000183105469,96.98999786376953,97.0,29.501861572265625
2007-08-03,97.3499984741211,97.3499984741211,96.37999725341797,97.0,29.501861572265625
2007-08-06,98.75,98.75,96.05000305175781,96.79000091552734,29.437992095947266
2007-08-07,99.25,99.25,96.80000305175781,97.4800033569336,29.647838592529297
2007-08-08,99.0,100.5,98.0,98.62999725341797,29.99761962890625
2007-08-09,98.62000274658203,98.91999816894531,98.01000213623047,98.52999877929688,29.967178344726562
2007-08-10,98.19999694824219,98.37000274658203,97.75,98.33000183105469,29.90636444091797
2007-08-13,99.0199966430664,99.05000305175781,98.4000015258789,99.05000305175781,30.125375747680664
2007-08-14,99.31999969482422,99.31999969482422,98.16999816894531,98.27999877929688,29.89115333557129
2007-08-15,98.3499984741211,99.04000091552734,98.27999877929688,98.83000183105469,30.05844497680664
2007-08-16,100.0,100.0,97.9800033569336,98.69999694824219,30.018898010253906
2007-08-17,99.0,100.0,98.5999984741211,99.69999694824219,30.32303810119629
2007-08-20,100.0,100.0,98.75,98.75,30.034082412719727
2007-08-21,99.25,99.8499984741211,98.05999755859375,98.23999786376953,29.878995895385742
2007-08-22,98.5999984741211,99.19999694824219,98.0999984741211,99.0,30.110124588012695
2007-08-23,99.16999816894531,99.80000305175781,99.0,99.5999984741211,30.292612075805664
2007-08-24,99.69999694824219,99.8499984741211,99.16000366210938,99.8499984741211,30.36867904663086
2007-08-27,100.0,100.5,99.9000015258789,100.5,30.56633186340332
2007-08-28,100.5,100.9000015258789,100.0,100.1500015258789,30.459877014160156
2007-08-29,100.0,100.9000015258789,99.66999816894531,100.55000305175781,30.581575393676758
2007-08-30,100.73999786376953,101.04000091552734,100.22000122070312,100.76000213623047,30.64543914794922
2007-08-31,101.4800033569336,101.68000030517578,101.01000213623047,101.66999816894531,30.922203063964844
2007-09-04,101.97000122070312,101.97000122070312,101.0,101.75,31.13733673095703
2007-09-05,101.6500015258789,101.87999725341797,101.2300033569336,101.79000091552734,31.149568557739258
2007-09-06,101.48999786376953,101.73999786376953,101.48999786376953,101.7300033569336,31.131202697753906
2007-09-07,101.9000015258789,101.9000015258789,100.44999694824219,100.56999969482422,30.776222229003906
2007-09-10,101.5,101.5,100.61000061035156,101.0,30.907806396484375
2007-09-11,101.4800033569336,102.0,101.0,101.83000183105469,31.161821365356445
2007-09-12,102.0,102.5,101.37999725341797,102.29000091552734,31.30257225036621
2007-09-13,102.25,102.25,101.22000122070312,101.93000030517578,31.192411422729492
2007-09-14,101.94999694824219,102.94000244140625,101.22000122070312,102.88999938964844,31.486194610595703
2007-09-17,103.0,103.5,102.36000061035156,103.36000061035156,31.6300048828125
2007-09-18,103.75,104.36000061035156,102.9800033569336,104.0999984741211,31.85647201538086
2007-09-19,104.25,106.0999984741211,104.19999694824219,106.08999633789062,32.4654655456543
2007-09-20,106.04000091552734,106.04000091552734,103.0,103.48999786376953,31.669797897338867
2007-09-21,104.98999786376953,105.4000015258789,102.0999984741211,103.75,31.74937629699707
2007-09-24,102.68000030517578,104.44999694824219,102.6500015258789,104.44999694824219,31.963550567626953
2007-09-25,103.0,104.69999694824219,103.0,104.69999694824219,32.04006576538086
2007-09-26,104.69999694824219,104.69999694824219,104.12999725341797,104.31999969482422,31.923803329467773
2007-09-27,104.5,104.55000305175781,101.16000366210938,104.0,31.82587242126465
2007-09-28,104.47000122070312,104.4800033569336,103.5999984741211,104.0,31.82587242126465
2007-10-01,104.47000122070312,104.5,103.33000183105469,103.75,31.947519302368164
2007-10-02,102.52999877929688,103.98999786376953,102.52999877929688,103.94999694824219,32.00908660888672
2007-10-03,104.0,104.47000122070312,103.31999969482422,103.4000015258789,31.839719772338867
2007-10-04,103.80000305175781,103.94999694824219,103.29000091552734,103.83999633789062,31.97520637512207
2007-10-05,103.97000122070312,104.0,103.5199966430664,103.9000015258789,31.993709564208984
2007-10-08,104.22000122070312,104.38999938964844,103.86000061035156,104.25,32.10144805908203
2007-10-09,104.31999969482422,104.33999633789062,104.0,104.33000183105469,32.12610626220703
2007-10-10,104.4800033569336,104.4800033569336,104.1500015258789,104.23999786376953,32.098388671875
2007-10-11,104.48999786376953,104.5,104.0,104.38999938964844,32.14458465576172
2007-10-12,104.41999816894531,104.5999984741211,104.41999816894531,104.5,32.17844772338867
2007-10-15,105.19999694824219,105.19999694824219,104.5,105.0,32.33241271972656
2007-10-16,104.5,104.68000030517578,104.0999984741211,104.5999984741211,32.20923614501953
2007-10-17,104.02999877929688,104.6500015258789,103.30999755859375,103.30999755859375,31.812034606933594
2007-10-18,104.2300033569336,104.25,103.25,103.26000213623047,31.796611785888672
2007-10-19,103.25,103.94000244140625,102.0,102.80000305175781,31.654987335205078
2007-10-22,102.80000305175781,102.80000305175781,101.8499984741211,101.8499984741211,31.362438201904297
2007-10-23,102.19000244140625,102.69999694824219,101.94999694824219,102.69999694824219,31.62417984008789
2007-10-24,102.5999984741211,102.75,102.30000305175781,102.69999694824219,31.62417984008789
2007-10-25,102.98999786376953,102.98999786376953,102.63999938964844,102.8499984741211,31.670391082763672
2007-10-26,102.69999694824219,103.08999633789062,102.5999984741211,103.08999633789062,31.74430274963379
2007-10-29,103.48999786376953,103.5,103.05999755859375,103.4000015258789,31.839719772338867
2007-10-30,103.30000305175781,103.30000305175781,102.69999694824219,103.19999694824219,31.778148651123047
2007-10-31,103.61000061035156,104.0,103.04000091552734,103.8499984741211,31.978315353393555
2007-11-01,102.70999908447266,102.9000015258789,102.0,102.5,31.770626068115234
2007-11-02,102.48999786376953,102.5,101.91999816894531,102.25,31.69315528869629
2007-11-05,106.0,106.0,101.5,102.19999694824219,31.677640914916992
2007-11-06,102.19999694824219,103.1500015258789,102.19999694824219,102.7300033569336,31.841915130615234
2007-11-07,101.81999969482422,103.0999984741211,101.81999969482422,102.5999984741211,31.80162811279297
2007-11-08,102.8499984741211,102.8499984741211,100.41000366210938,101.30000305175781,31.3986873626709
2007-11-09,101.56999969482422,101.75,100.51000213623047,101.75,31.53816032409668
2007-11-12,103.0199966430664,103.0199966430664,101.9000015258789,102.1500015258789,31.662153244018555
2007-11-13,102.94999694824219,102.94999694824219,101.55999755859375,101.75,31.53816032409668
2007-11-14,102.75,102.75,101.69999694824219,102.0,31.61564064025879
2007-11-15,101.98999786376953,102.33999633789062,101.68000030517578,101.97000122070312,31.606353759765625
2007-11-16,103.0,103.0,101.52999877929688,102.0,31.61564064025879
2007-11-19,102.69999694824219,102.69999694824219,101.77999877929688,102.0,31.61564064025879
2007-11-20,101.75,102.38999938964844,100.41000366210938,101.0,31.305683135986328
2007-11-21,100.69999694824219,100.69999694824219,97.0,99.0999984741211,30.71676254272461
2007-11-23,99.19999694824219,100.5,98.91000366210938,98.91000366210938,30.657894134521484
2007-11-26,98.0,101.0,98.0,100.0,30.9957275390625
2007-11-27,100.5,101.4800033569336,99.5,100.1500015258789,31.042221069335938
2007-11-28,99.58000183105469,101.19999694824219,99.58000183105469,101.0999984741211,31.336658477783203
2007-11-29,101.75,101.75,100.0999984741211,101.5999984741211,31.49166488647461
2007-11-30,102.0,102.5,101.51000213623047,102.01000213623047,31.618749618530273
2007-12-03,103.0,103.0,101.0999984741211,102.38999938964844,31.93753433227539
2007-12-04,103.0,103.0,102.0,102.0,31.815855026245117
2007-12-05,101.68000030517578,102.5,100.26000213623047,100.80000305175781,31.441587448120117
2007-12-06,101.61000061035156,101.75,100.0,101.69999694824219,31.72231101989746
2007-12-07,100.5999984741211,102.48999786376953,100.5999984741211,101.6500015258789,31.706701278686523
2007-12-10,100.7300033569336,101.63999938964844,100.7300033569336,101.5,31.659942626953125
2007-12-11,102.16999816894531,102.4800033569336,100.8499984741211,101.4000015258789,31.628732681274414
2007-12-12,102.5,103.75,101.5,101.94999694824219,31.800291061401367
2007-12-13,101.75,102.27999877929688,101.2300033569336,101.9000015258789,31.784709930419922
2007-12-14,102.5,102.5,101.19000244140625,102.05000305175781,31.83147430419922
2007-12-17,102.5,102.5,101.12000274658203,101.5,31.659942626953125
2007-12-18,101.41000366210938,102.0,101.41000366210938,101.5999984741211,31.691112518310547
2007-12-19,101.11000061035156,102.0999984741211,101.11000061035156,102.0999984741211,31.847061157226562
2007-12-20,101.4000015258789,101.94999694824219,101.4000015258789,101.87999725341797,31.778446197509766
2007-12-21,102.4800033569336,102.4800033569336,101.38999938964844,102.19999694824219,31.878259658813477
2007-12-24,102.0199966430664,102.26000213623047,101.19999694824219,101.83999633789062,31.765966415405273
2007-12-26,101.52999877929688,101.69999694824219,101.19999694824219,101.38999938964844,31.625608444213867
2007-12-27,101.18000030517578,101.5999984741211,101.18000030517578,101.48999786376953,31.83420753479004
2007-12-28,101.4000015258789,101.62000274658203,100.25,100.5,31.523672103881836
2007-12-31,100.20999908447266,100.73999786376953,99.87000274658203,100.72000122070312,31.592687606811523
2008-01-02,99.55999755859375,100.9000015258789,99.30000305175781,99.5,31.20998764038086
2008-01-03,99.5999984741211,99.94999694824219,99.26000213623047,99.30999755859375,31.150400161743164
2008-01-04,100.01000213623047,100.05000305175781,98.83999633789062,99.19999694824219,31.115890502929688
2008-01-07,99.48999786376953,99.48999786376953,98.30000305175781,98.61000061035156,30.930814743041992
2008-01-08,99.48999786376953,99.48999786376953,98.0,98.04000091552734,30.75204849243164
2008-01-09,98.48999786376953,98.48999786376953,96.93000030517578,96.97000122070312,30.416414260864258
2008-01-10,97.16999816894531,98.16999816894531,96.94999694824219,97.69000244140625,30.64228630065918
2008-01-11,97.83999633789062,98.5,97.30999755859375,97.9000015258789,30.708133697509766
2008-01-14,97.63999938964844,98.06999969482422,97.37999725341797,97.55999755859375,30.601472854614258
2008-01-15,97.94999694824219,97.94999694824219,97.5999984741211,97.80999755859375,30.679893493652344
2008-01-16,97.83999633789062,97.9000015258789,97.41000366210938,97.69999694824219,30.645397186279297
2008-01-17,97.5,97.5,97.01000213623047,97.01000213623047,30.42898178100586
2008-01-18,97.47000122070312,98.94999694824219,97.02999877929688,97.7699966430664,30.667360305786133
2008-01-22,96.69999694824219,97.86000061035156,93.30000305175781,97.08999633789062,30.454051971435547
2008-01-23,96.83999633789062,97.58999633789062,95.0199966430664,97.27999877929688,30.513641357421875
2008-01-24,97.26000213623047,98.5,96.87999725341797,98.5,30.89633560180664
2008-01-25,98.11000061035156,99.5,97.05999755859375,98.6500015258789,30.94337272644043
2008-01-28,98.5,98.5,97.5,98.19999694824219,30.802234649658203
2008-01-29,97.77999877929688,98.3499984741211,97.77999877929688,98.30000305175781,30.833593368530273
2008-01-30,98.41999816894531,98.73999786376953,97.93000030517578,98.68000030517578,30.95280647277832
2008-01-31,98.13999938964844,98.87999725341797,97.75,98.87999725341797,31.015522003173828
2008-02-01,98.44000244140625,98.5,97.0,98.2699966430664,31.03258514404297
2008-02-04,97.25,98.37999725341797,97.25,98.29000091552734,31.038909912109375
2008-02-05,97.79000091552734,97.79000091552734,97.0,97.5,30.7894229888916
2008-02-06,97.68000030517578,97.70999908447266,97.18000030517578,97.30000305175781,30.726259231567383
2008-02-07,96.9000015258789,97.30000305175781,96.0,96.88999938964844,30.596803665161133
2008-02-08,96.5,96.5,96.0,96.16000366210938,30.36626625061035
2008-02-11,95.26000213623047,96.20999908447266,95.26000213623047,95.4000015258789,30.12627601623535
2008-02-12,95.25,96.29000091552734,95.25,95.76000213623047,30.239938735961914
2008-02-13,95.98999786376953,96.05999755859375,95.51000213623047,95.51000213623047,30.161008834838867
2008-02-14,96.56999969482422,96.56999969482422,95.44999694824219,95.9800033569336,30.309423446655273
2008-02-15,95.75,95.75,95.3499984741211,95.73999786376953,30.23363494873047
2008-02-19,95.75,96.0,95.0,95.25,30.07889175415039
2008-02-20,95.83999633789062,95.83999633789062,95.02999877929688,95.5,30.157827377319336
2008-02-21,95.9000015258789,96.0,95.5,95.83000183105469,30.262062072753906
2008-02-22,95.94000244140625,96.08000183105469,95.6500015258789,96.0,30.315744400024414
2008-02-25,95.80000305175781,96.43000030517578,95.70999908447266,96.29000091552734,30.40731430053711
2008-02-26,96.30000305175781,96.94999694824219,96.19999694824219,96.91000366210938,30.60308837890625
2008-02-27,96.97000122070312,96.9800033569336,96.48999786376953,96.88999938964844,30.596803665161133
2008-02-28,96.5,96.93000030517578,95.69000244140625,96.75,30.552576065063477
2008-02-29,96.37999725341797,96.45999908447266,95.69000244140625,96.37999725341797,30.435731887817383
2008-03-03,96.19000244140625,96.19000244140625,95.5,95.79000091552734,30.44399642944336
2008-03-04,95.80000305175781,95.94999694824219,95.51000213623047,95.68000030517578,30.40904998779297
2008-03-05,95.5,96.0,95.5,95.94999694824219,30.494840621948242
2008-03-06,95.94000244140625,95.94000244140625,95.5,95.69999694824219,30.41539192199707
2008-03-07,95.2300033569336,95.5,95.2300033569336,95.5,30.35182762145996
2008-03-10,95.45999908447266,95.55000305175781,95.25,95.27999877929688,30.28190040588379
2008-03-11,95.13999938964844,95.69999694824219,95.05000305175781,95.5199966430664,30.358173370361328
2008-03-12,95.26000213623047,95.51000213623047,95.25,95.5,30.35182762145996
2008-03-13,95.22000122070312,95.22000122070312,93.80000305175781,94.83000183105469,30.138896942138672
2008-03-14,94.83000183105469,95.0,94.05000305175781,94.26000213623047,29.95775032043457
2008-03-17,94.02999877929688,94.02999877929688,93.30000305175781,93.81999969482422,29.817867279052734
2008-03-18,94.45999908447266,96.98999786376953,94.29000091552734,95.19999694824219,30.25646209716797
2008-03-19,95.45999908447266,95.58000183105469,95.0999984741211,95.30000305175781,30.28824806213379
2008-03-20,95.26000213623047,95.75,95.19999694824219,95.75,30.431285858154297
2008-03-24,95.98999786376953,96.5999984741211,95.79000091552734,96.4800033569336,30.663312911987305
2008-03-25,96.5,96.75,96.22000122070312,96.7300033569336,30.742774963378906
2008-03-26,96.5999984741211,96.7699966430664,96.4000015258789,96.5,30.669654846191406
2008-03-27,96.5999984741211,96.5999984741211,96.11000061035156,96.19000244140625,30.571151733398438
2008-03-28,96.19999694824219,96.23999786376953,96.01000213623047,96.23999786376953,30.58702278137207
2008-03-31,96.0199966430664,96.69999694824219,95.62999725341797,96.66999816894531,30.723690032958984
2008-04-01,95.87999725341797,96.45999908447266,95.87999725341797,96.44999694824219,30.858692169189453
2008-04-02,96.41999816894531,96.6500015258789,96.25,96.5,30.87469482421875
2008-04-03,96.66000366210938,96.66000366210938,95.5999984741211,96.33000183105469,30.8203067779541
2008-04-04,96.5,98.2300033569336,96.20999908447266,96.69999694824219,30.938676834106445
2008-04-07,96.80000305175781,97.52999877929688,96.69999694824219,97.47000122070312,31.185043334960938
2008-04-08,97.1500015258789,97.80000305175781,96.9000015258789,97.80000305175781,31.290607452392578
2008-04-09,97.0,97.19999694824219,96.77999877929688,96.94999694824219,31.01868438720703
2008-04-10,96.91000366210938,98.51000213623047,96.83999633789062,97.30000305175781,31.13066291809082
2008-04-11,97.0999984741211,97.12999725341797,96.5,96.5199966430664,30.881113052368164
2008-04-14,96.79000091552734,96.9000015258789,96.5199966430664,96.86000061035156,30.989856719970703
2008-04-15,96.79000091552734,97.19999694824219,96.63999938964844,96.8499984741211,30.98667335510254
2008-04-16,97.18000030517578,97.41999816894531,96.83999633789062,97.2699966430664,31.12105941772461
2008-04-17,97.37000274658203,97.37000274658203,97.0999984741211,97.37000274658203,31.15303611755371
2008-04-18,97.81999969482422,98.05000305175781,97.33000183105469,98.02999877929688,31.36420440673828
2008-04-21,97.9800033569336,97.9800033569336,97.76000213623047,97.87000274658203,31.313016891479492
2008-04-22,98.13999938964844,98.31999969482422,97.52999877929688,98.0,31.3546085357666
2008-04-23,98.4000015258789,98.69000244140625,97.77999877929688,98.4000015258789,31.482603073120117
2008-04-24,98.55000305175781,98.55000305175781,97.9000015258789,98.43000030517578,31.492176055908203
2008-04-25,98.77999877929688,98.9000015258789,98.5999984741211,98.9000015258789,31.642580032348633
2008-04-28,99.16999816894531,99.5,98.48999786376953,99.4800033569336,31.828140258789062
2008-04-29,99.47000122070312,99.47000122070312,98.91000366210938,99.19000244140625,31.7353515625
2008-04-30,99.20999908447266,99.95999908447266,98.5,99.29000091552734,31.767335891723633
2008-05-01,99.19999694824219,100.81999969482422,99.19999694824219,100.81999969482422,32.442440032958984
2008-05-02,100.31999969482422,100.38999938964844,99.61000061035156,99.80000305175781,32.11421203613281
2008-05-05,99.51000213623047,99.69999694824219,99.51000213623047,99.63999938964844,32.06272888183594
2008-05-06,99.27999877929688,99.27999877929688,98.68000030517578,98.93000030517578,31.834270477294922
2008-05-07,99.22000122070312,99.2300033569336,98.62000274658203,99.0,31.856782913208008
2008-05-08,99.16999816894531,99.19000244140625,98.75,98.79000091552734,31.789226531982422
2008-05-09,98.87000274658203,99.0,98.48999786376953,99.0,31.856782913208008
2008-05-12,98.91999816894531,98.93000030517578,98.5,98.87000274658203,31.814977645874023
2008-05-13,98.9800033569336,99.04000091552734,98.70999908447266,98.83999633789062,31.8052921295166
2008-05-14,98.94000244140625,99.13999938964844,98.0999984741211,98.69999694824219,31.76026153564453
2008-05-15,99.16000366210938,99.25,98.25,98.95999908447266,31.84394073486328
2008-05-16,98.72000122070312,99.13999938964844,98.5999984741211,99.0999984741211,31.88898468017578
2008-05-19,99.3499984741211,99.58000183105469,99.19999694824219,99.48999786376953,32.01447296142578
2008-05-20,99.5,99.5,99.06999969482422,99.30000305175781,31.953330993652344
2008-05-21,99.3499984741211,99.3499984741211,99.0199966430664,99.12000274658203,31.895437240600586
2008-05-22,99.0,99.23999786376953,98.7300033569336,98.97000122070312,31.847137451171875
2008-05-23,98.69999694824219,98.80999755859375,97.69999694824219,98.37999725341797,31.65726661682129
2008-05-27,98.36000061035156,98.36000061035156,97.54000091552734,97.83000183105469,31.48031234741211
2008-05-28,97.5999984741211,98.33999633789062,97.5999984741211,98.30999755859375,31.634765625
2008-05-29,98.25,98.4000015258789,98.0,98.20999908447266,31.602603912353516
2008-05-30,98.2300033569336,98.2300033569336,98.06999969482422,98.22000122070312,31.605802536010742
2008-06-02,97.58999633789062,97.66999816894531,95.81999969482422,96.77999877929688,31.344755172729492
2008-06-03,97.30000305175781,97.30000305175781,96.30000305175781,96.8499984741211,31.367443084716797
2008-06-04,96.93000030517578,96.93000030517578,96.44999694824219,96.75,31.335073471069336
2008-06-05,97.0,97.19999694824219,96.87999725341797,97.16999816894531,31.471065521240234
2008-06-06,96.97000122070312,97.37999725341797,96.77999877929688,96.9000015258789,31.38361358642578
2008-06-09,97.2699966430664,97.37000274658203,96.61000061035156,97.20999908447266,31.48405647277832
2008-06-10,97.0,97.26000213623047,96.86000061035156,97.25,31.496965408325195
2008-06-11,97.5,97.9800033569336,97.0,97.2300033569336,31.490509033203125
2008-06-12,96.93000030517578,97.3499984741211,96.70999908447266,97.06999969482422,31.43867301940918
2008-06-13,97.0999984741211,97.5,96.3499984741211,97.5,31.57794761657715
2008-06-16,96.5999984741211,97.06999969482422,96.11000061035156,96.1500015258789,31.140708923339844
2008-06-17,96.02999877929688,96.80000305175781,95.97000122070312,96.31999969482422,31.195783615112305
2008-06-18,96.30000305175781,96.8499984741211,96.05000305175781,96.52999877929688,31.26378059387207
2008-06-19,96.22000122070312,96.22000122070312,95.6500015258789,95.91999816894531,31.06621551513672
2008-06-20,95.80000305175781,95.87999725341797,95.25,95.54000091552734,30.943159103393555
2008-06-23,95.58999633789062,95.63999938964844,95.08999633789062,95.19000244140625,30.829784393310547
2008-06-24,95.0999984741211,95.62999725341797,94.48999786376953,94.79000091552734,30.700227737426758
2008-06-25,94.63999938964844,95.13999938964844,94.5,95.11000061035156,30.80390739440918
2008-06-26,94.18000030517578,94.5999984741211,93.80000305175781,94.36000061035156,30.561006546020508
2008-06-27,94.0199966430664,94.19999694824219,93.58999633789062,94.0999984741211,30.476757049560547
2008-06-30,93.9000015258789,94.0999984741211,93.54000091552734,94.0,30.444387435913086
2008-07-01,92.43000030517578,94.0,92.3499984741211,93.25,30.412109375
2008-07-02,93.0199966430664,93.5,92.56999969482422,93.18000030517578,30.389257431030273
2008-07-03,93.37000274658203,93.58000183105469,92.98999786376953,93.13999938964844,30.376230239868164
2008-07-07,93.56999969482422,93.56999969482422,92.70999908447266,93.22000122070312,30.40232276916504
2008-07-08,93.1500015258789,93.20999908447266,92.66000366210938,92.97000122070312,30.320768356323242
2008-07-09,92.80000305175781,93.19999694824219,92.55000305175781,92.6500015258789,30.216419219970703
2008-07-10,92.41999816894531,93.08999633789062,92.33999633789062,92.7699966430664,30.255558013916016
2008-07-11,92.30999755859375,92.80999755859375,92.2300033569336,92.6500015258789,30.216419219970703
2008-07-14,93.16000366210938,93.16000366210938,91.9000015258789,92.43000030517578,30.1446590423584
2008-07-15,91.70999908447266,91.80000305175781,90.7300033569336,91.0,29.678281784057617
2008-07-16,91.19999694824219,91.56999969482422,91.0,91.30000305175781,29.776124954223633
2008-07-17,91.69999694824219,92.55000305175781,91.45999908447266,91.56999969482422,29.864206314086914
2008-07-18,92.08999633789062,93.04000091552734,91.7699966430664,93.04000091552734,30.3436279296875
2008-07-21,93.5199966430664,93.69000244140625,93.0,93.5,30.493619918823242
2008-07-22,93.30000305175781,93.88999938964844,93.12000274658203,93.81999969482422,30.598005294799805
2008-07-23,93.6500015258789,93.93000030517578,93.55000305175781,93.56999969482422,30.516460418701172
2008-07-24,93.80999755859375,94.23999786376953,93.26000213623047,93.79000091552734,30.588224411010742
2008-07-25,93.75,94.52999877929688,93.69999694824219,93.98999786376953,30.653451919555664
2008-07-28,93.44000244140625,93.7300033569336,93.30000305175781,93.66999816894531,30.5490779876709
2008-07-29,93.55999755859375,93.83000183105469,93.19999694824219,93.69000244140625,30.555599212646484
2008-07-30,93.3499984741211,93.73999786376953,93.0,93.70999908447266,30.562122344970703
2008-07-31,93.37000274658203,93.9000015258789,93.0,93.9000015258789,30.624074935913086
2008-08-01,92.69999694824219,93.06999969482422,92.4000015258789,92.81999969482422,30.487123489379883
2008-08-04,92.37999725341797,92.4800033569336,92.04000091552734,92.18000030517578,30.276912689208984
2008-08-05,92.33000183105469,93.69999694824219,92.0199966430664,92.83000183105469,30.49041175842285
2008-08-06,92.26000213623047,92.3499984741211,92.0,92.20999908447266,30.28676414489746
2008-08-07,92.16999816894531,92.26000213623047,92.0,92.0999984741211,30.250640869140625
2008-08-08,92.06999969482422,92.27999877929688,91.97000122070312,92.26000213623047,30.303190231323242
2008-08-11,91.8499984741211,92.1500015258789,91.36000061035156,92.0,30.21778678894043
2008-08-12,92.18000030517578,92.47000122070312,91.9000015258789,92.36000061035156,30.33603286743164
2008-08-13,92.30000305175781,92.5,92.0,92.5,30.38201904296875
2008-08-14,92.4000015258789,92.5,92.16000366210938,92.5,30.38201904296875
2008-08-15,92.44000244140625,92.73999786376953,92.41999816894531,92.70999908447266,30.450971603393555
2008-08-18,92.75,92.98999786376953,92.0199966430664,92.5,30.38201904296875
2008-08-19,92.6500015258789,92.75,92.25,92.68000030517578,30.44112205505371
2008-08-20,92.68000030517578,92.81999969482422,92.33000183105469,92.66000366210938,30.434560775756836
2008-08-21,92.37000274658203,92.5999984741211,92.25,92.52999877929688,30.39186668395996
2008-08-22,92.44999694824219,92.75,92.0,92.0,30.21778678894043
2008-08-25,92.11000061035156,92.5199966430664,92.11000061035156,92.5,30.38201904296875
2008-08-26,92.55999755859375,92.55999755859375,91.9000015258789,92.0,30.21778678894043
2008-08-27,92.37999725341797,92.37999725341797,91.83000183105469,92.0999984741211,30.250640869140625
2008-08-28,92.37999725341797,92.41999816894531,92.0199966430664,92.2300033569336,30.293344497680664
2008-08-29,92.44999694824219,92.58999633789062,92.0,92.4000015258789,30.34917640686035
2008-09-02,92.23999786376953,92.52999877929688,91.62000274658203,91.80000305175781,30.355772018432617
2008-09-03,92.0,92.0999984741211,91.83000183105469,92.0999984741211,30.454988479614258
2008-09-04,92.5,92.5,92.30999755859375,92.5,30.587255477905273
2008-09-05,92.26000213623047,92.43000030517578,91.5199966430664,92.41999816894531,30.56080436706543
2008-09-08,93.13999938964844,93.13999938964844,92.1500015258789,92.30999755859375,30.524431228637695
2008-09-09,92.56999969482422,92.91000366210938,92.19999694824219,92.51000213623047,30.59055519104004
2008-09-10,92.4800033569336,92.4800033569336,92.0,92.0,30.42191505432129
2008-09-11,92.16999816894531,92.33999633789062,91.66000366210938,92.0,30.42191505432129
2008-09-12,91.87999725341797,92.02999877929688,91.4800033569336,92.0,30.42191505432129
2008-09-15,91.87999725341797,91.87999725341797,88.0,88.62000274658203,29.304237365722656
2008-09-16,87.04000091552734,87.41000366210938,82.23999786376953,86.58000183105469,28.62966537475586
2008-09-17,86.16999816894531,86.4000015258789,79.25,81.37999725341797,26.9101619720459
2008-09-18,82.98999786376953,88.19999694824219,81.41000366210938,87.80000305175781,29.0330753326416
2008-09-19,89.0,92.05000305175781,88.0999984741211,88.91999816894531,29.40341567993164
2008-09-22,89.0999984741211,90.19999694824219,88.5999984741211,88.83999633789062,29.376976013183594
2008-09-23,89.56999969482422,89.75,87.0,87.97000122070312,29.089305877685547
2008-09-24,88.05000305175781,89.69000244140625,88.05000305175781,88.76000213623047,29.350536346435547
2008-09-25,88.8499984741211,88.8499984741211,86.5,86.5,28.603235244750977
2008-09-26,85.4800033569336,86.94000244140625,84.93000030517578,86.19999694824219,28.503999710083008
2008-09-29,86.2300033569336,86.2300033569336,76.0,79.22000122070312,26.195913314819336
2008-09-30,82.51000213623047,82.63999938964844,80.5999984741211,82.0,27.11518096923828
2008-10-01,82.33000183105469,85.19999694824219,82.0,84.8499984741211,28.295703887939453
2008-10-02,84.87000274658203,84.87000274658203,81.01000213623047,82.63999938964844,27.558706283569336
2008-10-03,83.2300033569336,83.76000213623047,81.75,82.33999633789062,27.458677291870117
2008-10-06,80.5,81.75,77.55000305175781,79.3499984741211,26.46158790588379
2008-10-07,79.51000213623047,82.66999816894531,77.88999938964844,78.01000213623047,26.01469612121582
2008-10-08,76.62000274658203,78.19999694824219,74.22000122070312,74.75,24.927570343017578
2008-10-09,75.19999694824219,78.26000213623047,73.01000213623047,73.01000213623047,24.347312927246094
2008-10-10,71.37000274658203,71.37000274658203,63.959999084472656,68.13999938964844,22.723262786865234
2008-10-13,70.55000305175781,76.5,70.45999908447266,76.5,25.51116180419922
2008-10-14,78.25,79.33000183105469,75.5,77.0,25.677902221679688
2008-10-15,75.98999786376953,75.98999786376953,71.87999725341797,73.63999938964844,24.55739974975586
2008-10-16,74.31999969482422,74.33000183105469,70.0,70.8499984741211,23.626995086669922
2008-10-17,70.51000213623047,70.83999633789062,69.5,70.0,23.343536376953125
2008-10-20,71.55000305175781,71.80000305175781,70.0,71.4000015258789,23.810405731201172
2008-10-21,71.22000122070312,72.88999938964844,70.45999908447266,70.98999786376953,23.67367935180664
2008-10-22,71.68000030517578,71.68000030517578,70.2699966430664,70.4000015258789,23.476919174194336
2008-10-23,70.4000015258789,71.88999938964844,70.0999984741211,71.58999633789062,23.873741149902344
2008-10-24,70.4000015258789,70.80000305175781,69.05999755859375,69.80000305175781,23.276838302612305
2008-10-27,70.04000091552734,70.37999725341797,66.25,66.25,22.092994689941406
2008-10-28,67.69000244140625,68.69999694824219,67.0,67.0,22.343101501464844
2008-10-29,67.41000366210938,71.0,67.41000366210938,70.05000305175781,23.360206604003906
2008-10-30,70.94999694824219,71.97000122070312,70.5,71.97000122070312,24.000486373901367
2008-10-31,71.5999984741211,72.26000213623047,71.58999633789062,72.0,24.010496139526367
2008-11-03,72.26000213623047,72.26000213623047,71.69999694824219,71.88999938964844,24.20577049255371
2008-11-04,72.77999877929688,72.77999877929688,71.75,72.69999694824219,24.478544235229492
2008-11-05,72.77999877929688,73.22000122070312,72.0,72.0999984741211,24.2764835357666
2008-11-06,71.01000213623047,72.5,71.0,72.0999984741211,24.2764835357666
2008-11-07,72.62999725341797,72.94000244140625,72.0,72.8499984741211,24.529020309448242
2008-11-10,73.05000305175781,73.41999816894531,72.0,72.86000061035156,24.532377243041992
2008-11-11,73.58999633789062,73.58999633789062,72.05000305175781,72.7300033569336,24.488611221313477
2008-11-12,72.69000244140625,72.69000244140625,71.54000091552734,71.69999694824219,24.141813278198242
2008-11-13,71.12000274658203,71.86000061035156,70.66999816894531,71.31999969482422,24.013858795166016
2008-11-14,71.37999725341797,71.37999725341797,70.0,70.44999694824219,23.720930099487305
2008-11-17,70.44999694824219,70.94000244140625,69.11000061035156,69.36000061035156,23.353927612304688
2008-11-18,69.0,69.44000244140625,67.5999984741211,67.9000015258789,22.862319946289062
2008-11-19,67.04000091552734,67.7699966430664,65.05999755859375,65.58000183105469,22.081157684326172
2008-11-20,65.0199966430664,65.33999633789062,62.5,63.400001525878906,21.347145080566406
2008-11-21,64.91999816894531,65.2699966430664,63.209999084472656,64.02999877929688,21.559274673461914
2008-11-24,65.16000366210938,65.69000244140625,64.02999877929688,64.31999969482422,21.656932830810547
2008-11-25,65.83999633789062,65.83999633789062,63.77000045776367,64.98999786376953,21.882505416870117
2008-11-26,66.05999755859375,66.54000091552734,65.0999984741211,66.5,22.390939712524414
2008-11-28,65.37999725341797,66.52999877929688,65.37999725341797,66.25,22.306760787963867
2008-12-01,65.11000061035156,65.66000366210938,63.66999816894531,64.19999694824219,21.8466796875
2008-12-02,65.2699966430664,65.2699966430664,64.25,64.88999938964844,22.081485748291016
2008-12-03,64.80000305175781,64.93000030517578,64.41000366210938,64.9000015258789,22.08490753173828
2008-12-04,64.91000366210938,65.0,64.16999816894531,64.5199966430664,21.955577850341797
2008-12-05,64.12000274658203,64.55000305175781,63.5,64.55000305175781,21.965803146362305
2008-12-08,64.55000305175781,65.37999725341797,63.79999923706055,65.30000305175781,22.221004486083984
2008-12-09,65.20999908447266,65.33999633789062,64.5,64.80999755859375,22.054241180419922
2008-12-10,65.05999755859375,65.12999725341797,64.0,64.76000213623047,22.03725814819336
2008-12-11,64.52999877929688,65.0,64.26000213623047,64.26000213623047,21.867103576660156
2008-12-12,64.3499984741211,65.30000305175781,64.05000305175781,65.1500015258789,22.169973373413086
2008-12-15,64.41999816894531,65.63999938964844,64.41999816894531,64.80999755859375,22.054241180419922
2008-12-16,66.01000213623047,66.02999877929688,64.5999984741211,66.01000213623047,22.462621688842773
2008-12-17,66.37999725341797,68.0999984741211,65.5999984741211,67.69999694824219,23.037700653076172
2008-12-18,68.72000122070312,72.45999908447266,68.08999633789062,71.62999725341797,24.37505340576172
2008-12-19,70.98999786376953,71.25,70.12999725341797,71.1500015258789,24.211719512939453
2008-12-22,71.33999633789062,74.36000061035156,70.80000305175781,74.0,25.18154525756836
2008-12-23,74.37999725341797,75.29000091552734,73.80999755859375,75.08000183105469,25.549072265625
2008-12-24,74.68000030517578,75.5,73.4800033569336,73.9000015258789,25.14749526977539
2008-12-26,73.98999786376953,75.33999633789062,73.02999877929688,75.30999755859375,25.6273193359375
2008-12-29,75.25,75.79000091552734,74.5,75.29000091552734,25.80003547668457
2008-12-30,76.16000366210938,76.16000366210938,74.80999755859375,75.5199966430664,25.878847122192383
2008-12-31,75.54000091552734,76.1500015258789,75.06999969482422,76.01000213623047,26.046770095825195
2009-01-02,75.58000183105469,76.44999694824219,75.58000183105469,75.7699966430664,25.96451759338379
2009-01-05,75.41999816894531,81.87000274658203,75.37000274658203,79.43000030517578,27.218708038330078
2009-01-06,80.19000244140625,80.61000061035156,79.5199966430664,80.0999984741211,27.44829750061035
2009-01-07,79.94000244140625,80.36000061035156,77.75,78.6500015258789,26.951431274414062
2009-01-08,78.30999755859375,78.30999755859375,76.86000061035156,77.51000213623047,26.560789108276367
2009-01-09,78.86000061035156,78.86000061035156,77.55000305175781,78.6500015258789,26.951431274414062
2009-01-12,78.98999786376953,79.0999984741211,76.20999908447266,76.94000244140625,26.365446090698242
2009-01-13,77.80999755859375,77.80999755859375,75.81999969482422,76.66000366210938,26.26949691772461
2009-01-14,75.55000305175781,76.19999694824219,73.68000030517578,75.68000030517578,25.933670043945312
2009-01-15,75.11000061035156,75.52999877929688,74.5199966430664,75.37999725341797,25.830888748168945
2009-01-16,75.23999786376953,76.12000274658203,73.79000091552734,75.98999786376953,26.039905548095703
2009-01-20,75.01000213623047,75.52999877929688,74.0199966430664,74.69000244140625,25.59444236755371
2009-01-21,74.81999969482422,75.04000091552734,73.68000030517578,74.69999694824219,25.597850799560547
2009-01-22,74.87000274658203,74.87000274658203,73.76000213623047,74.5,25.529333114624023
2009-01-23,73.81999969482422,74.33000183105469,72.4000015258789,73.30999755859375,25.12152671813965
2009-01-26,73.77999877929688,74.23999786376953,73.06999969482422,73.5,25.186634063720703
2009-01-27,74.16999816894531,74.44000244140625,73.56999969482422,74.18000030517578,25.41966438293457
2009-01-28,74.94000244140625,76.87000274658203,74.7699966430664,76.80999755859375,26.320886611938477
2009-01-29,75.94999694824219,76.36000061035156,74.5199966430664,74.9000015258789,25.6663761138916
2009-01-30,75.58999633789062,75.58999633789062,74.61000061035156,75.23999786376953,25.78288459777832
2009-02-02,73.87999725341797,74.20999908447266,72.4000015258789,72.9000015258789,25.233585357666016
2009-02-03,73.47000122070312,73.51000213623047,72.51000213623047,73.02999877929688,25.278579711914062
2009-02-04,73.4800033569336,73.56999969482422,72.83999633789062,72.97000122070312,25.257802963256836
2009-02-05,73.33000183105469,73.76000213623047,72.02999877929688,72.37000274658203,25.05011558532715
2009-02-06,72.9000015258789,73.83999633789062,72.5999984741211,73.83000183105469,25.555484771728516
2009-02-09,73.69999694824219,74.58999633789062,73.55999755859375,74.4000015258789,25.752805709838867
2009-02-10,74.55000305175781,74.56999969482422,73.5199966430664,73.91000366210938,25.58316993713379
2009-02-11,74.25,74.33999633789062,73.5999984741211,73.73999786376953,25.524328231811523
2009-02-12,73.08999633789062,73.51000213623047,72.83999633789062,73.51000213623047,25.444732666015625
2009-02-13,73.66999816894531,73.80000305175781,73.0999984741211,73.80000305175781,25.54511833190918
2009-02-17,73.77999877929688,73.83999633789062,71.5999984741211,71.91999816894531,24.894350051879883
2009-02-18,72.31999969482422,72.47000122070312,69.5,71.48999786376953,24.745500564575195
2009-02-19,71.81999969482422,72.33999633789062,71.5199966430664,71.8499984741211,24.87012481689453
2009-02-20,70.19000244140625,71.16999816894531,69.52999877929688,70.80000305175781,24.50667953491211
2009-02-23,70.81999969482422,71.69000244140625,68.26000213623047,69.0199966430664,23.89055633544922
2009-02-24,69.30999755859375,70.5,69.0,70.0,24.229761123657227
2009-02-25,70.16000366210938,70.16000366210938,69.19999694824219,69.66000366210938,24.112092971801758
2009-02-26,69.75,69.87000274658203,67.62999725341797,68.27999877929688,23.6344051361084
2009-02-27,68.01000213623047,68.44999694824219,67.0,67.25,23.27787971496582
2009-03-02,66.33000183105469,66.80999755859375,64.80000305175781,65.1500015258789,22.794706344604492
2009-03-03,65.70999908447266,66.30000305175781,64.9000015258789,65.41000366210938,22.885677337646484
2009-03-04,65.63999938964844,66.44999694824219,64.80999755859375,65.4000015258789,22.882184982299805
2009-03-05,65.3499984741211,65.4000015258789,62.2400016784668,62.29999923706055,21.797544479370117
2009-03-06,62.70000076293945,63.7400016784668,61.869998931884766,62.0,21.69257354736328
2009-03-09,62.31999969482422,62.83000183105469,61.5,61.63999938964844,21.566621780395508
2009-03-10,62.349998474121094,64.91000366210938,62.349998474121094,64.69000244140625,22.63375473022461
2009-03-11,65.45999908447266,65.94999694824219,64.94000244140625,65.72000122070312,22.99412727355957
2009-03-12,65.75,66.83999633789062,65.5199966430664,66.80999755859375,23.375503540039062
2009-03-13,67.0199966430664,67.11000061035156,66.5,66.95999908447266,23.427989959716797
2009-03-16,67.16999816894531,67.83000183105469,67.05999755859375,67.33999633789062,23.560930252075195
2009-03-17,67.30000305175781,67.4000015258789,66.41999816894531,66.95999908447266,23.427989959716797
2009-03-18,66.97000122070312,68.62000274658203,66.58000183105469,68.5,23.9668025970459
2009-03-19,68.45999908447266,68.62000274658203,67.25,67.9000015258789,23.756864547729492
2009-03-20,67.98999786376953,68.37999725341797,67.52999877929688,67.7699966430664,23.71139907836914
2009-03-23,68.61000061035156,69.19999694824219,67.62999725341797,69.16999816894531,24.201215744018555
2009-03-24,69.06999969482422,69.45999908447266,68.62999725341797,69.30000305175781,24.246694564819336
2009-03-25,69.38999938964844,70.05000305175781,69.38999938964844,69.66999816894531,24.376169204711914
2009-03-26,70.11000061035156,70.7699966430664,69.7300033569336,70.75,24.754024505615234
2009-03-27,70.5999984741211,70.5999984741211,68.91000366210938,70.02999877929688,24.50210189819336
2009-03-30,69.6500015258789,69.6500015258789,66.75,66.75,23.35449981689453
2009-03-31,68.13999938964844,68.7699966430664,67.5,67.80000305175781,23.72189712524414
2009-04-01,67.66999816894531,67.93000030517578,66.91000366210938,67.0999984741211,23.759408950805664
2009-04-02,68.04000091552734,69.63999938964844,67.41000366210938,69.54000091552734,24.623384475708008
2009-04-03,69.70999908447266,70.80000305175781,69.5,70.5199966430664,24.970409393310547
2009-04-06,70.12000274658203,70.88999938964844,69.44999694824219,70.29000091552734,24.888980865478516
2009-04-07,70.08999633789062,70.08999633789062,69.12000274658203,69.4800033569336,24.602157592773438
2009-04-08,68.80000305175781,70.5999984741211,68.80000305175781,70.30000305175781,24.892515182495117
2009-04-09,71.0,72.55000305175781,71.0,72.30000305175781,25.600688934326172
2009-04-13,71.44999694824219,72.4800033569336,71.0,72.25,25.58298110961914
2009-04-14,72.23999786376953,72.23999786376953,71.51000213623047,71.87999725341797,25.451948165893555
2009-04-15,72.22000122070312,72.5,71.66999816894531,72.48999786376953,25.66795539855957
2009-04-16,72.70999908447266,74.33000183105469,72.66999816894531,73.63999938964844,26.075164794921875
2009-04-17,73.88999938964844,75.75,73.5,75.25,26.645238876342773
2009-04-20,74.62999725341797,74.94999694824219,72.37999725341797,72.5,25.67150115966797
2009-04-21,72.41000366210938,73.80000305175781,71.52999877929688,73.31999969482422,25.961870193481445
2009-04-22,73.02999877929688,74.16000366210938,72.12000274658203,73.66999816894531,26.085803985595703
2009-04-23,73.70999908447266,74.0,73.2699966430664,73.58999633789062,26.05746841430664
2009-04-24,73.98999786376953,74.83999633789062,73.69999694824219,74.7300033569336,26.46111488342285
2009-04-27,74.19999694824219,74.5199966430664,73.80999755859375,74.13999938964844,26.25221824645996
2009-04-28,73.9000015258789,74.86000061035156,73.3499984741211,74.30000305175781,26.30885887145996
2009-04-29,74.98999786376953,75.80000305175781,74.86000061035156,75.68000030517578,26.797513961791992
2009-04-30,76.31999969482422,76.48999786376953,75.55000305175781,76.2699966430664,27.006406784057617
2009-05-01,75.7699966430664,76.08999633789062,74.61000061035156,75.55999755859375,26.963970184326172
2009-05-04,75.88999938964844,75.94999694824219,75.0,75.37999725341797,26.899728775024414
2009-05-05,75.4000015258789,76.04000091552734,75.3499984741211,76.02999877929688,27.13166618347168
2009-05-06,76.33000183105469,76.79000091552734,75.55000305175781,76.66000366210938,27.356496810913086
2009-05-07,77.55000305175781,77.66000366210938,74.79000091552734,75.4000015258789,26.9068546295166
2009-05-08,76.43000030517578,77.0999984741211,76.20999908447266,76.75,27.38860321044922
2009-05-11,76.56999969482422,76.7699966430664,75.41999816894531,76.3499984741211,27.24588394165039
2009-05-12,76.0,76.6500015258789,75.69999694824219,76.6500015258789,27.352924346923828
2009-05-13,76.4800033569336,76.5199966430664,75.5,75.6500015258789,26.996070861816406
2009-05-14,75.51000213623047,75.62999725341797,74.38999938964844,74.8499984741211,26.710590362548828
2009-05-15,74.8499984741211,74.88999938964844,73.08000183105469,73.80000305175781,26.335878372192383
2009-05-18,74.33999633789062,75.44000244140625,74.16999816894531,75.37000274658203,26.89615249633789
2009-05-19,75.44999694824219,76.12999725341797,74.86000061035156,75.87000274658203,27.074586868286133
2009-05-20,76.11000061035156,77.19000244140625,75.87000274658203,76.98999786376953,27.47425651550293
2009-05-21,76.69000244140625,76.93000030517578,76.0,76.0,27.1209659576416
2009-05-22,76.33000183105469,77.38999938964844,76.02999877929688,77.05000305175781,27.49565887451172
2009-05-26,76.80999755859375,77.29000091552734,76.37999725341797,76.8499984741211,27.424299240112305
2009-05-27,77.33999633789062,77.51000213623047,76.98999786376953,76.98999786376953,27.47425651550293
2009-05-28,77.48999786376953,77.69999694824219,76.98999786376953,77.26000213623047,27.57061195373535
2009-05-29,77.79000091552734,78.16999816894531,77.44999694824219,77.83999633789062,27.777591705322266
2009-06-01,77.79000091552734,78.9800033569336,77.79000091552734,78.94999694824219,28.434879302978516
2009-06-02,78.66000366210938,78.7300033569336,77.93000030517578,78.72000122070312,28.352060317993164
2009-06-03,78.91999816894531,78.94000244140625,78.01000213623047,78.2699966430664,28.189970016479492
2009-06-04,78.0199966430664,78.69999694824219,78.0199966430664,78.51000213623047,28.27641487121582
2009-06-05,78.98999786376953,78.98999786376953,78.30999755859375,78.76000213623047,28.366458892822266
2009-06-08,78.97000122070312,79.25,78.31999969482422,78.9000015258789,28.416881561279297
2009-06-09,78.61000061035156,79.2300033569336,78.61000061035156,79.05000305175781,28.470905303955078
2009-06-10,79.2699966430664,79.5,78.72000122070312,79.1500015258789,28.50690269470215
2009-06-11,79.12999725341797,79.95999908447266,79.12999725341797,79.33000183105469,28.57175636291504
2009-06-12,79.61000061035156,79.87000274658203,79.33000183105469,79.73999786376953,28.719385147094727
2009-06-15,79.6500015258789,79.70999908447266,78.4800033569336,78.55999755859375,28.29440689086914
2009-06-16,78.98999786376953,79.2300033569336,77.27999877929688,77.80999755859375,28.0242977142334
2009-06-17,77.79000091552734,78.2699966430664,77.0199966430664,77.36000061035156,27.862211227416992
2009-06-18,77.05000305175781,78.20999908447266,77.05000305175781,78.0999984741211,28.12874984741211
2009-06-19,77.70999908447266,78.29000091552734,77.70999908447266,78.18000030517578,28.157546997070312
2009-06-22,78.08000183105469,78.08000183105469,76.5,77.12000274658203,27.775785446166992
2009-06-23,76.86000061035156,77.73999786376953,76.86000061035156,77.25,27.822608947753906
2009-06-24,77.48999786376953,78.30000305175781,77.25,77.63999938964844,27.96307373046875
2009-06-25,77.88999938964844,78.44000244140625,77.61000061035156,78.37999725341797,28.22957420349121
2009-06-26,78.33999633789062,78.38999938964844,77.79000091552734,78.36000061035156,28.222393035888672
2009-06-29,78.44000244140625,79.33999633789062,78.41000366210938,79.33999633789062,28.57535171508789
2009-06-30,79.5,79.8499984741211,79.22000122070312,79.70999908447266,28.708616256713867
2009-07-01,79.25,79.51000213623047,78.79000091552734,79.18000030517578,28.779502868652344
2009-07-02,78.91999816894531,78.94999694824219,77.70999908447266,77.80000305175781,28.27790641784668
2009-07-06,77.5199966430664,78.04000091552734,76.61000061035156,76.63999938964844,27.856264114379883
2009-07-07,77.12999725341797,77.31999969482422,75.56999969482422,75.56999969482422,27.467357635498047
2009-07-08,75.61000061035156,76.88999938964844,75.55000305175781,76.02999877929688,27.63455581665039
2009-07-09,76.62999725341797,77.37999725341797,76.19000244140625,77.12000274658203,28.03073501586914
2009-07-10,76.94999694824219,77.9000015258789,76.12999725341797,76.52999877929688,27.816287994384766
2009-07-13,77.20999908447266,77.20999908447266,76.27999877929688,76.69999694824219,27.87807846069336
2009-07-14,76.5999984741211,77.4000015258789,76.48999786376953,77.0,27.987133026123047
2009-07-15,77.4000015258789,78.69999694824219,77.27999877929688,78.69999694824219,28.605012893676758
2009-07-16,78.52999877929688,79.0,78.0,78.94000244140625,28.692251205444336
2009-07-17,78.83000183105469,79.0199966430664,78.6500015258789,79.01000213623047,28.717700958251953
2009-07-20,79.2300033569336,80.20999908447266,79.2300033569336,80.11000061035156,29.11750602722168
2009-07-21,80.33999633789062,80.8499984741211,79.80999755859375,80.5,29.25928497314453
2009-07-22,80.4000015258789,80.76000213623047,80.0,80.5999984741211,29.295608520507812
2009-07-23,81.0,81.79000091552734,80.41999816894531,81.41999816894531,29.59365463256836
2009-07-24,81.80000305175781,82.01000213623047,80.7300033569336,81.9000015258789,29.768104553222656
2009-07-27,82.16999816894531,82.29000091552734,81.62000274658203,82.05000305175781,29.822647094726562
2009-07-28,82.13999938964844,82.41999816894531,81.80000305175781,82.13999938964844,29.855350494384766
2009-07-29,82.44000244140625,82.76000213623047,82.05999755859375,82.41999816894531,29.957124710083008
2009-07-30,82.8499984741211,83.91000366210938,82.6500015258789,83.0999984741211,30.204282760620117
2009-07-31,83.75,84.6500015258789,83.37999725341797,84.44999694824219,30.694961547851562
2009-08-03,83.7699966430664,84.19000244140625,83.69000244140625,83.9000015258789,30.753246307373047
2009-08-04,84.30000305175781,84.33999633789062,83.0199966430664,83.72000122070312,30.6872501373291
2009-08-05,83.54000091552734,83.9800033569336,82.80999755859375,83.44999694824219,30.588279724121094
2009-08-06,83.70999908447266,83.80000305175781,82.5999984741211,82.79000091552734,30.34636878967285
2009-08-07,83.22000122070312,84.11000061035156,82.79000091552734,83.37000274658203,30.558990478515625
2009-08-10,83.62999725341797,83.7699966430664,83.05999755859375,83.75,30.698261260986328
2009-08-11,83.75,84.05000305175781,83.23999786376953,83.55000305175781,30.624948501586914
2009-08-12,83.27999877929688,83.63999938964844,83.0,83.33999633789062,30.548004150390625
2009-08-13,83.33999633789062,83.3499984741211,82.08000183105469,82.27999877929688,30.15943145751953
2009-08-14,82.62000274658203,82.62000274658203,81.75,81.87000274658203,30.009164810180664
2009-08-17,81.38999938964844,81.6500015258789,79.62999725341797,79.87000274658203,29.276084899902344
2009-08-18,80.55000305175781,81.38999938964844,80.0,81.25,29.781896591186523
2009-08-19,81.13999938964844,81.58000183105469,80.5,81.58000183105469,29.902862548828125
2009-08-20,81.66000366210938,81.83999633789062,81.26000213623047,81.33000183105469,29.811216354370117
2009-08-21,81.69999694824219,82.44000244140625,81.5199966430664,82.44000244140625,30.218082427978516
2009-08-24,82.4800033569336,82.5,81.72000122070312,82.01000213623047,30.060482025146484
2009-08-25,82.37999725341797,82.37999725341797,81.80000305175781,82.0,30.05680274963379
2009-08-26,82.33999633789062,82.44999694824219,81.97000122070312,82.31999969482422,30.174110412597656
2009-08-27,82.55000305175781,82.63999938964844,81.87999725341797,81.9000015258789,30.02016830444336
2009-08-28,82.5,82.5,82.12000274658203,82.30999755859375,30.170438766479492
2009-08-31,82.4000015258789,82.5,82.0199966430664,82.31999969482422,30.174110412597656
2009-09-01,81.68000030517578,81.68000030517578,80.5999984741211,80.8499984741211,29.89054298400879
2009-09-02,80.8499984741211,80.88999938964844,80.0999984741211,80.41999816894531,29.7315673828125
2009-09-03,80.69000244140625,81.08000183105469,80.44999694824219,80.94000244140625,29.923816680908203
2009-09-04,81.18000030517578,81.91000366210938,80.98999786376953,81.55999755859375,30.153032302856445
2009-09-08,81.93000030517578,82.72000122070312,81.83000183105469,82.72000122070312,30.581893920898438
2009-09-09,82.48999786376953,82.80000305175781,81.75,81.94000244140625,30.293500900268555
2009-09-10,82.37000274658203,83.25,82.0199966430664,83.20999908447266,30.763051986694336
2009-09-11,83.55000305175781,84.13999938964844,83.2699966430664,84.0,31.055112838745117
2009-09-14,84.06999969482422,84.1500015258789,83.51000213623047,84.0999984741211,31.09207534790039
2009-09-15,84.37000274658203,84.72000122070312,84.12000274658203,84.69999694824219,31.31389808654785
2009-09-16,85.31999969482422,85.81999969482422,85.05000305175781,85.79000091552734,31.716859817504883
2009-09-17,85.79000091552734,85.94000244140625,85.16000366210938,85.94000244140625,31.77233123779297
2009-09-18,85.72000122070312,86.05999755859375,84.86000061035156,85.69999694824219,31.683589935302734
2009-09-21,85.5,85.75,84.93000030517578,85.75,31.702070236206055
2009-09-22,86.0199966430664,86.12999725341797,85.5,85.6500015258789,31.665115356445312
2009-09-23,85.9000015258789,86.36000061035156,85.80000305175781,85.91000366210938,31.7612247467041
2009-09-24,86.30000305175781,86.48999786376953,85.70999908447266,86.06999969482422,31.820392608642578
2009-09-25,86.0999984741211,86.37999725341797,85.44999694824219,85.79000091552734,31.716859817504883
2009-09-28,86.1500015258789,86.54000091552734,85.36000061035156,86.47000122070312,31.968273162841797
2009-09-29,86.44999694824219,86.48999786376953,86.19000244140625,86.37000274658203,31.93130111694336
2009-09-30,86.3499984741211,86.69000244140625,85.94000244140625,86.3499984741211,31.92388343811035
2009-10-01,85.36000061035156,85.41000366210938,83.38999938964844,83.38999938964844,31.08338165283203
2009-10-02,83.04000091552734,83.61000061035156,82.0,83.41999816894531,31.09454917907715
2009-10-05,83.66999816894531,84.54000091552734,83.55000305175781,84.54000091552734,31.512035369873047
2009-10-06,84.79000091552734,85.16999816894531,84.19999694824219,84.25,31.403942108154297
2009-10-07,84.12000274658203,85.08000183105469,84.12000274658203,84.87000274658203,31.635000228881836
2009-10-08,84.87000274658203,85.41999816894531,84.87000274658203,85.41000366210938,31.8363094329834
2009-10-09,85.11000061035156,85.73999786376953,84.94999694824219,85.73999786376953,31.959321975708008
2009-10-12,85.87000274658203,85.87999725341797,85.55000305175781,85.72000122070312,31.95186996459961
2009-10-13,85.87000274658203,85.87000274658203,85.19000244140625,85.69999694824219,31.94439125061035
2009-10-14,86.0,86.12000274658203,85.72000122070312,86.04000091552734,32.0711555480957
2009-10-15,86.06999969482422,86.0999984741211,85.75,86.0199966430664,32.0637092590332
2009-10-16,86.06999969482422,86.08999633789062,85.5999984741211,86.01000213623047,32.05996322631836
2009-10-19,86.16999816894531,86.2699966430664,85.94999694824219,86.02999877929688,32.067405700683594
2009-10-20,86.12999725341797,86.43000030517578,86.01000213623047,86.19000244140625,32.12705993652344
2009-10-21,86.33000183105469,86.93000030517578,86.1500015258789,86.33999633789062,32.18296432495117
2009-10-22,86.66999816894531,87.0,86.47000122070312,87.0,32.42900085449219
2009-10-23,87.19999694824219,87.19999694824219,86.61000061035156,86.8499984741211,32.37306213378906
2009-10-26,86.66000366210938,87.04000091552734,86.62000274658203,86.9000015258789,32.39173126220703
2009-10-27,86.9000015258789,86.9000015258789,86.05000305175781,86.22000122070312,32.13824462890625
2009-10-28,86.37999725341797,86.4800033569336,84.79000091552734,84.80000305175781,31.60894203186035
2009-10-29,85.18000030517578,86.44999694824219,85.05000305175781,85.98999786376953,32.05248260498047
2009-10-30,86.0,86.20999908447266,84.87000274658203,85.18000030517578,31.750600814819336
2009-11-02,84.93000030517578,85.56999969482422,84.6500015258789,85.13999938964844,31.999774932861328
2009-11-03,84.58999633789062,85.58000183105469,84.58999633789062,85.33000183105469,32.07120132446289
2009-11-04,85.9000015258789,86.0,85.30000305175781,85.45999908447266,32.120033264160156
2009-11-05,85.62999725341797,85.66000366210938,85.23999786376953,85.52999877929688,32.146331787109375
2009-11-06,85.47000122070312,85.6500015258789,85.37000274658203,85.61000061035156,32.17644119262695
2009-11-09,85.79000091552734,85.9800033569336,85.69999694824219,85.94999694824219,32.30418014526367
2009-11-10,85.87000274658203,85.9800033569336,85.66000366210938,85.91999816894531,32.292945861816406
2009-11-11,85.95999908447266,86.19999694824219,85.87999725341797,85.97000122070312,32.31172180175781
2009-11-12,86.08999633789062,86.11000061035156,85.75,86.06999969482422,32.34931182861328
2009-11-13,85.88999938964844,86.25,85.75,85.9000015258789,32.285423278808594
2009-11-16,86.33000183105469,86.6500015258789,86.05000305175781,86.30000305175781,32.43574905395508
2009-11-17,86.4800033569336,86.4800033569336,86.1500015258789,86.27999877929688,32.42824172973633
2009-11-18,86.36000061035156,86.44000244140625,86.05999755859375,86.05999755859375,32.34554672241211
2009-11-19,86.19999694824219,86.30000305175781,85.87000274658203,86.23999786376953,32.4132080078125
2009-11-20,86.13999938964844,86.33999633789062,86.0,86.22000122070312,32.40568542480469
2009-11-23,86.27999877929688,86.37000274658203,86.0999984741211,86.12999725341797,32.37187576293945
2009-11-24,86.26000213623047,86.30000305175781,86.05000305175781,86.18000030517578,32.39065933227539
2009-11-25,86.25,86.6500015258789,86.20999908447266,86.22000122070312,32.40568542480469
2009-11-27,85.36000061035156,85.8499984741211,85.05000305175781,85.62000274658203,32.1801872253418
2009-11-30,85.5999984741211,86.0999984741211,85.5999984741211,85.9000015258789,32.285423278808594
2009-12-01,85.58999633789062,85.83000183105469,85.3499984741211,85.69999694824219,32.44516372680664
2009-12-02,85.69999694824219,85.95999908447266,85.5999984741211,85.79000091552734,32.479251861572266
2009-12-03,85.93000030517578,86.26000213623047,85.86000061035156,85.9000015258789,32.520896911621094
2009-12-04,86.20999908447266,86.55999755859375,86.20999908447266,86.25,32.653404235839844
2009-12-07,86.33999633789062,86.44000244140625,86.16000366210938,86.36000061035156,32.695030212402344
2009-12-08,86.3499984741211,86.5,86.19000244140625,86.45999908447266,32.73289108276367
2009-12-09,86.5199966430664,86.62999725341797,86.43000030517578,86.45999908447266,32.73289108276367
2009-12-10,86.62000274658203,86.88999938964844,86.61000061035156,86.88999938964844,32.895687103271484
2009-12-11,87.0,87.05999755859375,86.83999633789062,86.94000244140625,32.914642333984375
2009-12-14,87.0,87.76000213623047,87.0,87.63999938964844,33.17966842651367
2009-12-15,87.5999984741211,87.69999694824219,87.26000213623047,87.55000305175781,33.14558792114258
2009-12-16,87.75,87.79000091552734,87.30999755859375,87.75,33.22127151489258
2009-12-17,87.5999984741211,87.77999877929688,87.48999786376953,87.69999694824219,33.202354431152344
2009-12-18,87.77999877929688,87.83000183105469,87.61000061035156,87.6500015258789,33.183414459228516
2009-12-21,87.80999755859375,87.94000244140625,87.6500015258789,87.91000366210938,33.2818603515625
2009-12-22,88.0,88.12000274658203,87.87000274658203,88.0999984741211,33.35381317138672
2009-12-23,88.1500015258789,88.44999694824219,88.12000274658203,88.30999755859375,33.433292388916016
2009-12-24,88.38999938964844,88.7699966430664,88.30000305175781,88.63999938964844,33.558223724365234
2009-12-28,88.7300033569336,88.80000305175781,88.25,88.37999725341797,33.45979309082031
2009-12-29,87.8499984741211,87.9000015258789,87.30000305175781,87.33000183105469,33.28069305419922
2009-12-30,87.5,87.77999877929688,87.43000030517578,87.69999694824219,33.421688079833984
2009-12-31,87.83999633789062,87.9000015258789,87.58000183105469,87.83999633789062,33.47503662109375
2010-01-04,88.0,88.52999877929688,88.0,88.52999877929688,33.738014221191406
2010-01-05,88.75,89.08000183105469,88.41999816894531,88.94999694824219,33.89806365966797
2010-01-06,89.04000091552734,89.26000213623047,89.0,89.18000030517578,33.985721588134766
2010-01-07,89.37999725341797,89.62999725341797,89.11000061035156,89.54000091552734,34.1229133605957
2010-01-08,89.55999755859375,89.80999755859375,89.51000213623047,89.68000030517578,34.176231384277344
2010-01-11,89.5,89.70999908447266,89.4800033569336,89.5999984741211,34.145751953125
2010-01-12,89.5,90.29000091552734,89.05000305175781,89.13999938964844,33.9704475402832
2010-01-13,89.0999984741211,89.41999816894531,89.0999984741211,89.33999633789062,34.04667663574219
2010-01-14,89.44000244140625,89.4800033569336,89.20999908447266,89.44000244140625,34.084774017333984
2010-01-15,89.5199966430664,89.5199966430664,88.98999786376953,89.08000183105469,33.94758987426758
2010-01-19,89.0,89.19999694824219,88.97000122070312,89.12000274658203,33.96283721923828
2010-01-20,89.1500015258789,89.20999908447266,88.86000061035156,88.98999786376953,33.91328811645508
2010-01-21,89.16000366210938,89.16000366210938,87.5999984741211,87.5999984741211,33.38359832763672
2010-01-22,87.98999786376953,88.04000091552734,86.61000061035156,86.7699966430664,33.067283630371094
2010-01-25,87.23999786376953,87.44000244140625,86.75,86.9000015258789,33.11684036254883
2010-01-26,87.19999694824219,87.43000030517578,86.9000015258789,87.01000213623047,33.158729553222656
2010-01-27,86.95999908447266,87.41999816894531,86.91999816894531,87.04000091552734,33.17018508911133
2010-01-28,87.11000061035156,87.23999786376953,86.55000305175781,86.66999816894531,33.029178619384766
2010-01-29,87.2699966430664,87.2699966430664,86.22000122070312,86.2300033569336,32.86150360107422
2010-02-01,85.94999694824219,86.27999877929688,85.6500015258789,85.9800033569336,33.02009201049805
2010-02-02,86.2699966430664,86.61000061035156,86.0,86.23999786376953,33.11994934082031
2010-02-03,86.4000015258789,86.70999908447266,86.22000122070312,86.68000030517578,33.28890609741211
2010-02-04,86.30000305175781,86.3499984741211,85.37999725341797,85.44999694824219,32.816551208496094
2010-02-05,85.33000183105469,85.33000183105469,83.44999694824219,84.94999694824219,32.624542236328125
2010-02-08,84.80000305175781,85.12999725341797,84.38999938964844,84.58000183105469,32.48243713378906
2010-02-09,84.86000061035156,85.05000305175781,84.45999908447266,84.75,32.54771423339844
2010-02-10,84.69999694824219,84.91999816894531,83.5999984741211,83.61000061035156,32.10989761352539
2010-02-11,83.91000366210938,84.41999816894531,83.38999938964844,83.94999694824219,32.240509033203125
2010-02-12,83.95999908447266,84.16999816894531,83.37999725341797,83.9000015258789,32.221290588378906
2010-02-16,83.66999816894531,85.0199966430664,83.66999816894531,84.7300033569336,32.5400276184082
2010-02-17,85.16999816894531,85.47000122070312,85.12999725341797,85.37999725341797,32.789669036865234
2010-02-18,85.48999786376953,86.38999938964844,85.48999786376953,86.19000244140625,33.10076904296875
2010-02-19,86.37000274658203,86.77999877929688,86.30000305175781,86.7699966430664,33.323509216308594
2010-02-22,86.88999938964844,87.05999755859375,86.70999908447266,86.87999725341797,33.36573028564453
2010-02-23,87.0199966430664,87.0999984741211,85.94999694824219,86.25,33.12379837036133
2010-02-24,86.56999969482422,86.9800033569336,86.3499984741211,86.58000183105469,33.25053405761719
2010-02-25,86.27999877929688,86.6500015258789,86.0,86.58999633789062,33.254337310791016
2010-02-26,86.75,87.22000122070312,86.66000366210938,87.16999816894531,33.47711181640625
2010-03-01,86.69000244140625,86.77999877929688,86.5,86.58999633789062,33.50263214111328
2010-03-02,86.87999725341797,87.19999694824219,86.69000244140625,87.1500015258789,33.71931457519531
2010-03-03,87.27999877929688,87.37999725341797,87.08999633789062,87.23999786376953,33.754154205322266
2010-03-04,87.43000030517578,87.43000030517578,87.08000183105469,87.30999755859375,33.78122329711914
2010-03-05,87.58999633789062,87.83999633789062,87.29000091552734,87.83000183105469,33.98242950439453
2010-03-08,87.97000122070312,88.0999984741211,87.79000091552734,87.8499984741211,33.99017333984375
2010-03-09,87.81999969482422,88.2300033569336,87.80000305175781,88.2300033569336,34.13718032836914
2010-03-10,88.0199966430664,88.30000305175781,88.0,88.26000213623047,34.148799896240234
2010-03-11,88.16999816894531,88.25,88.0199966430664,88.18000030517578,34.11785125732422
2010-03-12,88.19000244140625,88.37000274658203,88.1500015258789,88.19999694824219,34.12557601928711
2010-03-15,88.20999908447266,88.25,87.93000030517578,88.0999984741211,34.08687973022461
2010-03-16,88.22000122070312,88.4800033569336,87.98999786376953,88.4000015258789,34.202964782714844
2010-03-17,88.47000122070312,88.63999938964844,88.33999633789062,88.4000015258789,34.202964782714844
2010-03-18,88.4800033569336,88.63999938964844,88.41000366210938,88.52999877929688,34.253292083740234
2010-03-19,88.08999633789062,88.5999984741211,87.97000122070312,88.08999633789062,34.08301544189453
2010-03-22,87.94999694824219,88.5199966430664,87.80999755859375,88.51000213623047,34.24554443359375
2010-03-23,88.5199966430664,88.5999984741211,88.33000183105469,88.5,34.24164581298828
2010-03-24,88.4800033569336,88.58999633789062,88.3499984741211,88.44999694824219,34.22229766845703
2010-03-25,88.63999938964844,88.80999755859375,88.51000213623047,88.66000366210938,34.30354309082031
2010-03-26,88.62000274658203,88.69999694824219,88.5,88.62999725341797,34.29194259643555
2010-03-29,88.73999786376953,88.76000213623047,88.69999694824219,88.73999786376953,34.33451843261719
2010-03-30,88.75,88.87000274658203,88.55999755859375,88.6500015258789,34.29969787597656
2010-03-31,88.56999969482422,88.5999984741211,87.80999755859375,88.37000274658203,34.19135284423828
2010-04-01,87.83999633789062,88.0,87.5,87.5,34.10872268676758
2010-04-05,87.6500015258789,87.9800033569336,87.41000366210938,87.45999908447266,34.093135833740234
2010-04-06,87.51000213623047,88.08000183105469,87.44999694824219,88.02999877929688,34.315303802490234
2010-04-07,87.91000366210938,88.23999786376953,87.9000015258789,88.16000366210938,34.36599349975586
2010-04-08,88.0999984741211,88.3499984741211,88.01000213623047,88.30999755859375,34.42446517944336
2010-04-09,88.30000305175781,88.56999969482422,88.26000213623047,88.44000244140625,34.47514343261719
2010-04-12,88.55000305175781,88.66000366210938,88.44000244140625,88.45999908447266,34.48296356201172
2010-04-13,88.63999938964844,88.81999969482422,88.63999938964844,88.69999694824219,34.57648468017578
2010-04-14,88.9000015258789,89.0199966430664,88.80000305175781,88.94000244140625,34.670040130615234
2010-04-15,89.0199966430664,89.47000122070312,88.91999816894531,89.18000030517578,34.76359558105469
2010-04-16,89.1500015258789,89.3499984741211,88.0999984741211,88.45999908447266,34.48296356201172
2010-04-19,88.26000213623047,88.48999786376953,88.05000305175781,88.29000091552734,34.41664505004883
2010-04-20,88.66000366210938,90.33000183105469,88.51000213623047,89.23999786376953,34.7869873046875
2010-04-21,89.33999633789062,89.41000366210938,89.08999633789062,89.25,34.7908821105957
2010-04-22,89.22000122070312,89.22000122070312,88.77999877929688,88.98999786376953,34.68951416015625
2010-04-23,89.0,89.5999984741211,88.87000274658203,89.56999969482422,34.91563034057617
2010-04-26,89.4000015258789,89.69999694824219,89.4000015258789,89.56999969482422,34.91563034057617
2010-04-27,89.56999969482422,89.7300033569336,88.37000274658203,88.44000244140625,34.47514343261719
2010-04-28,88.80000305175781,88.91999816894531,88.5,88.5,34.49851989746094
2010-04-29,88.91000366210938,89.2300033569336,88.88999938964844,89.11000061035156,34.736289978027344
2010-04-30,88.95999908447266,89.5199966430664,88.95999908447266,89.4000015258789,34.849361419677734
2010-05-03,88.80000305175781,89.08999633789062,88.75,88.75,34.845420837402344
2010-05-04,88.55999755859375,88.62999725341797,87.80999755859375,87.83999633789062,34.48813247680664
2010-05-05,87.25,87.3499984741211,86.0999984741211,86.63999938964844,34.01698303222656
2010-05-06,86.27999877929688,86.51000213623047,78.95999908447266,84.48999786376953,33.172855377197266
2010-05-07,84.44999694824219,85.12000274658203,82.51000213623047,84.4800033569336,33.16892623901367
2010-05-10,86.88999938964844,87.4000015258789,85.61000061035156,86.05999755859375,33.78926467895508
2010-05-11,85.66999816894531,86.87999725341797,85.58000183105469,85.95999908447266,33.750003814697266
2010-05-12,86.5,87.02999877929688,86.43000030517578,87.01000213623047,34.16223907470703
2010-05-13,87.08999633789062,87.25,86.47000122070312,86.47000122070312,33.95025634765625
2010-05-14,86.20999908447266,86.45999908447266,85.36000061035156,85.97000122070312,33.753929138183594
2010-05-17,85.94999694824219,86.19000244140625,85.12000274658203,85.86000061035156,33.71073913574219
2010-05-18,86.31999969482422,86.45999908447266,85.41000366210938,85.68000030517578,33.64007568359375
2010-05-19,85.41000366210938,85.6500015258789,84.26000213623047,85.18000030517578,33.44375991821289
2010-05-20,83.88999938964844,83.88999938964844,81.33000183105469,82.63999938964844,32.44650650024414
2010-05-21,81.48999786376953,84.4000015258789,81.43000030517578,84.30000305175781,33.09825897216797
2010-05-24,84.0999984741211,85.19999694824219,83.98999786376953,84.43000030517578,33.14927291870117
2010-05-25,83.19999694824219,84.33000183105469,82.01000213623047,84.33000183105469,33.11002731323242
2010-05-26,84.63999938964844,85.05000305175781,83.19000244140625,83.31999969482422,32.713470458984375
2010-05-27,84.13999938964844,84.87999725341797,84.13999938964844,84.47000122070312,33.16498947143555
2010-05-28,84.79000091552734,84.83999633789062,84.31999969482422,84.61000061035156,33.219966888427734
2010-06-01,83.61000061035156,84.3499984741211,83.37000274658203,83.56999969482422,33.062904357910156
2010-06-02,83.93000030517578,84.13999938964844,83.69999694824219,84.0,33.23300552368164
2010-06-03,84.22000122070312,84.4000015258789,83.70999908447266,84.02999877929688,33.2448844909668
2010-06-04,83.51000213623047,84.1500015258789,83.33000183105469,83.55999755859375,33.058937072753906
2010-06-07,83.47000122070312,84.2699966430664,82.9800033569336,82.9800033569336,32.8294792175293
2010-06-08,83.5199966430664,83.5199966430664,82.55000305175781,83.11000061035156,32.88090133666992
2010-06-09,83.30000305175781,83.44999694824219,83.01000213623047,83.29000091552734,32.95212936401367
2010-06-10,83.61000061035156,84.13999938964844,83.37000274658203,84.13999938964844,33.28839111328125
2010-06-11,83.69000244140625,84.27999877929688,83.58999633789062,84.26000213623047,33.33591079711914
2010-06-14,84.3499984741211,84.69999694824219,84.25,84.37000274658203,33.379398345947266
2010-06-15,84.6500015258789,85.43000030517578,84.55999755859375,85.19000244140625,33.70380401611328
2010-06-16,84.98999786376953,85.31999969482422,84.80000305175781,85.26000213623047,33.73151779174805
2010-06-17,85.5,85.94000244140625,85.36000061035156,85.9000015258789,33.9847412109375
2010-06-18,85.9800033569336,86.33000183105469,85.93000030517578,86.2699966430664,34.131103515625
2010-06-21,86.7699966430664,86.81999969482422,86.47000122070312,86.58000183105469,34.253780364990234
2010-06-22,86.5,86.5999984741211,85.62000274658203,85.95999908447266,34.008460998535156
2010-06-23,86.02999877929688,86.08999633789062,85.29000091552734,85.9000015258789,33.9847412109375
2010-06-24,85.72000122070312,85.7699966430664,85.19999694824219,85.30999755859375,33.75129318237305
2010-06-25,85.62999725341797,85.73999786376953,85.25,85.69999694824219,33.905601501464844
2010-06-28,85.81999969482422,86.19999694824219,85.66999816894531,85.88999938964844,33.98076248168945
2010-06-29,85.56999969482422,85.58000183105469,84.52999877929688,85.02999877929688,33.64052963256836
2010-06-30,84.8499984741211,85.12000274658203,84.51000213623047,84.9000015258789,33.5890998840332
2010-07-01,84.45999908447266,84.72000122070312,83.45999908447266,84.68000030517578,33.74971389770508
2010-07-02,84.55999755859375,85.1500015258789,84.5,84.69999694824219,33.75766372680664
2010-07-06,85.20999908447266,85.41000366210938,84.86000061035156,85.37000274658203,34.02471160888672
2010-07-07,85.37999725341797,86.4800033569336,85.19999694824219,86.4000015258789,34.435203552246094
2010-07-08,86.66000366210938,86.83999633789062,86.12000274658203,86.80000305175781,34.594627380371094
2010-07-09,86.80000305175781,86.80000305175781,86.47000122070312,86.5999984741211,34.51494598388672
2010-07-12,86.70999908447266,86.72000122070312,85.86000061035156,86.52999877929688,34.48701858520508
2010-07-13,86.75,87.3499984741211,86.5199966430664,87.19999694824219,34.75407028198242
2010-07-14,87.05000305175781,87.26000213623047,86.87999725341797,87.12000274658203,34.72218322753906
2010-07-15,86.95999908447266,87.30000305175781,86.91999816894531,87.25,34.773990631103516
2010-07-16,87.19000244140625,87.20999908447266,86.4800033569336,86.72000122070312,34.56275939941406
2010-07-19,86.9800033569336,87.22000122070312,86.7300033569336,87.01000213623047,34.678340911865234
2010-07-20,87.0,88.16000366210938,86.86000061035156,87.70999908447266,34.95735549926758
2010-07-21,88.08000183105469,88.44000244140625,87.37000274658203,87.66999816894531,34.94136428833008
2010-07-22,87.94999694824219,88.45999908447266,87.94999694824219,88.44999694824219,35.25226593017578
2010-07-23,88.38999938964844,88.8499984741211,88.04000091552734,88.8499984741211,35.411685943603516
2010-07-26,88.80000305175781,88.95999908447266,88.47000122070312,88.88999938964844,35.427608489990234
2010-07-27,88.98999786376953,89.0999984741211,88.4800033569336,88.7699966430664,35.3797721862793
2010-07-28,88.87999725341797,88.94999694824219,88.5199966430664,88.58000183105469,35.30405044555664
2010-07-29,88.87999725341797,88.93000030517578,88.58000183105469,88.8499984741211,35.411685943603516
2010-07-30,88.5999984741211,88.87000274658203,88.3499984741211,88.62000274658203,35.320011138916016
2010-08-02,88.38999938964844,88.55000305175781,88.19999694824219,88.4800033569336,35.50419235229492
2010-08-03,88.16999816894531,88.62999725341797,88.08999633789062,88.4800033569336,35.50419235229492
2010-08-04,88.58000183105469,88.58999633789062,88.29000091552734,88.43000030517578,35.484134674072266
2010-08-05,88.33999633789062,88.41000366210938,88.1500015258789,88.38999938964844,35.46805953979492
2010-08-06,88.33999633789062,88.38999938964844,87.87000274658203,88.37000274658203,35.46004104614258
2010-08-09,88.58999633789062,88.58999633789062,88.08999633789062,88.20999908447266,35.39585876464844
2010-08-10,88.2300033569336,88.30000305175781,87.94999694824219,88.18000030517578,35.38381576538086
2010-08-11,87.58999633789062,87.69999694824219,86.9000015258789,87.02999877929688,34.922367095947266
2010-08-12,86.6500015258789,87.13999938964844,86.19999694824219,86.7300033569336,34.802001953125
2010-08-13,86.97000122070312,87.33000183105469,86.6500015258789,87.11000061035156,34.95446014404297
2010-08-16,86.98999786376953,87.47000122070312,86.9800033569336,87.22000122070312,34.99863052368164
2010-08-17,87.55000305175781,87.77999877929688,87.47000122070312,87.55000305175781,35.13102722167969
2010-08-18,87.5999984741211,87.76000213623047,87.5,87.69999694824219,35.19121170043945
2010-08-19,87.69999694824219,87.80999755859375,87.27999877929688,87.5199966430664,35.11898422241211
2010-08-20,87.5199966430664,87.7699966430664,87.45999908447266,87.7300033569336,35.203216552734375
2010-08-23,87.80000305175781,87.80999755859375,87.56999969482422,87.7300033569336,35.203216552734375
2010-08-24,87.51000213623047,87.56999969482422,87.25,87.2699966430664,35.01866149902344
2010-08-25,87.19999694824219,87.31999969482422,86.79000091552734,87.1500015258789,34.97051239013672
2010-08-26,87.22000122070312,87.44000244140625,86.80000305175781,87.02999877929688,34.922367095947266
2010-08-27,87.19999694824219,87.43000030517578,86.91000366210938,87.0199966430664,34.91834259033203
2010-08-30,87.02999877929688,87.43000030517578,87.02999877929688,87.18000030517578,34.98255157470703
2010-08-31,87.19999694824219,87.37999725341797,87.0999984741211,87.1500015258789,34.97051239013672
2010-09-01,86.91000366210938,87.45999908447266,86.88999938964844,87.45999908447266,35.3484001159668
2010-09-02,87.5199966430664,87.61000061035156,87.33999633789062,87.5999984741211,35.404998779296875
2010-09-03,87.7300033569336,87.86000061035156,87.4800033569336,87.86000061035156,35.51005935668945
2010-09-07,87.68000030517578,87.73999786376953,87.3499984741211,87.7300033569336,35.457496643066406
2010-09-08,87.7300033569336,87.86000061035156,87.66000366210938,87.75,35.46562576293945
2010-09-09,88.12999725341797,88.12999725341797,87.83000183105469,88.0999984741211,35.60707473754883
2010-09-10,88.2300033569336,88.37000274658203,88.0199966430664,88.33000183105469,35.70002746582031
2010-09-13,88.58000183105469,88.81999969482422,88.44999694824219,88.79000091552734,35.88592529296875
2010-09-14,88.77999877929688,88.77999877929688,88.5199966430664,88.7699966430664,35.877872467041016
2010-09-15,88.47000122070312,88.73999786376953,88.47000122070312,88.69000244140625,35.845542907714844
2010-09-16,88.73999786376953,88.9000015258789,88.6500015258789,88.83999633789062,35.906150817871094
2010-09-17,89.05000305175781,89.05000305175781,88.9000015258789,89.0,35.970829010009766
2010-09-20,89.0999984741211,89.22000122070312,89.05000305175781,89.13999938964844,36.02741622924805
2010-09-21,89.2300033569336,89.2300033569336,88.87000274658203,88.98999786376953,35.966766357421875
2010-09-22,89.0999984741211,89.0999984741211,88.62000274658203,88.62999725341797,35.821292877197266
2010-09-23,88.5,88.5199966430664,88.25,88.4000015258789,35.72831726074219
2010-09-24,88.52999877929688,88.88999938964844,88.52999877929688,88.75,35.86979293823242
2010-09-27,88.93000030517578,89.08000183105469,88.83999633789062,88.9000015258789,35.930419921875
2010-09-28,89.16000366210938,89.16000366210938,88.80000305175781,89.02999877929688,35.98295593261719
2010-09-29,89.19999694824219,89.41000366210938,89.11000061035156,89.23999786376953,36.067806243896484
2010-09-30,89.4800033569336,89.73999786376953,89.2300033569336,89.69000244140625,36.249732971191406
2010-10-01,89.20999908447266,89.33000183105469,88.98999786376953,89.22000122070312,36.29729080200195
2010-10-04,89.27999877929688,89.27999877929688,88.88999938964844,88.91000366210938,36.17118453979492
2010-10-05,89.25,89.31999969482422,89.05999755859375,89.2300033569336,36.3013801574707
2010-10-06,89.22000122070312,89.33000183105469,89.05000305175781,89.1500015258789,36.26881408691406
2010-10-07,89.3499984741211,89.5,89.12999725341797,89.33000183105469,36.342063903808594
2010-10-08,89.45999908447266,89.68000030517578,89.36000061035156,89.62999725341797,36.46410369873047
2010-10-11,89.66000366210938,89.88999938964844,89.62999725341797,89.81999969482422,36.54138946533203
2010-10-12,89.7699966430664,89.94999694824219,89.66999816894531,89.73999786376953,36.50885009765625
2010-10-13,89.93000030517578,90.25,89.81999969482422,90.04000091552734,36.63090515136719
2010-10-14,90.12000274658203,90.12999725341797,89.55000305175781,89.61000061035156,36.45595169067383
2010-10-15,89.79000091552734,90.0,89.73999786376953,89.83999633789062,36.54951858520508
2010-10-18,89.94999694824219,90.0999984741211,89.72000122070312,89.72000122070312,36.50072479248047
2010-10-19,89.79000091552734,89.94999694824219,89.68000030517578,89.70999908447266,36.49664306640625
2010-10-20,89.81999969482422,90.0199966430664,89.63999938964844,89.98999786376953,36.610565185546875
2010-10-21,90.08999633789062,90.12000274658203,89.8499984741211,89.8499984741211,36.55363082885742
2010-10-22,90.06999969482422,90.27999877929688,90.01000213623047,90.26000213623047,36.72039794921875
2010-10-25,90.47000122070312,90.7699966430664,90.44999694824219,90.61000061035156,36.86281204223633
2010-10-26,90.58999633789062,90.7699966430664,90.55000305175781,90.75,36.91975021362305
2010-10-27,90.69999694824219,90.80000305175781,90.52999877929688,90.6500015258789,36.879058837890625
2010-10-28,90.88999938964844,90.9000015258789,90.55000305175781,90.69999694824219,36.8994140625
2010-10-29,90.80999755859375,90.9000015258789,90.66000366210938,90.73999786376953,36.91569519042969
2010-11-01,90.30000305175781,90.4000015258789,89.94999694824219,89.97000122070312,36.84646987915039
2010-11-02,90.19999694824219,90.41999816894531,90.06999969482422,90.41000366210938,37.026676177978516
2010-11-03,90.44999694824219,90.80000305175781,90.33999633789062,90.70999908447266,37.1495361328125
2010-11-04,91.06999969482422,91.97000122070312,91.05999755859375,91.88999938964844,37.63278579711914
2010-11-05,91.77999877929688,91.88999938964844,91.5199966430664,91.79000091552734,37.59184646606445
2010-11-08,91.69999694824219,91.79000091552734,91.44999694824219,91.5199966430664,37.48127746582031
2010-11-09,91.69000244140625,91.69000244140625,91.0999984741211,91.26000213623047,37.37477493286133
2010-11-10,91.25,91.25,90.4800033569336,90.51000213623047,37.067623138427734
2010-11-11,90.44000244140625,90.52999877929688,89.80999755859375,90.1500015258789,36.9201774597168
2010-11-12,90.13999938964844,90.25,89.81999969482422,89.81999969482422,36.7850341796875
2010-11-15,90.16999816894531,90.19999694824219,89.58999633789062,89.6500015258789,36.715415954589844
2010-11-16,89.58000183105469,89.69999694824219,88.48999786376953,88.66000366210938,36.30995559692383
2010-11-17,89.25,89.37000274658203,89.0,89.11000061035156,36.49427795410156
2010-11-18,89.81999969482422,90.23999786376953,89.58000183105469,90.23999786376953,36.95705032348633
2010-11-19,90.0,90.20999908447266,89.83999633789062,90.20999908447266,36.94475173950195
2010-11-22,89.76000213623047,89.94999694824219,89.54000091552734,89.58000183105469,36.68675994873047
2010-11-23,89.37999725341797,89.37999725341797,88.31999969482422,88.3499984741211,36.18299865722656
2010-11-24,88.56999969482422,89.0199966430664,88.56999969482422,88.87999725341797,36.400081634521484
2010-11-26,88.7699966430664,88.87000274658203,88.51000213623047,88.55999755859375,36.26899719238281
2010-11-29,88.51000213623047,89.0199966430664,88.4800033569336,88.79000091552734,36.36320495605469
2010-11-30,88.58999633789062,89.12000274658203,88.41999816894531,88.98999786376953,36.44510269165039
2010-12-01,88.9800033569336,89.25,88.79000091552734,89.22000122070312,36.78234100341797
2010-12-02,89.26000213623047,89.31999969482422,89.0,89.2699966430664,36.802955627441406
2010-12-03,89.19999694824219,89.44999694824219,89.16000366210938,89.41999816894531,36.86479568481445
2010-12-06,89.41999816894531,89.41999816894531,89.2300033569336,89.37000274658203,36.84416961669922
2010-12-07,89.81999969482422,89.91000366210938,89.66999816894531,89.83000183105469,37.033836364746094
2010-12-08,89.7300033569336,90.0,89.41000366210938,89.54000091552734,36.91427230834961
2010-12-09,89.66999816894531,89.66999816894531,89.33999633789062,89.3499984741211,36.83595657348633
2010-12-10,89.5,89.61000061035156,89.30999755859375,89.38999938964844,36.8524284362793
2010-12-13,89.4000015258789,89.56999969482422,88.81999969482422,88.94000244140625,36.666908264160156
2010-12-14,89.4000015258789,89.4000015258789,88.87999725341797,89.37999725341797,36.84832000732422
2010-12-15,89.4000015258789,89.4000015258789,88.91000366210938,89.02999877929688,36.70401382446289
2010-12-16,88.9000015258789,89.36000061035156,88.77999877929688,89.36000061035156,36.84006881713867
2010-12-17,89.3499984741211,89.52999877929688,89.2300033569336,89.48999786376953,36.89365005493164
2010-12-20,89.62999725341797,89.6500015258789,89.5,89.6500015258789,36.959632873535156
2010-12-21,89.80999755859375,89.88999938964844,89.66000366210938,89.83999633789062,37.0379524230957
2010-12-22,89.8499984741211,90.13999938964844,89.7699966430664,90.08999633789062,37.14101028442383
2010-12-23,90.1500015258789,90.25,90.12000274658203,90.18000030517578,37.17811584472656
2010-12-27,90.31999969482422,90.36000061035156,90.12000274658203,90.25,37.20698928833008
2010-12-28,89.87000274658203,89.9000015258789,89.54000091552734,89.7300033569336,37.23061752319336
2010-12-29,89.83999633789062,90.05999755859375,89.72000122070312,90.02999877929688,37.355106353759766
2010-12-30,90.13999938964844,90.13999938964844,89.95999908447266,90.12999725341797,37.39657974243164
2010-12-31,90.12999725341797,90.30999755859375,90.05000305175781,90.29000091552734,37.46297836303711
2011-01-03,90.29000091552734,90.70999908447266,90.2699966430664,90.36000061035156,37.49202346801758
2011-01-04,90.55999755859375,90.77999877929688,90.4800033569336,90.7699966430664,37.66215133666992
2011-01-05,90.63999938964844,91.01000213623047,90.62999725341797,91.0,37.75758361816406
2011-01-06,91.04000091552734,91.12000274658203,90.69000244140625,91.11000061035156,37.80321502685547
2011-01-07,91.12000274658203,91.12000274658203,90.69999694824219,90.76000213623047,37.65800094604492
2011-01-10,90.61000061035156,90.7300033569336,90.56999969482422,90.69000244140625,37.62893295288086
2011-01-11,90.91000366210938,91.08999633789062,90.8499984741211,91.04000091552734,37.77418518066406
2011-01-12,91.05000305175781,91.33000183105469,91.05000305175781,91.2300033569336,37.853023529052734
2011-01-13,91.23999786376953,91.44999694824219,91.16999816894531,91.20999908447266,37.84471893310547
2011-01-14,91.3499984741211,91.4000015258789,91.23999786376953,91.36000061035156,37.906951904296875
2011-01-18,91.5,91.5,91.25,91.3499984741211,37.902793884277344
2011-01-19,91.2699966430664,91.38999938964844,91.05999755859375,91.06999969482422,37.78664779663086
2011-01-20,91.06999969482422,91.12999725341797,90.76000213623047,90.88999938964844,37.711917877197266
2011-01-21,90.9800033569336,91.33999633789062,90.9800033569336,91.26000213623047,37.865474700927734
2011-01-24,91.29000091552734,91.44999694824219,91.29000091552734,91.38999938964844,37.919410705566406
2011-01-25,91.43000030517578,91.52999877929688,91.33000183105469,91.52999877929688,37.977455139160156
2011-01-26,91.63999938964844,91.72000122070312,91.52999877929688,91.72000122070312,38.056331634521484
2011-01-27,91.7699966430664,91.8499984741211,91.69000244140625,91.83999633789062,38.106101989746094
2011-01-28,91.87999725341797,91.88999938964844,91.2699966430664,91.29000091552734,37.8779296875
2011-01-31,91.52999877929688,91.77999877929688,91.36000061035156,91.77999877929688,38.081207275390625
2011-02-01,91.30999755859375,91.44999694824219,91.20999908447266,91.37000274658203,38.155975341796875
2011-02-02,91.48999786376953,91.51000213623047,91.37000274658203,91.47000122070312,38.197723388671875
2011-02-03,91.4800033569336,91.55999755859375,91.2699966430664,91.47000122070312,38.197723388671875
2011-02-04,91.69999694824219,91.88999938964844,91.5199966430664,91.87000274658203,38.364768981933594
2011-02-07,92.01000213623047,92.05000305175781,91.79000091552734,92.04000091552734,38.43576431274414
2011-02-08,92.12000274658203,92.16000366210938,92.0,92.13999938964844,38.477500915527344
2011-02-09,92.13999938964844,92.13999938964844,91.62000274658203,91.62000274658203,38.26034164428711
2011-02-10,91.5999984741211,91.91000366210938,91.5,91.72000122070312,38.3021240234375
2011-02-11,91.87000274658203,91.94999694824219,91.62999725341797,91.94999694824219,38.3981819152832
2011-02-14,91.86000061035156,92.0199966430664,91.86000061035156,92.0199966430664,38.42739486694336
2011-02-15,92.05999755859375,92.05999755859375,91.7699966430664,91.83999633789062,38.35223388671875
2011-02-16,92.01000213623047,92.08999633789062,91.87000274658203,91.87000274658203,38.364768981933594
2011-02-17,92.0,92.0999984741211,91.95999908447266,92.08000183105469,38.45250701904297
2011-02-18,92.18000030517578,92.37000274658203,92.11000061035156,92.36000061035156,38.56938552856445
2011-02-22,92.19000244140625,92.23999786376953,91.58999633789062,91.5999984741211,38.252010345458984
2011-02-23,91.62999725341797,91.83000183105469,91.58999633789062,91.69000244140625,38.28960037231445
2011-02-24,91.8499984741211,91.91000366210938,91.70999908447266,91.76000213623047,38.31882858276367
2011-02-25,91.80999755859375,92.08000183105469,91.77999877929688,92.04000091552734,38.43576431274414
2011-02-28,92.13999938964844,92.52999877929688,91.9800033569336,92.5,38.62784194946289
2011-03-01,91.97000122070312,91.9800033569336,91.68000030517578,91.77999877929688,38.5685920715332
2011-03-02,91.75,91.87999725341797,91.69999694824219,91.86000061035156,38.60222625732422
2011-03-03,91.91000366210938,92.22000122070312,91.91000366210938,92.19000244140625,38.74087905883789
2011-03-04,92.19000244140625,92.20999908447266,91.93000030517578,92.0,38.661048889160156
2011-03-07,92.12999725341797,92.13999938964844,91.91999816894531,92.0199966430664,38.66946029663086
2011-03-08,92.0,92.05999755859375,91.91000366210938,91.94000244140625,38.63584518432617
2011-03-09,91.95999908447266,92.01000213623047,91.6500015258789,91.68000030517578,38.52657699584961
2011-03-10,91.73999786376953,91.80000305175781,91.16999816894531,91.19999694824219,38.32483673095703
2011-03-11,91.11000061035156,91.3499984741211,91.05999755859375,91.18000030517578,38.31647872924805
2011-03-14,91.08999633789062,91.26000213623047,90.76000213623047,90.80999755859375,38.16097640991211
2011-03-15,89.9000015258789,90.48999786376953,89.5,90.33999633789062,37.96348571777344
2011-03-16,90.36000061035156,90.62000274658203,89.72000122070312,89.77999877929688,37.728145599365234
2011-03-17,90.22000122070312,90.76000213623047,90.22000122070312,90.75,38.13576126098633
2011-03-18,91.13999938964844,91.47000122070312,91.0199966430664,91.18000030517578,38.31647872924805
2011-03-21,91.48999786376953,91.77999877929688,91.41000366210938,91.73999786376953,38.551780700683594
2011-03-22,91.62000274658203,91.83000183105469,91.52999877929688,91.79000091552734,38.572784423828125
2011-03-23,91.69000244140625,91.81999969482422,91.52999877929688,91.68000030517578,38.52657699584961
2011-03-24,91.76000213623047,91.8499984741211,91.6500015258789,91.76000213623047,38.5601921081543
2011-03-25,91.83999633789062,91.86000061035156,91.76000213623047,91.79000091552734,38.572784423828125
2011-03-28,91.9000015258789,91.9000015258789,91.69000244140625,91.81999969482422,38.585411071777344
2011-03-29,91.69999694824219,91.91000366210938,91.68000030517578,91.87000274658203,38.606414794921875
2011-03-30,91.94999694824219,92.05999755859375,91.75,92.01000213623047,38.66527557373047
2011-03-31,92.02999877929688,92.02999877929688,91.87000274658203,91.95999908447266,38.644229888916016
2011-04-01,91.38999938964844,91.52999877929688,91.27999877929688,91.27999877929688,38.597721099853516
2011-04-04,91.44000244140625,91.86000061035156,91.3499984741211,91.83999633789062,38.83452606201172
2011-04-05,91.63999938964844,91.91000366210938,91.63999938964844,91.73999786376953,38.79221725463867
2011-04-06,91.91000366210938,91.9800033569336,91.83999633789062,91.94000244140625,38.87681579589844
2011-04-07,91.93000030517578,92.06999969482422,91.91999816894531,92.02999877929688,38.914878845214844
2011-04-08,92.08999633789062,92.12000274658203,91.91000366210938,92.02999877929688,38.914878845214844
2011-04-11,92.08000183105469,92.16999816894531,91.93000030517578,91.94000244140625,38.87681579589844
2011-04-12,91.9800033569336,91.9800033569336,91.62000274658203,91.6500015258789,38.75417709350586
2011-04-13,91.87000274658203,92.08999633789062,91.83000183105469,92.08999633789062,38.94023513793945
2011-04-14,92.0,92.0199966430664,91.63999938964844,91.72000122070312,38.78377914428711
2011-04-15,91.8499984741211,91.9000015258789,91.76000213623047,91.83999633789062,38.83452606201172
2011-04-18,91.69999694824219,91.69999694824219,91.41999816894531,91.5199966430664,38.69921875
2011-04-19,91.63999938964844,91.86000061035156,91.61000061035156,91.83999633789062,38.83452606201172
2011-04-20,92.0,92.2300033569336,91.91000366210938,92.19000244140625,38.98249053955078
2011-04-21,92.31999969482422,92.43000030517578,92.11000061035156,92.41000366210938,39.0755615234375
2011-04-25,92.44999694824219,92.44999694824219,92.30000305175781,92.30999755859375,39.033260345458984
2011-04-26,92.44999694824219,92.5199966430664,92.33000183105469,92.5199966430664,39.122066497802734
2011-04-27,92.48999786376953,92.58000183105469,92.4800033569336,92.58000183105469,39.14744186401367
2011-04-28,92.58000183105469,92.66000366210938,92.55000305175781,92.62999725341797,39.1685676574707
2011-04-29,92.76000213623047,92.8499984741211,92.68000030517578,92.8499984741211,39.26158142089844
2011-05-02,92.30999755859375,92.41999816894531,92.20999908447266,92.2300033569336,39.241615295410156
2011-05-03,92.41999816894531,92.43000030517578,92.0999984741211,92.25,39.25010681152344
2011-05-04,92.37999725341797,92.37999725341797,92.12000274658203,92.22000122070312,39.23737716674805
2011-05-05,92.22000122070312,92.22000122070312,91.79000091552734,91.83999633789062,39.07566452026367
2011-05-06,92.11000061035156,92.44999694824219,92.11000061035156,92.30999755859375,39.27564239501953
2011-05-09,92.38999938964844,92.51000213623047,92.29000091552734,92.43000030517578,39.326698303222656
2011-05-10,92.33000183105469,92.62999725341797,92.33000183105469,92.62999725341797,39.41179275512695
2011-05-11,92.69000244140625,92.7300033569336,92.37000274658203,92.48999786376953,39.352230072021484
2011-05-12,92.47000122070312,92.58000183105469,92.26000213623047,92.58000183105469,39.39051055908203
2011-05-13,92.5999984741211,92.5999984741211,92.19999694824219,92.19999694824219,39.22883224487305
2011-05-16,92.26000213623047,92.47000122070312,92.26000213623047,92.37999725341797,39.305416107177734
2011-05-17,92.37000274658203,92.58999633789062,92.11000061035156,92.54000091552734,39.37348175048828
2011-05-18,92.4800033569336,92.66000366210938,92.43000030517578,92.6500015258789,39.42030334472656
2011-05-19,92.66999816894531,92.66999816894531,92.51000213623047,92.61000061035156,39.40328598022461
2011-05-20,92.61000061035156,92.61000061035156,92.41000366210938,92.54000091552734,39.37348175048828
2011-05-23,92.26000213623047,92.3499984741211,92.08000183105469,92.0999984741211,39.18629455566406
2011-05-24,92.30999755859375,92.37000274658203,91.93000030517578,91.94999694824219,39.12246322631836
2011-05-25,92.02999877929688,92.05000305175781,91.9000015258789,91.94999694824219,39.12246322631836
2011-05-26,91.97000122070312,92.0,91.87000274658203,91.87000274658203,39.08841323852539
2011-05-27,91.94999694824219,92.26000213623047,91.9000015258789,92.1500015258789,39.20755386352539
2011-05-31,92.4000015258789,92.45999908447266,92.26000213623047,92.4000015258789,39.313941955566406
2011-06-01,91.76000213623047,91.88999938964844,91.1500015258789,91.30000305175781,39.0853271484375
2011-06-02,91.36000061035156,91.4000015258789,91.19999694824219,91.23999786376953,39.05963897705078
2011-06-03,90.95999908447266,91.08000183105469,90.81999969482422,90.87999725341797,38.90554428100586
2011-06-06,90.94000244140625,91.01000213623047,90.56999969482422,90.66000366210938,38.81134796142578
2011-06-07,90.9000015258789,90.93000030517578,90.54000091552734,90.58999633789062,38.78140640258789
2011-06-08,90.55999755859375,90.58000183105469,90.13999938964844,90.16000366210938,38.5973014831543
2011-06-09,90.20999908447266,90.44000244140625,90.12000274658203,90.22000122070312,38.622989654541016
2011-06-10,90.2699966430664,90.3499984741211,89.44000244140625,89.62999725341797,38.37041473388672
2011-06-13,89.75,89.98999786376953,89.29000091552734,89.29000091552734,38.22483444213867
2011-06-14,89.97000122070312,90.0199966430664,89.80000305175781,89.8499984741211,38.46457290649414
2011-06-15,89.58000183105469,89.8499984741211,89.37000274658203,89.47000122070312,38.30191421508789
2011-06-16,89.41000366210938,89.69999694824219,87.62999725341797,87.87999725341797,37.62123489379883
2011-06-17,88.88999938964844,89.18000030517578,88.30000305175781,88.8499984741211,38.03647994995117
2011-06-20,88.94999694824219,89.56999969482422,88.94000244140625,89.47000122070312,38.30191421508789
2011-06-21,89.62000274658203,90.08000183105469,89.55999755859375,90.06999969482422,38.558773040771484
2011-06-22,89.9000015258789,90.04000091552734,89.41000366210938,89.41999816894531,38.28050994873047
2011-06-23,89.25,90.0,88.83000183105469,89.9000015258789,38.48601150512695
2011-06-24,90.05000305175781,90.05000305175781,89.33000183105469,89.47000122070312,38.30191421508789
2011-06-27,89.51000213623047,89.5999984741211,89.36000061035156,89.44999694824219,38.29336166381836
2011-06-28,89.69999694824219,89.80999755859375,89.62000274658203,89.80999755859375,38.44746017456055
2011-06-29,90.0999984741211,90.75,89.94999694824219,90.69999694824219,38.82846450805664
2011-06-30,90.69999694824219,91.5999984741211,90.69999694824219,91.30999755859375,39.089622497558594
2011-07-01,91.38999938964844,91.44999694824219,90.83999633789062,91.20999908447266,39.29730224609375
2011-07-05,91.05999755859375,91.33999633789062,90.91000366210938,91.33000183105469,39.3489875793457
2011-07-06,90.98999786376953,91.37999725341797,90.91999816894531,91.37000274658203,39.3662109375
2011-07-07,91.58000183105469,91.7300033569336,91.30999755859375,91.7300033569336,39.521324157714844
2011-07-08,91.16000366210938,91.5199966430664,91.13999938964844,91.4800033569336,39.41360092163086
2011-07-11,91.01000213623047,91.12999725341797,90.55000305175781,90.58000183105469,39.02585983276367
2011-07-12,90.5199966430664,90.66000366210938,90.31999969482422,90.33000183105469,38.918121337890625
2011-07-13,90.5999984741211,91.06999969482422,90.54000091552734,91.02999877929688,39.21971893310547
2011-07-14,90.87000274658203,91.5,90.80999755859375,90.9800033569336,39.19817352294922
2011-07-15,91.16999816894531,91.16999816894531,90.88999938964844,90.94999694824219,39.18527603149414
2011-07-18,90.75,91.0,90.51000213623047,90.79000091552734,39.11630630493164
2011-07-19,90.77999877929688,91.2300033569336,90.70999908447266,91.19999694824219,39.292964935302734
2011-07-20,91.41000366210938,91.41000366210938,91.19999694824219,91.27999877929688,39.327430725097656
2011-07-21,91.44999694824219,91.7699966430664,91.3499984741211,91.72000122070312,39.51702117919922
2011-07-22,91.5999984741211,91.86000061035156,91.54000091552734,91.83999633789062,39.56871032714844
2011-07-25,91.55000305175781,91.73999786376953,91.33999633789062,91.3499984741211,39.35757827758789
2011-07-26,91.44000244140625,91.63999938964844,91.33000183105469,91.54000091552734,39.43947982788086
2011-07-27,91.5199966430664,91.58000183105469,90.81999969482422,90.81999969482422,39.1292839050293
2011-07-28,90.91999816894531,91.18000030517578,90.83000183105469,90.95999908447266,39.1895637512207
2011-07-29,90.4800033569336,91.08000183105469,90.41000366210938,91.05000305175781,39.228355407714844
2011-08-01,90.79000091552734,91.01000213623047,90.25,90.69999694824219,39.315452575683594
2011-08-02,90.48999786376953,90.5,89.56999969482422,89.58000183105469,38.82999038696289
2011-08-03,89.61000061035156,89.95999908447266,88.80999755859375,89.52999877929688,38.808326721191406
2011-08-04,89.0,89.3499984741211,86.91000366210938,86.94999694824219,37.68996047973633
2011-08-05,87.44000244140625,88.12999725341797,84.61000061035156,86.86000061035156,37.65096664428711
2011-08-08,83.87000274658203,85.86000061035156,82.33000183105469,83.16000366210938,36.04713821411133
2011-08-09,84.25,85.69999694824219,83.05000305175781,85.69999694824219,37.14814376831055
2011-08-10,85.1500015258789,85.29000091552734,83.88999938964844,84.25,36.51961898803711
2011-08-11,83.66000366210938,85.91000366210938,83.66000366210938,85.77999877929688,37.18281173706055
2011-08-12,85.9800033569336,86.20999908447266,85.02999877929688,85.37999725341797,37.00941848754883
2011-08-15,85.97000122070312,86.88999938964844,85.68000030517578,86.7699966430664,37.6119384765625
2011-08-16,86.52999877929688,86.77999877929688,86.12000274658203,86.22000122070312,37.373558044433594
2011-08-17,86.62999725341797,87.18000030517578,86.5999984741211,87.16999816894531,37.785316467285156
2011-08-18,86.18000030517578,86.2300033569336,85.11000061035156,86.11000061035156,37.32585525512695
2011-08-19,85.2699966430664,86.58000183105469,85.08999633789062,85.36000061035156,37.00076675415039
2011-08-22,86.0,86.36000061035156,85.3499984741211,85.45999908447266,37.04410934448242
2011-08-23,85.27999877929688,86.23999786376953,84.69999694824219,86.0999984741211,37.32151412963867
2011-08-24,85.5,86.05999755859375,85.19000244140625,85.70999908447266,37.15245819091797
2011-08-25,86.22000122070312,86.45999908447266,85.0,85.0199966430664,36.85337448120117
2011-08-26,85.05000305175781,86.05000305175781,84.30000305175781,85.87999725341797,37.22615051269531
2011-08-29,86.47000122070312,86.8499984741211,86.18000030517578,86.75,37.603275299072266
2011-08-30,86.61000061035156,86.95999908447266,86.48999786376953,86.91000366210938,37.672607421875
2011-08-31,87.79000091552734,88.37999725341797,87.56999969482422,88.02999877929688,38.15810775756836
2011-09-01,87.48999786376953,87.61000061035156,87.2300033569336,87.41000366210938,38.13324737548828
2011-09-02,86.56999969482422,87.55999755859375,86.56999969482422,87.0,37.95436477661133
2011-09-06,85.76000213623047,86.30000305175781,85.5199966430664,85.97000122070312,37.50505065917969
2011-09-07,86.58999633789062,86.76000213623047,86.11000061035156,86.38999938964844,37.68826675415039
2011-09-08,86.55999755859375,86.8499984741211,86.38999938964844,86.66000366210938,37.80604934692383
2011-09-09,86.55000305175781,86.80000305175781,85.62999725341797,85.87999725341797,37.46577835083008
2011-09-12,85.30999755859375,85.45999908447266,84.80999755859375,85.13999938964844,37.1429443359375
2011-09-13,85.33999633789062,86.0,85.13999938964844,85.79000091552734,37.426513671875
2011-09-14,86.06999969482422,86.55999755859375,85.66000366210938,86.36000061035156,37.6751708984375
2011-09-15,86.55999755859375,86.95999908447266,86.37000274658203,86.94000244140625,37.928218841552734
2011-09-16,87.1500015258789,87.1500015258789,86.5999984741211,86.88999938964844,37.90637969970703
2011-09-19,86.73999786376953,86.93000030517578,86.37999725341797,86.76000213623047,37.84968185424805
2011-09-20,86.91999816894531,87.08000183105469,86.56999969482422,86.9000015258789,37.9107551574707
2011-09-21,86.9000015258789,87.08000183105469,86.13999938964844,86.1500015258789,37.58357238769531
2011-09-22,85.16999816894531,85.5199966430664,84.77999877929688,84.9800033569336,37.073158264160156
2011-09-23,84.7300033569336,85.62000274658203,84.69999694824219,85.20999908447266,37.17350387573242
2011-09-26,85.38999938964844,86.37999725341797,85.01000213623047,85.52999877929688,37.31306457519531
2011-09-27,86.04000091552734,86.04000091552734,85.5,85.62999725341797,37.356693267822266
2011-09-28,85.58000183105469,85.5999984741211,84.51000213623047,84.66999816894531,36.937889099121094
2011-09-29,85.0,85.27999877929688,84.36000061035156,84.51000213623047,36.86810302734375
2011-09-30,83.9800033569336,83.9800033569336,82.7300033569336,82.83000183105469,36.135189056396484
2011-10-03,81.91999816894531,82.45999908447266,81.30000305175781,81.30000305175781,35.699588775634766
2011-10-04,80.61000061035156,81.18000030517578,77.9000015258789,81.05000305175781,35.589820861816406
2011-10-05,81.43000030517578,82.11000061035156,80.7300033569336,82.04000091552734,36.02450180053711
2011-10-06,82.29000091552734,83.31999969482422,81.9000015258789,83.30999755859375,36.582210540771484
2011-10-07,83.77999877929688,83.80000305175781,82.66999816894531,83.37999725341797,36.61294174194336
2011-10-10,84.37999725341797,85.18000030517578,83.87000274658203,85.16999816894531,37.39892578125
2011-10-11,85.02999877929688,85.02999877929688,84.18000030517578,84.2300033569336,36.98618698120117
2011-10-12,84.7699966430664,86.27999877929688,84.41999816894531,86.19000244140625,37.84684753417969
2011-10-13,85.83999633789062,86.0199966430664,85.11000061035156,85.83000183105469,37.68877029418945
2011-10-14,86.30999755859375,86.45999908447266,86.0,86.43000030517578,37.952232360839844
2011-10-17,86.0199966430664,86.06999969482422,85.7300033569336,85.93000030517578,37.732662200927734
2011-10-18,85.91999816894531,86.58000183105469,85.43000030517578,86.38999938964844,37.934654235839844
2011-10-19,86.55000305175781,87.22000122070312,86.05999755859375,86.11000061035156,37.811710357666016
2011-10-20,86.4000015258789,86.87999725341797,86.19999694824219,86.87000274658203,38.145442962646484
2011-10-21,87.44999694824219,87.94000244140625,87.25,87.91999816894531,38.60649108886719
2011-10-24,88.0,90.4800033569336,87.8499984741211,90.30000305175781,39.65156936645508
2011-10-25,89.41000366210938,89.83000183105469,88.66000366210938,88.69999694824219,38.949012756347656
2011-10-26,89.5,89.5,88.44999694824219,89.08000183105469,39.115875244140625
2011-10-27,90.73999786376953,91.41999816894531,90.0,90.38999938964844,39.69110870361328
2011-10-28,90.16000366210938,90.19999694824219,89.83999633789062,90.12000274658203,39.57252883911133
2011-10-31,89.66000366210938,89.66999816894531,89.19999694824219,89.27999877929688,39.203670501708984
2011-11-01,87.52999877929688,88.12000274658203,86.75,87.16999816894531,38.5040168762207
2011-11-02,87.62999725341797,88.18000030517578,87.45999908447266,88.0,38.87062454223633
2011-11-03,88.69000244140625,88.98999786376953,88.12000274658203,88.87000274658203,39.254913330078125
2011-11-04,88.37999725341797,88.86000061035156,88.06999969482422,88.77999877929688,39.21518325805664
2011-11-07,88.7300033569336,88.79000091552734,88.0199966430664,88.4800033569336,39.082645416259766
2011-11-08,88.75,88.81999969482422,88.33000183105469,88.68000030517578,39.171024322509766
2011-11-09,87.70999908447266,87.97000122070312,86.80000305175781,86.80000305175781,38.34058380126953
2011-11-10,87.56999969482422,87.70999908447266,86.87000274658203,86.88999938964844,38.38033676147461
2011-11-11,87.4000015258789,88.11000061035156,87.33000183105469,88.04000091552734,38.8883056640625
2011-11-14,87.87999725341797,87.87999725341797,87.0,87.44999694824219,38.62770080566406
2011-11-15,87.30999755859375,87.4000015258789,86.9000015258789,87.22000122070312,38.526100158691406
2011-11-16,86.97000122070312,87.12000274658203,86.3499984741211,86.37000274658203,38.150657653808594
2011-11-17,86.51000213623047,86.7699966430664,85.52999877929688,85.94999694824219,37.96512222290039
2011-11-18,86.27999877929688,86.30999755859375,85.79000091552734,85.88999938964844,37.9385986328125
2011-11-21,85.79000091552734,85.91999816894531,84.81999969482422,84.91999816894531,37.51018524169922
2011-11-22,84.9000015258789,85.13999938964844,84.19000244140625,84.2699966430664,37.22306442260742
2011-11-23,84.01000213623047,84.19999694824219,82.62999725341797,82.75,36.55165481567383
2011-11-25,82.98999786376953,83.69000244140625,82.52999877929688,82.75,36.55165481567383
2011-11-28,84.52999877929688,84.91999816894531,84.0199966430664,84.5999984741211,37.36880111694336
2011-11-29,84.91999816894531,85.1500015258789,84.62000274658203,85.1500015258789,37.61176681518555
2011-11-30,86.30000305175781,86.68000030517578,86.06999969482422,86.5999984741211,38.252254486083984
2011-12-01,86.0,86.5199966430664,85.83999633789062,86.43000030517578,38.420719146728516
2011-12-02,86.69000244140625,87.0,86.43000030517578,86.91999816894531,38.63853454589844
2011-12-05,87.44000244140625,87.63999938964844,87.12000274658203,87.41000366210938,38.856353759765625
2011-12-06,87.37000274658203,87.86000061035156,87.12999725341797,87.80000305175781,39.02971649169922
2011-12-07,87.58000183105469,87.68000030517578,87.19000244140625,87.5199966430664,38.90523910522461
2011-12-08,87.38999938964844,87.5199966430664,86.94000244140625,86.94999694824219,38.651859283447266
2011-12-09,87.0999984741211,87.75,87.0,87.69999694824219,38.985286712646484
2011-12-12,87.37999725341797,87.37999725341797,87.05000305175781,87.2300033569336,38.77633285522461
2011-12-13,87.51000213623047,87.70999908447266,86.87000274658203,86.9000015258789,38.62965393066406
2011-12-14,86.93000030517578,86.9800033569336,86.47000122070312,86.75,38.562957763671875
2011-12-15,87.33999633789062,87.3499984741211,86.93000030517578,87.05999755859375,38.70077133178711
2011-12-16,87.25,87.51000213623047,87.0,87.47000122070312,38.88300323486328
2011-12-19,87.54000091552734,87.94999694824219,87.3499984741211,87.36000061035156,38.834129333496094
2011-12-20,87.94000244140625,88.5199966430664,87.86000061035156,88.44999694824219,39.318660736083984
2011-12-21,88.20999908447266,88.69999694824219,88.0999984741211,88.69999694824219,39.429805755615234
2011-12-22,88.62999725341797,89.16000366210938,88.45999908447266,89.04000091552734,39.5809326171875
2011-12-23,88.98999786376953,89.51000213623047,88.87000274658203,89.44999694824219,39.7631950378418
2011-12-27,89.02999877929688,89.30000305175781,88.80000305175781,89.2699966430664,39.92193603515625
2011-12-28,89.41000366210938,89.48999786376953,88.76000213623047,88.8499984741211,39.734127044677734
2011-12-29,89.0999984741211,89.44000244140625,88.86000061035156,89.37999725341797,39.97114181518555
2011-12-30,89.37000274658203,89.6500015258789,89.26000213623047,89.43000030517578,39.99348831176758
2012-01-03,89.81999969482422,89.98999786376953,89.44999694824219,89.72000122070312,40.123207092285156
2012-01-04,89.69999694824219,89.70999908447266,89.11000061035156,89.56999969482422,40.05612564086914
2012-01-05,89.54000091552734,89.58000183105469,88.98999786376953,89.18000030517578,39.88169479370117
2012-01-06,89.38999938964844,89.38999938964844,88.75,88.9000015258789,39.75648498535156
2012-01-09,88.91000366210938,89.2300033569336,88.91000366210938,89.0199966430664,39.81014633178711
2012-01-10,89.4000015258789,89.4800033569336,89.19999694824219,89.33000183105469,39.94878387451172
2012-01-11,89.2699966430664,89.33000183105469,89.04000091552734,89.23999786376953,39.908538818359375
2012-01-12,89.23999786376953,89.44000244140625,89.04000091552734,89.12000274658203,39.854862213134766
2012-01-13,89.06999969482422,89.12999725341797,88.55000305175781,89.0199966430664,39.81014633178711
2012-01-17,89.37999725341797,89.37999725341797,89.05999755859375,89.19999694824219,39.89064025878906
2012-01-18,89.20999908447266,89.45999908447266,88.94999694824219,89.44999694824219,40.002445220947266
2012-01-19,89.72000122070312,89.8499984741211,89.45999908447266,89.58000183105469,40.060577392578125
2012-01-20,89.61000061035156,89.73999786376953,89.54000091552734,89.58000183105469,40.060577392578125
2012-01-23,89.7699966430664,90.0199966430664,89.66000366210938,89.88999938964844,40.19921112060547
2012-01-24,89.88999938964844,90.16999816894531,89.72000122070312,90.12000274658203,40.30207061767578
2012-01-25,90.30000305175781,91.0,89.91999816894531,90.91000366210938,40.65538024902344
2012-01-26,91.30000305175781,91.4800033569336,90.91999816894531,91.12999725341797,40.75373458862305
2012-01-27,91.01000213623047,91.18000030517578,90.80000305175781,90.80000305175781,40.60615158081055
2012-01-30,90.45999908447266,90.7300033569336,90.3499984741211,90.51000213623047,40.47648239135742
2012-01-31,90.75,90.87000274658203,90.52999877929688,90.73999786376953,40.57936096191406
2012-02-01,90.27999877929688,90.72000122070312,90.27999877929688,90.4000015258789,40.65445327758789
2012-02-02,90.58999633789062,90.62000274658203,90.41000366210938,90.45999908447266,40.68144226074219
2012-02-03,91.22000122070312,91.23999786376953,90.58000183105469,90.72000122070312,40.7983512878418
2012-02-06,90.63999938964844,90.76000213623047,90.5,90.73999786376953,40.80736541748047
2012-02-07,90.79000091552734,90.98999786376953,90.66999816894531,90.91999816894531,40.888267517089844
2012-02-08,91.04000091552734,91.08999633789062,90.80999755859375,91.0,40.92424774169922
2012-02-09,91.05999755859375,91.08999633789062,90.66999816894531,91.04000091552734,40.94225311279297
2012-02-10,90.58000183105469,90.62000274658203,90.25,90.25,40.586978912353516
2012-02-13,90.5,90.72000122070312,90.33000183105469,90.51000213623047,40.70390319824219
2012-02-14,90.45999908447266,90.6500015258789,90.38999938964844,90.51000213623047,40.70390319824219
2012-02-15,90.52999877929688,90.7699966430664,90.19999694824219,90.22000122070312,40.57349395751953
2012-02-16,90.22000122070312,90.62000274658203,89.98999786376953,90.5999984741211,40.744380950927734
2012-02-17,90.83999633789062,90.86000061035156,90.44999694824219,90.56999969482422,40.730899810791016
2012-02-21,90.68000030517578,91.08999633789062,90.6500015258789,90.91000366210938,40.88380813598633
2012-02-22,91.02999877929688,91.25,90.97000122070312,91.19999694824219,41.01419448852539
2012-02-23,91.26000213623047,91.73999786376953,91.19999694824219,91.52999877929688,41.16259765625
2012-02-24,91.55000305175781,91.8499984741211,91.4800033569336,91.80999755859375,41.288536071777344
2012-02-27,91.58999633789062,91.94999694824219,91.58999633789062,91.83000183105469,41.297542572021484
2012-02-28,91.9000015258789,92.12000274658203,91.8499984741211,92.01000213623047,41.378482818603516
2012-02-29,92.0999984741211,92.26000213623047,91.7699966430664,92.12999725341797,41.432456970214844
2012-03-01,91.6500015258789,91.83999633789062,91.5,91.75,41.50348663330078
2012-03-02,91.7300033569336,91.7300033569336,91.33999633789062,91.37000274658203,41.33158874511719
2012-03-05,91.44999694824219,91.4800033569336,90.8499984741211,90.86000061035156,41.100860595703125
2012-03-06,90.54000091552734,90.73999786376953,89.6500015258789,89.6500015258789,40.55352783203125
2012-03-07,89.93000030517578,90.01000213623047,89.63999938964844,89.9000015258789,40.66663360595703
2012-03-08,90.25,90.62000274658203,90.04000091552734,90.5999984741211,40.98326110839844
2012-03-09,90.69000244140625,90.94000244140625,90.62999725341797,90.69999694824219,41.028499603271484
2012-03-12,90.62000274658203,90.72000122070312,90.5,90.69999694824219,41.028499603271484
2012-03-13,90.9800033569336,91.36000061035156,90.76000213623047,91.36000061035156,41.327056884765625
2012-03-14,91.30999755859375,91.3499984741211,90.66999816894531,91.12999725341797,41.222999572753906
2012-03-15,91.19999694824219,91.19999694824219,90.73999786376953,90.81999969482422,41.08280563354492
2012-03-16,90.91000366210938,91.0,90.30000305175781,90.48999786376953,40.93350601196289
2012-03-19,90.48999786376953,90.86000061035156,90.33000183105469,90.83000183105469,41.08730697631836
2012-03-20,90.76000213623047,90.91999816894531,90.61000061035156,90.76000213623047,41.05564498901367
2012-03-21,90.93000030517578,90.93000030517578,90.44999694824219,90.47000122070312,40.92445755004883
2012-03-22,90.44999694824219,90.77999877929688,90.43000030517578,90.69000244140625,41.02401351928711
2012-03-23,90.66000366210938,90.75,90.4000015258789,90.5,40.93803024291992
2012-03-26,90.62000274658203,91.05999755859375,90.56999969482422,91.05000305175781,41.18684005737305
2012-03-27,91.01000213623047,91.30999755859375,90.94000244140625,91.20999908447266,41.25921630859375
2012-03-28,91.25,91.25,90.7699966430664,90.91000366210938,41.12350845336914
2012-03-29,90.81999969482422,90.94999694824219,90.5999984741211,90.9000015258789,41.11894607543945
2012-03-30,90.97000122070312,91.06999969482422,90.58999633789062,90.72000122070312,41.03754806518555
2012-04-02,90.36000061035156,90.47000122070312,90.19999694824219,90.33000183105469,41.10809326171875
2012-04-03,90.30999755859375,90.5199966430664,90.23999786376953,90.25,41.071693420410156
2012-04-04,89.97000122070312,90.0999984741211,89.79000091552734,89.91999816894531,40.9215087890625
2012-04-05,89.87000274658203,89.9000015258789,89.58999633789062,89.69999694824219,40.82136535644531
2012-04-09,89.52999877929688,89.56999969482422,89.13999938964844,89.23999786376953,40.61205291748047
2012-04-10,89.2699966430664,89.43000030517578,88.72000122070312,88.80000305175781,40.41182327270508
2012-04-11,89.23999786376953,89.38999938964844,89.06999969482422,89.33999633789062,40.657569885253906
2012-04-12,89.41999816894531,90.20999908447266,89.33999633789062,90.13999938964844,41.02164077758789
2012-04-13,90.11000061035156,90.19999694824219,89.79000091552734,89.8499984741211,40.88962173461914
2012-04-16,90.04000091552734,90.16999816894531,89.70999908447266,89.98999786376953,40.953338623046875
2012-04-17,90.26000213623047,90.48999786376953,90.1500015258789,90.37999725341797,41.130828857421875
2012-04-18,90.23999786376953,90.45999908447266,90.19000244140625,90.3499984741211,41.1171875
2012-04-19,90.31999969482422,90.48999786376953,90.08000183105469,90.18000030517578,41.03980255126953
2012-04-20,90.45999908447266,90.45999908447266,90.11000061035156,90.31999969482422,41.103538513183594
2012-04-23,90.0199966430664,90.16000366210938,89.8499984741211,90.12999725341797,41.01706314086914
2012-04-24,90.2300033569336,90.33999633789062,90.0999984741211,90.33999633789062,41.112632751464844
2012-04-25,90.56999969482422,91.0,90.45999908447266,91.0,41.4129638671875
2012-04-26,91.0,91.13999938964844,90.95999908447266,91.05999755859375,41.44026565551758
2012-04-27,91.13999938964844,91.1500015258789,90.9000015258789,91.0199966430664,41.422096252441406
2012-04-30,91.02999877929688,91.22000122070312,90.80000305175781,91.19999694824219,41.5040168762207
2012-05-01,90.8499984741211,91.16999816894531,90.7300033569336,90.76000213623047,41.53559112548828
2012-05-02,90.66000366210938,91.18000030517578,90.5999984741211,91.11000061035156,41.6957893371582
2012-05-03,91.19999694824219,91.25,90.94999694824219,91.05000305175781,41.6683235168457
2012-05-04,90.94000244140625,91.08000183105469,90.80000305175781,90.87000274658203,41.5859375
2012-05-07,90.83999633789062,91.23999786376953,90.61000061035156,91.0199966430664,41.654579162597656
2012-05-08,90.88999938964844,91.06999969482422,90.72000122070312,91.0,41.64542007446289
2012-05-09,90.7699966430664,90.86000061035156,90.44000244140625,90.68000030517578,41.49898910522461
2012-05-10,90.9800033569336,91.02999877929688,90.5199966430664,90.58000183105469,41.45320129394531
2012-05-11,90.54000091552734,91.1500015258789,90.4800033569336,90.80999755859375,41.55845260620117
2012-05-14,90.5,90.56999969482422,90.0,90.13999938964844,41.251861572265625
2012-05-15,90.0999984741211,90.18000030517578,89.69999694824219,89.69999694824219,41.05049514770508
2012-05-16,89.80999755859375,90.05000305175781,88.79000091552734,88.81999969482422,40.647769927978516
2012-05-17,88.81999969482422,88.83000183105469,87.37000274658203,87.58999633789062,40.08485412597656
2012-05-18,88.01000213623047,88.29000091552734,87.4800033569336,87.58999633789062,40.08485412597656
2012-05-21,87.69000244140625,88.55999755859375,87.68000030517578,88.5,40.501319885253906
2012-05-22,88.76000213623047,89.11000061035156,88.37999725341797,88.48999786376953,40.496734619140625
2012-05-23,88.29000091552734,88.68000030517578,87.94999694824219,88.4000015258789,40.455543518066406
2012-05-24,88.25,88.6500015258789,88.25,88.41999816894531,40.46470260620117
2012-05-25,88.56999969482422,88.63999938964844,88.08999633789062,88.13999938964844,40.33656311035156
2012-05-29,88.52999877929688,89.25,88.44999694824219,89.11000061035156,40.780479431152344
2012-05-30,88.7300033569336,88.80999755859375,88.52999877929688,88.70999908447266,40.597412109375
2012-05-31,88.80000305175781,88.80000305175781,87.75,87.7699966430664,40.167236328125
2012-06-01,86.58000183105469,87.16000366210938,86.36000061035156,86.47000122070312,39.81816101074219
2012-06-04,86.54000091552734,86.8499984741211,86.43000030517578,86.54000091552734,39.85042953491211
2012-06-05,86.54000091552734,87.37999725341797,86.44999694824219,87.08999633789062,40.10368347167969
2012-06-06,87.48999786376953,88.04000091552734,87.30999755859375,88.0199966430664,40.531951904296875
2012-06-07,88.5,88.73999786376953,88.04000091552734,88.3499984741211,40.683895111083984
2012-06-08,88.33000183105469,88.9000015258789,88.19000244140625,88.69000244140625,40.840484619140625
2012-06-11,88.9000015258789,88.98999786376953,88.0999984741211,88.11000061035156,40.573402404785156
2012-06-12,88.41000366210938,88.81999969482422,88.26000213623047,88.7300033569336,40.85888671875
2012-06-13,88.5999984741211,88.91999816894531,88.26000213623047,88.47000122070312,40.739158630371094
2012-06-14,88.48999786376953,89.23999786376953,88.43000030517578,89.12999725341797,41.0430793762207
2012-06-15,89.0,89.37999725341797,89.0,89.29000091552734,41.11677551269531
2012-06-18,89.08999633789062,89.33999633789062,89.0,89.31999969482422,41.130577087402344
2012-06-19,89.69000244140625,90.11000061035156,89.33999633789062,89.94999694824219,41.42066955566406
2012-06-20,90.18000030517578,90.33999633789062,89.81999969482422,90.30000305175781,41.58186340332031
2012-06-21,90.4000015258789,90.69999694824219,89.41999816894531,89.55999755859375,41.2410888671875
2012-06-22,89.87000274658203,90.27999877929688,89.8499984741211,90.16999816894531,41.522003173828125
2012-06-25,89.80999755859375,90.05000305175781,89.66999816894531,90.02999877929688,41.45751953125
2012-06-26,90.11000061035156,90.12000274658203,89.66000366210938,89.9000015258789,41.39763259887695
2012-06-27,90.05999755859375,90.45999908447266,90.05999755859375,90.44000244140625,41.64634704589844
2012-06-28,90.19000244140625,90.48999786376953,90.08000183105469,90.43000030517578,41.641727447509766
2012-06-29,90.9800033569336,91.29000091552734,90.77999877929688,91.29000091552734,42.03773498535156
2012-07-02,90.80000305175781,90.87000274658203,90.4000015258789,90.87000274658203,42.08311462402344
2012-07-03,90.94999694824219,91.26000213623047,90.83000183105469,91.19999694824219,42.235923767089844
2012-07-05,91.0,91.41000366210938,90.72000122070312,91.20999908447266,42.2406005859375
2012-07-06,90.73999786376953,91.12999725341797,90.69999694824219,91.08999633789062,42.18500518798828
2012-07-09,90.98999786376953,91.23999786376953,90.88999938964844,91.12000274658203,42.198890686035156
2012-07-10,91.19999694824219,91.33999633789062,90.5999984741211,90.72000122070312,42.013648986816406
2012-07-11,90.86000061035156,91.08000183105469,90.63999938964844,91.01000213623047,42.147979736328125
2012-07-12,90.93000030517578,90.95999908447266,90.45999908447266,90.80999755859375,42.05533981323242
2012-07-13,90.91000366210938,91.12999725341797,90.76000213623047,91.08999633789062,42.18500518798828
2012-07-16,90.69000244140625,91.02999877929688,90.66000366210938,90.73999786376953,42.022911071777344
2012-07-17,91.0,91.19000244140625,90.69000244140625,91.16999816894531,42.22206115722656
2012-07-18,91.12999725341797,91.55000305175781,91.08999633789062,91.55000305175781,42.39805603027344
2012-07-19,91.51000213623047,91.88999938964844,91.4800033569336,91.77999877929688,42.504539489746094
2012-07-20,91.51000213623047,91.61000061035156,91.2300033569336,91.3499984741211,42.30538558959961
2012-07-23,90.83999633789062,91.29000091552734,90.58000183105469,91.19999694824219,42.235923767089844
2012-07-24,91.12000274658203,91.16000366210938,90.56999969482422,90.63999938964844,41.97661209106445
2012-07-25,90.88999938964844,90.93000030517578,90.44000244140625,90.44999694824219,41.888607025146484
2012-07-26,90.88999938964844,91.41999816894531,90.83000183105469,91.37999725341797,42.31927490234375
2012-07-27,91.37000274658203,91.94000244140625,91.37000274658203,91.91999816894531,42.56937026977539
2012-07-30,91.9000015258789,91.94999694824219,91.6500015258789,91.91999816894531,42.56937026977539
2012-07-31,91.94999694824219,91.98999786376953,91.54000091552734,91.69999694824219,42.467491149902344
2012-08-01,91.41000366210938,91.69000244140625,91.1500015258789,91.69000244140625,42.698020935058594
2012-08-02,91.45999908447266,91.58999633789062,91.1500015258789,91.31999969482422,42.52573013305664
2012-08-03,91.5999984741211,91.9000015258789,91.56999969482422,91.69999694824219,42.70267105102539
2012-08-06,91.6500015258789,91.98999786376953,91.63999938964844,91.63999938964844,42.67473220825195
2012-08-07,91.81999969482422,91.9000015258789,91.36000061035156,91.45999908447266,42.59089279174805
2012-08-08,91.58000183105469,91.70999908447266,91.4800033569336,91.5199966430664,42.618839263916016
2012-08-09,91.62000274658203,91.66000366210938,91.37999725341797,91.52999877929688,42.62350845336914
2012-08-10,91.41999816894531,91.58000183105469,91.30999755859375,91.44999694824219,42.58625411987305
2012-08-13,91.41000366210938,91.5,91.25,91.5,42.60953903198242
2012-08-14,91.5,91.79000091552734,91.47000122070312,91.63999938964844,42.67473220825195
2012-08-15,91.7300033569336,91.7300033569336,91.19999694824219,91.19999694824219,42.46979904174805
2012-08-16,91.33999633789062,91.58000183105469,91.08000183105469,91.54000091552734,42.6281623840332
2012-08-17,91.48999786376953,91.6500015258789,91.38999938964844,91.54000091552734,42.6281623840332
2012-08-20,91.55999755859375,91.69999694824219,91.41000366210938,91.6500015258789,42.67938232421875
2012-08-21,91.7300033569336,91.86000061035156,91.69999694824219,91.8499984741211,42.77251434326172
2012-08-22,91.76000213623047,91.87000274658203,91.68000030517578,91.76000213623047,42.73060989379883
2012-08-23,91.7699966430664,91.8499984741211,91.61000061035156,91.73999786376953,42.72129821777344
2012-08-24,91.7699966430664,92.16000366210938,91.69000244140625,92.1500015258789,42.91223907470703
2012-08-27,92.12000274658203,92.22000122070312,91.91999816894531,92.08000183105469,42.879615783691406
2012-08-28,92.06999969482422,92.1500015258789,91.94999694824219,92.0,42.842384338378906
2012-08-29,92.12999725341797,92.16999816894531,92.0,92.12999725341797,42.90290451049805
2012-08-30,92.08000183105469,92.18000030517578,92.0,92.08999633789062,42.88429641723633
2012-08-31,92.25,92.4000015258789,92.08999633789062,92.33000183105469,42.996063232421875
2012-09-04,91.87000274658203,91.87000274658203,91.55999755859375,91.81999969482422,42.99512481689453
2012-09-05,91.91000366210938,91.91999816894531,91.76000213623047,91.83000183105469,42.99980163574219
2012-09-06,91.86000061035156,92.37999725341797,91.86000061035156,92.37000274658203,43.252681732177734
2012-09-07,92.5,92.5999984741211,92.37000274658203,92.52999877929688,43.32758712768555
2012-09-10,92.4800033569336,92.70999908447266,92.31999969482422,92.37999725341797,43.257320404052734
2012-09-11,92.43000030517578,93.01000213623047,92.43000030517578,93.01000213623047,43.55233383178711
2012-09-12,93.12999725341797,93.30999755859375,93.08000183105469,93.29000091552734,43.683433532714844
2012-09-13,93.33000183105469,93.91000366210938,93.26000213623047,93.88999938964844,43.96439743041992
2012-09-14,93.9000015258789,94.04000091552734,93.70999908447266,93.87999725341797,43.959720611572266
2012-09-17,93.77999877929688,93.9800033569336,93.69999694824219,93.80000305175781,43.92228698730469
2012-09-18,93.83000183105469,93.91999816894531,93.62000274658203,93.83999633789062,43.941001892089844
2012-09-19,93.94000244140625,93.94000244140625,93.72000122070312,93.72000122070312,43.88478469848633
2012-09-20,93.62999725341797,93.63999938964844,93.2699966430664,93.27999877929688,43.678768157958984
2012-09-21,93.47000122070312,93.47000122070312,93.02999877929688,93.1500015258789,43.617916107177734
2012-09-24,93.0199966430664,93.12000274658203,92.94000244140625,93.02999877929688,43.56167984008789
2012-09-25,93.05000305175781,93.0999984741211,92.12999725341797,92.19999694824219,43.17308044433594
2012-09-26,92.18000030517578,92.19999694824219,91.4800033569336,91.73999786376953,42.95764923095703
2012-09-27,92.18000030517578,92.73999786376953,92.0,92.73999786376953,43.42592239379883
2012-09-28,92.66000366210938,92.66999816894531,92.29000091552734,92.30000305175781,43.21988296508789
2012-10-01,92.2699966430664,92.2699966430664,91.5999984741211,91.66000366210938,43.146934509277344
2012-10-02,91.83999633789062,91.97000122070312,91.63999938964844,91.88999938964844,43.25518798828125
2012-10-03,91.97000122070312,92.3499984741211,91.91000366210938,92.12000274658203,43.363441467285156
2012-10-04,92.2300033569336,92.56999969482422,92.18000030517578,92.51000213623047,43.54703903198242
2012-10-05,92.77999877929688,92.79000091552734,92.27999877929688,92.45999908447266,43.52348709106445
2012-10-08,92.26000213623047,92.4000015258789,92.19000244140625,92.33000183105469,43.46232604980469
2012-10-09,92.51000213623047,92.51000213623047,92.05000305175781,92.06999969482422,43.33989715576172
2012-10-10,92.1500015258789,92.20999908447266,91.80000305175781,91.8499984741211,43.23634338378906
2012-10-11,92.19999694824219,92.37000274658203,92.12000274658203,92.3499984741211,43.471717834472656
2012-10-12,92.44000244140625,92.76000213623047,92.30999755859375,92.51000213623047,43.54703903198242
2012-10-15,92.76000213623047,92.97000122070312,92.58000183105469,92.93000030517578,43.74470138549805
2012-10-16,93.05999755859375,93.33000183105469,92.94000244140625,93.2699966430664,43.90480041503906
2012-10-17,93.4000015258789,93.55999755859375,93.30000305175781,93.4800033569336,44.00362777709961
2012-10-18,93.3499984741211,93.52999877929688,93.30000305175781,93.43000030517578,43.98008346557617
2012-10-19,93.37000274658203,93.41999816894531,92.87999725341797,92.95999908447266,43.75884246826172
2012-10-22,93.0,93.19000244140625,92.91999816894531,92.9800033569336,43.76829147338867
2012-10-23,92.69999694824219,92.80999755859375,92.5,92.62999725341797,43.603515625
2012-10-24,92.83999633789062,92.87000274658203,92.5,92.55000305175781,43.56587600708008
2012-10-25,92.91999816894531,92.95999908447266,92.5999984741211,92.69999694824219,43.63648223876953
2012-10-26,92.7300033569336,92.79000091552734,92.27999877929688,92.4800033569336,43.532928466796875
2012-10-31,92.4800033569336,92.66999816894531,92.44000244140625,92.58999633789062,43.58469009399414
2012-11-01,92.18000030517578,92.62999725341797,92.05999755859375,92.54000091552734,43.561161041259766
2012-11-02,92.66000366210938,92.75,92.38999938964844,92.41000366210938,43.499977111816406
2012-11-05,92.4000015258789,92.58999633789062,92.11000061035156,92.26000213623047,43.42935562133789
2012-11-06,92.43000030517578,92.5199966430664,92.2699966430664,92.4000015258789,43.49524688720703
2012-11-07,92.25,92.2699966430664,91.80000305175781,91.8499984741211,43.23634338378906
2012-11-08,91.95999908447266,92.16000366210938,91.5,91.55000305175781,43.09514617919922
2012-11-09,91.27999877929688,91.68000030517578,91.25,91.38999938964844,43.019805908203125
2012-11-12,91.48999786376953,91.56999969482422,91.31999969482422,91.41999816894531,43.033931732177734
2012-11-13,91.27999877929688,91.37999725341797,91.06999969482422,91.20999908447266,42.935062408447266
2012-11-14,91.45999908447266,91.5,90.63999938964844,90.70999908447266,42.69973373413086
2012-11-15,90.55000305175781,90.91999816894531,90.08999633789062,90.66999816894531,42.680904388427734
2012-11-16,90.76000213623047,91.0,90.52999877929688,90.93000030517578,42.80326843261719
2012-11-19,91.2300033569336,92.12000274658203,91.20999908447266,92.08000183105469,43.344608306884766
2012-11-20,92.08000183105469,92.18000030517578,91.83999633789062,92.08999633789062,43.34931564331055
2012-11-21,92.0,92.2300033569336,91.97000122070312,92.05999755859375,43.3351936340332
2012-11-23,92.25,92.44000244140625,92.11000061035156,92.37000274658203,43.48115158081055
2012-11-26,92.30999755859375,92.38999938964844,92.01000213623047,92.38999938964844,43.49055480957031
2012-11-27,92.26000213623047,92.56999969482422,92.26000213623047,92.4800033569336,43.532928466796875
2012-11-28,92.41000366210938,92.73999786376953,92.23999786376953,92.5,43.54233932495117
2012-11-29,92.7300033569336,92.94999694824219,92.5999984741211,92.91000366210938,43.73530197143555
2012-11-30,92.9000015258789,93.1500015258789,92.87000274658203,93.05000305175781,43.80121994018555
2012-12-03,92.86000061035156,93.02999877929688,92.66000366210938,93.02999877929688,44.023136138916016
2012-12-04,92.98999786376953,93.16999816894531,92.8499984741211,93.02999877929688,44.023136138916016
2012-12-05,93.2699966430664,93.29000091552734,92.8499984741211,93.18000030517578,44.094154357910156
2012-12-06,93.1500015258789,93.38999938964844,93.1500015258789,93.3499984741211,44.17460250854492
2012-12-07,93.44999694824219,93.5,93.16000366210938,93.20999908447266,44.108367919921875
2012-12-10,93.5,93.5,93.16999816894531,93.29000091552734,44.146183013916016
2012-12-11,93.52999877929688,93.70999908447266,93.3499984741211,93.37999725341797,44.18879318237305
2012-12-12,93.55000305175781,93.80000305175781,93.44000244140625,93.66000366210938,44.321285247802734
2012-12-13,93.5999984741211,93.80000305175781,93.30000305175781,93.33000183105469,44.16511154174805
2012-12-14,93.36000061035156,93.5,93.26000213623047,93.26000213623047,44.13199996948242
2012-12-17,93.31999969482422,93.69999694824219,93.31999969482422,93.62000274658203,44.302364349365234
2012-12-18,93.7699966430664,93.80999755859375,93.58000183105469,93.66999816894531,44.32598876953125
2012-12-19,93.73999786376953,93.73999786376953,93.56999969482422,93.56999969482422,44.278690338134766
2012-12-20,93.5999984741211,93.91000366210938,93.58999633789062,93.9000015258789,44.43484115600586
2012-12-21,93.44000244140625,93.68000030517578,93.44000244140625,93.62999725341797,44.30710220336914
2012-12-24,93.43000030517578,93.55000305175781,93.19000244140625,93.29000091552734,44.146183013916016
2012-12-26,93.0,93.13999938964844,92.79000091552734,93.01000213623047,44.253257751464844
2012-12-27,93.05000305175781,93.19999694824219,92.88999938964844,93.19999694824219,44.343650817871094
2012-12-28,93.01000213623047,93.23999786376953,92.86000061035156,92.94999694824219,44.22470474243164
2012-12-31,92.97000122070312,93.4000015258789,92.93000030517578,93.3499984741211,44.41503143310547
2013-01-02,94.06999969482422,94.2300033569336,93.80000305175781,94.2300033569336,44.83367919921875
2013-01-03,94.08000183105469,94.29000091552734,93.87999725341797,93.94000244140625,44.69572830200195
2013-01-04,93.9800033569336,94.08000183105469,93.83000183105469,94.0,44.72427749633789
2013-01-07,94.0199966430664,94.08999633789062,93.83000183105469,94.08000183105469,44.762332916259766
2013-01-08,94.0999984741211,94.12000274658203,93.93000030517578,94.01000213623047,44.72904968261719
2013-01-09,94.23999786376953,94.23999786376953,94.01000213623047,94.19000244140625,44.814674377441406
2013-01-10,94.33000183105469,94.37999725341797,94.19999694824219,94.3499984741211,44.890811920166016
2013-01-11,94.30000305175781,94.5199966430664,94.20999908447266,94.5199966430664,44.97167205810547
2013-01-14,94.44999694824219,94.47000122070312,94.22000122070312,94.38999938964844,44.90981674194336
2013-01-15,94.22000122070312,94.41999816894531,94.16999816894531,94.41000366210938,44.91936111450195
2013-01-16,94.27999877929688,94.4000015258789,94.16999816894531,94.25,44.843231201171875
2013-01-17,94.41999816894531,94.61000061035156,94.30999755859375,94.58999633789062,45.0049934387207
2013-01-18,94.54000091552734,94.72000122070312,94.4800033569336,94.72000122070312,45.06683349609375
2013-01-22,94.6500015258789,94.87000274658203,94.54000091552734,94.77999877929688,45.09538650512695
2013-01-23,94.70999908447266,94.79000091552734,94.6500015258789,94.66999816894531,45.04304885864258
2013-01-24,94.7699966430664,94.93000030517578,94.69000244140625,94.87999725341797,45.14297103881836
2013-01-25,94.97000122070312,94.97000122070312,94.77999877929688,94.8499984741211,45.12872314453125
2013-01-28,94.7699966430664,94.83999633789062,94.69000244140625,94.80000305175781,45.10491180419922
2013-01-29,94.70999908447266,94.75,94.54000091552734,94.63999938964844,45.0287971496582
2013-01-30,94.44999694824219,94.51000213623047,93.88999938964844,93.95999908447266,44.705238342285156
2013-01-31,93.93000030517578,94.11000061035156,93.62000274658203,93.66999816894531,44.5672492980957
2013-02-01,93.54000091552734,93.76000213623047,93.45999908447266,93.4800033569336,44.71507263183594
2013-02-04,93.29000091552734,93.4000015258789,93.01000213623047,93.08999633789062,44.52852249145508
2013-02-05,93.23999786376953,93.4000015258789,93.19999694824219,93.30000305175781,44.628990173339844
2013-02-06,93.16000366210938,93.29000091552734,93.05999755859375,93.16000366210938,44.562015533447266
2013-02-07,93.11000061035156,93.12999725341797,92.80999755859375,92.9800033569336,44.47591781616211
2013-02-08,92.91999816894531,93.0999984741211,92.91000366210938,93.0,44.48546600341797
2013-02-11,92.88999938964844,93.08000183105469,92.86000061035156,92.98999786376953,44.48067092895508
2013-02-12,92.91999816894531,93.36000061035156,92.91000366210938,93.30999755859375,44.633792877197266
2013-02-13,93.41999816894531,93.4800033569336,93.16999816894531,93.44999694824219,44.70073699951172
2013-02-14,93.25,93.55000305175781,93.25,93.41000366210938,44.681602478027344
2013-02-15,93.45999908447266,93.66000366210938,93.26000213623047,93.41999816894531,44.68638229370117
2013-02-19,93.5,93.58999633789062,93.41000366210938,93.51000213623047,44.72941589355469
2013-02-20,93.58000183105469,93.72000122070312,93.4000015258789,93.41999816894531,44.68638229370117
2013-02-21,93.41999816894531,93.58999633789062,93.30000305175781,93.5199966430664,44.73418045043945
2013-02-22,93.62999725341797,93.75,93.51000213623047,93.75,44.84421920776367
2013-02-25,93.77999877929688,93.93000030517578,93.44999694824219,93.45999908447266,44.705528259277344
2013-02-26,93.63999938964844,93.91999816894531,93.47000122070312,93.91999816894531,44.92552947998047
2013-02-27,93.8499984741211,94.1500015258789,93.75,94.08000183105469,45.00205993652344
2013-02-28,94.06999969482422,94.12999725341797,93.94000244140625,94.04000091552734,44.982948303222656
2013-03-01,93.48999786376953,93.98999786376953,93.4800033569336,93.72000122070312,45.0723762512207
2013-03-04,93.6500015258789,93.80000305175781,93.61000061035156,93.7300033569336,45.07722854614258
2013-03-05,93.79000091552734,94.0199966430664,93.79000091552734,93.91999816894531,45.16857147216797
2013-03-06,94.02999877929688,94.05999755859375,93.83999633789062,93.86000061035156,45.139739990234375
2013-03-07,93.94999694824219,94.0,93.9000015258789,94.0,45.207069396972656
2013-03-08,94.16999816894531,94.19000244140625,93.91999816894531,94.11000061035156,45.25996780395508
2013-03-11,94.08000183105469,94.1500015258789,94.0,94.05000305175781,45.23112106323242
2013-03-12,93.98999786376953,94.0999984741211,93.95999908447266,94.01000213623047,45.21186447143555
2013-03-13,94.0999984741211,94.16999816894531,93.94999694824219,94.02999877929688,45.221492767333984
2013-03-14,94.16999816894531,94.38999938964844,94.06999969482422,94.38999938964844,45.39460372924805
2013-03-15,94.25,94.4000015258789,94.19999694824219,94.37999725341797,45.38982009887695
2013-03-18,94.0,94.45999908447266,94.0,94.4000015258789,45.399436950683594
2013-03-19,94.44999694824219,94.52999877929688,94.20999908447266,94.23999786376953,45.32248306274414
2013-03-20,94.33000183105469,94.5999984741211,94.31999969482422,94.55000305175781,45.47157287597656
2013-03-21,94.37000274658203,94.55999755859375,94.22000122070312,94.37999725341797,45.38982009887695
2013-03-22,94.37999725341797,94.45999908447266,94.25,94.30999755859375,45.35618209838867
2013-03-25,94.30000305175781,94.44000244140625,94.1500015258789,94.16999816894531,45.288818359375
2013-03-26,94.38999938964844,94.4000015258789,94.25,94.33999633789062,45.37055969238281
2013-03-27,94.19000244140625,94.29000091552734,94.16999816894531,94.18000030517578,45.293636322021484
2013-03-28,94.23999786376953,94.37999725341797,94.16000366210938,94.3499984741211,45.375389099121094
2013-04-01,93.83000183105469,94.08999633789062,93.6500015258789,94.02999877929688,45.456600189208984
2013-04-02,93.94999694824219,94.18000030517578,93.91999816894531,93.95999908447266,45.422760009765625
2013-04-03,93.98999786376953,94.05000305175781,93.77999877929688,93.95999908447266,45.422760009765625
2013-04-04,93.91999816894531,94.1500015258789,93.87000274658203,93.93000030517578,45.40827941894531
2013-04-05,93.7699966430664,94.0199966430664,93.68000030517578,94.0199966430664,45.45176315307617
2013-04-08,94.06999969482422,94.1500015258789,93.94999694824219,94.12000274658203,45.500118255615234
2013-04-09,94.19999694824219,94.41999816894531,94.12000274658203,94.41999816894531,45.645118713378906
2013-04-10,94.3499984741211,94.76000213623047,94.3499984741211,94.72000122070312,45.7901725769043
2013-04-11,94.75,94.79000091552734,94.63999938964844,94.72000122070312,45.7901725769043
2013-04-12,94.63999938964844,94.80999755859375,94.55000305175781,94.75,45.80466842651367
2013-04-15,94.75,94.75,94.12999725341797,94.1500015258789,45.51463317871094
2013-04-16,94.41000366210938,94.80999755859375,94.31999969482422,94.80000305175781,45.82884216308594
2013-04-17,94.61000061035156,94.66999816894531,94.4000015258789,94.6500015258789,45.75632095336914
2013-04-18,94.61000061035156,94.66999816894531,94.45999908447266,94.5,45.68383026123047
2013-04-19,94.5999984741211,94.66000366210938,94.43000030517578,94.44999694824219,45.65964126586914
2013-04-22,94.69000244140625,94.88999938964844,94.52999877929688,94.66999816894531,45.765987396240234
2013-04-23,94.7699966430664,95.05000305175781,94.7699966430664,95.04000091552734,45.94485092163086
2013-04-24,95.08999633789062,95.26000213623047,95.01000213623047,95.20999908447266,46.027034759521484
2013-04-25,95.22000122070312,95.5199966430664,95.13999938964844,95.47000122070312,46.152732849121094
2013-04-26,95.45999908447266,95.4800033569336,95.33000183105469,95.37000274658203,46.104393005371094
2013-04-29,95.38999938964844,95.58999633789062,95.37999725341797,95.55000305175781,46.191402435302734
2013-04-30,95.62999725341797,95.8499984741211,95.55000305175781,95.8499984741211,46.3364372253418
2013-05-01,95.33999633789062,95.55999755859375,95.18000030517578,95.19999694824219,46.24803161621094
2013-05-02,95.5,95.83000183105469,95.37000274658203,95.80999755859375,46.54436111450195
2013-05-03,95.97000122070312,96.12999725341797,95.86000061035156,95.95999908447266,46.61722183227539
2013-05-06,95.91999816894531,96.05999755859375,95.87999725341797,96.0199966430664,46.6463623046875
2013-05-07,96.12000274658203,96.1500015258789,95.91999816894531,95.94999694824219,46.61235809326172
2013-05-08,96.0199966430664,96.30000305175781,96.0199966430664,96.29000091552734,46.777523040771484
2013-05-09,96.19999694824219,96.29000091552734,96.0,96.01000213623047,46.641544342041016
2013-05-10,96.05000305175781,96.05000305175781,95.45999908447266,95.51000213623047,46.398624420166016
2013-05-13,95.41000366210938,95.5,95.11000061035156,95.12000274658203,46.209171295166016
2013-05-14,95.19999694824219,95.45999908447266,95.11000061035156,95.22000122070312,46.25775146484375
2013-05-15,95.22000122070312,95.33999633789062,95.08999633789062,95.2300033569336,46.26259994506836
2013-05-16,95.29000091552734,95.63999938964844,95.18000030517578,95.45999908447266,46.37432098388672
2013-05-17,95.5999984741211,95.62999725341797,95.33999633789062,95.45999908447266,46.37432098388672
2013-05-20,95.45999908447266,95.63999938964844,95.36000061035156,95.55999755859375,46.42291259765625
2013-05-21,95.55999755859375,95.77999877929688,95.54000091552734,95.73999786376953,46.510318756103516
2013-05-22,95.72000122070312,95.87999725341797,95.0999984741211,95.1500015258789,46.223716735839844
2013-05-23,95.0,95.0199966430664,94.69000244140625,94.88999938964844,46.09742736816406
2013-05-24,94.75,94.79000091552734,94.66999816894531,94.70999908447266,46.009979248046875
2013-05-28,95.02999877929688,95.02999877929688,94.30999755859375,94.36000061035156,45.83998107910156
2013-05-29,94.04000091552734,94.26000213623047,93.55000305175781,93.9800033569336,45.65534973144531
2013-05-30,94.0,94.36000061035156,93.69000244140625,94.16999816894531,45.74765396118164
2013-05-31,93.97000122070312,94.11000061035156,92.9000015258789,92.91999816894531,45.140384674072266
2013-06-03,92.37999725341797,92.5199966430664,91.80000305175781,92.36000061035156,45.10084533691406
2013-06-04,92.5,93.05000305175781,92.19000244140625,92.36000061035156,45.10084533691406
2013-06-05,92.19000244140625,92.23999786376953,91.44000244140625,91.55999755859375,44.710174560546875
2013-06-06,91.4000015258789,92.58999633789062,91.31999969482422,92.27999877929688,45.061798095703125
2013-06-07,92.44000244140625,92.97000122070312,92.19999694824219,92.33999633789062,45.09110641479492
2013-06-10,92.33999633789062,92.58999633789062,92.08000183105469,92.1500015258789,44.9983024597168
2013-06-11,91.58000183105469,92.23999786376953,91.29000091552734,91.58000183105469,44.719947814941406
2013-06-12,91.93000030517578,92.12000274658203,91.62999725341797,91.6500015258789,44.75410461425781
2013-06-13,91.6500015258789,92.81999969482422,91.6500015258789,92.69999694824219,45.266849517822266
2013-06-14,92.77999877929688,92.94000244140625,92.55000305175781,92.80999755859375,45.32057571411133
2013-06-17,92.93000030517578,93.44999694824219,92.80000305175781,92.80000305175781,45.315731048583984
2013-06-18,92.76000213623047,93.11000061035156,92.76000213623047,93.02999877929688,45.42806625366211
2013-06-19,92.94999694824219,93.2699966430664,91.62000274658203,91.63999938964844,44.74925994873047
2013-06-20,91.08999633789062,91.58000183105469,90.27999877929688,90.73999786376953,44.309791564941406
2013-06-21,91.01000213623047,91.11000061035156,90.12000274658203,90.1500015258789,44.02165603637695
2013-06-24,89.44999694824219,90.0,88.2699966430664,89.04000091552734,43.47966003417969
2013-06-25,89.5,90.30999755859375,89.5,90.30999755859375,44.09980773925781
2013-06-26,90.69999694824219,91.18000030517578,90.56999969482422,91.05999755859375,44.46601867675781
2013-06-27,91.4000015258789,91.94000244140625,91.4000015258789,91.5,44.68091583251953
2013-06-28,91.30000305175781,91.31999969482422,90.47000122070312,90.87999725341797,44.37813186645508
2013-07-01,90.56999969482422,90.98999786376953,90.5,90.88999938964844,44.61870193481445
2013-07-02,90.79000091552734,91.05000305175781,90.3499984741211,90.61000061035156,44.481224060058594
2013-07-03,90.29000091552734,90.86000061035156,90.27999877929688,90.81999969482422,44.58430862426758
2013-07-05,90.38999938964844,90.44000244140625,89.62999725341797,89.8499984741211,44.108158111572266
2013-07-08,90.08999633789062,91.08999633789062,90.0,91.08999633789062,44.716880798339844
2013-07-09,91.0999984741211,91.19000244140625,90.87000274658203,91.13999938964844,44.74141311645508
2013-07-10,91.18000030517578,91.54000091552734,91.08000183105469,91.5,44.91814422607422
2013-07-11,92.18000030517578,92.66999816894531,92.0,92.6500015258789,45.48268508911133
2013-07-12,92.41000366210938,92.66999816894531,92.25,92.55999755859375,45.438480377197266
2013-07-15,92.66999816894531,93.08999633789062,92.55999755859375,92.94999694824219,45.62995529174805
2013-07-16,93.08999633789062,93.08999633789062,92.47000122070312,92.72000122070312,45.51704025268555
2013-07-17,93.02999877929688,93.5199966430664,93.0,93.4000015258789,45.85087203979492
2013-07-18,93.5,94.0,93.44000244140625,93.95999908447266,46.12575912475586
2013-07-19,93.94999694824219,93.97000122070312,93.7699966430664,93.9000015258789,46.09634017944336
2013-07-22,93.93000030517578,94.01000213623047,93.75,93.97000122070312,46.130672454833984
2013-07-23,93.88999938964844,93.9800033569336,93.66999816894531,93.73999786376953,46.01778793334961
2013-07-24,93.54000091552734,93.63999938964844,92.66000366210938,92.94999694824219,45.62995529174805
2013-07-25,92.51000213623047,92.87999725341797,92.44000244140625,92.73999786376953,45.52687454223633
2013-07-26,92.4800033569336,92.77999877929688,92.38999938964844,92.77999877929688,45.546512603759766
2013-07-29,92.5999984741211,92.7300033569336,92.41999816894531,92.58000183105469,45.44834518432617
2013-07-30,92.5199966430664,92.87000274658203,92.5199966430664,92.70999908447266,45.51213073730469
2013-07-31,92.48999786376953,93.01000213623047,92.27999877929688,92.9800033569336,45.64470672607422
2013-08-01,92.41999816894531,92.58999633789062,91.61000061035156,91.6500015258789,45.2120475769043
2013-08-02,91.95999908447266,92.26000213623047,91.80999755859375,92.20999908447266,45.488311767578125
2013-08-05,92.18000030517578,92.18000030517578,91.69999694824219,91.73999786376953,45.25645446777344
2013-08-06,91.93000030517578,91.93000030517578,91.36000061035156,91.6500015258789,45.2120475769043
2013-08-07,91.44999694824219,91.54000091552734,91.29000091552734,91.36000061035156,45.069007873535156
2013-08-08,91.41999816894531,91.58999633789062,91.37999725341797,91.55999755859375,45.16765594482422
2013-08-09,91.43000030517578,91.66999816894531,91.12000274658203,91.56999969482422,45.172569274902344
2013-08-12,91.44000244140625,91.72000122070312,91.41999816894531,91.48999786376953,45.13312530517578
2013-08-13,91.4800033569336,91.56999969482422,91.30000305175781,91.48999786376953,45.13312530517578
2013-08-14,91.43000030517578,91.48999786376953,91.26000213623047,91.30999755859375,45.04434585571289
2013-08-15,91.0,91.08999633789062,90.75,90.83999633789062,44.812477111816406
2013-08-16,90.97000122070312,91.0999984741211,90.41999816894531,90.52999877929688,44.65953826904297
2013-08-19,90.56999969482422,90.62999725341797,89.80000305175781,89.93000030517578,44.363582611083984
2013-08-20,90.30000305175781,90.86000061035156,90.27999877929688,90.76000213623047,44.772987365722656
2013-08-21,90.66999816894531,90.77999877929688,90.37000274658203,90.43000030517578,44.61021041870117
2013-08-22,90.56999969482422,90.91999816894531,90.48999786376953,90.91999816894531,44.851905822753906
2013-08-23,90.9000015258789,91.36000061035156,90.8499984741211,91.30000305175781,45.03937911987305
2013-08-26,91.31999969482422,91.38999938964844,91.12999725341797,91.30999755859375,45.04434585571289
2013-08-27,91.05000305175781,91.12999725341797,90.70999908447266,90.72000122070312,44.753257751464844
2013-08-28,90.76000213623047,91.08999633789062,90.66000366210938,91.05999755859375,44.92097473144531
2013-08-29,90.91000366210938,91.5,90.81999969482422,91.43000030517578,45.103515625
2013-08-30,91.47000122070312,91.58999633789062,91.19000244140625,91.3499984741211,45.06406784057617
2013-09-03,90.94000244140625,91.18000030517578,90.30999755859375,90.38999938964844,44.82600021362305
2013-09-04,90.52999877929688,90.83999633789062,90.51000213623047,90.7300033569336,44.994651794433594
2013-09-05,90.56999969482422,90.6500015258789,90.2699966430664,90.2699966430664,44.76652145385742
2013-09-06,90.79000091552734,91.0999984741211,90.41999816894531,90.56999969482422,44.9152717590332
2013-09-09,90.7300033569336,91.0,90.70999908447266,90.80000305175781,45.02934646606445
2013-09-10,90.87999725341797,91.12999725341797,90.87000274658203,91.12000274658203,45.18801498413086
2013-09-11,90.98999786376953,91.26000213623047,90.9000015258789,91.23999786376953,45.24753952026367
2013-09-12,91.19000244140625,91.30999755859375,91.0999984741211,91.12999725341797,45.1929931640625
2013-09-13,91.23999786376953,91.31999969482422,90.9800033569336,91.05999755859375,45.158260345458984
2013-09-16,91.70999908447266,91.80999755859375,91.44999694824219,91.55999755859375,45.40629577636719
2013-09-17,91.66999816894531,91.9800033569336,91.61000061035156,91.86000061035156,45.555023193359375
2013-09-18,91.83999633789062,92.87999725341797,91.70999908447266,92.73999786376953,45.99143981933594
2013-09-19,92.98999786376953,92.98999786376953,92.4000015258789,92.47000122070312,45.85753631591797
2013-09-20,92.44000244140625,92.48999786376953,92.27999877929688,92.36000061035156,45.80297088623047
2013-09-23,92.3499984741211,92.45999908447266,92.22000122070312,92.3499984741211,45.797996520996094
2013-09-24,92.2699966430664,92.41000366210938,92.05999755859375,92.1500015258789,45.6988410949707
2013-09-25,92.13999938964844,92.26000213623047,91.94999694824219,91.98999786376953,45.61947250366211
2013-09-26,92.11000061035156,92.12999725341797,91.7699966430664,91.94000244140625,45.594696044921875
2013-09-27,91.87000274658203,91.94000244140625,91.61000061035156,91.83999633789062,45.545082092285156
2013-09-30,91.58999633789062,91.94999694824219,91.5,91.58000183105469,45.41614532470703
2013-10-01,91.16000366210938,91.55000305175781,91.05999755859375,91.52999877929688,45.61299514770508
2013-10-02,91.45999908447266,91.56999969482422,91.25,91.56999969482422,45.6329460144043
2013-10-03,91.6500015258789,91.69000244140625,91.43000030517578,91.62999725341797,45.66282653808594
2013-10-04,91.5999984741211,91.87000274658203,91.54000091552734,91.79000091552734,45.7425651550293
2013-10-07,91.45999908447266,91.76000213623047,91.45999908447266,91.55000305175781,45.62295150756836
2013-10-08,91.75,91.86000061035156,91.48999786376953,91.51000213623047,45.6030158996582
2013-10-09,91.77999877929688,91.77999877929688,91.51000213623047,91.58999633789062,45.64289093017578
2013-10-10,91.81999969482422,92.0999984741211,91.81999969482422,92.01000213623047,45.85221862792969
2013-10-11,92.16000366210938,92.23999786376953,92.01000213623047,92.18000030517578,45.93692398071289
2013-10-14,92.0,92.41000366210938,92.0,92.31999969482422,46.00669479370117
2013-10-15,92.4000015258789,92.4000015258789,92.05000305175781,92.29000091552734,45.99170684814453
2013-10-16,92.33000183105469,92.79000091552734,92.31999969482422,92.77999877929688,46.23591995239258
2013-10-17,92.75,93.25,92.7300033569336,93.2300033569336,46.46017074584961
2013-10-18,93.27999877929688,93.5,93.25,93.41999816894531,46.55485916137695
2013-10-21,93.44999694824219,93.45999908447266,93.20999908447266,93.20999908447266,46.45022964477539
2013-10-22,93.37999725341797,93.61000061035156,93.36000061035156,93.48999786376953,46.58974075317383
2013-10-23,93.56999969482422,93.58999633789062,93.31999969482422,93.56999969482422,46.629600524902344
2013-10-24,93.5999984741211,93.69000244140625,93.45999908447266,93.5999984741211,46.64458465576172
2013-10-25,93.63999938964844,93.69999694824219,93.55000305175781,93.62999725341797,46.65950393676758
2013-10-28,93.6500015258789,93.69999694824219,93.58000183105469,93.61000061035156,46.649559020996094
2013-10-29,93.58999633789062,93.79000091552734,93.56999969482422,93.76000213623047,46.724300384521484
2013-10-30,93.76000213623047,93.83000183105469,93.30999755859375,93.37999725341797,46.53493881225586
2013-10-31,93.44000244140625,93.54000091552734,93.22000122070312,93.43000030517578,46.55986404418945
2013-11-01,93.0,93.26000213623047,92.80000305175781,92.81999969482422,46.47972869873047
2013-11-04,93.08000183105469,93.08000183105469,92.93000030517578,92.9800033569336,46.55986404418945
2013-11-05,92.91999816894531,92.91999816894531,92.7300033569336,92.7300033569336,46.434661865234375
2013-11-06,92.88999938964844,93.01000213623047,92.81999969482422,93.0,46.569847106933594
2013-11-07,93.0999984741211,93.13999938964844,92.91999816894531,93.05999755859375,46.59991455078125
2013-11-08,92.69000244140625,92.95999908447266,92.66000366210938,92.9000015258789,46.51982116699219
2013-11-11,92.94000244140625,92.94000244140625,92.52999877929688,92.55000305175781,46.34454345703125
2013-11-12,92.55999755859375,92.58999633789062,92.37000274658203,92.41999816894531,46.27942657470703
2013-11-13,92.37000274658203,92.77999877929688,92.31999969482422,92.7699966430664,46.4547119140625
2013-11-14,92.75,93.05000305175781,92.6500015258789,93.04000091552734,46.589900970458984
2013-11-15,93.05999755859375,93.18000030517578,92.95999908447266,93.18000030517578,46.65999221801758
2013-11-18,93.2300033569336,93.25,92.83000183105469,92.91000366210938,46.524810791015625
2013-11-19,92.87999725341797,93.01000213623047,92.79000091552734,92.87000274658203,46.5047607421875
2013-11-20,92.83000183105469,93.06999969482422,92.66999816894531,92.77999877929688,46.45970153808594
2013-11-21,92.83000183105469,93.0999984741211,92.76000213623047,93.0999984741211,46.61994934082031
2013-11-22,93.05999755859375,93.19999694824219,92.98999786376953,93.16999816894531,46.65498733520508
2013-11-25,93.19999694824219,93.33999633789062,93.05999755859375,93.30999755859375,46.72508239746094
2013-11-26,93.22000122070312,93.43000030517578,93.1500015258789,93.37999725341797,46.76015853881836
2013-11-27,93.63999938964844,93.63999938964844,93.30000305175781,93.31999969482422,46.7301025390625
2013-11-29,93.33000183105469,93.44999694824219,93.30999755859375,93.41999816894531,46.78017044067383
2013-12-02,92.88999938964844,93.02999877929688,92.8499984741211,93.0,46.795257568359375
2013-12-03,92.86000061035156,93.0,92.76000213623047,92.91000366210938,46.750003814697266
2013-12-04,92.75,92.87000274658203,92.54000091552734,92.66999816894531,46.629234313964844
2013-12-05,92.66999816894531,92.76000213623047,92.54000091552734,92.5999984741211,46.59400939941406
2013-12-06,92.83000183105469,92.9800033569336,92.6500015258789,92.86000061035156,46.72480773925781
2013-12-09,93.05000305175781,93.25,92.9000015258789,93.19999694824219,46.895912170410156
2013-12-10,93.19999694824219,93.23999786376953,93.08999633789062,93.19999694824219,46.895912170410156
2013-12-11,93.19999694824219,93.19999694824219,92.79000091552734,92.91999816894531,46.75503158569336
2013-12-12,92.93000030517578,93.01000213623047,92.75,92.75,46.66946792602539
2013-12-13,92.86000061035156,92.97000122070312,92.79000091552734,92.9000015258789,46.744991302490234
2013-12-16,92.87000274658203,93.04000091552734,92.87000274658203,92.9800033569336,46.78522491455078
2013-12-17,93.08000183105469,93.08000183105469,92.87999725341797,92.98999786376953,46.79023361206055
2013-12-18,93.0,93.27999877929688,92.75,93.1500015258789,46.870731353759766
2013-12-19,93.0,93.08999633789062,92.91000366210938,93.05000305175781,46.82044219970703
2013-12-20,93.05000305175781,93.11000061035156,92.93000030517578,93.11000061035156,46.850608825683594
2013-12-23,93.08999633789062,93.33000183105469,93.01000213623047,93.18000030517578,46.88583755493164
2013-12-24,93.0999984741211,93.20999908447266,93.0999984741211,93.12999725341797,46.860713958740234
2013-12-26,92.61000061035156,92.7699966430664,92.61000061035156,92.75,46.90468215942383
2013-12-27,92.77999877929688,92.77999877929688,92.6500015258789,92.73999786376953,46.899620056152344
2013-12-30,92.7699966430664,92.87000274658203,92.66999816894531,92.81999969482422,46.9400520324707
2013-12-31,92.8499984741211,92.95999908447266,92.7699966430664,92.87999725341797,46.97038269042969
2014-01-02,92.86000061035156,93.05000305175781,92.70999908447266,93.04000091552734,47.05134963989258
2014-01-03,92.98999786376953,93.11000061035156,92.94000244140625,93.01000213623047,47.036163330078125
2014-01-06,93.1500015258789,93.2300033569336,93.05999755859375,93.20999908447266,47.13728713989258
2014-01-07,93.2300033569336,93.30999755859375,93.16000366210938,93.20999908447266,47.13728713989258
2014-01-08,93.20999908447266,93.29000091552734,93.12000274658203,93.1500015258789,47.106956481933594
2014-01-09,93.25,93.30000305175781,93.19000244140625,93.29000091552734,47.17777633666992
2014-01-10,93.41000366210938,93.56999969482422,93.3499984741211,93.56999969482422,47.319366455078125
2014-01-13,93.55000305175781,93.61000061035156,93.41000366210938,93.47000122070312,47.26877975463867
2014-01-14,93.4800033569336,93.68000030517578,93.4800033569336,93.61000061035156,47.3395881652832
2014-01-15,93.69999694824219,93.80000305175781,93.61000061035156,93.80000305175781,47.43569564819336
2014-01-16,93.79000091552734,93.83000183105469,93.7300033569336,93.76000213623047,47.415435791015625
2014-01-17,93.83000183105469,93.88999938964844,93.72000122070312,93.77999877929688,47.42555618286133
2014-01-21,93.9000015258789,93.94999694824219,93.81999969482422,93.9000015258789,47.486244201660156
2014-01-22,93.93000030517578,93.94000244140625,93.7300033569336,93.76000213623047,47.415435791015625
2014-01-23,93.77999877929688,93.80999755859375,93.58000183105469,93.63999938964844,47.354766845703125
2014-01-24,93.45999908447266,93.47000122070312,92.98999786376953,93.0199966430664,47.04119110107422
2014-01-27,93.1500015258789,93.22000122070312,92.94999694824219,92.98999786376953,47.026058197021484
2014-01-28,93.11000061035156,93.4800033569336,93.04000091552734,93.4000015258789,47.2334098815918
2014-01-29,93.25,93.26000213623047,93.0999984741211,93.12000274658203,47.091793060302734
2014-01-30,93.30000305175781,93.43000030517578,93.20999908447266,93.27999877929688,47.172733306884766
2014-01-31,93.12999725341797,93.37000274658203,93.12000274658203,93.25,47.15755844116211
2014-02-03,93.0199966430664,93.0199966430664,92.30000305175781,92.51000213623047,47.0162353515625
2014-02-04,92.75,92.80000305175781,92.58000183105469,92.62000274658203,47.07215118408203
2014-02-05,92.62000274658203,92.69999694824219,92.52999877929688,92.62000274658203,47.07215118408203
2014-02-06,92.77999877929688,92.97000122070312,92.66000366210938,92.94999694824219,47.2398681640625
2014-02-07,93.05999755859375,93.41999816894531,93.05999755859375,93.41999816894531,47.47875213623047
2014-02-10,93.41999816894531,93.54000091552734,93.30999755859375,93.4800033569336,47.509239196777344
2014-02-11,93.52999877929688,93.75,93.44000244140625,93.63999938964844,47.59054946899414
2014-02-12,93.66999816894531,93.72000122070312,93.45999908447266,93.48999786376953,47.51432418823242
2014-02-13,93.44000244140625,93.77999877929688,93.44000244140625,93.76000213623047,47.651527404785156
2014-02-14,93.69999694824219,93.94999694824219,93.69000244140625,93.91000366210938,47.72776412963867
2014-02-18,93.81999969482422,94.08999633789062,93.81999969482422,94.04000091552734,47.79385757446289
2014-02-19,94.11000061035156,94.19000244140625,93.77999877929688,93.80000305175781,47.6718635559082
2014-02-20,93.88999938964844,94.08999633789062,93.87000274658203,94.08999633789062,47.81926345825195
2014-02-21,94.0999984741211,94.2300033569336,94.0999984741211,94.16999816894531,47.85989761352539
2014-02-24,94.25,94.44000244140625,94.25,94.37999725341797,47.96660614013672
2014-02-25,94.4000015258789,94.5199966430664,94.37999725341797,94.48999786376953,48.02255630493164
2014-02-26,94.56999969482422,94.6500015258789,94.5,94.6500015258789,48.10383605957031
2014-02-27,94.6500015258789,94.83999633789062,94.6500015258789,94.83000183105469,48.195316314697266
2014-02-28,94.81999969482422,95.0199966430664,94.72000122070312,94.93000030517578,48.246158599853516
2014-03-03,94.37000274658203,94.5,94.11000061035156,94.37999725341797,48.20173263549805
2014-03-04,94.61000061035156,94.75,94.4800033569336,94.72000122070312,48.375389099121094
2014-03-05,94.69000244140625,94.69999694824219,94.5,94.55000305175781,48.28853988647461
2014-03-06,94.62999725341797,94.66999816894531,94.37000274658203,94.41000366210938,48.21702575683594
2014-03-07,94.30999755859375,94.37999725341797,94.01000213623047,94.05000305175781,48.03318405151367
2014-03-10,94.04000091552734,94.08999633789062,93.91999816894531,94.05999755859375,48.03829574584961
2014-03-11,94.13999938964844,94.16000366210938,93.94000244140625,93.95999908447266,47.98722839355469
2014-03-12,93.9800033569336,94.13999938964844,93.97000122070312,94.12000274658203,48.06895065307617
2014-03-13,94.18000030517578,94.18000030517578,93.83000183105469,93.87000274658203,47.94126892089844
2014-03-14,93.88999938964844,94.01000213623047,93.73999786376953,93.80000305175781,47.90549850463867
2014-03-17,93.91000366210938,94.01000213623047,93.8499984741211,93.93000030517578,47.97189712524414
2014-03-18,94.02999877929688,94.2300033569336,93.93000030517578,94.20999908447266,48.11491394042969
2014-03-19,94.19000244140625,94.29000091552734,93.54000091552734,93.7300033569336,47.86974334716797
2014-03-20,93.9000015258789,94.06999969482422,93.66999816894531,94.05000305175781,48.03318405151367
2014-03-21,94.01000213623047,94.16000366210938,93.95999908447266,93.98999786376953,48.0025749206543
2014-03-24,94.19999694824219,94.19999694824219,93.95999908447266,94.0199966430664,48.01786804199219
2014-03-25,94.08999633789062,94.29000091552734,94.08999633789062,94.20999908447266,48.11491394042969
2014-03-26,94.3499984741211,94.3499984741211,94.16000366210938,94.2300033569336,48.12511444091797
2014-03-27,94.16999816894531,94.23999786376953,94.06999969482422,94.08999633789062,48.0535888671875
2014-03-28,94.2300033569336,94.3499984741211,94.16999816894531,94.25,48.13534927368164
2014-03-31,94.44999694824219,94.48999786376953,94.33999633789062,94.38999938964844,48.20684051513672
2014-04-01,94.05000305175781,94.12000274658203,93.97000122070312,94.12000274658203,48.29664993286133
2014-04-02,94.13999938964844,94.13999938964844,93.9800033569336,94.0199966430664,48.24531555175781
2014-04-03,94.0999984741211,94.1500015258789,94.04000091552734,94.05999755859375,48.26585006713867
2014-04-04,94.18000030517578,94.36000061035156,94.1500015258789,94.27999877929688,48.37872314453125
2014-04-07,94.2699966430664,94.30000305175781,94.06999969482422,94.08000183105469,48.27610397338867
2014-04-08,94.1500015258789,94.30000305175781,94.08000183105469,94.30000305175781,48.38898849487305
2014-04-09,94.30000305175781,94.45999908447266,94.19999694824219,94.44999694824219,48.4659423828125
2014-04-10,94.5,94.5,94.18000030517578,94.18000030517578,48.32740783691406
2014-04-11,94.22000122070312,94.22000122070312,93.7699966430664,93.77999877929688,48.12215805053711
2014-04-14,93.83999633789062,94.13999938964844,93.83999633789062,94.08000183105469,48.27610397338867
2014-04-15,94.22000122070312,94.22000122070312,94.0,94.18000030517578,48.32740783691406
2014-04-16,94.22000122070312,94.25,94.0999984741211,94.2300033569336,48.353084564208984
2014-04-17,94.18000030517578,94.25,94.0999984741211,94.12000274658203,48.29664993286133
2014-04-21,94.23999786376953,94.27999877929688,94.0999984741211,94.12000274658203,48.29664993286133
2014-04-22,94.25,94.2699966430664,94.12000274658203,94.22000122070312,48.34797668457031
2014-04-23,94.23999786376953,94.44000244140625,94.19999694824219,94.25,48.36335754394531
2014-04-24,94.25,94.4000015258789,94.1500015258789,94.2699966430664,48.37361526489258
2014-04-25,94.30999755859375,94.31999969482422,94.16000366210938,94.23999786376953,48.35820388793945
2014-04-28,94.26000213623047,94.30000305175781,94.12999725341797,94.22000122070312,48.34797668457031
2014-04-29,94.36000061035156,94.37999725341797,94.19000244140625,94.36000061035156,48.419776916503906
2014-04-30,94.36000061035156,94.41999816894531,94.19999694824219,94.33999633789062,48.40951919555664
2014-05-01,94.01000213623047,94.05000305175781,93.81999969482422,93.81999969482422,48.359527587890625
2014-05-02,94.04000091552734,94.04000091552734,93.83000183105469,94.04000091552734,48.472930908203125
2014-05-05,93.7699966430664,94.08000183105469,93.75,94.0,48.452301025390625
2014-05-06,94.1500015258789,94.1500015258789,93.9800033569336,94.0199966430664,48.46261215209961
2014-05-07,94.08999633789062,94.26000213623047,94.05000305175781,94.16000366210938,48.53476333618164
2014-05-08,94.2699966430664,94.30999755859375,94.08999633789062,94.13999938964844,48.52446746826172
2014-05-09,94.16000366210938,94.30000305175781,94.13999938964844,94.2300033569336,48.570858001708984
2014-05-12,94.37999725341797,94.37999725341797,94.22000122070312,94.33000183105469,48.622398376464844
2014-05-13,94.2699966430664,94.62000274658203,94.25,94.4800033569336,48.69972610473633
2014-05-14,94.4000015258789,94.58999633789062,94.38999938964844,94.52999877929688,48.72547149658203
2014-05-15,94.5999984741211,94.5999984741211,94.33999633789062,94.44000244140625,48.6790885925293
2014-05-16,94.5,94.6500015258789,94.37999725341797,94.62999725341797,48.77703857421875
2014-05-19,94.5999984741211,94.8499984741211,94.51000213623047,94.7699966430664,48.849220275878906
2014-05-20,94.7699966430664,94.77999877929688,94.63999938964844,94.6500015258789,48.78734588623047
2014-05-21,94.7300033569336,94.7699966430664,94.5,94.63999938964844,48.78221130371094
2014-05-22,94.66000366210938,94.7300033569336,94.58999633789062,94.70999908447266,48.818267822265625
2014-05-23,94.66000366210938,94.83999633789062,94.66000366210938,94.73999786376953,48.8337516784668
2014-05-27,94.7699966430664,94.8499984741211,94.72000122070312,94.83000183105469,48.880130767822266
2014-05-28,94.8499984741211,94.9000015258789,94.80999755859375,94.86000061035156,48.895599365234375
2014-05-29,94.9000015258789,95.0,94.83999633789062,94.94999694824219,48.94196701049805
2014-05-30,94.9800033569336,95.06999969482422,94.93000030517578,95.05000305175781,48.993526458740234
2014-06-02,94.75,94.75,94.30999755859375,94.31999969482422,48.837684631347656
2014-06-03,94.41000366210938,94.43000030517578,94.30999755859375,94.33000183105469,48.842838287353516
2014-06-04,94.30999755859375,94.4000015258789,94.26000213623047,94.33000183105469,48.842838287353516
2014-06-05,94.41999816894531,94.58999633789062,94.33000183105469,94.55999755859375,48.96195983886719
2014-06-06,94.5999984741211,94.91000366210938,94.58999633789062,94.83000183105469,49.10173797607422
2014-06-09,94.97000122070312,94.9800033569336,94.77999877929688,94.94000244140625,49.158721923828125
2014-06-10,94.76000213623047,95.0,94.76000213623047,94.88999938964844,49.132835388183594
2014-06-11,94.87999725341797,94.91999816894531,94.77999877929688,94.9000015258789,49.13801956176758
2014-06-12,94.80999755859375,94.93000030517578,94.80999755859375,94.83999633789062,49.10691833496094
2014-06-13,94.9800033569336,94.9800033569336,94.83000183105469,94.94999694824219,49.16387939453125
2014-06-16,94.91999816894531,95.0,94.88999938964844,94.9000015258789,49.13801956176758
2014-06-17,94.88999938964844,95.0,94.77999877929688,94.83000183105469,49.10173797607422
2014-06-18,94.83999633789062,95.30999755859375,94.83999633789062,95.26000213623047,49.32439422607422
2014-06-19,95.2699966430664,95.30999755859375,95.1500015258789,95.23999786376953,49.31405258178711
2014-06-20,95.26000213623047,95.4000015258789,95.23999786376953,95.33000183105469,49.36063003540039
2014-06-23,95.33999633789062,95.43000030517578,95.29000091552734,95.31999969482422,49.35546112060547
2014-06-24,95.2699966430664,95.41000366210938,95.23999786376953,95.23999786376953,49.31405258178711
2014-06-25,95.30000305175781,95.4000015258789,95.25,95.37999725341797,49.38652801513672
2014-06-26,95.33999633789062,95.38999938964844,95.19999694824219,95.27999877929688,49.33475875854492
2014-06-27,95.30999755859375,95.33000183105469,95.19000244140625,95.27999877929688,49.33475875854492
2014-06-30,95.11000061035156,95.31999969482422,95.11000061035156,95.19999694824219,49.293338775634766
2014-07-01,94.93000030517578,95.02999877929688,94.77999877929688,94.80999755859375,49.306331634521484
2014-07-02,94.87000274658203,95.0,94.80999755859375,94.87000274658203,49.33753967285156
2014-07-03,94.86000061035156,94.91000366210938,94.69999694824219,94.7300033569336,49.264766693115234
2014-07-07,94.69999694824219,94.80000305175781,94.6500015258789,94.66000366210938,49.22834014892578
2014-07-08,94.73999786376953,94.77999877929688,94.66000366210938,94.68000030517578,49.238712310791016
2014-07-09,94.75,94.80000305175781,94.58000183105469,94.61000061035156,49.20233154296875
2014-07-10,94.54000091552734,94.54000091552734,94.29000091552734,94.31999969482422,49.05152893066406
2014-07-11,94.33000183105469,94.52999877929688,94.33000183105469,94.4800033569336,49.134708404541016
2014-07-14,94.80000305175781,94.80000305175781,94.44000244140625,94.44999694824219,49.11909866333008
2014-07-15,94.45999908447266,94.51000213623047,94.29000091552734,94.30000305175781,49.04107666015625
2014-07-16,94.41000366210938,94.41000366210938,94.12999725341797,94.1500015258789,48.96310043334961
2014-07-17,94.11000061035156,94.13999938964844,93.4800033569336,93.48999786376953,48.61985778808594
2014-07-18,93.7699966430664,93.9800033569336,93.6500015258789,93.87999725341797,48.822689056396484
2014-07-21,93.8499984741211,93.87999725341797,93.62999725341797,93.72000122070312,48.739479064941406
2014-07-22,93.7699966430664,94.0,93.76000213623047,93.8499984741211,48.80708312988281
2014-07-23,93.95999908447266,94.08000183105469,93.93000030517578,94.02999877929688,48.90068435668945
2014-07-24,94.06999969482422,94.29000091552734,93.98999786376953,94.19999694824219,48.98908996582031
2014-07-25,94.18000030517578,94.2300033569336,94.01000213623047,94.04000091552734,48.905845642089844
2014-07-28,94.01000213623047,94.04000091552734,93.73999786376953,93.76000213623047,48.76027297973633
2014-07-29,93.81999969482422,94.0,93.61000061035156,93.62999725341797,48.692684173583984
2014-07-30,93.7300033569336,93.7699966430664,93.0999984741211,93.23999786376953,48.48985290527344
2014-07-31,92.83000183105469,92.97000122070312,92.44000244140625,92.4800033569336,48.09462356567383
2014-08-01,92.05999755859375,92.3499984741211,91.31999969482422,92.04000091552734,48.08990478515625
2014-08-04,92.05999755859375,92.62999725341797,92.02999877929688,92.5999984741211,48.382503509521484
2014-08-05,92.61000061035156,92.62999725341797,92.27999877929688,92.41999816894531,48.288448333740234
2014-08-06,92.37999725341797,92.7300033569336,92.3499984741211,92.63999938964844,48.40342330932617
2014-08-07,92.69000244140625,92.94999694824219,92.66999816894531,92.69999694824219,48.43473434448242
2014-08-08,92.5,93.05999755859375,92.5,92.98999786376953,48.58626937866211
2014-08-11,93.12000274658203,93.48999786376953,92.98999786376953,93.43000030517578,48.81614685058594
2014-08-12,93.47000122070312,93.55999755859375,93.31999969482422,93.41000366210938,48.805721282958984
2014-08-13,93.6500015258789,93.69999694824219,93.45999908447266,93.68000030517578,48.9467658996582
2014-08-14,93.72000122070312,93.95999908447266,93.70999908447266,93.86000061035156,49.04084014892578
2014-08-15,94.0199966430664,94.11000061035156,93.87000274658203,94.05000305175781,49.14011764526367
2014-08-18,94.06999969482422,94.33999633789062,94.01000213623047,94.31999969482422,49.28118896484375
2014-08-19,94.37000274658203,94.37999725341797,94.23999786376953,94.29000091552734,49.26551055908203
2014-08-20,94.31999969482422,94.4800033569336,94.16999816894531,94.36000061035156,49.302093505859375
2014-08-21,94.36000061035156,94.45999908447266,94.33999633789062,94.36000061035156,49.302093505859375
2014-08-22,94.3499984741211,94.41000366210938,94.08999633789062,94.12999725341797,49.181915283203125
2014-08-25,94.26000213623047,94.37999725341797,94.08000183105469,94.33000183105469,49.28640365600586
2014-08-26,94.33000183105469,94.47000122070312,94.30999755859375,94.4000015258789,49.32296371459961
2014-08-27,94.47000122070312,94.4800033569336,94.30000305175781,94.30999755859375,49.27595520019531
2014-08-28,94.27999877929688,94.38999938964844,94.12999725341797,94.16999816894531,49.202816009521484
2014-08-29,94.23999786376953,94.27999877929688,94.12000274658203,94.23999786376953,49.239376068115234
2014-09-02,93.7699966430664,93.9800033569336,93.75,93.91999816894531,49.2971076965332
2014-09-03,93.91999816894531,93.91999816894531,93.66999816894531,93.68000030517578,49.1711311340332
2014-09-04,93.7300033569336,93.7699966430664,93.26000213623047,93.37000274658203,49.00839614868164
2014-09-05,93.37999725341797,93.44999694824219,93.25,93.26000213623047,48.95070266723633
2014-09-08,93.23999786376953,93.3499984741211,93.08000183105469,93.16999816894531,48.9034423828125
2014-09-09,93.13999938964844,93.13999938964844,92.70999908447266,92.73999786376953,48.67774963378906
2014-09-10,92.75,92.81999969482422,92.55000305175781,92.77999877929688,48.698726654052734
2014-09-11,92.68000030517578,92.83999633789062,92.58000183105469,92.77999877929688,48.698726654052734
2014-09-12,92.69999694824219,92.80000305175781,92.5199966430664,92.66999816894531,48.641014099121094
2014-09-15,92.75,92.76000213623047,92.47000122070312,92.5,48.55177307128906
2014-09-16,92.44999694824219,92.86000061035156,92.43000030517578,92.69000244140625,48.651485443115234
2014-09-17,92.87000274658203,93.08999633789062,92.76000213623047,92.98999786376953,48.80896759033203
2014-09-18,92.9800033569336,93.08000183105469,92.91000366210938,93.0199966430664,48.824710845947266
2014-09-19,93.0999984741211,93.19000244140625,93.0199966430664,93.16000366210938,48.898216247558594
2014-09-22,93.16000366210938,93.23999786376953,92.91000366210938,92.98999786376953,48.80896759033203
2014-09-23,92.79000091552734,92.91999816894531,92.44000244140625,92.5199966430664,48.56229019165039
2014-09-24,92.5,92.5,92.05999755859375,92.23999786376953,48.415321350097656
2014-09-25,92.0999984741211,92.0999984741211,91.5,91.61000061035156,48.08462905883789
2014-09-26,91.22000122070312,91.7300033569336,90.94999694824219,91.55000305175781,48.05315017700195
2014-09-29,91.04000091552734,91.37000274658203,90.88999938964844,91.36000061035156,47.953433990478516
2014-09-30,91.63999938964844,92.02999877929688,91.55000305175781,91.94999694824219,48.263084411621094
2014-10-01,91.75,91.9000015258789,91.5199966430664,91.66000366210938,48.316368103027344
2014-10-02,91.62000274658203,91.87999725341797,91.4000015258789,91.83999633789062,48.4112434387207
2014-10-03,92.0999984741211,92.43000030517578,91.97000122070312,92.1500015258789,48.57463836669922
2014-10-06,92.30000305175781,92.44000244140625,92.13999938964844,92.25,48.62735366821289
2014-10-07,92.12999725341797,92.20999908447266,91.80999755859375,91.9000015258789,48.442832946777344
2014-10-08,91.87999725341797,92.37999725341797,91.7300033569336,92.33999633789062,48.674800872802734
2014-10-09,92.1500015258789,92.2300033569336,91.2699966430664,91.36000061035156,48.15819549560547
2014-10-10,91.18000030517578,91.30999755859375,90.51000213623047,90.62000274658203,47.768123626708984
2014-10-13,90.55000305175781,90.95999908447266,90.1500015258789,90.16999816894531,47.53094482421875
2014-10-14,90.5,90.7699966430664,90.22000122070312,90.47000122070312,47.68906784057617
2014-10-15,90.20999908447266,90.48999786376953,89.20999908447266,90.48999786376953,47.69960021972656
2014-10-16,89.98999786376953,91.0999984741211,89.8499984741211,91.0,47.96843338012695
2014-10-17,91.73999786376953,92.23999786376953,91.4000015258789,91.7699966430664,48.374324798583984
2014-10-20,91.83000183105469,92.5,91.7300033569336,92.43000030517578,48.72221755981445
2014-10-21,92.62000274658203,93.19999694824219,92.62000274658203,93.18000030517578,49.11756896972656
2014-10-22,93.16000366210938,93.19999694824219,92.44999694824219,92.56999969482422,48.795997619628906
2014-10-23,92.87000274658203,94.91999816894531,92.51000213623047,92.52999877929688,48.77491760253906
2014-10-24,92.44999694824219,92.91999816894531,92.44999694824219,92.79000091552734,48.91199493408203
2014-10-27,92.7300033569336,92.75,92.33999633789062,92.41000366210938,48.71166229248047
2014-10-28,92.54000091552734,92.70999908447266,92.37999725341797,92.55999755859375,48.790733337402344
2014-10-29,92.62999725341797,92.68000030517578,92.20999908447266,92.48999786376953,48.75384521484375
2014-10-30,92.5,94.94999694824219,92.38999938964844,92.44999694824219,48.7327766418457
2014-10-31,92.80999755859375,92.80999755859375,92.5,92.52999877929688,48.77491760253906
2014-11-03,92.22000122070312,92.51000213623047,92.18000030517578,92.31999969482422,48.87765121459961
2014-11-04,92.29000091552734,92.29000091552734,91.95999908447266,92.02999877929688,48.72410202026367
2014-11-05,92.16000366210938,92.18000030517578,91.91000366210938,92.01000213623047,48.713531494140625
2014-11-06,92.08000183105469,92.2699966430664,92.06999969482422,92.25,48.84060287475586
2014-11-07,92.25,92.37999725341797,92.13999938964844,92.33999633789062,48.88825225830078
2014-11-10,92.30999755859375,92.41999816894531,92.29000091552734,92.37999725341797,48.90943145751953
2014-11-11,92.37999725341797,92.62000274658203,92.25,92.58999633789062,49.02061080932617
2014-11-12,92.4800033569336,92.51000213623047,92.26000213623047,92.29000091552734,48.86177062988281
2014-11-13,92.37999725341797,92.37999725341797,91.80000305175781,91.91000366210938,48.66058349609375
2014-11-14,91.80999755859375,91.94000244140625,91.41000366210938,91.44999694824219,48.41702651977539
2014-11-17,91.5199966430664,91.66999816894531,91.3499984741211,91.44000244140625,48.411773681640625
2014-11-18,91.41000366210938,91.55999755859375,91.25,91.26000213623047,48.316429138183594
2014-11-19,91.0999984741211,91.26000213623047,90.86000061035156,91.23999786376953,48.30583572387695
2014-11-20,91.0,91.30000305175781,90.91999816894531,91.25,48.31113815307617
2014-11-21,91.62000274658203,92.01000213623047,91.52999877929688,91.75,48.575862884521484
2014-11-24,91.87000274658203,91.94000244140625,91.62999725341797,91.73999786376953,48.57056427001953
2014-11-25,91.69999694824219,91.94999694824219,91.66000366210938,91.88999938964844,48.649959564208984
2014-11-26,91.94999694824219,92.12999725341797,91.9000015258789,92.01000213623047,48.713531494140625
2014-11-28,91.58999633789062,91.6500015258789,91.04000091552734,91.12999725341797,48.24760055541992
2014-12-01,90.66999816894531,90.66999816894531,89.73999786376953,89.80000305175781,47.76201248168945
2014-12-02,90.05000305175781,90.31999969482422,89.87000274658203,90.29000091552734,48.022640228271484
2014-12-03,90.31999969482422,90.51000213623047,90.19999694824219,90.44000244140625,48.10240936279297
2014-12-04,90.36000061035156,90.5,90.30000305175781,90.37999725341797,48.07051086425781
2014-12-05,90.26000213623047,90.38999938964844,90.04000091552734,90.30999755859375,48.033287048339844
2014-12-08,90.12999725341797,90.19999694824219,89.69999694824219,89.8499984741211,47.78860855102539
2014-12-09,89.30999755859375,89.87999725341797,89.2300033569336,89.80000305175781,47.76201248168945
2014-12-10,89.37000274658203,89.5,88.41999816894531,88.7699966430664,47.214176177978516
2014-12-11,88.62000274658203,88.91000366210938,87.91999816894531,88.44999694824219,47.04401779174805
2014-12-12,87.80000305175781,87.94000244140625,87.0999984741211,87.25,46.40574264526367
2014-12-15,87.44000244140625,87.5999984741211,86.45999908447266,87.19999694824219,46.379127502441406
2014-12-16,86.44000244140625,87.66000366210938,86.12000274658203,86.88999938964844,46.21427917480469
2014-12-17,86.95999908447266,88.9800033569336,86.88999938964844,88.66000366210938,47.15571594238281
2014-12-18,90.0,90.30999755859375,88.72000122070312,89.37000274658203,47.5333137512207
2014-12-19,89.62000274658203,90.30999755859375,89.5199966430664,90.2300033569336,47.99073028564453
2014-12-22,90.1500015258789,90.30000305175781,89.69999694824219,90.01000213623047,47.87373733520508
2014-12-23,90.23999786376953,90.41000366210938,89.94999694824219,90.33000183105469,48.04391098022461
2014-12-24,89.9800033569336,90.30000305175781,89.91999816894531,90.25,48.20734786987305
2014-12-26,90.3499984741211,90.5,89.9000015258789,89.97000122070312,48.05782699584961
2014-12-29,90.0199966430664,90.23999786376953,89.7300033569336,90.0199966430664,48.084510803222656
2014-12-30,89.7699966430664,89.95999908447266,89.66000366210938,89.83999633789062,47.98836135864258
2014-12-31,89.87999725341797,90.0,89.44000244140625,89.5999984741211,47.860137939453125
2015-01-02,89.69000244140625,89.93000030517578,89.48999786376953,89.5999984741211,47.860137939453125
2015-01-05,89.0999984741211,89.23999786376953,88.6500015258789,88.7699966430664,47.416805267333984
2015-01-06,88.5999984741211,88.95999908447266,88.33999633789062,88.43000030517578,47.23522186279297
2015-01-07,89.12000274658203,89.27999877929688,88.87000274658203,88.9800033569336,47.52898406982422
2015-01-08,89.30999755859375,89.83000183105469,88.9800033569336,89.6500015258789,47.88685989379883
2015-01-09,89.72000122070312,90.13999938964844,89.37000274658203,90.0999984741211,48.12725830078125
2015-01-12,90.16999816894531,90.16999816894531,89.63999938964844,89.98999786376953,48.06850814819336
2015-01-13,90.0,90.2300033569336,89.54000091552734,89.98999786376953,48.06850814819336
2015-01-14,89.51000213623047,89.83999633789062,89.3499984741211,89.77999877929688,47.956298828125
2015-01-15,89.9800033569336,89.9800033569336,89.20999908447266,89.2300033569336,47.66251754760742
2015-01-16,89.33999633789062,89.69999694824219,89.33000183105469,89.56999969482422,47.84413146972656
2015-01-20,89.83999633789062,89.83999633789062,89.26000213623047,89.41000366210938,47.758670806884766
2015-01-21,89.36000061035156,89.91000366210938,89.30000305175781,89.88999938964844,48.015079498291016
2015-01-22,90.0199966430664,90.16999816894531,89.77999877929688,90.01000213623047,48.07915496826172
2015-01-23,90.01000213623047,90.13999938964844,89.93000030517578,90.01000213623047,48.07915496826172
2015-01-26,90.06999969482422,90.48999786376953,89.93000030517578,90.41999816894531,48.29816818237305
2015-01-27,90.08000183105469,90.43000030517578,90.01000213623047,90.3499984741211,48.26077651977539
2015-01-28,90.41000366210938,90.5,90.01000213623047,90.16000366210938,48.159263610839844
2015-01-29,90.33999633789062,90.5199966430664,90.1500015258789,90.4800033569336,48.33021926879883
2015-01-30,90.37999725341797,90.4800033569336,90.19000244140625,90.2300033569336,48.19670486450195
2015-02-02,90.02999877929688,90.20999908447266,89.87999725341797,90.20999908447266,48.3817253112793
2015-02-03,90.37999725341797,90.83000183105469,90.30000305175781,90.72000122070312,48.65522384643555
2015-02-04,90.63999938964844,90.63999938964844,90.30000305175781,90.33999633789062,48.451446533203125
2015-02-05,90.55000305175781,90.87999725341797,90.4000015258789,90.87000274658203,48.735660552978516
2015-02-06,91.06999969482422,91.08000183105469,90.77999877929688,90.94000244140625,48.77320861816406
2015-02-09,90.87999725341797,90.98999786376953,90.69999694824219,90.72000122070312,48.65522384643555
2015-02-10,90.9000015258789,91.02999877929688,90.88999938964844,91.02999877929688,48.82147216796875
2015-02-11,90.9800033569336,91.02999877929688,90.83000183105469,91.0,48.8054084777832
2015-02-12,91.13999938964844,91.13999938964844,90.94000244140625,90.98999786376953,48.80002975463867
2015-02-13,91.01000213623047,91.19000244140625,90.94000244140625,91.12000274658203,48.86975860595703
2015-02-17,91.23999786376953,91.27999877929688,91.02999877929688,91.05999755859375,48.837589263916016
2015-02-18,91.1500015258789,91.38999938964844,91.04000091552734,91.37000274658203,49.003822326660156
2015-02-19,91.2699966430664,91.31999969482422,91.13999938964844,91.16000366210938,48.891204833984375
2015-02-20,91.1500015258789,91.41999816894531,91.08000183105469,91.41000366210938,49.025291442871094
2015-02-23,91.44999694824219,91.4800033569336,91.2699966430664,91.4800033569336,49.06285858154297
2015-02-24,91.45999908447266,91.5999984741211,91.38999938964844,91.56999969482422,49.11109161376953
2015-02-25,91.62999725341797,91.9000015258789,91.56999969482422,91.87000274658203,49.2719841003418
2015-02-26,91.83999633789062,91.97000122070312,91.73999786376953,91.8499984741211,49.26126480102539
2015-02-27,91.9000015258789,91.94999694824219,91.80999755859375,91.87000274658203,49.2719841003418
2015-03-02,91.55999755859375,91.5999984741211,91.30000305175781,91.45999908447266,49.262855529785156
2015-03-03,91.31999969482422,91.4000015258789,91.12000274658203,91.19999694824219,49.12278747558594
2015-03-04,91.05000305175781,91.16000366210938,90.9800033569336,91.02999877929688,49.03121566772461
2015-03-05,91.16999816894531,91.19999694824219,91.04000091552734,91.19999694824219,49.12278747558594
2015-03-06,90.94999694824219,90.97000122070312,90.52999877929688,90.62000274658203,48.81041717529297
2015-03-09,90.7300033569336,90.73999786376953,90.37999725341797,90.43000030517578,48.708038330078125
2015-03-10,90.27999877929688,90.33999633789062,89.9000015258789,90.08000183105469,48.51953887939453
2015-03-11,90.3499984741211,90.45999908447266,90.06999969482422,90.33000183105469,48.654205322265625
2015-03-12,90.5999984741211,90.63999938964844,90.36000061035156,90.51000213623047,48.75115203857422
2015-03-13,90.36000061035156,90.4000015258789,89.97000122070312,90.19999694824219,48.58418273925781
2015-03-16,90.2699966430664,90.33999633789062,90.05000305175781,90.11000061035156,48.53571319580078
2015-03-17,89.87999725341797,90.0199966430664,89.48999786376953,89.66000366210938,48.29334259033203
2015-03-18,89.66000366210938,90.47000122070312,89.48999786376953,90.45999908447266,48.72421646118164
2015-03-19,90.16999816894531,90.36000061035156,89.68000030517578,89.73999786376953,48.33641052246094
2015-03-20,90.0999984741211,90.4800033569336,89.97000122070312,90.44000244140625,48.71345138549805
2015-03-23,90.43000030517578,90.54000091552734,90.30999755859375,90.51000213623047,48.75115203857422
2015-03-24,90.4800033569336,90.72000122070312,90.44999694824219,90.6500015258789,48.826568603515625
2015-03-25,90.70999908447266,90.83000183105469,90.4000015258789,90.41000366210938,48.69725036621094
2015-03-26,90.51000213623047,90.52999877929688,90.2300033569336,90.4000015258789,48.691890716552734
2015-03-27,90.38999938964844,90.55999755859375,90.3499984741211,90.47000122070312,48.7296028137207
2015-03-30,90.51000213623047,90.79000091552734,90.5,90.72000122070312,48.864253997802734
2015-03-31,90.69000244140625,90.83999633789062,90.55999755859375,90.61000061035156,48.80502700805664
2015-04-01,90.3499984741211,90.43000030517578,90.0999984741211,90.38999938964844,48.905662536621094
2015-04-02,90.45999908447266,90.58999633789062,90.3499984741211,90.45999908447266,48.943511962890625
2015-04-06,90.37999725341797,90.80999755859375,90.37999725341797,90.69000244140625,49.067970275878906
2015-04-07,90.7699966430664,91.19999694824219,90.69000244140625,91.16999816894531,49.32767868041992
2015-04-08,91.20999908447266,91.30000305175781,91.01000213623047,91.1500015258789,49.31687927246094
2015-04-09,91.19000244140625,91.26000213623047,91.0,91.05999755859375,49.268150329589844
2015-04-10,91.05000305175781,91.27999877929688,91.05000305175781,91.2699966430664,49.38179016113281
2015-04-13,91.2699966430664,91.31999969482422,91.08000183105469,91.0999984741211,49.289794921875
2015-04-14,91.12999725341797,91.19999694824219,90.93000030517578,91.13999938964844,49.31144714355469
2015-04-15,91.23999786376953,91.55999755859375,91.20999908447266,91.5,49.50619888305664
2015-04-16,91.44000244140625,91.44000244140625,91.2699966430664,91.30999755859375,49.40341567993164
2015-04-17,91.23999786376953,91.23999786376953,91.0,91.02999877929688,49.25189208984375
2015-04-20,91.23999786376953,91.37999725341797,91.11000061035156,91.2300033569336,49.360137939453125
2015-04-21,91.4800033569336,91.4800033569336,91.23999786376953,91.29000091552734,49.3925895690918
2015-04-22,91.43000030517578,91.44000244140625,91.18000030517578,91.19999694824219,49.34388732910156
2015-04-23,91.26000213623047,91.36000061035156,91.08000183105469,91.16999816894531,49.32767868041992
2015-04-24,91.19000244140625,91.33999633789062,91.19000244140625,91.31999969482422,49.408843994140625
2015-04-27,91.44999694824219,91.48999786376953,91.2699966430664,91.3499984741211,49.42506790161133
2015-04-28,91.27999877929688,91.30999755859375,91.16999816894531,91.20999908447266,49.34928894042969
2015-04-29,91.0,91.19999694824219,90.91999816894531,91.04000091552734,49.25734329223633
2015-04-30,91.0,91.08000183105469,90.80999755859375,90.98999786376953,49.23027420043945
2015-05-01,90.66000366210938,90.80999755859375,90.61000061035156,90.79000091552734,49.34001541137695
2015-05-04,90.94999694824219,90.97000122070312,90.6500015258789,90.7699966430664,49.32917404174805
2015-05-05,90.69000244140625,90.77999877929688,90.48999786376953,90.6500015258789,49.26395034790039
2015-05-06,90.6500015258789,90.69000244140625,90.31999969482422,90.37999725341797,49.11722946166992
2015-05-07,90.30000305175781,90.58000183105469,90.2699966430664,90.37000274658203,49.11181640625
2015-05-08,90.86000061035156,91.08000183105469,90.80000305175781,91.08000183105469,49.4976692199707
2015-05-11,91.01000213623047,91.05999755859375,90.4800033569336,90.51000213623047,49.187889099121094
2015-05-12,90.36000061035156,90.7300033569336,90.29000091552734,90.5,49.18244171142578
2015-05-13,90.62000274658203,90.7699966430664,90.33000183105469,90.37000274658203,49.11181640625
2015-05-14,90.58999633789062,90.87000274658203,90.58999633789062,90.80999755859375,49.35094451904297
2015-05-15,90.9000015258789,91.08000183105469,90.80999755859375,91.01000213623047,49.45962142944336
2015-05-18,91.0,91.0,90.75,90.86000061035156,49.37809753417969
2015-05-19,90.87999725341797,90.87999725341797,90.63999938964844,90.72000122070312,49.30204772949219
2015-05-20,90.7300033569336,90.86000061035156,90.61000061035156,90.61000061035156,49.24226379394531
2015-05-21,90.5999984741211,90.83000183105469,90.5999984741211,90.73999786376953,49.31287384033203
2015-05-22,90.7300033569336,90.8499984741211,90.69000244140625,90.80999755859375,49.35094451904297
2015-05-26,90.66999816894531,90.79000091552734,90.61000061035156,90.62000274658203,49.24767303466797
2015-05-27,90.77999877929688,90.9000015258789,90.68000030517578,90.81999969482422,49.35634994506836
2015-05-28,90.80999755859375,90.83000183105469,90.69000244140625,90.77999877929688,49.33464431762695
2015-05-29,90.76000213623047,90.97000122070312,90.76000213623047,90.91000366210938,49.40525436401367
2015-06-01,90.6500015258789,90.7699966430664,90.45999908447266,90.66000366210938,49.48823928833008
2015-06-02,90.75,90.75,90.33999633789062,90.48999786376953,49.39542770385742
2015-06-03,90.38999938964844,90.44999694824219,89.94000244140625,90.0,49.12797927856445
2015-06-04,89.93000030517578,90.01000213623047,89.70999908447266,89.70999908447266,48.969661712646484
2015-06-05,89.48999786376953,89.62999725341797,89.33000183105469,89.44000244140625,48.822288513183594
2015-06-08,89.5199966430664,89.61000061035156,89.33999633789062,89.44000244140625,48.822288513183594
2015-06-09,89.41999816894531,89.44000244140625,89.16999816894531,89.29000091552734,48.740413665771484
2015-06-10,89.30999755859375,89.4800033569336,89.26000213623047,89.41000366210938,48.805912017822266
2015-06-11,89.47000122070312,89.5999984741211,89.37999725341797,89.58999633789062,48.904170989990234
2015-06-12,89.41999816894531,89.5199966430664,89.23999786376953,89.26000213623047,48.72404098510742
2015-06-15,89.06999969482422,89.22000122070312,88.80999755859375,88.83999633789062,48.49476623535156
2015-06-16,88.80999755859375,89.33999633789062,88.80999755859375,89.33999633789062,48.76768493652344
2015-06-17,89.19999694824219,89.4000015258789,88.94000244140625,89.26000213623047,48.72404098510742
2015-06-18,89.29000091552734,89.69000244140625,89.29000091552734,89.58999633789062,48.904170989990234
2015-06-19,89.76000213623047,89.76000213623047,89.45999908447266,89.63999938964844,48.93144989013672
2015-06-22,89.88999938964844,89.98999786376953,89.63999938964844,89.81999969482422,49.02971267700195
2015-06-23,89.7699966430664,89.80000305175781,89.63999938964844,89.76000213623047,48.99696731567383
2015-06-24,89.69999694824219,89.79000091552734,89.5199966430664,89.5199966430664,48.8659553527832
2015-06-25,89.56999969482422,89.63999938964844,89.25,89.25,48.718563079833984
2015-06-26,89.25,89.31999969482422,88.94999694824219,88.98999786376953,48.57666015625
2015-06-29,88.6500015258789,88.80000305175781,88.37000274658203,88.37999725341797,48.24365234375
2015-06-30,88.76000213623047,88.86000061035156,88.58000183105469,88.80000305175781,48.47293472290039
2015-07-01,88.80999755859375,88.80999755859375,88.36000061035156,88.41999816894531,48.48115158081055
2015-07-02,88.6500015258789,88.8499984741211,88.5199966430664,88.75,48.66206359863281
2015-07-06,88.58000183105469,88.75,88.41000366210938,88.45999908447266,48.50308609008789
2015-07-07,88.33000183105469,88.62999725341797,88.12999725341797,88.52999877929688,48.54146957397461
2015-07-08,88.16999816894531,88.41999816894531,88.05999755859375,88.08999633789062,48.30022430419922
2015-07-09,88.44999694824219,88.7300033569336,88.29000091552734,88.29000091552734,48.409873962402344
2015-07-10,88.58999633789062,88.87000274658203,88.55999755859375,88.80000305175781,48.68950653076172
2015-07-13,88.91000366210938,88.94000244140625,88.72000122070312,88.87999725341797,48.733402252197266
2015-07-14,88.73999786376953,88.83000183105469,88.63999938964844,88.79000091552734,48.68400192260742
2015-07-15,88.77999877929688,88.9000015258789,88.6500015258789,88.79000091552734,48.68400192260742
2015-07-16,88.88999938964844,89.02999877929688,88.87999725341797,88.93000030517578,48.76079177856445
2015-07-17,88.98999786376953,88.98999786376953,88.5999984741211,88.69000244140625,48.62919235229492
2015-07-20,88.6500015258789,88.66000366210938,88.2699966430664,88.27999877929688,48.404380798339844
2015-07-21,88.20999908447266,88.31999969482422,88.11000061035156,88.12000274658203,48.31665802001953
2015-07-22,87.87000274658203,87.93000030517578,87.5199966430664,87.55000305175781,48.00412368774414
2015-07-23,87.5199966430664,87.70999908447266,87.5,87.5,47.97673416137695
2015-07-24,87.5,87.55000305175781,87.19999694824219,87.25,47.83961486816406
2015-07-27,87.01000213623047,87.2699966430664,86.80999755859375,86.87999725341797,47.636756896972656
2015-07-28,86.97000122070312,87.44999694824219,86.93000030517578,87.3499984741211,47.89447784423828
2015-07-29,87.3499984741211,87.93000030517578,87.3499984741211,87.86000061035156,48.17411804199219
2015-07-30,87.80999755859375,88.16999816894531,87.80999755859375,88.12000274658203,48.31665802001953
2015-07-31,88.01000213623047,88.23999786376953,87.94000244140625,87.97000122070312,48.23442459106445
2015-08-03,87.58999633789062,87.5999984741211,87.37000274658203,87.41000366210938,48.14411163330078
2015-08-04,87.5,87.62999725341797,87.44000244140625,87.45999908447266,48.171600341796875
2015-08-05,87.63999938964844,87.7300033569336,87.33000183105469,87.33999633789062,48.10554885864258
2015-08-06,87.2300033569336,87.33000183105469,86.95999908447266,86.9800033569336,47.907257080078125
2015-08-07,86.8499984741211,86.88999938964844,86.68000030517578,86.70999908447266,47.75855255126953
2015-08-10,86.7699966430664,86.97000122070312,86.7300033569336,86.95999908447266,47.896217346191406
2015-08-11,86.62999725341797,86.69999694824219,86.45999908447266,86.55999755859375,47.675933837890625
2015-08-12,86.26000213623047,86.4800033569336,86.04000091552734,86.44000244140625,47.60984802246094
2015-08-13,86.37000274658203,86.44000244140625,86.27999877929688,86.33000183105469,47.54924011230469
2015-08-14,86.29000091552734,86.51000213623047,86.27999877929688,86.37999725341797,47.576778411865234
2015-08-17,86.29000091552734,86.51000213623047,86.19999694824219,86.37999725341797,47.576778411865234
2015-08-18,86.2699966430664,86.4000015258789,86.18000030517578,86.2699966430664,47.51620101928711
2015-08-19,86.20999908447266,86.44999694824219,86.0199966430664,86.19000244140625,47.472145080566406
2015-08-20,85.9000015258789,85.97000122070312,85.6500015258789,85.7699966430664,47.24079513549805
2015-08-21,85.52999877929688,85.75,85.37000274658203,85.45999908447266,47.070037841796875
2015-08-24,83.80999755859375,85.37999725341797,83.43000030517578,84.76000213623047,46.68452072143555
2015-08-25,85.55999755859375,85.69000244140625,84.91000366210938,84.93000030517578,46.778133392333984
2015-08-26,85.26000213623047,85.80000305175781,85.19000244140625,85.63999938964844,47.16919708251953
2015-08-27,85.86000061035156,86.44999694824219,85.86000061035156,86.27999877929688,47.52170181274414
2015-08-28,86.22000122070312,86.5,86.05999755859375,86.36000061035156,47.56578063964844
2015-08-31,86.23999786376953,86.30000305175781,85.7300033569336,86.23999786376953,47.49966812133789
2015-09-01,85.69999694824219,85.7699966430664,85.44000244140625,85.58000183105469,47.34645462036133
2015-09-02,85.93000030517578,85.95999908447266,85.68000030517578,85.93000030517578,47.54007339477539
2015-09-03,86.0,86.2300033569336,85.86000061035156,86.05000305175781,47.606449127197266
2015-09-04,85.86000061035156,86.06999969482422,85.8499984741211,85.95999908447266,47.556671142578125
2015-09-08,86.3499984741211,86.44000244140625,86.23999786376953,86.43000030517578,47.81669616699219
2015-09-09,86.5999984741211,86.62000274658203,86.23999786376953,86.31999969482422,47.75584030151367
2015-09-10,86.27999877929688,86.5999984741211,86.27999877929688,86.52999877929688,47.87202072143555
2015-09-11,86.1500015258789,86.55000305175781,86.11000061035156,86.5,47.85539627075195
2015-09-14,86.36000061035156,86.44000244140625,86.22000122070312,86.3499984741211,47.77245330810547
2015-09-15,86.25,86.41000366210938,86.19999694824219,86.33000183105469,47.7613410949707
2015-09-16,86.02999877929688,86.2300033569336,85.94000244140625,86.0199966430664,47.5898551940918
2015-09-17,86.01000213623047,86.41000366210938,85.8499984741211,86.08999633789062,47.62856674194336
2015-09-18,85.83999633789062,86.05000305175781,85.69000244140625,85.8499984741211,47.49579620361328
2015-09-21,85.86000061035156,85.9000015258789,85.61000061035156,85.69000244140625,47.40729522705078
2015-09-22,85.3499984741211,85.69000244140625,84.95999908447266,85.06999969482422,47.06427001953125
2015-09-23,85.05000305175781,85.11000061035156,84.86000061035156,84.91999816894531,46.98127746582031
2015-09-24,84.75,84.75,84.3499984741211,84.5,46.7489013671875
2015-09-25,84.5999984741211,84.76000213623047,84.04000091552734,84.06999969482422,46.51102066040039
2015-09-28,83.66999816894531,84.0199966430664,82.72000122070312,82.77999877929688,45.79734802246094
2015-09-29,82.70999908447266,83.08999633789062,82.62999725341797,82.7699966430664,45.79181671142578
2015-09-30,83.12999725341797,83.33999633789062,82.83000183105469,83.29000091552734,46.07949447631836
2015-10-01,82.75,82.87999725341797,82.31999969482422,82.36000061035156,45.78375244140625
2015-10-02,81.88999938964844,82.47000122070312,81.66000366210938,82.44000244140625,45.8282356262207
2015-10-05,82.87000274658203,83.47000122070312,82.80999755859375,83.43000030517578,46.37858200073242
2015-10-06,83.4800033569336,83.9800033569336,83.36000061035156,83.88999938964844,46.6342887878418
2015-10-07,84.3499984741211,84.83000183105469,84.19999694824219,84.75,47.11236572265625
2015-10-08,84.62000274658203,85.12999725341797,84.45999908447266,85.0999984741211,47.30692672729492
2015-10-09,85.2300033569336,85.5999984741211,84.9800033569336,85.11000061035156,47.31246566772461
2015-10-12,85.18000030517578,85.25,84.83000183105469,84.94999694824219,47.223548889160156
2015-10-13,84.79000091552734,84.94999694824219,84.62999725341797,84.75,47.11236572265625
2015-10-14,84.76000213623047,84.94999694824219,84.63999938964844,84.69000244140625,47.07901382446289
2015-10-15,84.81999969482422,84.94999694824219,84.61000061035156,84.88999938964844,47.190185546875
2015-10-16,84.91000366210938,85.29000091552734,84.88999938964844,85.27999877929688,47.406978607177734
2015-10-19,85.1500015258789,85.56999969482422,85.08000183105469,85.51000213623047,47.53483200073242
2015-10-20,85.37999725341797,85.69000244140625,85.29000091552734,85.58999633789062,47.57931900024414
2015-10-21,85.6500015258789,85.7699966430664,85.26000213623047,85.5,47.52927780151367
2015-10-22,85.58000183105469,85.68000030517578,85.41000366210938,85.52999877929688,47.54594421386719
2015-10-23,85.9000015258789,86.08999633789062,85.58000183105469,85.83000183105469,47.71272277832031
2015-10-26,85.93000030517578,85.94000244140625,85.68000030517578,85.73999786376953,47.6627082824707
2015-10-27,85.66999816894531,85.68000030517578,85.33999633789062,85.45999908447266,47.50703430175781
2015-10-28,85.45999908447266,85.70999908447266,85.30000305175781,85.69000244140625,47.63490295410156
2015-10-29,85.44999694824219,85.68000030517578,85.43000030517578,85.47000122070312,47.5125732421875
2015-10-30,85.52999877929688,85.76000213623047,85.38999938964844,85.56999969482422,47.568180084228516
2015-11-02,85.18000030517578,85.4800033569336,85.11000061035156,85.44000244140625,47.71563720703125
2015-11-03,85.36000061035156,85.58000183105469,85.36000061035156,85.52999877929688,47.76588439941406
2015-11-04,85.56999969482422,85.56999969482422,85.23999786376953,85.27999877929688,47.62626266479492
2015-11-05,85.25,85.33999633789062,84.94000244140625,84.94999694824219,47.441978454589844
2015-11-06,84.62000274658203,84.69000244140625,84.33999633789062,84.54000091552734,47.2130012512207
2015-11-09,84.36000061035156,84.44000244140625,84.12999725341797,84.19000244140625,47.017539978027344
2015-11-10,84.0999984741211,84.19000244140625,83.87000274658203,84.0,46.911434173583984
2015-11-11,84.04000091552734,84.0999984741211,83.75,83.80000305175781,46.799747467041016
2015-11-12,83.47000122070312,83.68000030517578,83.22000122070312,83.23999786376953,46.48698806762695
2015-11-13,83.27999877929688,83.36000061035156,82.98999786376953,83.0,46.352935791015625
2015-11-16,82.91000366210938,83.44000244140625,82.80999755859375,83.38999938964844,46.57075119018555
2015-11-17,83.5999984741211,83.73999786376953,83.37000274658203,83.44999694824219,46.604251861572266
2015-11-18,83.4000015258789,83.66000366210938,83.4000015258789,83.61000061035156,46.69362258911133
2015-11-19,83.33000183105469,83.48999786376953,82.8499984741211,82.86000061035156,46.2747688293457
2015-11-20,82.87999725341797,83.20999908447266,82.80999755859375,82.83999633789062,46.263607025146484
2015-11-23,82.73999786376953,82.88999938964844,82.69000244140625,82.7699966430664,46.22450637817383
2015-11-24,82.6500015258789,82.91000366210938,82.56999969482422,82.87999725341797,46.28593444824219
2015-11-25,82.83999633789062,82.98999786376953,82.83999633789062,82.97000122070312,46.3361930847168
2015-11-27,83.0199966430664,83.1500015258789,82.94000244140625,83.0999984741211,46.4088020324707
2015-11-30,83.0999984741211,83.1500015258789,82.98999786376953,83.05000305175781,46.38087463378906
2015-12-01,82.8499984741211,83.27999877929688,82.80000305175781,83.23999786376953,46.71086502075195
2015-12-02,83.18000030517578,83.44000244140625,83.02999877929688,83.06999969482422,46.615440368652344
2015-12-03,82.91999816894531,83.12999725341797,82.72000122070312,82.8499984741211,46.491981506347656
2015-12-04,82.80000305175781,82.93000030517578,82.5,82.66000366210938,46.385379791259766
2015-12-07,82.33000183105469,82.5,82.0199966430664,82.08000183105469,46.05989456176758
2015-12-08,81.43000030517578,81.62000274658203,80.95999908447266,81.05999755859375,45.4875373840332
2015-12-09,81.05999755859375,81.69999694824219,81.05000305175781,81.4800033569336,45.723182678222656
2015-12-10,81.2699966430664,81.56999969482422,81.0,81.13999938964844,45.53239822387695
2015-12-11,80.54000091552734,80.54000091552734,78.62000274658203,79.5199966430664,44.62334060668945
2015-12-14,79.4000015258789,79.51000213623047,78.20999908447266,78.83000183105469,44.236141204833984
2015-12-15,79.80000305175781,80.44999694824219,79.76000213623047,80.12000274658203,44.96003723144531
2015-12-16,80.38999938964844,80.88999938964844,80.05999755859375,80.7300033569336,45.30234909057617
2015-12-17,80.69999694824219,80.80999755859375,79.80000305175781,79.83000183105469,44.797279357910156
2015-12-18,79.55999755859375,79.79000091552734,79.33999633789062,79.52999877929688,44.62894821166992
2015-12-21,79.69999694824219,79.9000015258789,79.06999969482422,79.27999877929688,44.48862838745117
2015-12-22,79.4000015258789,80.26000213623047,79.36000061035156,80.23999786376953,45.027366638183594
2015-12-23,80.51000213623047,80.88999938964844,80.41999816894531,80.75,45.313568115234375
2015-12-24,80.3499984741211,80.69999694824219,80.2699966430664,80.48999786376953,45.40606689453125
2015-12-28,80.23999786376953,80.25,79.87999725341797,80.01000213623047,45.13529586791992
2015-12-29,80.16000366210938,80.52999877929688,80.1500015258789,80.47000122070312,45.39476013183594
2015-12-30,80.37000274658203,80.63999938964844,80.18000030517578,80.52999877929688,45.428653717041016
2015-12-31,80.4800033569336,80.87999725341797,80.38999938964844,80.58000183105469,45.456809997558594
2016-01-04,80.01000213623047,80.16000366210938,79.66999816894531,80.0999984741211,45.186058044433594
2016-01-05,80.33999633789062,80.52999877929688,80.06999969482422,80.25,45.27067565917969
2016-01-06,79.93000030517578,80.33000183105469,79.93000030517578,80.25,45.27067565917969
2016-01-07,79.66999816894531,80.0,79.62000274658203,79.7300033569336,44.97734451293945
2016-01-08,80.04000091552734,80.22000122070312,79.5,79.5199966430664,44.858882904052734
2016-01-11,79.86000061035156,79.94999694824219,79.30999755859375,79.4000015258789,44.79117965698242
2016-01-12,79.88999938964844,79.94999694824219,79.30000305175781,79.4800033569336,44.83631134033203
2016-01-13,79.54000091552734,79.62000274658203,78.48999786376953,78.5999984741211,44.33987045288086
2016-01-14,78.66000366210938,79.04000091552734,78.27999877929688,78.94999694824219,44.53733444213867
2016-01-15,77.66999816894531,78.68000030517578,77.41999816894531,77.91000366210938,43.95065689086914
2016-01-19,77.94999694824219,78.12999725341797,77.38999938964844,77.63999938964844,43.79835891723633
2016-01-20,77.02999877929688,77.41999816894531,75.81999969482422,77.12000274658203,43.50499725341797
2016-01-21,77.12000274658203,77.95999908447266,76.80000305175781,77.63999938964844,43.79835891723633
2016-01-22,78.4000015258789,78.91999816894531,78.23999786376953,78.83000183105469,44.469635009765625
2016-01-25,78.58999633789062,78.73999786376953,78.02999877929688,78.05000305175781,44.02962875366211
2016-01-26,78.36000061035156,78.79000091552734,78.18000030517578,78.75,44.424476623535156
2016-01-27,78.72000122070312,79.08000183105469,78.37999725341797,78.62999725341797,44.3568000793457
2016-01-28,79.11000061035156,79.29000091552734,78.73999786376953,79.02999877929688,44.58249282836914
2016-01-29,79.19999694824219,79.44999694824219,79.12999725341797,79.29000091552734,44.729129791259766
2016-02-01,78.76000213623047,78.79000091552734,78.30999755859375,78.43000030517578,44.46324920654297
2016-02-02,78.05000305175781,78.22000122070312,77.83000183105469,77.87000274658203,44.14575958251953
2016-02-03,78.11000061035156,78.4000015258789,77.62999725341797,78.25,44.36119079589844
2016-02-04,78.22000122070312,78.38999938964844,77.93000030517578,78.0,44.21947479248047
2016-02-05,77.98999786376953,77.98999786376953,77.27999877929688,77.4000015258789,43.879329681396484
2016-02-08,76.7699966430664,76.80000305175781,76.27999877929688,76.5,43.369083404541016
2016-02-09,76.08999633789062,76.55999755859375,75.87000274658203,76.20999908447266,43.20467758178711
2016-02-10,76.41000366210938,76.7300033569336,75.94999694824219,76.0999984741211,43.142330169677734
2016-02-11,75.3499984741211,75.87000274658203,75.08999633789062,75.58999633789062,42.85319519042969
2016-02-12,75.86000061035156,76.79000091552734,75.7699966430664,76.72000122070312,43.49382400512695
2016-02-16,76.80999755859375,77.02999877929688,76.69000244140625,76.79000091552734,43.53352737426758
2016-02-17,77.18000030517578,77.58999633789062,77.11000061035156,77.41999816894531,43.89065170288086
2016-02-18,77.69999694824219,77.75,77.44000244140625,77.48999786376953,43.93033981323242
2016-02-19,77.1500015258789,77.68000030517578,77.05000305175781,77.63999938964844,44.01537322998047
2016-02-22,78.04000091552734,78.3499984741211,77.94999694824219,78.30999755859375,44.39521789550781
2016-02-23,78.05999755859375,78.27999877929688,77.73999786376953,78.1500015258789,44.304500579833984
2016-02-24,77.55999755859375,78.37000274658203,77.45999908447266,78.27999877929688,44.37821960449219
2016-02-25,78.33000183105469,78.7300033569336,78.05999755859375,78.69999694824219,44.61632537841797
2016-02-26,78.94999694824219,79.30000305175781,78.86000061035156,79.2300033569336,44.91677474975586
2016-02-29,79.27999877929688,80.12999725341797,79.26000213623047,80.08000183105469,45.398651123046875
2016-03-01,79.83000183105469,81.01000213623047,79.54000091552734,80.91999816894531,46.11616134643555
2016-03-02,80.5,80.61000061035156,80.22000122070312,80.37000274658203,45.80270767211914
2016-03-03,80.2699966430664,80.87000274658203,79.98999786376953,80.63999938964844,45.95659255981445
2016-03-04,80.77999877929688,81.23999786376953,80.5,80.87000274658203,46.087677001953125
2016-03-07,80.68000030517578,81.0,80.66999816894531,80.97000122070312,46.14463806152344
2016-03-08,80.79000091552734,80.8499984741211,80.36000061035156,80.4000015258789,45.819828033447266
2016-03-09,80.55000305175781,80.69999694824219,80.36000061035156,80.5999984741211,45.933815002441406
2016-03-10,81.05999755859375,81.19000244140625,80.55000305175781,81.16000366210938,46.252952575683594
2016-03-11,81.72000122070312,82.26000213623047,81.63999938964844,82.13999938964844,46.81146240234375
2016-03-14,81.87999725341797,82.05999755859375,81.52999877929688,81.91000366210938,46.680362701416016
2016-03-15,81.4000015258789,81.4800033569336,81.11000061035156,81.1500015258789,46.24722671508789
2016-03-16,80.93000030517578,81.98999786376953,80.81999969482422,81.69000244140625,46.554969787597656
2016-03-17,81.87999725341797,82.3499984741211,81.72000122070312,82.20999908447266,46.851322174072266
2016-03-18,82.30000305175781,82.61000061035156,82.27999877929688,82.4000015258789,46.95962142944336
2016-03-21,82.38999938964844,82.45999908447266,82.13999938964844,82.30999755859375,46.90828323364258
2016-03-22,82.13999938964844,82.25,81.9800033569336,82.08999633789062,46.78294372558594
2016-03-23,82.06999969482422,82.06999969482422,81.68000030517578,81.70999908447266,46.566383361816406
2016-03-24,81.12000274658203,81.48999786376953,81.08000183105469,81.3499984741211,46.36121368408203
2016-03-28,81.26000213623047,81.43000030517578,80.94000244140625,80.9800033569336,46.150367736816406
2016-03-29,80.73999786376953,81.31999969482422,80.68000030517578,81.29000091552734,46.32700729370117
2016-03-30,81.44000244140625,81.70999908447266,81.38999938964844,81.58000183105469,46.492286682128906
2016-03-31,81.48999786376953,81.9000015258789,81.4800033569336,81.69000244140625,46.554969787597656
2016-04-01,80.9800033569336,81.51000213623047,80.80000305175781,81.37000274658203,46.58876419067383
2016-04-04,81.26000213623047,81.51000213623047,81.08000183105469,81.16999816894531,46.47426986694336
2016-04-05,80.81999969482422,81.06999969482422,80.77999877929688,80.87000274658203,46.3025016784668
2016-04-06,81.01000213623047,81.62000274658203,80.9800033569336,81.55000305175781,46.691829681396484
2016-04-07,81.22000122070312,81.41000366210938,81.05999755859375,81.1500015258789,46.462799072265625
2016-04-08,81.58000183105469,81.63999938964844,81.41999816894531,81.5199966430664,46.67462921142578
2016-04-11,81.6500015258789,81.86000061035156,81.62000274658203,81.62999725341797,46.737632751464844
2016-04-12,81.7699966430664,82.13999938964844,81.72000122070312,82.11000061035156,47.0124626159668
2016-04-13,82.30999755859375,82.81999969482422,82.30999755859375,82.6500015258789,47.321632385253906
2016-04-14,82.6500015258789,82.7300033569336,82.5,82.62000274658203,47.304447174072266
2016-04-15,82.47000122070312,82.56999969482422,82.4000015258789,82.48999786376953,47.23003387451172
2016-04-18,82.16000366210938,82.97000122070312,82.12999725341797,82.95999908447266,47.49911880493164
2016-04-19,83.1500015258789,83.41000366210938,83.08000183105469,83.30999755859375,47.69952392578125
2016-04-20,83.37999725341797,83.69999694824219,83.22000122070312,83.47000122070312,47.791114807128906
2016-04-21,83.56999969482422,83.5999984741211,83.16999816894531,83.20999908447266,47.64226150512695
2016-04-22,83.27999877929688,83.44999694824219,83.20999908447266,83.4000015258789,47.75105667114258
2016-04-25,83.25,83.37000274658203,83.05000305175781,83.08000183105469,47.567832946777344
2016-04-26,83.29000091552734,83.37000274658203,83.16000366210938,83.36000061035156,47.7281379699707
2016-04-27,83.44000244140625,83.91000366210938,83.41000366210938,83.8499984741211,48.00871276855469
2016-04-28,83.83000183105469,84.04000091552734,83.6500015258789,83.70999908447266,47.92855453491211
2016-04-29,83.62999725341797,83.91000366210938,83.3499984741211,83.8499984741211,48.00871276855469
2016-05-02,83.37999725341797,83.52999877929688,83.29000091552734,83.5,48.027095794677734
2016-05-03,83.19999694824219,83.22000122070312,82.83999633789062,82.95999908447266,47.716495513916016
2016-05-04,82.80999755859375,82.86000061035156,82.61000061035156,82.6500015258789,47.53818893432617
2016-05-05,82.91000366210938,82.91999816894531,82.54000091552734,82.58000183105469,47.49794006347656
2016-05-06,82.2300033569336,82.70999908447266,82.20999908447266,82.52999877929688,47.46917724609375
2016-05-09,82.4000015258789,82.58999633789062,82.27999877929688,82.37999725341797,47.382911682128906
2016-05-10,82.43000030517578,83.0999984741211,82.43000030517578,83.08000183105469,47.785526275634766
2016-05-11,83.08000183105469,83.36000061035156,82.93000030517578,83.0199966430664,47.751033782958984
2016-05-12,83.23999786376953,83.23999786376953,82.95999908447266,83.1500015258789,47.82579803466797
2016-05-13,83.06999969482422,83.18000030517578,82.73999786376953,82.77999877929688,47.612972259521484
2016-05-16,82.93000030517578,83.27999877929688,82.87000274658203,83.23999786376953,47.87755584716797
2016-05-17,83.0999984741211,83.31999969482422,83.01000213623047,83.06999969482422,47.7797737121582
2016-05-18,83.0999984741211,83.33000183105469,82.8499984741211,83.08000183105469,47.785526275634766
2016-05-19,82.79000091552734,82.91000366210938,82.58999633789062,82.8499984741211,47.65323257446289
2016-05-20,82.86000061035156,83.16000366210938,82.86000061035156,83.13999938964844,47.82003402709961
2016-05-23,83.12000274658203,83.5999984741211,82.95999908447266,83.16000366210938,47.8315544128418
2016-05-24,83.37000274658203,83.66000366210938,83.30999755859375,83.66000366210938,48.11914825439453
2016-05-25,83.83000183105469,83.91999816894531,83.75,83.79000091552734,48.19389343261719
2016-05-26,83.94000244140625,83.94000244140625,83.54000091552734,83.55000305175781,48.055870056152344
2016-05-27,83.58999633789062,83.69000244140625,83.52999877929688,83.69000244140625,48.136375427246094
2016-05-31,83.75,83.87000274658203,83.5199966430664,83.61000061035156,48.090362548828125
2016-06-01,82.98999786376953,83.37999725341797,82.9000015258789,83.33999633789062,48.16664123535156
2016-06-02,83.19999694824219,83.41000366210938,83.11000061035156,83.36000061035156,48.17823028564453
2016-06-03,83.44000244140625,83.55999755859375,83.2300033569336,83.51000213623047,48.26494216918945
2016-06-06,83.77999877929688,83.93000030517578,83.62000274658203,83.87999725341797,48.478755950927734
2016-06-07,83.9800033569336,84.3499984741211,83.93000030517578,84.25,48.692604064941406
2016-06-08,84.36000061035156,84.5999984741211,84.3499984741211,84.56999969482422,48.877525329589844
2016-06-09,84.56999969482422,84.56999969482422,84.13999938964844,84.23999786376953,48.686805725097656
2016-06-10,83.9000015258789,84.0199966430664,83.66000366210938,83.83000183105469,48.44987106323242
2016-06-13,83.5,83.80999755859375,83.2699966430664,83.2699966430664,48.1262092590332
2016-06-14,83.12999725341797,83.23999786376953,82.7699966430664,82.98999786376953,47.96436309814453
2016-06-15,83.26000213623047,83.37999725341797,82.97000122070312,83.02999877929688,47.98748779296875
2016-06-16,82.8499984741211,83.1500015258789,82.44999694824219,83.08000183105469,48.01640701293945
2016-06-17,83.08999633789062,83.33000183105469,83.05999755859375,83.12999725341797,48.045284271240234
2016-06-20,83.7300033569336,83.97000122070312,83.52999877929688,83.62000274658203,48.32849884033203
2016-06-21,83.7699966430664,83.9800033569336,83.62999725341797,83.94000244140625,48.51346206665039
2016-06-22,83.98999786376953,84.12000274658203,83.88999938964844,84.0199966430664,48.55966567993164
2016-06-23,84.38999938964844,84.63999938964844,84.31999969482422,84.63999938964844,48.91802215576172
2016-06-24,82.98999786376953,84.19999694824219,82.9000015258789,83.25,48.11463928222656
2016-06-27,83.0,83.05999755859375,82.01000213623047,82.05000305175781,47.42110061645508
2016-06-28,82.83000183105469,83.11000061035156,82.69000244140625,83.08000183105469,48.01640701293945
2016-06-29,83.58000183105469,84.30000305175781,83.54000091552734,84.12999725341797,48.62323760986328
2016-06-30,84.05999755859375,84.80000305175781,83.94000244140625,84.69999694824219,48.95268249511719
2016-07-01,84.30000305175781,84.69999694824219,84.25,84.47000122070312,49.04965591430664
2016-07-05,84.30000305175781,84.30000305175781,83.8499984741211,83.98999786376953,48.77093505859375
2016-07-06,83.87999725341797,84.37000274658203,83.75,84.36000061035156,48.98576354980469
2016-07-07,84.37999725341797,84.5999984741211,84.25,84.47000122070312,49.04965591430664
2016-07-08,84.81999969482422,85.63999938964844,84.79000091552734,85.58999633789062,49.700016021728516
2016-07-11,85.63999938964844,85.91999816894531,85.5999984741211,85.63999938964844,49.729042053222656
2016-07-12,86.05999755859375,86.31999969482422,85.86000061035156,85.87999725341797,49.86839294433594
2016-07-13,85.87000274658203,85.9000015258789,85.51000213623047,85.62999725341797,49.72322082519531
2016-07-14,85.9000015258789,85.91000366210938,85.5999984741211,85.80000305175781,49.82197570800781
2016-07-15,85.8499984741211,85.94000244140625,85.5999984741211,85.62999725341797,49.72322082519531
2016-07-18,85.68000030517578,85.94000244140625,85.62999725341797,85.91999816894531,49.89159393310547
2016-07-19,85.7300033569336,85.87000274658203,85.54000091552734,85.69000244140625,49.75804901123047
2016-07-20,85.80999755859375,85.98999786376953,85.6500015258789,85.91000366210938,49.88582229614258
2016-07-21,85.77999877929688,86.08000183105469,85.73999786376953,85.79000091552734,49.81617736816406
2016-07-22,85.80999755859375,86.26000213623047,85.7300033569336,86.16999816894531,50.03680419921875
2016-07-25,86.08999633789062,86.08999633789062,85.68000030517578,85.76000213623047,49.79872512817383
2016-07-26,85.69999694824219,85.75,85.37999725341797,85.43000030517578,49.607086181640625
2016-07-27,85.58000183105469,85.72000122070312,85.33999633789062,85.69000244140625,49.75804901123047
2016-07-28,85.51000213623047,85.51000213623047,85.23999786376953,85.33000183105469,49.54905700683594
2016-07-29,85.18000030517578,85.43000030517578,84.98999786376953,85.41000366210938,49.595489501953125
2016-08-01,84.97000122070312,84.9800033569336,84.4800033569336,84.55000305175781,49.3172492980957
2016-08-02,84.5199966430664,84.61000061035156,84.29000091552734,84.43000030517578,49.24726104736328
2016-08-03,84.5,84.88999938964844,84.44999694824219,84.80999755859375,49.46890640258789
2016-08-04,85.12000274658203,85.45999908447266,85.0,85.3499984741211,49.783878326416016
2016-08-05,85.62999725341797,85.77999877929688,85.51000213623047,85.54000091552734,49.89470672607422
2016-08-08,85.69999694824219,85.93000030517578,85.5999984741211,85.88999938964844,50.0988655090332
2016-08-09,85.94000244140625,86.25,85.91999816894531,86.19000244140625,50.27383804321289
2016-08-10,86.20999908447266,86.25,86.0,86.02999877929688,50.1805305480957
2016-08-11,86.16999816894531,86.36000061035156,86.0999984741211,86.23999786376953,50.303009033203125
2016-08-12,86.19000244140625,86.33000183105469,86.12000274658203,86.30999755859375,50.343833923339844
2016-08-15,86.48999786376953,86.62000274658203,86.33000183105469,86.56999969482422,50.49551010131836
2016-08-16,86.5999984741211,86.5999984741211,86.3499984741211,86.38999938964844,50.390506744384766
2016-08-17,86.44999694824219,86.55000305175781,86.31999969482422,86.51000213623047,50.46051025390625
2016-08-18,86.58000183105469,86.8499984741211,86.5199966430664,86.8499984741211,50.65882110595703
2016-08-19,86.73999786376953,86.80999755859375,86.55000305175781,86.58999633789062,50.50718307495117
2016-08-22,86.5,86.55999755859375,86.30999755859375,86.44999694824219,50.425533294677734
2016-08-23,86.66999816894531,86.81999969482422,86.58999633789062,86.73999786376953,50.59467315673828
2016-08-24,86.7300033569336,86.77999877929688,86.48999786376953,86.5,50.454689025878906
2016-08-25,86.55000305175781,86.7699966430664,86.52999877929688,86.66000366210938,50.5479850769043
2016-08-26,86.61000061035156,87.0199966430664,86.41000366210938,86.55999755859375,50.489681243896484
2016-08-29,86.69000244140625,87.04000091552734,86.66000366210938,86.98999786376953,50.74049758911133
2016-08-30,86.98999786376953,87.13999938964844,86.79000091552734,87.04000091552734,50.76966094970703
2016-08-31,86.97000122070312,87.02999877929688,86.62000274658203,86.69999694824219,50.571319580078125
2016-09-01,86.4000015258789,86.52999877929688,86.12000274658203,86.5,50.67152786254883
2016-09-02,86.76000213623047,87.02999877929688,86.62000274658203,86.9000015258789,50.905826568603516
2016-09-06,86.87000274658203,87.01000213623047,86.8499984741211,87.0,50.964420318603516
2016-09-07,86.94999694824219,87.01000213623047,86.69999694824219,86.76000213623047,50.823814392089844
2016-09-08,86.7699966430664,86.81999969482422,86.58999633789062,86.5999984741211,50.73009490966797
2016-09-09,86.3499984741211,86.55999755859375,85.73999786376953,85.7699966430664,50.243873596191406
2016-09-12,85.5999984741211,86.2300033569336,85.55000305175781,86.06999969482422,50.419612884521484
2016-09-13,85.86000061035156,85.97000122070312,85.2699966430664,85.41000366210938,50.032989501953125
2016-09-14,85.52999877929688,85.80999755859375,85.29000091552734,85.38999938964844,50.02127456665039
2016-09-15,85.5,85.93000030517578,85.44000244140625,85.88999938964844,50.31416702270508
2016-09-16,85.77999877929688,85.93000030517578,85.58000183105469,85.91000366210938,50.32587814331055
2016-09-19,85.97000122070312,86.06999969482422,85.81999969482422,85.95999908447266,50.35517883300781
2016-09-20,86.0,86.0999984741211,85.72000122070312,85.86000061035156,50.296634674072266
2016-09-21,85.91000366210938,86.62000274658203,85.87999725341797,86.56999969482422,50.712501525878906
2016-09-22,86.86000061035156,87.12999725341797,86.70999908447266,86.86000061035156,50.88238525390625
2016-09-23,86.80000305175781,86.97000122070312,86.69999694824219,86.76000213623047,50.823814392089844
2016-09-26,86.56999969482422,86.68000030517578,86.30999755859375,86.37999725341797,50.60120391845703
2016-09-27,86.26000213623047,86.63999938964844,86.12999725341797,86.62999725341797,50.74767303466797
2016-09-28,86.77999877929688,87.2300033569336,86.47000122070312,87.20999908447266,51.0874137878418
2016-09-29,87.16999816894531,87.19000244140625,86.55999755859375,86.87999725341797,50.89409255981445
2016-09-30,87.0,87.29000091552734,86.9800033569336,87.26000213623047,51.11670684814453
2016-10-03,86.81999969482422,86.91000366210938,86.6500015258789,86.81999969482422,51.08491134643555
2016-10-04,86.94000244140625,87.0,86.55999755859375,86.66999816894531,50.99667739868164
2016-10-05,86.97000122070312,86.98999786376953,86.76000213623047,86.9000015258789,51.132015228271484
2016-10-06,86.97000122070312,86.98999786376953,86.7300033569336,86.94999694824219,51.16142272949219
2016-10-07,86.98999786376953,87.19000244140625,86.73999786376953,87.1500015258789,51.27910614013672
2016-10-10,87.20999908447266,87.5,87.1500015258789,87.4000015258789,51.42621994018555
2016-10-11,87.2699966430664,87.27999877929688,86.7699966430664,86.91000366210938,51.137882232666016
2016-10-12,86.87000274658203,87.02999877929688,86.7300033569336,86.87999725341797,51.12023162841797
2016-10-13,86.61000061035156,86.7699966430664,86.43000030517578,86.66000366210938,50.990787506103516
2016-10-14,86.91000366210938,86.9800033569336,86.73999786376953,86.86000061035156,51.10848617553711
2016-10-17,86.83999633789062,86.98999786376953,86.70999908447266,86.73999786376953,51.03786849975586
2016-10-18,87.05000305175781,87.12000274658203,86.81999969482422,87.08999633789062,51.24380111694336
2016-10-19,87.16000366210938,87.38999938964844,87.13999938964844,87.33999633789062,51.39088821411133
2016-10-20,87.33999633789062,87.41000366210938,87.18000030517578,87.3499984741211,51.39677047729492
2016-10-21,87.18000030517578,87.44999694824219,87.06999969482422,87.37000274658203,51.408573150634766
2016-10-24,87.4800033569336,87.55999755859375,87.27999877929688,87.41999816894531,51.437992095947266
2016-10-25,87.33000183105469,87.41999816894531,87.2300033569336,87.37000274658203,51.408573150634766
2016-10-26,87.1500015258789,87.3499984741211,86.98999786376953,87.0199966430664,51.20259475708008
2016-10-27,87.08999633789062,87.12999725341797,86.55000305175781,86.69999694824219,51.01432800292969
2016-10-28,86.5999984741211,86.66000366210938,86.20999908447266,86.27999877929688,50.767208099365234
2016-10-31,86.26000213623047,86.30999755859375,85.93000030517578,86.0199966430664,50.61420822143555
2016-11-01,85.68000030517578,85.68000030517578,84.97000122070312,85.30000305175781,50.41680145263672
2016-11-02,85.16000366210938,85.23999786376953,84.81999969482422,84.91999816894531,50.192203521728516
2016-11-03,85.0999984741211,85.2300033569336,84.87000274658203,84.94000244140625,50.20402145385742
2016-11-04,85.08999633789062,85.25,84.91000366210938,84.9800033569336,50.227657318115234
2016-11-07,85.75,86.22000122070312,85.69000244140625,86.16999816894531,50.93103790283203
2016-11-08,85.7699966430664,86.12999725341797,85.73999786376953,85.9800033569336,50.818721771240234
2016-11-09,85.44999694824219,86.0,85.30000305175781,85.37999725341797,50.46409606933594
2016-11-10,85.19999694824219,85.19999694824219,84.20999908447266,84.26000213623047,49.8021240234375
2016-11-11,83.98999786376953,84.19999694824219,83.25,83.47000122070312,49.33517074584961
2016-11-14,83.25,84.19000244140625,83.23999786376953,84.08999633789062,49.7016487121582
2016-11-15,84.5199966430664,85.30999755859375,84.5199966430664,85.19999694824219,50.357688903808594
2016-11-16,84.83999633789062,85.0,84.7300033569336,84.86000061035156,50.1567497253418
2016-11-17,84.8499984741211,85.08999633789062,84.62999725341797,84.62999725341797,50.02083206176758
2016-11-18,84.80999755859375,84.94000244140625,84.4800033569336,84.62999725341797,50.02083206176758
2016-11-21,84.8499984741211,85.3499984741211,84.83999633789062,85.30999755859375,50.4227409362793
2016-11-22,85.44999694824219,86.02999877929688,85.41999816894531,85.94000244140625,50.795082092285156
2016-11-23,85.29000091552734,85.69000244140625,85.27999877929688,85.62000274658203,50.60594940185547
2016-11-25,85.66999816894531,85.76000213623047,85.5999984741211,85.7300033569336,50.67096710205078
2016-11-28,85.62000274658203,86.0,85.47000122070312,85.72000122070312,50.66508102416992
2016-11-29,85.5,85.69999694824219,85.43000030517578,85.61000061035156,50.60002136230469
2016-11-30,85.69999694824219,85.80000305175781,85.43000030517578,85.6500015258789,50.62370300292969
2016-12-01,85.27999877929688,85.31999969482422,84.87000274658203,84.87000274658203,50.38679885864258
2016-12-02,85.06999969482422,85.38999938964844,84.9800033569336,85.37999725341797,50.689579010009766
2016-12-05,85.41999816894531,85.66999816894531,85.37999725341797,85.5999984741211,50.820213317871094
2016-12-06,85.7300033569336,86.05999755859375,85.6500015258789,86.02999877929688,51.07545852661133
2016-12-07,86.13999938964844,86.5999984741211,86.06999969482422,86.45999908447266,51.33076095581055
2016-12-08,86.37000274658203,86.5,86.12999725341797,86.44999694824219,51.32484436035156
2016-12-09,86.41000366210938,86.62000274658203,86.36000061035156,86.48999786376953,51.348567962646484
2016-12-12,86.6500015258789,86.68000030517578,86.27999877929688,86.37000274658203,51.27730941772461
2016-12-13,86.69000244140625,86.83999633789062,86.55999755859375,86.58000183105469,51.402008056640625
2016-12-14,86.58000183105469,86.83999633789062,85.8499984741211,85.93000030517578,51.0161247253418
2016-12-15,85.79000091552734,86.13999938964844,85.75,85.97000122070312,51.03984832763672
2016-12-16,86.20999908447266,86.26000213623047,86.02999877929688,86.05000305175781,51.08737564086914
2016-12-19,86.12000274658203,86.37999725341797,86.0999984741211,86.2699966430664,51.21798324584961
2016-12-20,86.30000305175781,86.4800033569336,86.19000244140625,86.38999938964844,51.28919982910156
2016-12-21,86.3499984741211,86.62000274658203,86.33000183105469,86.54000091552734,51.3782844543457
2016-12-22,86.2699966430664,86.44000244140625,86.16999816894531,86.44000244140625,51.489013671875
2016-12-23,86.47000122070312,86.61000061035156,86.41000366210938,86.5999984741211,51.58436584472656
2016-12-27,86.48999786376953,86.66000366210938,86.44999694824219,86.5199966430664,51.53670120239258
2016-12-28,86.63999938964844,86.63999938964844,86.36000061035156,86.4000015258789,51.46525192260742
2016-12-29,86.47000122070312,86.55000305175781,86.37999725341797,86.5199966430664,51.53670120239258
2016-12-30,86.58000183105469,86.69999694824219,86.37999725341797,86.55000305175781,51.55455780029297
2017-01-03,86.87999725341797,86.94999694824219,86.69999694824219,86.91000366210938,51.76901626586914
2017-01-04,87.0,87.38999938964844,87.0,87.37999725341797,52.04893493652344
2017-01-05,87.26000213623047,87.41999816894531,87.19999694824219,87.25,51.97154998779297
2017-01-06,87.16000366210938,87.27999877929688,87.04000091552734,87.2300033569336,51.9595832824707
2017-01-09,87.20999908447266,87.27999877929688,87.05000305175781,87.20999908447266,51.947715759277344
2017-01-10,87.30999755859375,87.43000030517578,87.18000030517578,87.22000122070312,51.953651428222656
2017-01-11,87.25,87.31999969482422,87.11000061035156,87.2699966430664,51.98344802856445
2017-01-12,87.25,87.30000305175781,87.12999725341797,87.29000091552734,51.99536895751953
2017-01-13,87.26000213623047,87.4000015258789,87.0999984741211,87.31999969482422,52.01322937011719
2017-01-17,87.26000213623047,87.29000091552734,87.1500015258789,87.2300033569336,51.9595832824707
2017-01-18,87.19999694824219,87.30999755859375,87.0999984741211,87.30999755859375,52.00727462768555
2017-01-19,87.25,87.30000305175781,86.94000244140625,87.02999877929688,51.84049606323242
2017-01-20,87.05999755859375,87.22000122070312,86.97000122070312,87.19999694824219,51.941768646240234
2017-01-23,87.12999725341797,87.22000122070312,87.04000091552734,87.19999694824219,51.941768646240234
2017-01-24,87.1500015258789,87.31999969482422,87.11000061035156,87.26000213623047,51.97750473022461
2017-01-25,87.4000015258789,87.56999969482422,87.33999633789062,87.56999969482422,52.162166595458984
2017-01-26,87.5,87.58999633789062,87.41000366210938,87.52999877929688,52.13832473754883
2017-01-27,87.45999908447266,87.69000244140625,87.44999694824219,87.61000061035156,52.18598556518555
2017-01-30,87.4800033569336,87.54000091552734,87.30999755859375,87.43000030517578,52.078739166259766
2017-01-31,87.38999938964844,87.41999816894531,87.18000030517578,87.33999633789062,52.025150299072266
2017-02-01,87.19999694824219,87.33000183105469,86.94999694824219,87.27999877929688,52.217796325683594
2017-02-02,87.2699966430664,87.37000274658203,87.13999938964844,87.33000183105469,52.24772262573242
2017-02-03,87.5199966430664,87.58000183105469,87.43000030517578,87.4800033569336,52.33745574951172
2017-02-06,87.5,87.52999877929688,87.3499984741211,87.41999816894531,52.301570892333984
2017-02-07,87.5199966430664,87.5199966430664,87.27999877929688,87.29000091552734,52.2237663269043
2017-02-08,87.29000091552734,87.36000061035156,87.12000274658203,87.3499984741211,52.259666442871094
2017-02-09,87.3499984741211,87.54000091552734,87.3499984741211,87.47000122070312,52.33147048950195
2017-02-10,87.5199966430664,87.55000305175781,87.4000015258789,87.52999877929688,52.36737060546875
2017-02-13,87.5999984741211,87.72000122070312,87.58999633789062,87.66000366210938,52.44515609741211
2017-02-14,87.6500015258789,87.76000213623047,87.47000122070312,87.72000122070312,52.48103713989258
2017-02-15,87.62999725341797,87.7699966430664,87.56999969482422,87.75,52.49897766113281
2017-02-16,87.66000366210938,88.08000183105469,87.51000213623047,87.68000030517578,52.457130432128906
2017-02-17,87.58999633789062,87.79000091552734,87.51000213623047,87.7699966430664,52.51091003417969
2017-02-21,87.7699966430664,88.05999755859375,87.7699966430664,88.05999755859375,52.684417724609375
2017-02-22,88.01000213623047,88.12000274658203,87.94000244140625,88.0999984741211,52.708404541015625
2017-02-23,88.29000091552734,88.30000305175781,88.08000183105469,88.18000030517578,52.75625228881836
2017-02-24,88.11000061035156,88.37000274658203,88.05999755859375,88.25,52.79812240600586
2017-02-27,88.25,88.36000061035156,88.19000244140625,88.36000061035156,52.86390686035156
2017-02-28,88.30000305175781,88.37000274658203,88.23999786376953,88.29000091552734,52.822052001953125
2017-03-01,88.18000030517578,88.30999755859375,88.18000030517578,88.2300033569336,53.016746520996094
2017-03-02,88.25,88.25,87.94999694824219,87.94999694824219,52.8484992980957
2017-03-03,88.0199966430664,88.08999633789062,87.81999969482422,87.98999786376953,52.872528076171875
2017-03-06,87.8499984741211,87.88999938964844,87.69000244140625,87.70999908447266,52.70429229736328
2017-03-07,87.52999877929688,87.5999984741211,87.12000274658203,87.13999938964844,52.36177062988281
2017-03-08,86.93000030517578,87.06999969482422,86.55000305175781,86.55999755859375,52.01325225830078
2017-03-09,86.37999725341797,86.72000122070312,86.19999694824219,86.33000183105469,51.875030517578125
2017-03-10,86.87999725341797,86.87999725341797,86.08000183105469,86.30000305175781,51.857032775878906
2017-03-13,86.37999725341797,86.4800033569336,86.12000274658203,86.37000274658203,51.89909362792969
2017-03-14,86.12000274658203,86.20999908447266,85.98999786376953,86.11000061035156,51.74285888671875
2017-03-15,86.4000015258789,87.30000305175781,86.31999969482422,87.30000305175781,52.45790481567383
2017-03-16,87.5,87.52999877929688,87.02999877929688,87.05000305175781,52.307708740234375
2017-03-17,87.25,87.25,87.04000091552734,87.08000183105469,52.325706481933594
2017-03-20,87.06999969482422,87.06999969482422,86.91000366210938,86.91000366210938,52.22357940673828
2017-03-21,87.08000183105469,87.16999816894531,86.27999877929688,86.29000091552734,51.85102844238281
2017-03-22,86.23999786376953,86.56999969482422,86.0199966430664,86.5,51.977195739746094
2017-03-23,86.43000030517578,86.75,86.37000274658203,86.52999877929688,51.9952392578125
2017-03-24,86.5999984741211,86.86000061035156,86.5999984741211,86.83000183105469,52.175533294677734
2017-03-27,86.5199966430664,86.77999877929688,86.4000015258789,86.73999786376953,52.12141799926758
2017-03-28,86.69999694824219,87.25,86.69999694824219,87.22000122070312,52.40985870361328
2017-03-29,87.27999877929688,87.55000305175781,87.22000122070312,87.4000015258789,52.51803207397461
2017-03-30,87.5999984741211,87.83000183105469,87.47000122070312,87.80999755859375,52.76435852050781
2017-03-31,87.7300033569336,87.9000015258789,87.69000244140625,87.77999877929688,52.746337890625
2017-04-03,87.45999908447266,87.47000122070312,87.2300033569336,87.36000061035156,52.717960357666016
2017-04-04,87.37000274658203,87.48999786376953,87.29000091552734,87.38999938964844,52.7360725402832
2017-04-05,87.52999877929688,87.70999908447266,87.2699966430664,87.31999969482422,52.69385528564453
2017-04-06,87.4000015258789,87.5199966430664,87.30000305175781,87.43000030517578,52.760215759277344
2017-04-07,87.55000305175781,87.62000274658203,87.38999938964844,87.38999938964844,52.7360725402832
2017-04-10,87.52999877929688,87.62000274658203,87.44999694824219,87.51000213623047,52.80849838256836
2017-04-11,87.56999969482422,87.56999969482422,87.23999786376953,87.33999633789062,52.705894470214844
2017-04-12,87.4000015258789,87.5999984741211,87.31999969482422,87.4000015258789,52.742149353027344
2017-04-13,87.37000274658203,87.48999786376953,87.16000366210938,87.22000122070312,52.63351058959961
2017-04-17,87.33000183105469,87.5,87.2300033569336,87.4800033569336,52.7904052734375
2017-04-18,87.47000122070312,87.55999755859375,87.2300033569336,87.45999908447266,52.7783088684082
2017-04-19,87.51000213623047,87.69999694824219,87.33000183105469,87.37999725341797,52.73005294799805
2017-04-20,87.4800033569336,87.69000244140625,87.44000244140625,87.66999816894531,52.905059814453125
2017-04-21,87.63999938964844,87.70999908447266,87.48999786376953,87.5999984741211,52.86280059814453
2017-04-24,87.95999908447266,88.0199966430664,87.87999725341797,88.01000213623047,53.1102294921875
2017-04-25,88.06999969482422,88.19999694824219,88.02999877929688,88.16999816894531,53.2067985534668
2017-04-26,88.08999633789062,88.2300033569336,88.06999969482422,88.08999633789062,53.15849685668945
2017-04-27,88.08999633789062,88.16000366210938,88.01000213623047,88.1500015258789,53.19473648071289
2017-04-28,88.16000366210938,88.23999786376953,88.06999969482422,88.12000274658203,53.17662811279297
2017-05-01,87.75,87.8499984741211,87.69999694824219,87.79000091552734,53.20387268066406
2017-05-02,87.88999938964844,87.9000015258789,87.76000213623047,87.81999969482422,53.222076416015625
2017-05-03,87.88999938964844,87.94999694824219,87.80000305175781,87.9000015258789,53.27055740356445
2017-05-04,87.83999633789062,87.83999633789062,87.3499984741211,87.43000030517578,52.98571014404297
2017-05-05,87.43000030517578,87.66000366210938,87.37999725341797,87.58000183105469,53.07659912109375
2017-05-08,87.61000061035156,87.7300033569336,87.54000091552734,87.68000030517578,53.13721466064453
2017-05-09,87.80000305175781,87.8499984741211,87.61000061035156,87.62000274658203,53.1008415222168
2017-05-10,87.8499984741211,88.04000091552734,87.7300033569336,88.0,53.331146240234375
2017-05-11,87.94000244140625,88.04000091552734,87.83000183105469,88.01000213623047,53.33720779418945
2017-05-12,88.05999755859375,88.06999969482422,87.91000366210938,87.9800033569336,53.31904983520508
2017-05-15,88.12000274658203,88.25,88.11000061035156,88.18000030517578,53.440208435058594
2017-05-16,88.2699966430664,88.3499984741211,88.18000030517578,88.30999755859375,53.519020080566406
2017-05-17,88.0199966430664,88.0999984741211,87.87000274658203,87.91999816894531,53.282630920410156
2017-05-18,87.66000366210938,88.16000366210938,87.62999725341797,88.0199966430664,53.34327697753906
2017-05-19,88.16999816894531,88.30999755859375,88.12999725341797,88.18000030517578,53.440208435058594
2017-05-22,88.36000061035156,88.44999694824219,88.2699966430664,88.44999694824219,53.603878021240234
2017-05-23,88.48999786376953,88.48999786376953,88.3499984741211,88.44000244140625,53.59778594970703
2017-05-24,88.5,88.61000061035156,88.4000015258789,88.58999633789062,53.688716888427734
2017-05-25,88.58999633789062,88.75,88.48999786376953,88.5199966430664,53.646278381347656
2017-05-26,88.5,88.58999633789062,88.5,88.56999969482422,53.676597595214844
2017-05-30,88.55999755859375,88.69999694824219,88.5199966430664,88.66000366210938,53.731170654296875
2017-05-31,88.66999816894531,88.69999694824219,88.52999877929688,88.6500015258789,53.72505569458008
2017-06-01,88.36000061035156,88.5999984741211,88.29000091552734,88.52999877929688,53.88147735595703
2017-06-02,88.55000305175781,88.66000366210938,88.5,88.58000183105469,53.91193389892578
2017-06-05,88.55000305175781,88.63999938964844,88.45999908447266,88.5,53.86323928833008
2017-06-06,88.4800033569336,88.51000213623047,88.30999755859375,88.36000061035156,53.77801513671875
2017-06-07,88.44000244140625,88.44000244140625,88.06999969482422,88.18000030517578,53.6684455871582
2017-06-08,88.19999694824219,88.33999633789062,88.02999877929688,88.25,53.711063385009766
2017-06-09,88.33999633789062,88.44999694824219,88.19999694824219,88.31999969482422,53.753665924072266
2017-06-12,88.3499984741211,88.54000091552734,88.29000091552734,88.47000122070312,53.84495544433594
2017-06-13,88.51000213623047,88.63999938964844,88.5,88.62999725341797,53.94235610961914
2017-06-14,88.73999786376953,88.75,88.5199966430664,88.63999938964844,53.94844436645508
2017-06-15,88.41999816894531,88.44999694824219,88.12000274658203,88.30000305175781,53.741512298583984
2017-06-16,88.37999725341797,88.37999725341797,88.12999725341797,88.1500015258789,53.65022277832031
2017-06-19,88.31999969482422,88.44999694824219,88.29000091552734,88.41999816894531,53.81455612182617
2017-06-20,88.1500015258789,88.22000122070312,88.0999984741211,88.11000061035156,53.62587356567383
2017-06-21,88.12000274658203,88.16000366210938,87.5199966430664,87.5999984741211,53.31546401977539
2017-06-22,87.69000244140625,87.87999725341797,87.62999725341797,87.83999633789062,53.4615364074707
2017-06-23,87.87999725341797,88.22000122070312,87.87000274658203,88.19999694824219,53.68065643310547
2017-06-26,88.18000030517578,88.36000061035156,88.1500015258789,88.31999969482422,53.753665924072266
2017-06-27,88.31999969482422,88.33999633789062,87.9800033569336,88.04000091552734,53.583251953125
2017-06-28,88.20999908447266,88.44000244140625,88.11000061035156,88.4000015258789,53.80237579345703
2017-06-29,88.26000213623047,88.38999938964844,88.05999755859375,88.18000030517578,53.6684455871582
2017-06-30,88.30000305175781,88.4800033569336,88.20999908447266,88.38999938964844,53.79627990722656
2017-07-03,88.01000213623047,88.25,87.87999725341797,87.97000122070312,53.7700080871582
2017-07-05,88.02999877929688,88.11000061035156,87.83999633789062,87.9000015258789,53.72720718383789
2017-07-06,87.87000274658203,87.88999938964844,87.54000091552734,87.68000030517578,53.59274673461914
2017-07-07,87.61000061035156,87.70999908447266,87.44999694824219,87.5999984741211,53.5438346862793
2017-07-10,87.5999984741211,87.73999786376953,87.56999969482422,87.69999694824219,53.604957580566406
2017-07-11,87.69999694824219,87.72000122070312,87.5199966430664,87.63999938964844,53.568321228027344
2017-07-12,87.98999786376953,88.20999908447266,87.87000274658203,88.20999908447266,53.91669464111328
2017-07-13,88.22000122070312,88.31999969482422,88.12999725341797,88.27999877929688,53.95949935913086
2017-07-14,88.33999633789062,88.56999969482422,88.25,88.52999877929688,54.11227798461914
2017-07-17,88.55000305175781,88.58999633789062,88.4800033569336,88.55999755859375,54.1306266784668
2017-07-18,88.54000091552734,88.63999938964844,88.47000122070312,88.5999984741211,54.15507125854492
2017-07-19,88.69000244140625,88.83000183105469,88.62999725341797,88.75,54.24673843383789
2017-07-20,88.83999633789062,88.8499984741211,88.66999816894531,88.80000305175781,54.27733612060547
2017-07-21,88.77999877929688,88.79000091552734,88.6500015258789,88.7300033569336,54.23453140258789
2017-07-24,88.70999908447266,88.80000305175781,88.6500015258789,88.80000305175781,54.27733612060547
2017-07-25,88.87000274658203,88.91000366210938,88.79000091552734,88.83999633789062,54.30177307128906
2017-07-26,88.97000122070312,89.04000091552734,88.86000061035156,88.97000122070312,54.38121032714844
2017-07-27,88.95999908447266,89.0,88.80999755859375,88.9000015258789,54.338443756103516
2017-07-28,88.8499984741211,88.91000366210938,88.7699966430664,88.91000366210938,54.34455490112305
2017-07-31,88.80000305175781,88.98999786376953,88.79000091552734,88.91000366210938,54.34455490112305
2017-08-01,88.61000061035156,88.68000030517578,88.56999969482422,88.62999725341797,54.39857864379883
2017-08-02,88.62999725341797,88.72000122070312,88.58999633789062,88.6500015258789,54.410831451416016
2017-08-03,88.56999969482422,88.66000366210938,88.41999816894531,88.4800033569336,54.30651092529297
2017-08-04,88.4800033569336,88.5199966430664,88.41000366210938,88.5,54.31876754760742
2017-08-07,88.5,88.5,88.4000015258789,88.45999908447266,54.29421615600586
2017-08-08,88.41999816894531,88.5,87.98999786376953,88.08000183105469,54.060997009277344
2017-08-09,87.9000015258789,87.9800033569336,87.68000030517578,87.73999786376953,53.852325439453125
2017-08-10,87.55999755859375,87.63999938964844,87.11000061035156,87.18000030517578,53.50859069824219
2017-08-11,87.37000274658203,87.45999908447266,87.26000213623047,87.33000183105469,53.60065460205078
2017-08-14,87.58999633789062,87.94000244140625,87.58999633789062,87.79000091552734,53.88298416137695
2017-08-15,87.80000305175781,87.88999938964844,87.7300033569336,87.81999969482422,53.90141677856445
2017-08-16,87.88999938964844,87.97000122070312,87.80000305175781,87.83000183105469,53.90753173828125
2017-08-17,87.72000122070312,87.80000305175781,87.29000091552734,87.33999633789062,53.60680389404297
2017-08-18,87.48999786376953,87.69000244140625,87.29000091552734,87.47000122070312,53.686588287353516
2017-08-21,87.58000183105469,87.61000061035156,87.44999694824219,87.55999755859375,53.741825103759766
2017-08-22,87.63999938964844,88.0,87.58999633789062,87.91999816894531,53.96277618408203
2017-08-23,87.7699966430664,87.97000122070312,87.70999908447266,87.93000030517578,53.96889877319336
2017-08-24,87.97000122070312,88.06999969482422,87.87999725341797,88.05999755859375,54.048728942871094
2017-08-25,88.04000091552734,88.25,88.01000213623047,88.22000122070312,54.14695358276367
2017-08-28,88.2699966430664,88.2699966430664,88.13999938964844,88.2300033569336,54.153053283691406
2017-08-29,88.01000213623047,88.1500015258789,87.98999786376953,88.12000274658203,54.0855598449707
2017-08-30,88.1500015258789,88.4000015258789,88.13999938964844,88.36000061035156,54.232845306396484
2017-08-31,88.41999816894531,88.61000061035156,88.41999816894531,88.5999984741211,54.380123138427734
2017-09-01,88.1500015258789,88.3499984741211,88.1500015258789,88.31999969482422,54.43560028076172
2017-09-05,88.26000213623047,88.26000213623047,87.95999908447266,88.12000274658203,54.31237030029297
2017-09-06,88.2300033569336,88.27999877929688,88.04000091552734,88.05999755859375,54.2754020690918
2017-09-07,88.19999694824219,88.19999694824219,88.05999755859375,88.06999969482422,54.281558990478516
2017-09-08,88.05999755859375,88.05999755859375,87.79000091552734,87.79000091552734,54.10896682739258
2017-09-11,87.94000244140625,88.19000244140625,87.8499984741211,88.06999969482422,54.281558990478516
2017-09-12,88.11000061035156,88.19000244140625,88.05000305175781,88.18000030517578,54.349327087402344
2017-09-13,88.0999984741211,88.2300033569336,88.05000305175781,88.20999908447266,54.36781311035156
2017-09-14,88.16999816894531,88.37000274658203,88.16000366210938,88.33000183105469,54.44178771972656
2017-09-15,88.27999877929688,88.43000030517578,88.23999786376953,88.41000366210938,54.491111755371094
2017-09-18,88.37999725341797,88.41999816894531,88.31999969482422,88.37000274658203,54.466453552246094
2017-09-19,88.4000015258789,88.47000122070312,88.31999969482422,88.45999908447266,54.52188491821289
2017-09-20,88.4800033569336,88.52999877929688,88.31999969482422,88.44999694824219,54.51576232910156
2017-09-21,88.4800033569336,88.48999786376953,88.31999969482422,88.33999633789062,54.447967529296875
2017-09-22,88.33000183105469,88.43000030517578,88.30000305175781,88.43000030517578,54.503440856933594
2017-09-25,88.4000015258789,88.5,88.36000061035156,88.4800033569336,54.53423309326172
2017-09-26,88.55999755859375,88.68000030517578,88.54000091552734,88.58999633789062,54.60200881958008
2017-09-27,88.58999633789062,88.66000366210938,88.48999786376953,88.62999725341797,54.62671661376953
2017-09-28,88.62999725341797,88.66999816894531,88.58000183105469,88.62999725341797,54.62671661376953
2017-09-29,88.69999694824219,88.76000213623047,88.5999984741211,88.76000213623047,54.706817626953125
2017-10-02,88.26000213623047,88.4000015258789,88.23999786376953,88.3499984741211,54.678958892822266
2017-10-03,88.3499984741211,88.5199966430664,88.3499984741211,88.51000213623047,54.77798843383789
2017-10-04,88.4800033569336,88.51000213623047,88.37000274658203,88.41999816894531,54.722286224365234
2017-10-05,88.41000366210938,88.52999877929688,88.41000366210938,88.52999877929688,54.79036331176758
2017-10-06,88.44999694824219,88.48999786376953,88.3499984741211,88.4000015258789,54.70991134643555
2017-10-09,88.44000244140625,88.47000122070312,88.37999725341797,88.41000366210938,54.71610641479492
2017-10-10,88.52999877929688,88.52999877929688,88.4000015258789,88.4800033569336,54.759429931640625
2017-10-11,88.4800033569336,88.4800033569336,88.37000274658203,88.38999938964844,54.70374298095703
2017-10-12,88.4000015258789,88.4000015258789,88.29000091552734,88.29000091552734,54.6418571472168
2017-10-13,88.41000366210938,88.43000030517578,88.27999877929688,88.33000183105469,54.66657638549805
2017-10-16,88.38999938964844,88.4000015258789,88.27999877929688,88.37999725341797,54.69752883911133
2017-10-17,88.37999725341797,88.55999755859375,88.37999725341797,88.51000213623047,54.77798843383789
2017-10-18,88.54000091552734,88.6500015258789,88.5199966430664,88.5999984741211,54.83368682861328
2017-10-19,88.4800033569336,88.6500015258789,88.44000244140625,88.61000061035156,54.83988571166992
2017-10-20,88.66000366210938,88.7300033569336,88.61000061035156,88.69000244140625,54.8894157409668
2017-10-23,88.69999694824219,88.73999786376953,88.58999633789062,88.58999633789062,54.82746505737305
2017-10-24,88.62000274658203,88.69000244140625,88.58000183105469,88.58999633789062,54.82746505737305
2017-10-25,88.52999877929688,88.52999877929688,88.22000122070312,88.33999633789062,54.67277908325195
2017-10-26,88.43000030517578,88.45999908447266,88.19000244140625,88.2300033569336,54.60470962524414
2017-10-27,88.30000305175781,88.48999786376953,88.2300033569336,88.47000122070312,54.75325012207031
2017-10-30,88.30000305175781,88.51000213623047,88.30000305175781,88.44999694824219,54.7408561706543
2017-10-31,88.48999786376953,88.51000213623047,88.44000244140625,88.47000122070312,54.75325012207031
2017-11-01,88.18000030517578,88.19999694824219,88.01000213623047,88.0199966430664,54.7010383605957
2017-11-02,88.01000213623047,88.08000183105469,87.9000015258789,87.97000122070312,54.66997146606445
2017-11-03,88.0199966430664,88.08000183105469,87.87000274658203,87.9800033569336,54.67616271972656
2017-11-06,87.93000030517578,88.04000091552734,87.88999938964844,87.98999786376953,54.682373046875
2017-11-07,87.97000122070312,87.9800033569336,87.70999908447266,87.73999786376953,54.52702331542969
2017-11-08,87.73999786376953,87.73999786376953,87.30999755859375,87.3499984741211,54.28463363647461
2017-11-09,87.13999938964844,87.13999938964844,86.72000122070312,86.91999816894531,54.01744079589844
2017-11-10,86.94000244140625,87.18000030517578,86.87999725341797,87.11000061035156,54.135475158691406
2017-11-13,87.04000091552734,87.16000366210938,87.02999877929688,87.05000305175781,54.09819412231445
2017-11-14,86.91999816894531,86.95999908447266,86.62000274658203,86.68000030517578,53.86827087402344
2017-11-15,86.45999908447266,86.76000213623047,86.22000122070312,86.68000030517578,53.86827087402344
2017-11-16,87.12000274658203,87.5999984741211,87.04000091552734,87.52999877929688,54.396507263183594
2017-11-17,87.36000061035156,87.51000213623047,87.33999633789062,87.47000122070312,54.35923385620117
2017-11-20,87.5199966430664,87.62999725341797,87.43000030517578,87.48999786376953,54.37165832519531
2017-11-21,87.56999969482422,87.70999908447266,87.56999969482422,87.66999816894531,54.48350143432617
2017-11-22,87.72000122070312,87.87000274658203,87.69999694824219,87.80999755859375,54.570518493652344
2017-11-24,87.87000274658203,87.91999816894531,87.83000183105469,87.87000274658203,54.607818603515625
2017-11-27,87.87000274658203,87.87000274658203,87.54000091552734,87.5999984741211,54.44002151489258
2017-11-28,87.63999938964844,87.88999938964844,87.62999725341797,87.87000274658203,54.607818603515625
2017-11-29,87.81999969482422,87.87999725341797,87.68000030517578,87.76000213623047,54.539451599121094
2017-11-30,87.79000091552734,87.94999694824219,87.77999877929688,87.77999877929688,54.5518913269043
2017-12-01,87.41999816894531,87.5,86.9800033569336,87.37999725341797,54.53439712524414
2017-12-04,87.5,87.61000061035156,87.31999969482422,87.3499984741211,54.51567459106445
2017-12-05,87.4000015258789,87.44999694824219,87.27999877929688,87.30000305175781,54.48447036743164
2017-12-06,87.29000091552734,87.41000366210938,87.19999694824219,87.22000122070312,54.434532165527344
2017-12-07,87.26000213623047,87.30999755859375,87.16999816894531,87.26000213623047,54.459510803222656
2017-12-08,87.33000183105469,87.37000274658203,87.2699966430664,87.3499984741211,54.51567459106445
2017-12-11,87.3499984741211,87.38999938964844,87.29000091552734,87.37000274658203,54.52817916870117
2017-12-12,87.44999694824219,87.44999694824219,87.31999969482422,87.33000183105469,54.50320053100586
2017-12-13,87.37000274658203,87.44999694824219,87.33000183105469,87.37999725341797,54.53439712524414
2017-12-14,87.33999633789062,87.4000015258789,87.06999969482422,87.19999694824219,54.42205047607422
2017-12-15,87.30000305175781,87.33999633789062,87.19999694824219,87.20999908447266,54.42831039428711
2017-12-18,87.23999786376953,87.38999938964844,87.2300033569336,87.30000305175781,54.48447036743164
2017-12-19,87.30000305175781,87.3499984741211,87.08999633789062,87.12000274658203,54.37213897705078
2017-12-20,87.19999694824219,87.26000213623047,87.08999633789062,87.19000244140625,54.415836334228516
2017-12-21,86.93000030517578,86.98999786376953,86.87000274658203,86.91999816894531,54.47288131713867
2017-12-22,86.97000122070312,87.06999969482422,86.91000366210938,87.0,54.52296829223633
2017-12-26,86.94000244140625,87.12999725341797,86.93000030517578,87.12999725341797,54.604461669921875
2017-12-27,87.08000183105469,87.20999908447266,87.08000183105469,87.16999816894531,54.629539489746094
2017-12-28,87.19000244140625,87.20999908447266,87.0999984741211,87.12999725341797,54.604461669921875
2017-12-29,87.13999938964844,87.30999755859375,87.08000183105469,87.26000213623047,54.68592071533203
2018-01-02,87.30000305175781,87.36000061035156,87.25,87.33999633789062,54.73609161376953
2018-01-03,87.33999633789062,87.77999877929688,87.33999633789062,87.76000213623047,54.999298095703125
2018-01-04,87.81999969482422,87.98999786376953,87.7699966430664,87.91000366210938,55.093284606933594
2018-01-05,87.97000122070312,88.01000213623047,87.87999725341797,87.97000122070312,55.13091278076172
2018-01-08,87.95999908447266,88.02999877929688,87.86000061035156,87.9000015258789,55.0870475769043
2018-01-09,87.98999786376953,87.98999786376953,87.61000061035156,87.62999725341797,54.917816162109375
2018-01-10,87.5,87.55999755859375,87.2699966430664,87.44000244140625,54.79873275756836
2018-01-11,87.5199966430664,87.73999786376953,87.45999908447266,87.7300033569336,54.98050308227539
2018-01-12,87.58999633789062,87.70999908447266,87.55000305175781,87.58000183105469,54.886497497558594
2018-01-16,87.63999938964844,87.7300033569336,87.44999694824219,87.52999877929688,54.85512161254883
2018-01-17,87.55999755859375,87.69000244140625,87.5199966430664,87.54000091552734,54.861412048339844
2018-01-18,87.5,87.55999755859375,87.4000015258789,87.44999694824219,54.80497360229492
2018-01-19,87.44000244140625,87.55000305175781,87.38999938964844,87.54000091552734,54.861412048339844
2018-01-22,87.48999786376953,87.6500015258789,87.48999786376953,87.62000274658203,54.91154479980469
2018-01-23,87.68000030517578,87.9000015258789,87.62999725341797,87.87999725341797,55.074485778808594
2018-01-24,87.80000305175781,87.87999725341797,87.6500015258789,87.75,54.99299621582031
2018-01-25,87.9000015258789,87.9000015258789,87.61000061035156,87.69000244140625,54.95539093017578
2018-01-26,87.72000122070312,87.83999633789062,87.62999725341797,87.76000213623047,54.999298095703125
2018-01-29,87.62999725341797,87.68000030517578,87.43000030517578,87.44999694824219,54.80497360229492
2018-01-30,87.44999694824219,87.45999908447266,87.13999938964844,87.1500015258789,54.61699676513672
2018-01-31,87.30000305175781,87.41999816894531,87.20999908447266,87.30000305175781,54.71099090576172
2018-02-01,86.86000061035156,86.98999786376953,86.72000122070312,86.7699966430664,54.607818603515625
2018-02-02,86.55000305175781,86.62000274658203,86.1500015258789,86.22000122070312,54.26164245605469
2018-02-05,86.12999725341797,86.51000213623047,85.58000183105469,85.73999786376953,53.95957565307617
2018-02-06,85.51000213623047,86.36000061035156,85.51000213623047,86.26000213623047,54.28682327270508
2018-02-07,86.37999725341797,86.62000274658203,85.86000061035156,85.94000244140625,54.08543395996094
2018-02-08,85.91000366210938,86.0,85.18000030517578,85.19000244140625,53.61343765258789
2018-02-09,85.27999877929688,85.41999816894531,84.06999969482422,84.94999694824219,53.46239471435547
2018-02-12,85.19999694824219,85.66000366210938,85.16000366210938,85.52999877929688,53.82741928100586
2018-02-13,85.31999969482422,85.41999816894531,85.11000061035156,85.26000213623047,53.6574821472168
2018-02-14,84.98999786376953,85.44000244140625,84.9000015258789,85.41000366210938,53.75188064575195
2018-02-15,85.61000061035156,86.0999984741211,85.61000061035156,86.0999984741211,54.18613815307617
2018-02-16,86.08999633789062,86.51000213623047,86.06999969482422,86.44999694824219,54.40640640258789
2018-02-20,86.19999694824219,86.37999725341797,86.11000061035156,86.1500015258789,54.21761703491211
2018-02-21,86.23999786376953,86.37999725341797,85.73999786376953,85.76000213623047,53.97213363647461
2018-02-22,85.80000305175781,86.13999938964844,85.73999786376953,85.81999969482422,54.009925842285156
2018-02-23,85.88999938964844,86.41999816894531,85.83000183105469,86.38999938964844,54.368629455566406
2018-02-26,86.44999694824219,86.68000030517578,86.38999938964844,86.54000091552734,54.46302795410156
2018-02-27,86.4800033569336,86.5,86.19999694824219,86.30999755859375,54.31829071044922
2018-02-28,86.41000366210938,86.4800033569336,86.12000274658203,86.18000030517578,54.23648452758789
2018-03-01,85.91000366210938,85.93000030517578,85.2699966430664,85.2699966430664,53.87697219848633
2018-03-02,85.31999969482422,85.79000091552734,85.29000091552734,85.75,54.18023681640625
2018-03-05,85.56999969482422,85.80999755859375,85.56999969482422,85.75,54.18023681640625
2018-03-06,85.83000183105469,85.94999694824219,85.69000244140625,85.87000274658203,54.25607681274414
2018-03-07,85.7699966430664,85.80999755859375,85.5999984741211,85.66000366210938,54.123382568359375
2018-03-08,85.76000213623047,85.80000305175781,85.61000061035156,85.76000213623047,54.186546325683594
2018-03-09,85.86000061035156,86.12999725341797,85.77999877929688,86.06999969482422,54.38243865966797
2018-03-12,86.0,86.06999969482422,85.79000091552734,85.93000030517578,54.2939567565918
2018-03-13,85.93000030517578,86.04000091552734,85.61000061035156,85.66000366210938,54.123382568359375
2018-03-14,85.7300033569336,85.77999877929688,85.5199966430664,85.55999755859375,54.060176849365234
2018-03-15,85.55000305175781,85.75,85.5,85.62000274658203,54.09811019897461
2018-03-16,85.63999938964844,85.80999755859375,85.58999633789062,85.80000305175781,54.21183776855469
2018-03-19,85.66000366210938,85.69000244140625,85.3499984741211,85.44999694824219,53.990692138671875
2018-03-20,85.43000030517578,85.6500015258789,85.43000030517578,85.62000274658203,54.09811019897461
2018-03-21,85.58000183105469,85.80999755859375,85.5199966430664,85.6500015258789,54.1170539855957
2018-03-22,85.44999694824219,85.56999969482422,85.12000274658203,85.13999938964844,53.794830322265625
2018-03-23,85.29000091552734,85.38999938964844,84.81999969482422,84.91999816894531,53.65581512451172
2018-03-26,85.3499984741211,85.48999786376953,85.12999725341797,85.47000122070312,54.00333786010742
2018-03-27,85.4800033569336,85.62999725341797,85.20999908447266,85.38999938964844,53.95277404785156
2018-03-28,85.36000061035156,85.44000244140625,85.19999694824219,85.3499984741211,53.92750930786133
2018-03-29,85.48999786376953,85.69999694824219,85.38999938964844,85.63999938964844,54.11076354980469
2018-04-02,85.12000274658203,85.2699966430664,84.88999938964844,84.95999908447266,53.900733947753906
2018-04-03,85.11000061035156,85.20999908447266,84.88999938964844,85.19999694824219,54.05302047729492
2018-04-04,84.9000015258789,85.44000244140625,84.9000015258789,85.38999938964844,54.173545837402344
2018-04-05,85.43000030517578,85.58000183105469,85.41000366210938,85.45999908447266,54.21796798706055
2018-04-06,85.41000366210938,85.5,85.16999816894531,85.2699966430664,54.097415924072266
2018-04-09,85.44999694824219,85.61000061035156,85.41000366210938,85.58999633789062,54.30044174194336
2018-04-10,85.69999694824219,85.94000244140625,85.68000030517578,85.9000015258789,54.49711990356445
2018-04-11,85.87000274658203,86.0,85.80999755859375,85.93000030517578,54.51612091064453
2018-04-12,86.02999877929688,86.26000213623047,85.97000122070312,86.23999786376953,54.71282196044922
2018-04-13,86.30000305175781,86.41000366210938,86.23999786376953,86.29000091552734,54.744544982910156
2018-04-16,86.38999938964844,86.51000213623047,86.27999877929688,86.41999816894531,54.82701110839844
2018-04-17,86.55000305175781,86.66000366210938,86.43000030517578,86.45999908447266,54.85240173339844
2018-04-18,86.5199966430664,86.55000305175781,86.33999633789062,86.37000274658203,54.795284271240234
2018-04-19,86.20999908447266,86.23999786376953,85.98999786376953,86.0999984741211,54.623992919921875
2018-04-20,86.05000305175781,86.08999633789062,85.87000274658203,85.88999938964844,54.49076843261719
2018-04-23,85.83000183105469,85.83999633789062,85.58000183105469,85.66000366210938,54.34483337402344
2018-04-24,85.69000244140625,85.7699966430664,85.37999725341797,85.48999786376953,54.23696517944336
2018-04-25,85.41000366210938,85.54000091552734,85.23999786376953,85.5,54.24335861206055
2018-04-26,85.56999969482422,85.86000061035156,85.5199966430664,85.80000305175781,54.43366622924805
2018-04-27,85.87000274658203,85.91999816894531,85.61000061035156,85.76000213623047,54.40825653076172
2018-04-30,85.69999694824219,85.8499984741211,85.69000244140625,85.69999694824219,54.37021255493164
2018-05-01,85.27999877929688,85.4000015258789,85.18000030517578,85.4000015258789,54.410343170166016
2018-05-02,85.4000015258789,85.55000305175781,85.31999969482422,85.37000274658203,54.391231536865234
2018-05-03,85.4000015258789,85.4000015258789,85.22000122070312,85.36000061035156,54.3848876953125
2018-05-04,85.20999908447266,85.44999694824219,85.16000366210938,85.41999816894531,54.42307662963867
2018-05-07,85.43000030517578,85.52999877929688,85.4000015258789,85.5,54.47407150268555
2018-05-08,85.44999694824219,85.47000122070312,85.30999755859375,85.37000274658203,54.391231536865234
2018-05-09,85.3499984741211,85.54000091552734,85.33999633789062,85.51000213623047,54.4804573059082
2018-05-10,85.56999969482422,85.79000091552734,85.55000305175781,85.76000213623047,54.63970184326172
2018-05-11,85.76000213623047,85.83999633789062,85.62999725341797,85.7300033569336,54.620609283447266
2018-05-14,85.72000122070312,85.81999969482422,85.56999969482422,85.75,54.63335037231445
2018-05-15,85.55999755859375,85.5999984741211,85.2699966430664,85.33000183105469,54.36577606201172
2018-05-16,85.37000274658203,85.47000122070312,85.29000091552734,85.44000244140625,54.435855865478516
2018-05-17,85.33999633789062,85.55999755859375,85.33999633789062,85.48999786376953,54.46769714355469
2018-05-18,85.3499984741211,85.45999908447266,85.33000183105469,85.4000015258789,54.410343170166016
2018-05-21,85.38999938964844,85.56999969482422,85.38999938964844,85.5199966430664,54.48683547973633
2018-05-22,85.55999755859375,85.62999725341797,85.51000213623047,85.58000183105469,54.5250358581543
2018-05-23,85.4800033569336,85.6500015258789,85.38999938964844,85.6500015258789,54.56962966918945
2018-05-24,85.5199966430664,85.72000122070312,85.5199966430664,85.69999694824219,54.60151672363281
2018-05-25,85.58000183105469,85.63999938964844,85.45999908447266,85.55999755859375,54.51229476928711
2018-05-29,85.37000274658203,85.4000015258789,85.16000366210938,85.19999694824219,54.2829475402832
2018-05-30,85.29000091552734,85.48999786376953,85.29000091552734,85.45999908447266,54.44859313964844
2018-05-31,85.48999786376953,85.5,85.36000061035156,85.37999725341797,54.3975944519043
2018-06-01,85.1500015258789,85.2300033569336,85.0999984741211,85.19000244140625,54.52178192138672
2018-06-04,85.2699966430664,85.41999816894531,85.2300033569336,85.37000274658203,54.636959075927734
2018-06-05,85.37000274658203,85.5199966430664,85.30000305175781,85.47000122070312,54.70098876953125
2018-06-06,85.41000366210938,85.70999908447266,85.37999725341797,85.68000030517578,54.835357666015625
2018-06-07,85.62999725341797,85.7699966430664,85.55000305175781,85.70999908447266,54.85456085205078
2018-06-08,85.5999984741211,85.7300033569336,85.56999969482422,85.66000366210938,54.82255935668945
2018-06-11,85.69999694824219,85.8499984741211,85.69000244140625,85.81999969482422,54.92498779296875
2018-06-12,85.83000183105469,85.97000122070312,85.7699966430664,85.88999938964844,54.96979522705078
2018-06-13,85.91000366210938,86.05000305175781,85.83000183105469,85.91999816894531,54.98896789550781
2018-06-14,86.08000183105469,86.19000244140625,86.02999877929688,86.16999816894531,55.14897155761719
2018-06-15,86.11000061035156,86.16000366210938,85.98999786376953,86.12000274658203,55.11698532104492
2018-06-18,86.05000305175781,86.12999725341797,85.9800033569336,86.11000061035156,55.110599517822266
2018-06-19,85.94000244140625,86.02999877929688,85.87000274658203,85.98999786376953,55.03377151489258
2018-06-20,86.08000183105469,86.12999725341797,86.02999877929688,86.08000183105469,55.09136199951172
2018-06-21,86.06999969482422,86.06999969482422,85.87000274658203,85.9000015258789,54.97618103027344
2018-06-22,86.04000091552734,86.08999633789062,85.87999725341797,85.91000366210938,54.98259735107422
2018-06-25,85.7699966430664,85.80999755859375,85.62999725341797,85.70999908447266,54.85456085205078
2018-06-26,85.70999908447266,85.7300033569336,85.5999984741211,85.69999694824219,54.84817886352539
2018-06-27,85.6500015258789,85.70999908447266,85.47000122070312,85.5199966430664,54.73299026489258
2018-06-28,85.3499984741211,85.41000366210938,85.16000366210938,85.27999877929688,54.579383850097656
2018-06-29,85.38999938964844,85.5199966430664,85.05999755859375,85.08000183105469,54.451377868652344
2018-07-02,84.63999938964844,84.80000305175781,84.5999984741211,84.77999877929688,54.50344467163086
2018-07-03,84.83999633789062,84.95999908447266,84.73999786376953,84.79000091552734,54.50986099243164
2018-07-05,84.9000015258789,85.12999725341797,84.88999938964844,85.11000061035156,54.71559524536133
2018-07-06,85.12999725341797,85.33000183105469,85.12000274658203,85.33000183105469,54.85704803466797
2018-07-09,85.37000274658203,85.54000091552734,85.36000061035156,85.45999908447266,54.94062805175781
2018-07-10,85.5,85.58000183105469,85.45999908447266,85.47000122070312,54.947044372558594
2018-07-11,85.38999938964844,85.44999694824219,85.30000305175781,85.33999633789062,54.86347961425781
2018-07-12,85.4800033569336,85.6500015258789,85.44000244140625,85.61000061035156,55.03703308105469
2018-07-13,85.68000030517578,85.72000122070312,85.61000061035156,85.61000061035156,55.03703308105469
2018-07-16,85.62000274658203,85.62999725341797,85.51000213623047,85.55000305175781,54.998470306396484
2018-07-17,85.48999786376953,85.6500015258789,85.44999694824219,85.58000183105469,55.017765045166016
2018-07-18,85.61000061035156,85.68000030517578,85.52999877929688,85.62000274658203,55.0434684753418
2018-07-19,85.56999969482422,85.63999938964844,85.48999786376953,85.58000183105469,55.017765045166016
2018-07-20,85.62000274658203,85.69000244140625,85.58000183105469,85.62000274658203,55.0434684753418
2018-07-23,85.66999816894531,85.69000244140625,85.58999633789062,85.58999633789062,55.02418899536133
2018-07-24,85.5999984741211,85.83000183105469,85.5999984741211,85.7699966430664,55.139888763427734
2018-07-25,85.79000091552734,85.94999694824219,85.72000122070312,85.93000030517578,55.24275588989258
2018-07-26,85.94000244140625,86.01000213623047,85.9000015258789,85.94000244140625,55.249176025390625
2018-07-27,85.94999694824219,85.9800033569336,85.80999755859375,85.91000366210938,55.22993087768555
2018-07-30,85.94000244140625,86.01000213623047,85.8499984741211,85.94000244140625,55.249176025390625
2018-07-31,86.0999984741211,86.1500015258789,86.05000305175781,86.12000274658203,55.36491775512695
2018-08-01,85.76000213623047,85.87999725341797,85.66999816894531,85.83000183105469,55.41461181640625
2018-08-02,85.76000213623047,85.88999938964844,85.72000122070312,85.87999725341797,55.4469108581543
2018-08-03,85.86000061035156,85.98999786376953,85.8499984741211,85.94999694824219,55.49208068847656
2018-08-06,85.87000274658203,86.11000061035156,85.87000274658203,86.11000061035156,55.59541702270508
2018-08-07,85.87000274658203,86.2300033569336,85.87000274658203,86.1500015258789,55.62126159667969
2018-08-08,86.12999725341797,86.16999816894531,86.08000183105469,86.0999984741211,55.58894729614258
2018-08-09,86.11000061035156,86.13999938964844,86.0,86.04000091552734,55.55018615722656
2018-08-10,85.9000015258789,86.01000213623047,85.81999969482422,85.88999938964844,55.4533805847168
2018-08-13,85.95999908447266,85.95999908447266,85.7699966430664,85.83000183105469,55.41461181640625
2018-08-14,85.87999725341797,86.01000213623047,85.86000061035156,85.9800033569336,55.511451721191406
2018-08-15,85.87000274658203,85.9000015258789,85.7300033569336,85.83000183105469,55.41461181640625
2018-08-16,85.91000366210938,85.98999786376953,85.86000061035156,85.94000244140625,55.485626220703125
2018-08-17,85.9000015258789,86.06999969482422,85.9000015258789,86.04000091552734,55.55018615722656
2018-08-20,86.08999633789062,86.1500015258789,86.02999877929688,86.08000183105469,55.57601547241211
2018-08-21,86.11000061035156,86.29000091552734,86.08999633789062,86.20999908447266,55.659969329833984
2018-08-22,86.19999694824219,86.27999877929688,86.19999694824219,86.23999786376953,55.67932891845703
2018-08-23,86.23999786376953,86.31999969482422,86.19000244140625,86.2300033569336,55.672882080078125
2018-08-24,86.27999877929688,86.41000366210938,86.25,86.37999725341797,55.769710540771484
2018-08-27,86.4000015258789,86.45999908447266,86.37000274658203,86.41000366210938,55.78909683227539
2018-08-28,86.37000274658203,86.41000366210938,86.31999969482422,86.37000274658203,55.76329040527344
2018-08-29,86.33999633789062,86.38999938964844,86.27999877929688,86.31999969482422,55.73098373413086
2018-08-30,86.33000183105469,86.3499984741211,86.22000122070312,86.25,55.68580627441406
2018-08-31,86.29000091552734,86.41999816894531,86.27999877929688,86.36000061035156,55.7568244934082
2018-09-04,85.88999938964844,85.93000030517578,85.72000122070312,85.80999755859375,55.64075469970703
2018-09-05,85.80000305175781,85.83000183105469,85.69000244140625,85.72000122070312,55.582393646240234
2018-09-06,85.80000305175781,85.83000183105469,85.72000122070312,85.79000091552734,55.627750396728516
2018-09-07,85.62999725341797,85.7699966430664,85.62999725341797,85.69999694824219,55.569419860839844
2018-09-10,85.80000305175781,85.88999938964844,85.7699966430664,85.87000274658203,55.679664611816406
2018-09-11,85.76000213623047,85.9800033569336,85.76000213623047,85.88999938964844,55.69260787963867
2018-09-12,85.91999816894531,86.1500015258789,85.91999816894531,86.08999633789062,55.822296142578125
2018-09-13,86.16999816894531,86.30999755859375,86.16999816894531,86.25,55.92607116699219
2018-09-14,86.23999786376953,86.38999938964844,86.2300033569336,86.33000183105469,55.97788619995117
2018-09-17,86.30999755859375,86.33000183105469,86.2300033569336,86.2699966430664,55.93899917602539
2018-09-18,86.29000091552734,86.36000061035156,86.23999786376953,86.26000213623047,55.9325065612793
2018-09-19,86.23999786376953,86.29000091552734,86.08000183105469,86.0999984741211,55.82880783081055
2018-09-20,86.12000274658203,86.22000122070312,85.93000030517578,86.22000122070312,55.9066047668457
2018-09-21,86.22000122070312,86.27999877929688,86.19999694824219,86.23999786376953,55.919559478759766
2018-09-24,86.19999694824219,86.25,86.08000183105469,86.19999694824219,55.893619537353516
2018-09-25,86.12999725341797,86.18000030517578,86.08999633789062,86.12999725341797,55.848236083984375
2018-09-26,86.19000244140625,86.33999633789062,86.16999816894531,86.22000122070312,55.9066047668457
2018-09-27,86.30999755859375,86.4000015258789,86.2699966430664,86.37999725341797,56.01034927368164
2018-09-28,86.3499984741211,86.47000122070312,86.27999877929688,86.44000244140625,56.04923629760742
2018-10-01,86.16000366210938,86.30000305175781,86.13999938964844,86.30000305175781,56.211421966552734
2018-10-02,86.26000213623047,86.30000305175781,86.18000030517578,86.2300033569336,56.16582107543945
2018-10-03,86.27999877929688,86.30999755859375,85.91000366210938,86.0,56.016014099121094
2018-10-04,85.81999969482422,85.9000015258789,85.58000183105469,85.68000030517578,55.80755615234375
2018-10-05,85.6500015258789,85.66999816894531,85.30000305175781,85.30000305175781,55.560081481933594
2018-10-08,85.3499984741211,85.36000061035156,85.08000183105469,85.11000061035156,55.43633270263672
2018-10-09,85.13999938964844,85.30999755859375,85.12000274658203,85.23999786376953,55.52100372314453
2018-10-10,85.11000061035156,85.11000061035156,84.61000061035156,84.62999725341797,55.12369155883789
2018-10-11,84.83000183105469,85.0,84.56999969482422,84.69999694824219,55.16925048828125
2018-10-12,85.11000061035156,85.20999908447266,84.94000244140625,85.1500015258789,55.462371826171875
2018-10-15,85.08000183105469,85.19000244140625,85.04000091552734,85.08999633789062,55.423309326171875
2018-10-16,85.25,85.4000015258789,85.23999786376953,85.37999725341797,55.6121711730957
2018-10-17,85.26000213623047,85.36000061035156,85.13999938964844,85.20999908447266,55.50146484375
2018-10-18,85.1500015258789,85.19000244140625,84.8499984741211,84.8499984741211,55.266963958740234
2018-10-19,85.05000305175781,85.06999969482422,84.8499984741211,84.9000015258789,55.299530029296875
2018-10-22,85.0999984741211,85.1500015258789,84.87000274658203,84.94000244140625,55.32558822631836
2018-10-23,84.6500015258789,84.9000015258789,84.55000305175781,84.86000061035156,55.27349090576172
2018-10-24,84.87999725341797,84.91999816894531,84.41000366210938,84.44000244140625,54.99990463256836
2018-10-25,84.61000061035156,84.66999816894531,84.43000030517578,84.61000061035156,55.110652923583984
2018-10-26,84.30999755859375,84.52999877929688,84.16999816894531,84.2300033569336,54.8631591796875
2018-10-29,84.4000015258789,84.44000244140625,84.04000091552734,84.1500015258789,54.811038970947266
2018-10-30,84.16999816894531,84.3499984741211,83.98999786376953,84.3499984741211,54.94129180908203
2018-10-31,84.44999694824219,84.58999633789062,84.3499984741211,84.3499984741211,54.94129180908203
2018-11-01,84.08999633789062,84.41000366210938,84.0,84.31999969482422,55.19331359863281
2018-11-02,84.41999816894531,84.52999877929688,84.13999938964844,84.2699966430664,55.160579681396484
2018-11-05,84.2699966430664,84.44000244140625,84.2300033569336,84.33999633789062,55.20639419555664
2018-11-06,84.41000366210938,84.55999755859375,84.37999725341797,84.55999755859375,55.35041427612305
2018-11-07,84.63999938964844,85.06999969482422,84.63999938964844,85.05000305175781,55.67116165161133
2018-11-08,84.8499984741211,85.08000183105469,84.81999969482422,84.83999633789062,55.53368377685547
2018-11-09,84.66999816894531,84.68000030517578,84.27999877929688,84.36000061035156,55.219482421875
2018-11-12,84.33000183105469,84.41000366210938,83.80999755859375,83.83999633789062,54.879127502441406
2018-11-13,83.86000061035156,84.0199966430664,83.62999725341797,83.69999694824219,54.78746795654297
2018-11-14,83.80999755859375,83.98999786376953,83.33999633789062,83.54000091552734,54.68273162841797
2018-11-15,83.19000244140625,83.5199966430664,82.98999786376953,83.5199966430664,54.669647216796875
2018-11-16,83.16000366210938,83.30000305175781,83.0,83.2699966430664,54.506004333496094
2018-11-19,83.05000305175781,83.23999786376953,82.9000015258789,83.01000213623047,54.33579635620117
2018-11-20,82.77999877929688,82.97000122070312,82.69999694824219,82.75,54.165653228759766
2018-11-21,83.16999816894531,83.33999633789062,83.06999969482422,83.16999816894531,54.44054412841797
2018-11-23,82.83000183105469,82.9000015258789,82.70999908447266,82.70999908447266,54.13944625854492
2018-11-26,83.02999877929688,83.13999938964844,82.91000366210938,83.0999984741211,54.394744873046875
2018-11-27,82.94000244140625,83.06999969482422,82.87000274658203,83.05999755859375,54.368560791015625
2018-11-28,83.11000061035156,83.7699966430664,83.05999755859375,83.75,54.82021713256836
2018-11-29,83.58999633789062,83.88999938964844,83.54000091552734,83.7699966430664,54.833274841308594
2018-11-30,83.55999755859375,83.73999786376953,83.55000305175781,83.5999984741211,54.72201919555664
2018-12-03,83.6500015258789,83.83000183105469,83.5,83.80000305175781,55.100765228271484
2018-12-04,83.62999725341797,83.70999908447266,83.19999694824219,83.27999877929688,54.758827209472656
2018-12-06,82.8499984741211,83.08999633789062,82.72000122070312,82.98999786376953,54.568138122558594
2018-12-07,83.26000213623047,83.38999938964844,82.83000183105469,82.83000183105469,54.462928771972656
2018-12-10,82.81999969482422,82.95999908447266,82.55999755859375,82.88999938964844,54.50240707397461
2018-12-11,83.18000030517578,83.26000213623047,82.97000122070312,83.04000091552734,54.60103988647461
2018-12-12,83.31999969482422,83.58999633789062,83.29000091552734,83.30999755859375,54.77857208251953
2018-12-13,83.5,83.5999984741211,83.43000030517578,83.51000213623047,54.91006851196289
2018-12-14,83.37000274658203,83.4800033569336,83.0999984741211,83.16000366210938,54.6799430847168
2018-12-17,83.08999633789062,83.16000366210938,82.55000305175781,82.62000274658203,54.32486343383789
2018-12-18,82.36000061035156,82.43000030517578,81.9000015258789,82.08000183105469,54.226417541503906
2018-12-19,82.12000274658203,82.26000213623047,81.23999786376953,81.33999633789062,53.737548828125
2018-12-20,81.06999969482422,81.19000244140625,80.01000213623047,80.62999725341797,53.268470764160156
2018-12-21,80.58999633789062,80.93000030517578,80.0999984741211,80.2300033569336,53.00421905517578
2018-12-24,80.2300033569336,80.3499984741211,79.62999725341797,79.62999725341797,52.60784149169922
2018-12-26,79.7300033569336,80.97000122070312,79.55000305175781,80.97000122070312,53.493106842041016
2018-12-27,80.48999786376953,80.97000122070312,80.37999725341797,80.91999816894531,53.46009063720703
2018-12-28,80.98999786376953,81.31999969482422,80.8499984741211,81.04000091552734,53.53935241699219
2018-12-31,81.19000244140625,81.33000183105469,81.08999633789062,81.0999984741211,53.57901382446289
2019-01-02,80.72000122070312,81.11000061035156,80.6500015258789,80.98999786376953,53.50632858276367
2019-01-03,80.91000366210938,81.16000366210938,80.77999877929688,81.02999877929688,53.53274917602539
2019-01-04,81.66999816894531,82.5,81.56999969482422,82.38999938964844,54.43121337890625
2019-01-07,82.58000183105469,83.19000244140625,82.56999969482422,83.19000244140625,54.959739685058594
2019-01-08,83.38999938964844,83.73999786376953,83.26000213623047,83.7300033569336,55.31649398803711
2019-01-09,83.8499984741211,84.01000213623047,83.79000091552734,83.83000183105469,55.382568359375
2019-01-10,83.66000366210938,84.20999908447266,83.55000305175781,84.16000366210938,55.600563049316406
2019-01-11,83.81999969482422,83.9800033569336,83.77999877929688,83.88999938964844,55.42218017578125
2019-01-14,83.66999816894531,83.7699966430664,83.55000305175781,83.62000274658203,55.24384689331055
2019-01-15,83.62000274658203,83.94000244140625,83.55000305175781,83.9000015258789,55.4288215637207
2019-01-16,84.01000213623047,84.13999938964844,83.95999908447266,84.02999877929688,55.51472091674805
2019-01-17,83.94000244140625,84.29000091552734,83.88999938964844,84.26000213623047,55.66664123535156
2019-01-18,84.41999816894531,84.66999816894531,84.38999938964844,84.5,55.82518768310547
2019-01-22,84.33000183105469,84.33999633789062,83.83000183105469,83.94000244140625,55.45524215698242
2019-01-23,84.05999755859375,84.2300033569336,83.87000274658203,84.11000061035156,55.56757354736328
2019-01-24,84.08000183105469,84.22000122070312,83.94000244140625,84.19999694824219,55.62704849243164
2019-01-25,84.36000061035156,84.48999786376953,84.33999633789062,84.41000366210938,55.76576232910156
2019-01-28,84.19000244140625,84.33000183105469,84.06999969482422,84.27999877929688,55.67988586425781
2019-01-29,84.3499984741211,84.3499984741211,84.02999877929688,84.2300033569336,55.6468391418457
2019-01-30,84.33999633789062,85.02999877929688,84.33000183105469,84.9000015258789,56.0894889831543
2019-01-31,84.87999725341797,85.23999786376953,84.87999725341797,85.11000061035156,56.22821807861328
2019-02-01,84.66000366210938,84.76000213623047,84.54000091552734,84.68000030517578,56.200992584228516
2019-02-04,84.69000244140625,84.93000030517578,84.61000061035156,84.87999725341797,56.333740234375
2019-02-05,84.94000244140625,85.2699966430664,84.93000030517578,85.18000030517578,56.53284454345703
2019-02-06,85.11000061035156,85.20999908447266,85.0199966430664,85.0999984741211,56.479736328125
2019-02-07,84.83000183105469,84.9000015258789,84.66000366210938,84.80999755859375,56.28727722167969
2019-02-08,84.70999908447266,84.80999755859375,84.58000183105469,84.79000091552734,56.27400207519531
2019-02-11,84.7699966430664,84.87000274658203,84.69999694824219,84.83000183105469,56.30058670043945
2019-02-12,85.08000183105469,85.2699966430664,85.06999969482422,85.23999786376953,56.572669982910156
2019-02-13,85.29000091552734,85.30999755859375,85.05000305175781,85.12000274658203,56.4930419921875
2019-02-14,84.9800033569336,85.22000122070312,84.86000061035156,85.12999725341797,56.49967575073242
2019-02-15,85.27999877929688,85.45999908447266,85.27999877929688,85.4000015258789,56.67886734008789
2019-02-19,85.30000305175781,85.4800033569336,85.26000213623047,85.43000030517578,56.69877243041992
2019-02-20,85.45999908447266,85.55000305175781,85.33000183105469,85.5,56.74524688720703
2019-02-21,85.44999694824219,85.52999877929688,85.3499984741211,85.41999816894531,56.69212341308594
2019-02-22,85.5199966430664,85.66999816894531,85.48999786376953,85.58999633789062,56.804935455322266
2019-02-25,85.70999908447266,85.83000183105469,85.62000274658203,85.66000366210938,56.85139083862305
2019-02-26,85.72000122070312,85.87000274658203,85.66999816894531,85.7699966430664,56.92441177368164
2019-02-27,85.80000305175781,85.86000061035156,85.7300033569336,85.80000305175781,56.944339752197266
2019-02-28,85.77999877929688,85.83000183105469,85.69999694824219,85.75,56.9111213684082
2019-03-01,85.55000305175781,85.66000366210938,85.5,85.61000061035156,57.07249450683594
2019-03-04,85.70999908447266,85.75,85.33999633789062,85.4800033569336,56.9858283996582
2019-03-05,85.4800033569336,85.48999786376953,85.36000061035156,85.44000244140625,56.959136962890625
2019-03-06,85.4000015258789,85.41999816894531,85.26000213623047,85.30000305175781,56.86581039428711
2019-03-07,85.33000183105469,85.33999633789062,85.08000183105469,85.23999786376953,56.82582473754883
2019-03-08,84.9800033569336,85.12000274658203,84.80999755859375,85.0999984741211,56.73246765136719
2019-03-11,85.06999969482422,85.38999938964844,85.05000305175781,85.37999725341797,56.919132232666016
2019-03-12,85.30999755859375,85.58000183105469,85.29000091552734,85.52999877929688,57.019134521484375
2019-03-13,85.58000183105469,85.7699966430664,85.55999755859375,85.76000213623047,57.17249298095703
2019-03-14,85.72000122070312,85.83000183105469,85.68000030517578,85.69999694824219,57.132484436035156
2019-03-15,85.76000213623047,85.87999725341797,85.75,85.77999877929688,57.185829162597656
2019-03-18,85.79000091552734,85.83000183105469,85.66999816894531,85.75,57.16577911376953
2019-03-19,85.80999755859375,85.95999908447266,85.75,85.80000305175781,57.19915008544922
2019-03-20,85.80999755859375,86.30000305175781,85.6500015258789,86.16999816894531,57.44581604003906
2019-03-21,86.05999755859375,86.26000213623047,86.04000091552734,86.1500015258789,57.43248748779297
2019-03-22,86.0199966430664,86.05000305175781,85.75,85.83999633789062,57.225807189941406
2019-03-25,85.77999877929688,85.91000366210938,85.6500015258789,85.80999755859375,57.20581817626953
2019-03-26,85.94999694824219,86.1500015258789,85.88999938964844,86.0199966430664,57.345829010009766
2019-03-27,86.06999969482422,86.23999786376953,85.87999725341797,86.08000183105469,57.385799407958984
2019-03-28,86.08999633789062,86.25,86.04000091552734,86.25,57.49913024902344
2019-03-29,86.31999969482422,86.52999877929688,86.30000305175781,86.47000122070312,57.645809173583984
2019-04-01,86.20999908447266,86.27999877929688,86.05000305175781,86.06999969482422,57.631778717041016
2019-04-02,86.08999633789062,86.13999938964844,85.94000244140625,86.11000061035156,57.65851593017578
2019-04-03,86.19999694824219,86.30999755859375,86.0999984741211,86.13999938964844,57.67860412597656
2019-04-04,86.1500015258789,86.27999877929688,86.12999725341797,86.2699966430664,57.7656364440918
2019-04-05,86.36000061035156,86.5,86.33999633789062,86.43000030517578,57.8727912902832
2019-04-08,86.38999938964844,86.41000366210938,86.30999755859375,86.37999725341797,57.83931350708008
2019-04-09,86.33000183105469,86.41999816894531,86.2699966430664,86.31999969482422,57.79915237426758
2019-04-10,86.43000030517578,86.69999694824219,86.43000030517578,86.69999694824219,58.0535774230957
2019-04-11,86.69000244140625,86.86000061035156,86.6500015258789,86.83000183105469,58.140625
2019-04-12,86.93000030517578,87.01000213623047,86.79000091552734,86.95999908447266,58.2276611328125
2019-04-15,86.94999694824219,86.94999694824219,86.83000183105469,86.9000015258789,58.187503814697266
2019-04-16,86.95999908447266,86.97000122070312,86.81999969482422,86.8499984741211,58.154014587402344
2019-04-17,86.94000244140625,86.94000244140625,86.62999725341797,86.63999938964844,58.0134162902832
2019-04-18,86.79000091552734,86.79000091552734,86.58000183105469,86.68000030517578,58.04018783569336
2019-04-22,86.62000274658203,86.66000366210938,86.5199966430664,86.52999877929688,57.939727783203125
2019-04-23,86.63999938964844,86.87999725341797,86.58999633789062,86.83000183105469,58.140625
2019-04-24,86.8499984741211,86.8499984741211,86.69999694824219,86.70999908447266,58.06027603149414
2019-04-25,86.69999694824219,86.80999755859375,86.56999969482422,86.75,58.08705139160156
2019-04-26,86.8499984741211,86.9800033569336,86.8499984741211,86.97000122070312,58.234371185302734
2019-04-29,86.94999694824219,87.0,86.93000030517578,86.93000030517578,58.20759582519531
2019-04-30,86.97000122070312,87.04000091552734,86.91999816894531,86.94000244140625,58.214263916015625
2019-05-01,86.58999633789062,86.87000274658203,86.27999877929688,86.29000091552734,58.023311614990234
2019-05-02,86.36000061035156,86.4800033569336,86.18000030517578,86.3499984741211,58.06365966796875
2019-05-03,86.5199966430664,86.5999984741211,86.47000122070312,86.56999969482422,58.211612701416016
2019-05-06,86.18000030517578,86.62000274658203,86.0,86.61000061035156,58.238487243652344
2019-05-07,86.4000015258789,86.44999694824219,85.94999694824219,86.08999633789062,57.888816833496094
2019-05-08,86.0999984741211,86.30000305175781,86.02999877929688,86.12000274658203,57.90900421142578
2019-05-09,85.98999786376953,86.05999755859375,85.68000030517578,85.98999786376953,57.82158279418945
2019-05-10,85.95999908447266,86.30999755859375,85.75,86.2300033569336,57.98298645019531
2019-05-13,85.68000030517578,85.7699966430664,85.41999816894531,85.44000244140625,57.45175552368164
2019-05-14,85.61000061035156,85.83000183105469,85.52999877929688,85.62999725341797,57.57951736450195
2019-05-15,85.48999786376953,85.76000213623047,85.44000244140625,85.70999908447266,57.6333122253418
2019-05-16,85.83000183105469,86.11000061035156,85.80000305175781,85.97000122070312,57.80813980102539
2019-05-17,85.79000091552734,86.0999984741211,85.79000091552734,85.94000244140625,57.7879638671875
2019-05-20,85.91999816894531,86.08000183105469,85.77999877929688,85.86000061035156,57.734188079833984
2019-05-21,85.98999786376953,86.1500015258789,85.98999786376953,86.12999725341797,57.91570281982422
2019-05-22,86.08000183105469,86.19999694824219,85.97000122070312,86.19999694824219,57.96278381347656
2019-05-23,85.95999908447266,85.98999786376953,85.66999816894531,85.7699966430664,57.67366027832031
2019-05-24,85.87000274658203,85.97000122070312,85.63999938964844,85.6500015258789,57.59295654296875
2019-05-28,85.75,85.81999969482422,85.48999786376953,85.56999969482422,57.5391731262207
2019-05-29,85.45999908447266,85.5199966430664,85.25,85.33999633789062,57.3845329284668
2019-05-30,85.48999786376953,85.6500015258789,85.44000244140625,85.5199966430664,57.50556945800781
2019-05-31,85.23999786376953,85.33999633789062,84.87999725341797,84.9000015258789,57.08867263793945
2019-06-03,84.6500015258789,84.77999877929688,84.47000122070312,84.6500015258789,57.180538177490234
2019-06-04,84.91000366210938,85.51000213623047,84.91000366210938,85.5,57.75471115112305
2019-06-05,85.58000183105469,85.72000122070312,85.43000030517578,85.69999694824219,57.88981246948242
2019-06-06,85.68000030517578,85.95999908447266,85.56999969482422,85.87999725341797,58.0113639831543
2019-06-07,86.0,86.20999908447266,85.16000366210938,86.0999984741211,58.15997314453125
2019-06-10,86.26000213623047,86.33999633789062,86.18000030517578,86.2300033569336,58.24777603149414
2019-06-11,86.51000213623047,86.66000366210938,86.22000122070312,86.3499984741211,58.32886505126953
2019-06-12,86.33000183105469,86.3499984741211,86.12999725341797,86.1500015258789,58.19371795654297
2019-06-13,86.30000305175781,86.41000366210938,86.25,86.3499984741211,58.32886505126953
2019-06-14,86.31999969482422,86.36000061035156,86.22000122070312,86.29000091552734,58.28832244873047
2019-06-17,86.23999786376953,86.29000091552734,86.12000274658203,86.16000366210938,58.20048141479492
2019-06-18,86.56999969482422,86.7699966430664,86.54000091552734,86.76000213623047,58.60577392578125
2019-06-19,86.69999694824219,87.19000244140625,86.55000305175781,87.16999816894531,58.88274383544922
2019-06-20,87.43000030517578,87.6500015258789,87.29000091552734,87.61000061035156,59.17997360229492
2019-06-21,87.37999725341797,87.44999694824219,87.33000183105469,87.33000183105469,58.9908447265625
2019-06-24,87.33000183105469,87.37000274658203,87.27999877929688,87.31999969482422,58.984092712402344
2019-06-25,87.30999755859375,87.30999755859375,86.88999938964844,86.94999694824219,58.7341423034668
2019-06-26,87.12000274658203,87.16000366210938,86.87999725341797,86.91000366210938,58.70711135864258
2019-06-27,87.05999755859375,87.19999694824219,87.0199966430664,87.1500015258789,58.8692512512207
2019-06-28,87.19999694824219,87.25,87.1500015258789,87.18000030517578,58.8895378112793
2019-07-01,87.12999725341797,87.26000213623047,86.80000305175781,86.81999969482422,58.90716552734375
2019-07-02,86.87999725341797,87.05999755859375,86.83999633789062,87.01000213623047,59.036033630371094
2019-07-03,87.05000305175781,87.38999938964844,87.02999877929688,87.33999633789062,59.259986877441406
2019-07-05,87.08000183105469,87.08999633789062,86.8499984741211,86.98999786376953,59.022499084472656
2019-07-08,86.94999694824219,86.94999694824219,86.80999755859375,86.81999969482422,58.90716552734375
2019-07-09,86.76000213623047,86.80000305175781,86.69999694824219,86.72000122070312,58.83928680419922
2019-07-10,86.93000030517578,87.08000183105469,86.88999938964844,86.95999908447266,59.00212097167969
2019-07-11,87.01000213623047,87.01000213623047,86.66999816894531,86.79000091552734,58.88679885864258
2019-07-12,86.79000091552734,86.94000244140625,86.72000122070312,86.93000030517578,58.98181915283203
2019-07-15,86.91000366210938,87.06999969482422,86.86000061035156,86.98999786376953,59.022499084472656
2019-07-16,86.9800033569336,86.9800033569336,86.7300033569336,86.80999755859375,58.90034103393555
2019-07-17,86.87999725341797,86.87999725341797,86.69000244140625,86.69999694824219,58.82573318481445
2019-07-18,86.70999908447266,86.76000213623047,86.51000213623047,86.73999786376953,58.85288619995117
2019-07-19,86.73999786376953,86.77999877929688,86.55999755859375,86.58999633789062,58.751102447509766
2019-07-22,86.69000244140625,86.87999725341797,86.6500015258789,86.87999725341797,58.947872161865234
2019-07-23,86.94999694824219,87.05999755859375,86.8499984741211,87.02999877929688,59.049652099609375
2019-07-24,87.01000213623047,87.11000061035156,86.98999786376953,87.0999984741211,59.09711456298828
2019-07-25,87.1500015258789,87.1500015258789,86.91000366210938,86.9800033569336,59.015708923339844
2019-07-26,87.12000274658203,87.19000244140625,87.08000183105469,87.16999816894531,59.14460754394531
2019-07-29,87.1500015258789,87.16000366210938,86.95999908447266,87.04000091552734,59.056434631347656
2019-07-30,86.9000015258789,87.08999633789062,86.83999633789062,87.08000183105469,59.083560943603516
2019-07-31,87.1500015258789,87.26000213623047,86.58000183105469,86.93000030517578,58.98181915283203
2019-08-01,86.55000305175781,86.98999786376953,86.48999786376953,86.5199966430664,58.9525146484375
2019-08-02,86.48999786376953,86.48999786376953,86.18000030517578,86.38999938964844,58.8639030456543
2019-08-05,85.87000274658203,85.87000274658203,85.3499984741211,85.48999786376953,58.25068283081055
2019-08-06,85.87000274658203,86.12000274658203,85.66999816894531,86.04000091552734,58.62544250488281
2019-08-07,85.69000244140625,86.12999725341797,85.44999694824219,86.02999877929688,58.61864471435547
2019-08-08,86.05000305175781,86.41999816894531,86.05000305175781,86.37000274658203,58.85026550292969
2019-08-09,86.22000122070312,86.3499984741211,86.08000183105469,86.25,58.768524169921875
2019-08-12,86.01000213623047,86.13999938964844,85.87999725341797,85.94999694824219,58.56410598754883
2019-08-13,85.94000244140625,86.41000366210938,85.87999725341797,86.33000183105469,58.82302474975586
2019-08-14,85.94000244140625,85.97000122070312,85.5,85.55999755859375,58.298377990722656
2019-08-15,85.70999908447266,85.9000015258789,85.6500015258789,85.80999755859375,58.46873474121094
2019-08-16,85.94000244140625,86.12999725341797,85.94000244140625,86.0999984741211,58.66630935668945
2019-08-19,86.26000213623047,86.36000061035156,86.22000122070312,86.3499984741211,58.83666229248047
2019-08-20,86.38999938964844,86.47000122070312,86.25,86.41999816894531,58.88435363769531
2019-08-21,86.63999938964844,86.8499984741211,86.58000183105469,86.79000091552734,59.1364631652832
2019-08-22,86.94000244140625,87.02999877929688,86.75,86.94999694824219,59.24546813964844
2019-08-23,86.79000091552734,87.13999938964844,86.4800033569336,86.55000305175781,58.97294998168945
2019-08-26,86.81999969482422,86.9800033569336,86.73999786376953,86.9800033569336,59.265926361083984
2019-08-27,87.1500015258789,87.18000030517578,86.79000091552734,86.94000244140625,59.23866271972656
2019-08-28,86.91999816894531,87.19000244140625,86.88999938964844,87.1500015258789,59.381752014160156
2019-08-29,87.33999633789062,87.41000366210938,87.19000244140625,87.23999786376953,59.44309616088867
2019-08-30,87.37999725341797,87.38999938964844,86.97000122070312,87.16000366210938,59.38857650756836
2019-09-03,86.72000122070312,86.72000122070312,86.38999938964844,86.54000091552734,59.218177795410156
2019-09-04,86.69000244140625,86.75,86.58999633789062,86.72000122070312,59.34136962890625
2019-09-05,86.80000305175781,87.12999725341797,86.77999877929688,87.05999755859375,59.57398986816406
2019-09-06,87.18000030517578,87.30000305175781,87.04000091552734,87.13999938964844,59.62874984741211
2019-09-09,87.19000244140625,87.26000213623047,87.0199966430664,87.2300033569336,59.69033432006836
2019-09-10,87.23999786376953,87.30999755859375,87.0999984741211,87.27999877929688,59.72456741333008
2019-09-11,87.2300033569336,87.30000305175781,87.16999816894531,87.2699966430664,59.717716217041016
2019-09-12,87.33999633789062,87.43000030517578,87.25,87.31999969482422,59.75193405151367
2019-09-13,87.16999816894531,87.30999755859375,87.11000061035156,87.16000366210938,59.64242172241211
2019-09-16,87.30000305175781,87.4800033569336,87.18000030517578,87.47000122070312,59.85459518432617
2019-09-17,87.5,87.52999877929688,87.33999633789062,87.5199966430664,59.888771057128906
2019-09-18,87.45999908447266,87.54000091552734,87.19000244140625,87.47000122070312,59.85459518432617
2019-09-19,87.41999816894531,87.54000091552734,87.33000183105469,87.37000274658203,59.786170959472656
2019-09-20,87.4000015258789,87.51000213623047,87.33999633789062,87.4800033569336,59.861392974853516
2019-09-23,87.41000366210938,87.51000213623047,87.38999938964844,87.44000244140625,59.83401870727539
2019-09-24,87.5199966430664,87.52999877929688,87.20999908447266,87.31999969482422,59.75193405151367
2019-09-25,87.25,87.29000091552734,87.02999877929688,87.2300033569336,59.69033432006836
2019-09-26,87.2300033569336,87.26000213623047,87.04000091552734,87.16999816894531,59.64927673339844
2019-09-27,87.16000366210938,87.2300033569336,87.0,87.06999969482422,59.58088302612305
2019-09-30,87.05999755859375,87.16999816894531,87.0199966430664,87.16999816894531,59.64927673339844
2019-10-01,86.83999633789062,86.86000061035156,86.55000305175781,86.62000274658203,59.511871337890625
2019-10-02,86.56999969482422,86.58000183105469,86.04000091552734,86.11000061035156,59.1614875793457
2019-10-03,86.12000274658203,86.23999786376953,85.75,86.16000366210938,59.195831298828125
2019-10-04,86.2699966430664,86.44000244140625,86.19999694824219,86.43000030517578,59.381343841552734
2019-10-07,86.37000274658203,86.48999786376953,86.25,86.36000061035156,59.333255767822266
2019-10-08,86.2699966430664,86.31999969482422,86.04000091552734,86.04000091552734,59.1134033203125
2019-10-09,86.2699966430664,86.37999725341797,86.25,86.30000305175781,59.292022705078125
2019-10-10,86.31999969482422,86.4800033569336,86.30000305175781,86.41000366210938,59.36762237548828
2019-10-11,86.63999938964844,86.83000183105469,86.56999969482422,86.7699966430664,59.61492156982422
2019-10-14,86.7699966430664,86.87000274658203,86.69000244140625,86.83000183105469,59.65616226196289
2019-10-15,86.83999633789062,87.06999969482422,86.80000305175781,87.0199966430664,59.78665542602539
2019-10-16,86.98999786376953,87.01000213623047,86.94000244140625,86.94999694824219,59.73859786987305
2019-10-17,87.01000213623047,87.0999984741211,87.0,87.06999969482422,59.821075439453125
2019-10-18,87.06999969482422,87.12999725341797,86.95999908447266,87.08999633789062,59.83477783203125
2019-10-21,87.16000366210938,87.16999816894531,87.11000061035156,87.12000274658203,59.85539627075195
2019-10-22,87.18000030517578,87.18000030517578,87.08000183105469,87.13999938964844,59.869136810302734
2019-10-23,87.1500015258789,87.2300033569336,87.08999633789062,87.22000122070312,59.92409133911133
2019-10-24,87.26000213623047,87.31999969482422,87.16999816894531,87.31999969482422,59.9928092956543
2019-10-25,87.30000305175781,87.41999816894531,87.30000305175781,87.38999938964844,60.0409049987793
2019-10-28,87.4000015258789,87.44000244140625,87.36000061035156,87.37999725341797,60.034027099609375
2019-10-29,87.37000274658203,87.4000015258789,87.19999694824219,87.22000122070312,59.92409133911133
2019-10-30,87.2699966430664,87.27999877929688,87.0,87.11000061035156,59.84851837158203
2019-10-31,87.08999633789062,87.0999984741211,86.79000091552734,86.80999755859375,59.642398834228516
2019-11-01,86.58999633789062,86.91000366210938,86.58000183105469,86.81999969482422,59.89836120605469
2019-11-04,86.9800033569336,87.05000305175781,86.94000244140625,87.0,60.02257537841797
2019-11-05,87.06999969482422,87.08000183105469,86.81999969482422,86.91000366210938,59.960472106933594
2019-11-06,86.91000366210938,86.91000366210938,86.77999877929688,86.80999755859375,59.8914680480957
2019-11-07,86.94000244140625,86.9800033569336,86.75,86.7699966430664,59.86388397216797
2019-11-08,86.76000213623047,86.87999725341797,86.63999938964844,86.8499984741211,59.9190559387207
2019-11-11,86.7699966430664,86.83999633789062,86.68000030517578,86.80000305175781,59.88458251953125
2019-11-12,86.75,86.88999938964844,86.7300033569336,86.81999969482422,59.89836120605469
2019-11-13,86.7300033569336,86.7699966430664,86.68000030517578,86.7300033569336,59.83625793457031
2019-11-14,86.73999786376953,86.80000305175781,86.6500015258789,86.68000030517578,59.8017463684082
2019-11-15,86.7699966430664,86.94999694824219,86.76000213623047,86.94000244140625,59.981170654296875
2019-11-18,86.87000274658203,86.9000015258789,86.79000091552734,86.83000183105469,59.9052734375
2019-11-19,86.73999786376953,86.75,86.5199966430664,86.5199966430664,59.69138717651367
2019-11-20,86.47000122070312,86.58000183105469,86.33000183105469,86.33999633789062,59.567222595214844
2019-11-21,86.43000030517578,86.44999694824219,86.2699966430664,86.36000061035156,59.58102798461914
2019-11-22,86.48999786376953,86.69000244140625,86.4000015258789,86.69000244140625,59.80867004394531
2019-11-25,86.70999908447266,86.94000244140625,86.70999908447266,86.91999816894531,59.96736145019531
2019-11-26,86.94999694824219,87.0199966430664,86.9000015258789,87.0199966430664,60.036354064941406
2019-11-27,86.98999786376953,87.1500015258789,86.94999694824219,87.12999725341797,60.11225509643555
2019-11-29,87.11000061035156,87.11000061035156,86.93000030517578,86.94000244140625,59.981170654296875
2019-12-02,86.62999725341797,86.62999725341797,86.3499984741211,86.54000091552734,59.94029998779297
2019-12-03,86.33999633789062,86.47000122070312,86.23999786376953,86.41999816894531,59.857177734375
2019-12-04,86.45999908447266,86.70999908447266,86.45999908447266,86.68000030517578,60.03722381591797
2019-12-05,86.73999786376953,86.80999755859375,86.58000183105469,86.80999755859375,60.12730026245117
2019-12-06,86.94999694824219,87.01000213623047,86.8499984741211,86.93000030517578,60.21040725708008
2019-12-09,86.9000015258789,87.0,86.9000015258789,86.93000030517578,60.21040725708008
2019-12-10,86.93000030517578,87.1500015258789,86.9000015258789,87.13999938964844,60.35588455200195
2019-12-11,87.16000366210938,87.33999633789062,87.08999633789062,87.31999969482422,60.48055648803711
2019-12-12,87.36000061035156,87.61000061035156,87.33000183105469,87.5199966430664,60.61906433105469
2019-12-13,87.55000305175781,87.6500015258789,87.5,87.61000061035156,60.68141555786133
2019-12-16,87.73999786376953,87.83000183105469,87.69999694824219,87.77999877929688,60.799171447753906
2019-12-17,87.79000091552734,88.05000305175781,87.79000091552734,88.05000305175781,60.98617935180664
2019-12-18,88.08999633789062,88.25,88.05999755859375,88.20999908447266,61.09699630737305
2019-12-19,87.91000366210938,87.93000030517578,87.72000122070312,87.8499984741211,61.065006256103516
2019-12-20,87.94999694824219,87.98999786376953,87.69999694824219,87.72000122070312,60.97463607788086
2019-12-23,87.75,87.80000305175781,87.7300033569336,87.76000213623047,61.0024528503418
2019-12-24,87.77999877929688,87.83000183105469,87.7300033569336,87.83000183105469,61.051109313964844
2019-12-26,87.94000244140625,87.98999786376953,87.88999938964844,87.95999908447266,61.14148712158203
2019-12-27,88.0199966430664,88.0199966430664,87.88999938964844,87.91999816894531,61.11368942260742
2019-12-30,88.0,88.0199966430664,87.7699966430664,87.86000061035156,61.07196807861328
2019-12-31,87.86000061035156,87.94999694824219,87.80999755859375,87.94000244140625,61.127567291259766
2020-01-02,88.0999984741211,88.31999969482422,88.05000305175781,88.30999755859375,61.384769439697266
2020-01-03,88.12000274658203,88.27999877929688,88.04000091552734,88.22000122070312,61.322181701660156
2020-01-06,88.11000061035156,88.18000030517578,88.05000305175781,88.12999725341797,61.2596549987793
2020-01-07,88.13999938964844,88.16000366210938,88.04000091552734,88.05000305175781,61.20404815673828
2020-01-08,88.06999969482422,88.2300033569336,88.0199966430664,88.12999725341797,61.2596549987793
2020-01-09,88.23999786376953,88.37000274658203,88.16999816894531,88.36000061035156,61.41950607299805
2020-01-10,88.37000274658203,88.41000366210938,88.30000305175781,88.38999938964844,61.44038009643555
2020-01-13,88.4000015258789,88.44999694824219,88.3499984741211,88.38999938964844,61.44038009643555
2020-01-14,88.37000274658203,88.48999786376953,88.27999877929688,88.37999725341797,61.43341064453125
2020-01-15,88.4000015258789,88.52999877929688,88.38999938964844,88.4000015258789,61.447330474853516
2020-01-16,88.47000122070312,88.52999877929688,88.37999725341797,88.43000030517578,61.46815490722656
2020-01-17,88.4800033569336,88.51000213623047,88.36000061035156,88.36000061035156,61.41950607299805
2020-01-21,88.33999633789062,88.43000030517578,88.16999816894531,88.16999816894531,61.28742980957031
2020-01-22,88.30999755859375,88.37000274658203,88.2300033569336,88.33000183105469,61.39863204956055
2020-01-23,88.18000030517578,88.19999694824219,88.0199966430664,88.05999755859375,61.21097183227539
2020-01-24,88.06999969482422,88.06999969482422,87.6500015258789,87.69000244140625,60.95381164550781
2020-01-27,87.23999786376953,87.37999725341797,86.95999908447266,87.0999984741211,60.54367446899414
2020-01-28,87.5,87.95999908447266,87.38999938964844,87.8499984741211,61.065006256103516
2020-01-29,87.97000122070312,88.2300033569336,87.77999877929688,87.80000305175781,61.03025817871094
2020-01-30,87.51000213623047,87.91000366210938,87.5,87.88999938964844,61.09280776977539
2020-01-31,87.80000305175781,87.80000305175781,87.38999938964844,87.52999877929688,60.842594146728516
2020-02-03,87.33000183105469,87.47000122070312,87.12999725341797,87.1500015258789,60.83283615112305
2020-02-04,87.5,87.69000244140625,87.4800033569336,87.66999816894531,61.19578552246094
2020-02-05,87.87999725341797,88.05999755859375,87.83999633789062,88.02999877929688,61.447052001953125
2020-02-06,88.0,88.1500015258789,87.87000274658203,88.0999984741211,61.495933532714844
2020-02-07,87.98999786376953,88.05000305175781,87.87999725341797,87.97000122070312,61.40519714355469
2020-02-10,87.94999694824219,88.0999984741211,87.87999725341797,88.08999633789062,61.48896408081055
2020-02-11,88.2699966430664,88.27999877929688,88.1500015258789,88.1500015258789,61.53080368041992
2020-02-12,88.31999969482422,88.45999908447266,88.26000213623047,88.37999725341797,61.69137191772461
2020-02-13,88.30999755859375,88.45999908447266,88.29000091552734,88.41000366210938,61.712318420410156
2020-02-14,88.44000244140625,88.48999786376953,88.3499984741211,88.4000015258789,61.7053337097168
2020-02-18,88.3499984741211,88.4000015258789,88.1500015258789,88.22000122070312,61.5797004699707
2020-02-19,88.30999755859375,88.37000274658203,88.25,88.26000213623047,61.60762023925781
2020-02-20,88.31999969482422,88.44000244140625,88.05999755859375,88.41000366210938,61.712318420410156
2020-02-21,88.33999633789062,88.37999725341797,88.16000366210938,88.33000183105469,61.65647888183594
2020-02-24,87.5,87.5999984741211,87.19999694824219,87.37999725341797,60.99335861206055
2020-02-25,87.76000213623047,87.80999755859375,86.69000244140625,86.7699966430664,60.567543029785156
2020-02-26,86.93000030517578,87.25,86.5999984741211,86.86000061035156,60.63038635253906
2020-02-27,86.12999725341797,86.69000244140625,85.5199966430664,85.69000244140625,59.813682556152344
2020-02-28,84.69000244140625,86.1500015258789,84.69000244140625,86.04000091552734,60.058013916015625
2020-03-02,85.63999938964844,86.4000015258789,85.2300033569336,86.30999755859375,60.513729095458984
2020-03-03,86.37999725341797,87.19000244140625,85.73999786376953,85.94000244140625,60.25432205200195
2020-03-04,86.66000366210938,87.16000366210938,86.58999633789062,87.12000274658203,61.08165740966797
2020-03-05,86.36000061035156,86.51000213623047,85.8499984741211,86.0199966430664,60.31038284301758
2020-03-06,84.52999877929688,85.27999877929688,84.08999633789062,85.05000305175781,59.630332946777344
2020-03-09,79.63999938964844,83.48999786376953,79.63999938964844,81.38999938964844,57.0642204284668
2020-03-10,82.62000274658203,82.87000274658203,81.12999725341797,82.63999938964844,57.94061279296875
2020-03-11,81.25,81.69000244140625,80.19999694824219,80.83999633789062,56.67857360839844
2020-03-12,76.37999725341797,80.25,76.2300033569336,77.61000061035156,54.41394805908203
2020-03-13,80.12999725341797,80.27999877929688,78.13999938964844,80.05000305175781,56.12471389770508
2020-03-16,75.72000122070312,77.6500015258789,74.30000305175781,75.6500015258789,53.03977966308594
2020-03-17,75.55000305175781,77.69999694824219,74.62999725341797,76.36000061035156,53.537574768066406
2020-03-18,73.8499984741211,74.75,71.91000366210938,72.98999786376953,51.174808502197266
2020-03-19,71.86000061035156,72.66999816894531,70.7699966430664,71.3499984741211,50.02495574951172
2020-03-20,71.41000366210938,72.13999938964844,69.41000366210938,69.75,48.90316390991211
2020-03-23,70.05000305175781,70.12000274658203,67.5199966430664,68.62999725341797,48.11790466308594
2020-03-24,70.08999633789062,71.94999694824219,69.9000015258789,71.45999908447266,50.102088928222656
2020-03-25,72.25,75.56999969482422,72.08000183105469,73.47000122070312,51.511356353759766
2020-03-26,74.01000213623047,76.83000183105469,73.69999694824219,76.83000183105469,53.867103576660156
2020-03-27,75.44000244140625,78.37000274658203,75.36000061035156,77.02999877929688,54.0073356628418
2020-03-30,77.0999984741211,78.04000091552734,76.63999938964844,77.69000244140625,54.4700813293457
2020-03-31,77.37000274658203,77.70999908447266,76.9800033569336,77.06999969482422,54.03537368774414
2020-04-01,75.18000030517578,75.2699966430664,74.37000274658203,74.58000183105469,52.55210494995117
2020-04-02,74.37000274658203,76.30000305175781,74.2300033569336,75.16000366210938,52.960819244384766
2020-04-03,75.0,75.19999694824219,73.31999969482422,73.55000305175781,51.826316833496094
2020-04-06,75.05999755859375,75.55999755859375,74.80999755859375,75.33999633789062,53.087615966796875
2020-04-07,76.43000030517578,76.72000122070312,75.23999786376953,75.33999633789062,53.087615966796875
2020-04-08,75.95999908447266,77.62999725341797,75.69000244140625,77.30000305175781,54.46871566772461
2020-04-09,81.97000122070312,84.05000305175781,81.48999786376953,82.36000061035156,58.034210205078125
2020-04-13,81.80999755859375,81.91999816894531,80.41999816894531,81.18000030517578,57.202735900878906
2020-04-14,81.91000366210938,82.08999633789062,80.97000122070312,81.5199966430664,57.442298889160156
2020-04-15,80.25,80.91000366210938,79.95999908447266,80.76000213623047,56.90681457519531
2020-04-16,80.55999755859375,80.75,79.93000030517578,80.68000030517578,56.85042953491211
2020-04-17,81.31999969482422,81.4000015258789,80.8499984741211,81.08999633789062,57.139320373535156
2020-04-20,80.29000091552734,80.79000091552734,79.72000122070312,79.87000274658203,56.27965545654297
2020-04-21,78.95999908447266,79.05999755859375,78.25,78.41000366210938,55.25088119506836
2020-04-22,79.26000213623047,79.37000274658203,78.83999633789062,79.0999984741211,55.73707962036133
2020-04-23,79.25,79.66000366210938,78.7300033569336,79.05999755859375,55.70889663696289
2020-04-24,79.12000274658203,79.2300033569336,78.16000366210938,78.31999969482422,55.18747329711914
2020-04-27,78.69999694824219,78.93000030517578,78.51000213623047,78.63999938964844,55.41294860839844
2020-04-28,79.06999969482422,79.12000274658203,78.44000244140625,78.87999725341797,55.58203887939453
2020-04-29,79.43000030517578,80.36000061035156,79.2699966430664,80.2699966430664,56.561527252197266
2020-04-30,79.8499984741211,80.55999755859375,79.52999877929688,80.43000030517578,56.67425537109375
2020-05-01,79.33999633789062,79.54000091552734,78.61000061035156,78.68000030517578,55.696659088134766
2020-05-04,78.52999877929688,78.87000274658203,78.19999694824219,78.56999969482422,55.6187744140625
2020-05-05,78.81999969482422,79.25,78.81999969482422,79.25,56.10014724731445
2020-05-06,79.33000183105469,79.43000030517578,78.7699966430664,78.80000305175781,55.78160095214844
2020-05-07,79.19999694824219,79.70999908447266,78.97000122070312,79.0,55.92317199707031
2020-05-08,79.33000183105469,79.76000213623047,79.2699966430664,79.75,56.4541015625
2020-05-11,79.58000183105469,79.72000122070312,79.33999633789062,79.38999938964844,56.19926071166992
2020-05-12,79.91000366210938,80.0,79.29000091552734,79.29000091552734,56.12845993041992
2020-05-13,79.3499984741211,79.41999816894531,78.73999786376953,78.87000274658203,55.831146240234375
2020-05-14,78.45999908447266,78.9000015258789,77.9800033569336,78.5999984741211,55.640037536621094
2020-05-15,78.37000274658203,78.83999633789062,78.16999816894531,78.70999908447266,55.71790313720703
2020-05-18,79.95999908447266,80.16000366210938,79.66000366210938,80.0999984741211,56.70185089111328
2020-05-19,80.04000091552734,80.43000030517578,79.88999938964844,80.19999694824219,56.77265930175781
2020-05-20,80.62000274658203,81.25,80.55000305175781,81.05000305175781,57.3743782043457
2020-05-21,81.02999877929688,81.2300033569336,80.80000305175781,81.02999877929688,57.36017990112305
2020-05-22,80.94999694824219,81.33000183105469,80.80999755859375,81.2300033569336,57.50178909301758
2020-05-26,81.83000183105469,82.16000366210938,81.18000030517578,81.83999633789062,57.933616638183594
2020-05-27,82.41999816894531,82.44999694824219,81.66000366210938,82.01000213623047,58.053916931152344
2020-05-28,82.12999725341797,82.55000305175781,81.94000244140625,82.08999633789062,58.11054992675781
2020-05-29,82.05000305175781,82.62000274658203,81.87999725341797,82.41999816894531,58.34419250488281
2020-06-01,81.94000244140625,82.75,81.81999969482422,82.72000122070312,58.78547668457031
2020-06-02,82.8499984741211,83.58000183105469,82.62000274658203,83.54000091552734,59.36822509765625
2020-06-03,83.87999725341797,84.37999725341797,83.77999877929688,83.93000030517578,59.645355224609375
2020-06-04,83.83999633789062,83.9800033569336,83.5199966430664,83.66999816894531,59.46060562133789
2020-06-05,84.56999969482422,85.02999877929688,84.4000015258789,84.45999908447266,60.02204513549805
2020-06-08,84.66000366210938,84.68000030517578,84.3499984741211,84.55999755859375,60.09308624267578
2020-06-09,84.11000061035156,84.1500015258789,83.58000183105469,83.9000015258789,59.624088287353516
2020-06-10,83.79000091552734,84.22000122070312,83.26000213623047,83.77999877929688,59.538761138916016
2020-06-11,82.58000183105469,82.62000274658203,81.47000122070312,81.62999725341797,58.0108642578125
2020-06-12,82.73999786376953,82.87000274658203,81.8499984741211,82.44000244140625,58.58648681640625
2020-06-15,81.9000015258789,83.77999877929688,81.72000122070312,83.23999786376953,59.15502166748047
2020-06-16,84.25,84.33000183105469,83.30999755859375,83.58000183105469,59.39664840698242
2020-06-17,83.5199966430664,83.62000274658203,83.1500015258789,83.19000244140625,59.11948776245117
2020-06-18,82.95999908447266,83.20999908447266,82.83000183105469,83.16000366210938,59.09819030761719
2020-06-19,83.31999969482422,83.37000274658203,82.70999908447266,82.87999725341797,58.89918518066406
2020-06-22,82.87000274658203,83.02999877929688,82.69000244140625,82.81999969482422,58.85654067993164
2020-06-23,83.11000061035156,83.13999938964844,82.88999938964844,82.94000244140625,58.941837310791016
2020-06-24,82.68000030517578,82.77999877929688,81.54000091552734,82.08999633789062,58.33773422241211
2020-06-25,81.87000274658203,82.16999816894531,81.48999786376953,82.12000274658203,58.359107971191406
2020-06-26,82.01000213623047,82.01000213623047,81.2300033569336,81.33999633789062,57.80478286743164
2020-06-29,81.44000244140625,81.44999694824219,80.4800033569336,80.87999725341797,57.477874755859375
2020-06-30,81.1500015258789,81.80000305175781,81.08000183105469,81.62000274658203,58.00376892089844
2020-07-01,81.41000366210938,81.7699966430664,81.41000366210938,81.52999877929688,58.18431854248047
2020-07-02,82.23999786376953,82.51000213623047,81.97000122070312,82.12999725341797,58.61249542236328
2020-07-06,82.62000274658203,82.73999786376953,82.41000366210938,82.72000122070312,59.0335578918457
2020-07-07,82.62999725341797,82.83999633789062,82.12999725341797,82.16999816894531,58.64104461669922
2020-07-08,82.12999725341797,82.5,82.12000274658203,82.38999938964844,58.79805374145508
2020-07-09,82.38999938964844,82.45999908447266,81.83000183105469,82.20999908447266,58.669593811035156
2020-07-10,82.06999969482422,82.54000091552734,81.9800033569336,82.48999786376953,58.86943435668945
2020-07-13,82.80000305175781,82.91000366210938,82.02999877929688,82.04000091552734,58.54829406738281
2020-07-14,82.04000091552734,82.77999877929688,82.04000091552734,82.73999786376953,59.0478401184082
2020-07-15,83.23999786376953,83.30999755859375,82.91000366210938,83.20999908447266,59.38323974609375
2020-07-16,83.16000366210938,83.30000305175781,83.08000183105469,83.29000091552734,59.44036102294922
2020-07-17,83.4800033569336,83.55000305175781,83.20999908447266,83.5199966430664,59.6045036315918
2020-07-20,83.58999633789062,84.05999755859375,83.51000213623047,84.0199966430664,59.961326599121094
2020-07-21,84.30000305175781,84.58000183105469,84.2699966430664,84.41000366210938,60.23963928222656
2020-07-22,84.5,84.62000274658203,84.33999633789062,84.58000183105469,60.3609619140625
2020-07-23,84.56999969482422,84.62000274658203,83.97000122070312,84.5199966430664,60.31814956665039
2020-07-24,84.33999633789062,84.69999694824219,84.30000305175781,84.5999984741211,60.37523651123047
2020-07-27,84.7300033569336,84.81999969482422,84.51000213623047,84.80000305175781,60.517974853515625
2020-07-28,84.72000122070312,84.80000305175781,84.5,84.58000183105469,60.3609619140625
2020-07-29,84.83999633789062,85.11000061035156,84.69999694824219,85.05000305175781,60.69636917114258
2020-07-30,84.77999877929688,85.2699966430664,84.73999786376953,85.2300033569336,60.8248405456543
2020-07-31,85.19999694824219,85.4000015258789,84.9000015258789,85.38999938964844,60.939002990722656
2020-08-03,85.02999877929688,85.11000061035156,84.8499984741211,85.06999969482422,60.9540901184082
2020-08-04,84.97000122070312,85.06999969482422,84.80000305175781,85.04000091552734,60.93256378173828
2020-08-05,85.05999755859375,85.2300033569336,85.01000213623047,85.19000244140625,61.04004669189453
2020-08-06,85.19000244140625,85.4000015258789,85.0999984741211,85.37999725341797,61.17620849609375
2020-08-07,85.3499984741211,85.3499984741211,85.05000305175781,85.16999816894531,61.025726318359375
2020-08-10,85.26000213623047,85.30000305175781,85.01000213623047,85.20999908447266,61.05437469482422
2020-08-11,85.25,85.2699966430664,84.4000015258789,84.44000244140625,60.50267791748047
2020-08-12,84.80999755859375,85.0199966430664,84.45999908447266,84.45999908447266,60.517024993896484
2020-08-13,84.4800033569336,84.80999755859375,84.1500015258789,84.2300033569336,60.35221481323242
2020-08-14,84.20999908447266,84.30000305175781,83.91999816894531,84.08000183105469,60.24474334716797
2020-08-17,84.16000366210938,84.62000274658203,84.0999984741211,84.58000183105469,60.60295486450195
2020-08-18,84.62000274658203,84.7699966430664,84.41000366210938,84.70999908447266,60.69611740112305
2020-08-19,84.66999816894531,84.79000091552734,84.37000274658203,84.47000122070312,60.524173736572266
2020-08-20,84.33000183105469,84.75,84.31999969482422,84.75,60.72477722167969
2020-08-21,84.75,84.80999755859375,84.62999725341797,84.73999786376953,60.717647552490234
2020-08-24,84.9000015258789,85.16999816894531,84.88999938964844,85.12999725341797,60.997074127197266
2020-08-25,85.13999938964844,85.27999877929688,84.91000366210938,85.22000122070312,61.06154251098633
2020-08-26,85.2300033569336,85.37000274658203,85.16999816894531,85.20999908447266,61.05437469482422
2020-08-27,85.31999969482422,85.3499984741211,84.9000015258789,85.08000183105469,60.96124267578125
2020-08-28,85.12999725341797,85.2699966430664,85.08999633789062,85.1500015258789,61.01137924194336
2020-08-31,85.12999725341797,85.2300033569336,84.98999786376953,85.02999877929688,60.9254150390625
2020-09-01,84.70999908447266,85.2300033569336,84.63999938964844,85.1500015258789,61.25703430175781
2020-09-02,85.19999694824219,85.38999938964844,84.94999694824219,85.25,61.329017639160156
2020-09-03,85.0999984741211,85.12000274658203,84.37000274658203,84.72000122070312,60.94770431518555
2020-09-04,84.80000305175781,84.94000244140625,83.9800033569336,84.48999786376953,60.78226089477539
2020-09-08,84.13999938964844,84.41000366210938,83.91000366210938,84.0199966430664,60.44413375854492
2020-09-09,84.37999725341797,84.73999786376953,84.25,84.68000030517578,60.91893768310547
2020-09-10,84.80999755859375,84.83000183105469,84.25,84.27999877929688,60.63115310668945
2020-09-11,84.33999633789062,84.48999786376953,84.0999984741211,84.44999694824219,60.75347900390625
2020-09-14,84.62000274658203,84.69999694824219,84.2699966430664,84.36000061035156,60.6887321472168
2020-09-15,84.55000305175781,84.72000122070312,84.44000244140625,84.58999633789062,60.854164123535156
2020-09-16,84.6500015258789,84.98999786376953,84.51000213623047,84.58999633789062,60.854164123535156
2020-09-17,84.30999755859375,84.66000366210938,84.2300033569336,84.5,60.7894401550293
2020-09-18,84.66999816894531,84.69000244140625,84.25,84.29000091552734,60.638370513916016
2020-09-21,83.93000030517578,84.02999877929688,83.37999725341797,83.61000061035156,60.149173736572266
2020-09-22,83.70999908447266,83.94999694824219,83.5199966430664,83.9000015258789,60.35780715942383
2020-09-23,83.9800033569336,83.9800033569336,82.95999908447266,83.05000305175781,59.74629592895508
2020-09-24,82.87000274658203,83.33999633789062,82.55999755859375,83.0999984741211,59.78228759765625
2020-09-25,83.0,83.16000366210938,82.76000213623047,82.94999694824219,59.67438507080078
2020-09-28,83.37999725341797,83.62000274658203,83.19000244140625,83.48999786376953,60.06285858154297
2020-09-29,83.55999755859375,83.61000061035156,83.29000091552734,83.55999755859375,60.11321258544922
2020-09-30,83.55999755859375,84.02999877929688,83.55000305175781,83.9000015258789,60.35780715942383
2020-10-01,83.80999755859375,83.88999938964844,83.69000244140625,83.83000183105469,60.5651741027832
2020-10-02,83.27999877929688,83.87000274658203,83.27999877929688,83.83000183105469,60.5651741027832
2020-10-05,83.98999786376953,84.4800033569336,83.91999816894531,84.45999908447266,61.020320892333984
2020-10-06,84.4800033569336,84.75,84.22000122070312,84.2699966430664,60.88302230834961
2020-10-07,84.5199966430664,84.62999725341797,84.47000122070312,84.56999969482422,61.099788665771484
2020-10-08,84.83999633789062,84.8499984741211,84.63999938964844,84.76000213623047,61.23705291748047
2020-10-09,84.88999938964844,85.02999877929688,84.76000213623047,84.94999694824219,61.37432098388672
2020-10-12,85.22000122070312,85.47000122070312,85.12999725341797,85.37999725341797,61.68498992919922
2020-10-13,85.16000366210938,85.26000213623047,84.93000030517578,85.0,61.41045379638672
2020-10-14,84.95999908447266,85.0199966430664,84.72000122070312,84.79000091552734,61.25873565673828
2020-10-15,84.44999694824219,84.77999877929688,84.31999969482422,84.7300033569336,61.21540069580078
2020-10-16,84.86000061035156,84.94000244140625,84.5199966430664,84.62999725341797,61.14312744140625
2020-10-19,84.80000305175781,84.86000061035156,84.30000305175781,84.33000183105469,60.926387786865234
2020-10-20,84.4800033569336,84.7699966430664,84.47000122070312,84.62999725341797,61.14312744140625
2020-10-21,84.62000274658203,84.80000305175781,84.52999877929688,84.62000274658203,61.13590621948242
2020-10-22,84.61000061035156,84.83999633789062,84.44999694824219,84.7699966430664,61.24427032470703
2020-10-23,84.9000015258789,84.91999816894531,84.66999816894531,84.87000274658203,61.31651306152344
2020-10-26,84.55999755859375,84.62000274658203,84.08999633789062,84.12000274658203,60.774681091308594
2020-10-27,84.18000030517578,84.33999633789062,84.12000274658203,84.16000366210938,60.80358123779297
2020-10-28,83.61000061035156,83.72000122070312,83.30999755859375,83.45999908447266,60.29780578613281
2020-10-29,83.4000015258789,83.73999786376953,83.2699966430664,83.69999694824219,60.471229553222656
2020-10-30,83.62999725341797,83.91999816894531,83.43000030517578,83.87999725341797,60.60127639770508
2020-11-02,83.77999877929688,83.8499984741211,83.48999786376953,83.72000122070312,60.74565887451172
2020-11-03,83.88999938964844,84.44000244140625,83.88999938964844,84.44000244140625,61.268104553222656
2020-11-04,84.69000244140625,85.41000366210938,84.66000366210938,85.2300033569336,61.84126663208008
2020-11-05,85.63999938964844,85.87999725341797,85.41999816894531,85.52999877929688,62.05901336669922
2020-11-06,85.55999755859375,85.58000183105469,85.11000061035156,85.2300033569336,61.84126663208008
2020-11-09,86.87999725341797,86.9000015258789,85.83999633789062,85.87999725341797,62.312896728515625
2020-11-10,85.77999877929688,86.05999755859375,83.37999725341797,85.76000213623047,62.22586441040039
2020-11-11,85.91999816894531,85.93000030517578,85.62999725341797,85.7300033569336,62.20406723022461
2020-11-12,85.6500015258789,85.6500015258789,85.1500015258789,85.1500015258789,61.78326416015625
2020-11-13,85.25,85.52999877929688,85.23999786376953,85.44000244140625,61.99366760253906
2020-11-16,85.9000015258789,85.95999908447266,85.69000244140625,85.91999816894531,62.34193801879883
2020-11-17,85.77999877929688,86.11000061035156,85.72000122070312,85.94999694824219,62.363712310791016
2020-11-18,86.04000091552734,86.13999938964844,85.76000213623047,85.79000091552734,62.24763107299805
2020-11-19,85.70999908447266,86.13999938964844,85.6500015258789,86.08000183105469,62.45803451538086
2020-11-20,85.91999816894531,86.0199966430664,85.8499984741211,85.91999816894531,62.34193801879883
2020-11-23,86.13999938964844,86.20999908447266,85.95999908447266,86.05000305175781,62.43626022338867
2020-11-24,86.31999969482422,86.5199966430664,86.20999908447266,86.30999755859375,62.624916076660156
2020-11-25,86.30000305175781,86.41999816894531,86.19000244140625,86.2699966430664,62.595882415771484
2020-11-27,86.43000030517578,86.5,86.38999938964844,86.41000366210938,62.69746780395508
2020-11-30,86.43000030517578,86.43000030517578,86.1500015258789,86.31999969482422,62.63218307495117
2020-12-01,86.25,86.38999938964844,86.18000030517578,86.19999694824219,62.79317855834961
2020-12-02,86.22000122070312,86.55000305175781,86.1500015258789,86.44000244140625,62.9680061340332
2020-12-03,86.5199966430664,86.69999694824219,86.44000244140625,86.48999786376953,63.00442123413086
2020-12-04,86.66999816894531,86.9000015258789,86.5199966430664,86.8499984741211,63.26664733886719
2020-12-07,86.80000305175781,86.83999633789062,86.68000030517578,86.80999755859375,63.23752975463867
2020-12-08,86.7699966430664,86.8499984741211,86.69999694824219,86.73999786376953,63.18650817871094
2020-12-09,86.8499984741211,86.8499984741211,86.48999786376953,86.61000061035156,63.09184265136719
2020-12-10,86.4800033569336,86.87999725341797,86.45999908447266,86.7699966430664,63.2083854675293
2020-12-11,86.72000122070312,86.86000061035156,86.54000091552734,86.68000030517578,63.142826080322266
2020-12-14,86.83000183105469,86.87999725341797,86.5999984741211,86.69999694824219,63.15739059448242
2020-12-15,86.8499984741211,87.0,86.68000030517578,86.97000122070312,63.35407638549805
2020-12-16,86.94000244140625,86.97000122070312,86.5999984741211,86.83999633789062,63.25938415527344
2020-12-17,86.58999633789062,86.68000030517578,86.51000213623047,86.61000061035156,63.353755950927734
2020-12-18,86.6500015258789,86.72000122070312,86.55000305175781,86.68000030517578,63.404945373535156
2020-12-21,86.37999725341797,86.55000305175781,86.22000122070312,86.37000274658203,63.17821502685547
2020-12-22,86.43000030517578,86.54000091552734,86.3499984741211,86.4800033569336,63.25865173339844
2020-12-23,86.62000274658203,86.91000366210938,86.5999984741211,86.87000274658203,63.54393005371094
2020-12-24,86.94999694824219,87.05000305175781,86.94000244140625,87.05000305175781,63.675601959228516
2020-12-28,87.18000030517578,87.2300033569336,87.04000091552734,87.16000366210938,63.756065368652344
2020-12-29,87.30999755859375,87.30999755859375,87.04000091552734,87.05000305175781,63.675601959228516
2020-12-30,87.08000183105469,87.27999877929688,87.08000183105469,87.2300033569336,63.80727005004883
2020-12-31,87.20999908447266,87.33999633789062,87.16999816894531,87.30000305175781,63.858455657958984
2021-01-04,87.4000015258789,87.4000015258789,86.87000274658203,87.12000274658203,63.726802825927734
2021-01-05,87.0199966430664,87.25,86.9800033569336,87.1500015258789,63.748748779296875
2021-01-06,87.08999633789062,87.33999633789062,86.97000122070312,86.98999786376953,63.63170623779297
2021-01-07,87.18000030517578,87.37000274658203,87.12999725341797,87.23999786376953,63.814571380615234
2021-01-08,87.3499984741211,87.37999725341797,87.13999938964844,87.37000274658203,63.9096794128418
2021-01-11,87.0199966430664,87.16999816894531,86.88999938964844,86.9000015258789,63.56587600708008
2021-01-12,86.88999938964844,87.06999969482422,86.79000091552734,87.01000213623047,63.646339416503906
2021-01-13,86.9800033569336,87.30999755859375,86.94999694824219,87.2699966430664,63.836517333984375
2021-01-14,87.2699966430664,87.37999725341797,87.22000122070312,87.25,63.82185745239258
2021-01-15,87.13999938964844,87.2699966430664,87.05000305175781,87.11000061035156,63.71950149536133
2021-01-19,87.3499984741211,87.37999725341797,87.1500015258789,87.36000061035156,63.902339935302734
2021-01-20,87.62000274658203,87.62000274658203,87.37000274658203,87.5199966430664,64.01939392089844
2021-01-21,87.47000122070312,87.56999969482422,87.37999725341797,87.47000122070312,63.98280715942383
2021-01-22,87.27999877929688,87.38999938964844,87.18000030517578,87.30000305175781,63.858455657958984
2021-01-25,87.30000305175781,87.33999633789062,87.02999877929688,87.31999969482422,63.87310028076172
2021-01-26,87.29000091552734,87.33000183105469,87.18000030517578,87.19000244140625,63.77802276611328
2021-01-27,87.0199966430664,87.22000122070312,86.80999755859375,86.94000244140625,63.595123291015625
2021-01-28,87.16000366210938,87.48999786376953,87.13999938964844,87.19999694824219,63.78533935546875
2021-01-29,87.12999725341797,87.37000274658203,86.88999938964844,86.97000122070312,63.61708450317383
2021-02-01,86.80999755859375,86.97000122070312,86.66000366210938,86.93000030517578,63.82119369506836
2021-02-02,87.1500015258789,87.26000213623047,87.08999633789062,87.13999938964844,63.97534942626953
2021-02-03,87.19999694824219,87.36000061035156,87.16999816894531,87.20999908447266,64.0267562866211
2021-02-04,87.3499984741211,87.47000122070312,87.30999755859375,87.38999938964844,64.15887451171875
2021-02-05,87.62999725341797,87.6500015258789,87.4800033569336,87.5199966430664,64.25434875488281
2021-02-08,87.58999633789062,87.77999877929688,87.55999755859375,87.77999877929688,64.4451904296875
2021-02-09,87.6500015258789,87.7300033569336,87.56999969482422,87.62000274658203,64.3277587890625
2021-02-10,87.62000274658203,87.68000030517578,87.47000122070312,87.5999984741211,64.31307983398438
2021-02-11,87.63999938964844,87.68000030517578,87.54000091552734,87.63999938964844,64.34242248535156
2021-02-12,87.55000305175781,87.79000091552734,87.55000305175781,87.77999877929688,64.4451904296875
2021-02-16,87.7300033569336,87.73999786376953,87.56999969482422,87.63999938964844,64.34242248535156
2021-02-17,87.45999908447266,87.61000061035156,87.43000030517578,87.61000061035156,64.32037353515625
2021-02-18,87.47000122070312,87.58999633789062,87.38999938964844,87.48999786376953,64.23230743408203
2021-02-19,87.62999725341797,87.62999725341797,87.4800033569336,87.5,64.23963165283203
2021-02-22,87.37000274658203,87.45999908447266,87.2300033569336,87.2300033569336,64.04141235351562
2021-02-23,87.19000244140625,87.51000213623047,87.01000213623047,87.44000244140625,64.19561767578125
2021-02-24,87.30999755859375,87.52999877929688,87.2300033569336,87.52999877929688,64.26168823242188
2021-02-25,87.33000183105469,87.41999816894531,86.5999984741211,86.69999694824219,63.65230941772461
2021-02-26,86.87999725341797,86.91999816894531,86.41000366210938,86.44000244140625,63.461456298828125
2021-03-01,86.66999816894531,87.16000366210938,86.55999755859375,87.0999984741211,64.17390441894531
2021-03-02,87.1500015258789,87.16000366210938,86.93000030517578,86.97000122070312,64.07809448242188
2021-03-03,86.83999633789062,86.91000366210938,86.66000366210938,86.69000244140625,63.87184143066406
2021-03-04,86.75,86.94999694824219,86.08000183105469,86.36000061035156,63.628700256347656
2021-03-05,86.48999786376953,86.72000122070312,86.08999633789062,86.62000274658203,63.82023620605469
2021-03-08,86.56999969482422,86.63999938964844,85.97000122070312,85.98999786376953,63.356056213378906
2021-03-09,86.22000122070312,86.44999694824219,86.08000183105469,86.11000061035156,63.44449996948242
2021-03-10,86.22000122070312,86.5,86.1500015258789,86.37999725341797,63.64342498779297
2021-03-11,86.58000183105469,86.86000061035156,86.58000183105469,86.69999694824219,63.87918472290039
2021-03-12,86.55999755859375,86.5999984741211,86.37000274658203,86.45999908447266,63.7023811340332
2021-03-15,86.4000015258789,86.55000305175781,86.30999755859375,86.47000122070312,63.709712982177734
2021-03-16,86.43000030517578,86.48999786376953,86.18000030517578,86.2699966430664,63.5623893737793
2021-03-17,86.0999984741211,86.6500015258789,86.04000091552734,86.38999938964844,63.650779724121094
2021-03-18,86.05999755859375,86.16999816894531,85.70999908447266,85.7300033569336,63.16454315185547
2021-03-19,85.86000061035156,86.1500015258789,85.6500015258789,86.05999755859375,63.407630920410156
2021-03-22,86.19999694824219,86.5199966430664,86.1500015258789,86.37000274658203,63.63603973388672
2021-03-23,86.3499984741211,86.5,86.25,86.45999908447266,63.7023811340332
2021-03-24,86.54000091552734,86.80000305175781,86.51000213623047,86.51000213623047,63.739200592041016
2021-03-25,86.44999694824219,86.66000366210938,86.36000061035156,86.66000366210938,63.84971237182617
2021-03-26,86.76000213623047,86.93000030517578,86.56999969482422,86.91999816894531,64.04126739501953
2021-03-29,86.86000061035156,87.0,86.69999694824219,86.97000122070312,64.07809448242188
2021-03-30,86.83000183105469,86.87999725341797,86.73999786376953,86.76000213623047,63.923404693603516
2021-03-31,86.86000061035156,87.20999908447266,86.8499984741211,87.18000030517578,64.23284912109375
2021-04-01,86.97000122070312,87.06999969482422,86.8499984741211,87.06999969482422,64.36885833740234
2021-04-05,87.08000183105469,87.18000030517578,87.04000091552734,87.11000061035156,64.3984603881836
2021-04-06,87.12999725341797,87.30000305175781,87.12999725341797,87.26000213623047,64.50933837890625
2021-04-07,87.27999877929688,87.31999969482422,87.16999816894531,87.2300033569336,64.48715209960938
2021-04-08,87.33000183105469,87.36000061035156,87.23999786376953,87.26000213623047,64.50933837890625
2021-04-09,87.1500015258789,87.20999908447266,87.0999984741211,87.19999694824219,64.4649658203125
2021-04-12,87.0999984741211,87.13999938964844,87.0199966430664,87.11000061035156,64.3984603881836
2021-04-13,87.01000213623047,87.19999694824219,86.91000366210938,87.16999816894531,64.44283294677734
2021-04-14,87.19000244140625,87.29000091552734,87.08999633789062,87.12999725341797,64.4132080078125
2021-04-15,87.33000183105469,87.4800033569336,87.2699966430664,87.4800033569336,64.67195892333984
2021-04-16,87.5,87.52999877929688,87.30000305175781,87.30000305175781,64.53890991210938
2021-04-19,87.19999694824219,87.29000091552734,87.12000274658203,87.16000366210938,64.43543243408203
2021-04-20,87.05999755859375,87.13999938964844,86.95999908447266,87.01000213623047,64.32450103759766
2021-04-21,86.97000122070312,87.30000305175781,86.95999908447266,87.30000305175781,64.53890991210938
2021-04-22,87.31999969482422,87.33000183105469,87.12000274658203,87.13999938964844,64.42060852050781
2021-04-23,87.19999694824219,87.44999694824219,87.19000244140625,87.37000274658203,64.59069061279297
2021-04-26,87.37999725341797,87.4800033569336,87.29000091552734,87.33000183105469,64.56108856201172
2021-04-27,87.37999725341797,87.37999725341797,87.20999908447266,87.20999908447266,64.47237396240234
2021-04-28,87.23999786376953,87.44999694824219,87.16999816894531,87.37999725341797,64.59806060791016
2021-04-29,87.55000305175781,87.55000305175781,87.3499984741211,87.4800033569336,64.67195892333984
2021-04-30,87.37000274658203,87.48999786376953,87.3499984741211,87.44000244140625,64.64239501953125
2021-05-03,87.2300033569336,87.33000183105469,87.16999816894531,87.18000030517578,64.6676254272461
2021-05-04,87.11000061035156,87.1500015258789,86.97000122070312,87.12999725341797,64.63050079345703
2021-05-05,87.19000244140625,87.31999969482422,87.16999816894531,87.30000305175781,64.75662994384766
2021-05-06,87.29000091552734,87.33999633789062,87.1500015258789,87.2699966430664,64.734375
2021-05-07,87.3499984741211,87.41000366210938,87.2300033569336,87.33000183105469,64.77890014648438
2021-05-10,87.36000061035156,87.37999725341797,87.12999725341797,87.12999725341797,64.63050079345703
2021-05-11,86.9000015258789,87.08999633789062,86.80999755859375,87.04000091552734,64.56378936767578
2021-05-12,86.91999816894531,86.9800033569336,86.62000274658203,86.62000274658203,64.25222778320312
2021-05-13,86.7699966430664,87.0,86.76000213623047,86.93000030517578,64.4822006225586
2021-05-14,87.05000305175781,87.20999908447266,87.0199966430664,87.20999908447266,64.68986511230469
2021-05-17,87.19999694824219,87.20999908447266,86.98999786376953,87.05000305175781,64.57118225097656
2021-05-18,87.16999816894531,87.16999816894531,86.83000183105469,86.83999633789062,64.41542053222656
2021-05-19,86.5999984741211,86.83999633789062,86.56999969482422,86.61000061035156,64.24479675292969
2021-05-20,86.68000030517578,87.33999633789062,86.68000030517578,86.9800033569336,64.5192642211914
2021-05-21,87.08000183105469,87.12999725341797,86.91999816894531,87.11000061035156,64.61571502685547
2021-05-24,87.18000030517578,87.30999755859375,87.0999984741211,87.20999908447266,64.68986511230469
2021-05-25,87.26000213623047,87.27999877929688,87.13999938964844,87.22000122070312,64.69733428955078
2021-05-26,87.16000366210938,87.2699966430664,87.16000366210938,87.25,64.71955108642578
2021-05-27,87.37999725341797,87.37999725341797,87.19999694824219,87.20999908447266,64.68986511230469
2021-05-28,87.30000305175781,87.3499984741211,87.18000030517578,87.18000030517578,64.6676254272461
2021-06-01,87.05999755859375,87.16000366210938,87.0,87.1500015258789,64.86189270019531
2021-06-02,87.1500015258789,87.2699966430664,87.12000274658203,87.26000213623047,64.94373321533203
2021-06-03,87.02999877929688,87.2300033569336,86.98999786376953,87.08000183105469,64.80979919433594
2021-06-04,87.2300033569336,87.30999755859375,87.16999816894531,87.2699966430664,64.95117950439453
2021-06-07,87.29000091552734,87.3499984741211,87.26000213623047,87.30000305175781,64.9735107421875
2021-06-08,87.44000244140625,87.44000244140625,87.30999755859375,87.36000061035156,65.01817321777344
2021-06-09,87.47000122070312,87.48999786376953,87.4000015258789,87.43000030517578,65.07027435302734
2021-06-10,87.5,87.66000366210938,87.45999908447266,87.58999633789062,65.1893539428711
2021-06-11,87.6500015258789,87.69000244140625,87.55000305175781,87.62000274658203,65.2116928100586
2021-06-14,87.58999633789062,87.58999633789062,87.47000122070312,87.54000091552734,65.15213775634766
2021-06-15,87.4800033569336,87.56999969482422,87.44000244140625,87.52999877929688,65.14468383789062
2021-06-16,87.52999877929688,87.56999969482422,87.26000213623047,87.41000366210938,65.05538940429688
2021-06-17,87.45999908447266,87.5,87.37999725341797,87.47000122070312,65.10002899169922
2021-06-18,87.33999633789062,87.44999694824219,87.29000091552734,87.43000030517578,65.07027435302734
2021-06-21,87.5199966430664,87.5999984741211,87.44999694824219,87.5999984741211,65.1968002319336
2021-06-22,87.56999969482422,87.66000366210938,87.5199966430664,87.66000366210938,65.24144744873047
2021-06-23,87.62999725341797,87.75,87.56999969482422,87.56999969482422,65.17448425292969
2021-06-24,87.73999786376953,87.83999633789062,87.69999694824219,87.83999633789062,65.37540435791016
2021-06-25,87.8499984741211,87.94999694824219,87.83000183105469,87.93000030517578,65.44239807128906
2021-06-28,87.97000122070312,87.97000122070312,87.86000061035156,87.91999816894531,65.43495178222656
2021-06-29,87.94000244140625,88.02999877929688,87.93000030517578,88.02999877929688,65.51680755615234
2021-06-30,87.97000122070312,88.06999969482422,87.95999908447266,88.04000091552734,65.52426147460938
2021-07-01,87.83000183105469,87.91999816894531,87.80999755859375,87.91999816894531,65.65270233154297
2021-07-02,87.95999908447266,88.06999969482422,87.91999816894531,88.05999755859375,65.75724029541016
2021-07-06,88.05999755859375,88.08000183105469,87.94000244140625,88.01000213623047,65.71991729736328
2021-07-07,88.08999633789062,88.0999984741211,87.93000030517578,88.04000091552734,65.7423095703125
2021-07-08,87.80999755859375,87.93000030517578,87.7699966430664,87.8499984741211,65.6004409790039
2021-07-09,87.87999725341797,88.0199966430664,87.87000274658203,88.0,65.7124252319336
2021-07-12,88.0,88.0199966430664,87.88999938964844,87.97000122070312,65.69003295898438
2021-07-13,87.91999816894531,87.95999908447266,87.69999694824219,87.70999908447266,65.49590301513672
2021-07-14,87.80999755859375,87.87999725341797,87.73999786376953,87.8499984741211,65.6004409790039
2021-07-15,87.7699966430664,87.81999969482422,87.72000122070312,87.79000091552734,65.55562591552734
2021-07-16,87.83999633789062,87.83999633789062,87.63999938964844,87.66999816894531,65.46603393554688
2021-07-19,87.45999908447266,87.48999786376953,86.9800033569336,87.08000183105469,65.02545928955078
2021-07-20,87.16000366210938,87.52999877929688,87.08000183105469,87.5199966430664,65.35400390625
2021-07-21,87.58000183105469,87.76000213623047,87.55999755859375,87.7300033569336,65.51083374023438
2021-07-22,87.73999786376953,87.8499984741211,87.6500015258789,87.77999877929688,65.54814147949219
2021-07-23,87.87999725341797,87.98999786376953,87.83000183105469,87.94999694824219,65.67510223388672
2021-07-26,87.91999816894531,87.97000122070312,87.77999877929688,87.81999969482422,65.5780029296875
2021-07-27,87.69999694824219,87.7699966430664,87.55999755859375,87.69999694824219,65.48839569091797
2021-07-28,87.80000305175781,87.8499984741211,87.66999816894531,87.7699966430664,65.54066467285156
2021-07-29,87.83000183105469,88.0,87.83000183105469,87.95999908447266,65.68260192871094
2021-07-30,87.93000030517578,87.97000122070312,87.83999633789062,87.83999633789062,65.59294891357422
2021-08-02,87.66999816894531,87.69000244140625,87.33999633789062,87.33999633789062,65.43038940429688
2021-08-03,87.38999938964844,87.45999908447266,87.27999877929688,87.44000244140625,65.50532531738281
2021-08-04,87.37000274658203,87.41999816894531,87.27999877929688,87.27999877929688,65.3854751586914
2021-08-05,87.33000183105469,87.5199966430664,87.33000183105469,87.4800033569336,65.53529357910156
2021-08-06,87.43000030517578,87.5199966430664,87.37000274658203,87.37999725341797,65.46038818359375
2021-08-09,87.33999633789062,87.36000061035156,87.18000030517578,87.18000030517578,65.310546875
2021-08-10,87.19000244140625,87.19999694824219,86.97000122070312,86.9800033569336,65.16071319580078
2021-08-11,87.04000091552734,87.16000366210938,87.01000213623047,87.12000274658203,65.26559448242188
2021-08-12,87.12000274658203,87.29000091552734,87.08999633789062,87.2699966430664,65.37796020507812
2021-08-13,87.30000305175781,87.45999908447266,87.30000305175781,87.45999908447266,65.52029418945312
2021-08-16,87.44000244140625,87.48999786376953,87.3499984741211,87.48999786376953,65.54275512695312
2021-08-17,87.38999938964844,87.4000015258789,87.19999694824219,87.29000091552734,65.3929443359375
2021-08-18,87.30000305175781,87.38999938964844,87.08999633789062,87.08999633789062,65.24313354492188
2021-08-19,87.0,87.19999694824219,86.94999694824219,87.08000183105469,65.23564147949219
2021-08-20,87.0999984741211,87.33000183105469,87.08999633789062,87.29000091552734,65.3929443359375
2021-08-23,87.41000366210938,87.58999633789062,87.41000366210938,87.55999755859375,65.59520721435547
2021-08-24,87.58000183105469,87.69999694824219,87.55000305175781,87.68000030517578,65.68510437011719
2021-08-25,87.69999694824219,87.81999969482422,87.66000366210938,87.7699966430664,65.75251007080078
2021-08-26,87.76000213623047,87.7699966430664,87.58000183105469,87.72000122070312,65.71507263183594
2021-08-27,87.75,87.98999786376953,87.7300033569336,87.95999908447266,65.89488983154297
2021-08-30,87.9800033569336,88.0999984741211,87.95999908447266,88.06999969482422,65.97728729248047
2021-08-31,88.05999755859375,88.0999984741211,87.97000122070312,88.08999633789062,65.99224853515625
2021-09-01,87.83999633789062,87.9800033569336,87.81999969482422,87.88999938964844,66.04859161376953
2021-09-02,88.0,88.0199966430664,87.93000030517578,88.0,66.13128662109375
2021-09-03,87.95999908447266,88.04000091552734,87.88999938964844,88.01000213623047,66.13880157470703
2021-09-07,87.98999786376953,87.98999786376953,87.7699966430664,87.77999877929688,65.96593475341797
2021-09-08,87.79000091552734,87.91000366210938,87.70999908447266,87.87999725341797,66.04109954833984
2021-09-09,87.87000274658203,87.9800033569336,87.86000061035156,87.95999908447266,66.10123443603516
2021-09-10,88.08000183105469,88.08999633789062,87.81999969482422,87.83000183105469,66.00352478027344
2021-09-13,87.94999694824219,88.05999755859375,87.88999938964844,88.05000305175781,66.16886138916016
2021-09-14,88.08000183105469,88.12000274658203,87.97000122070312,88.01000213623047,66.13880157470703
2021-09-15,88.0199966430664,88.13999938964844,88.01000213623047,88.13999938964844,66.23648834228516
2021-09-16,88.11000061035156,88.13999938964844,87.94999694824219,88.11000061035156,66.21394348144531
2021-09-17,88.08000183105469,88.08999633789062,87.97000122070312,88.0,66.13128662109375
2021-09-20,87.5999984741211,87.80999755859375,87.55000305175781,87.69000244140625,65.89832305908203
2021-09-21,87.83000183105469,87.87999725341797,87.68000030517578,87.83999633789062,66.01103210449219
2021-09-22,87.97000122070312,88.08000183105469,87.8499984741211,88.0,66.13128662109375
2021-09-23,88.05000305175781,88.16000366210938,87.95999908447266,88.04000091552734,66.16133880615234
2021-09-24,87.95999908447266,88.0199966430664,87.86000061035156,87.91000366210938,66.06365203857422
2021-09-27,87.76000213623047,87.88999938964844,87.7300033569336,87.83000183105469,66.00352478027344
2021-09-28,87.66000366210938,87.69999694824219,87.37999725341797,87.43000030517578,65.70296478271484
2021-09-29,87.52999877929688,87.70999908447266,87.51000213623047,87.58999633789062,65.82316589355469
2021-09-30,87.63999938964844,87.68000030517578,87.37999725341797,87.48999786376953,65.74799346923828
2021-10-01,87.3499984741211,87.4800033569336,87.13999938964844,87.41000366210938,65.90557861328125
2021-10-04,87.3499984741211,87.37999725341797,87.08000183105469,87.0999984741211,65.6718521118164
2021-10-05,87.19000244140625,87.22000122070312,87.02999877929688,87.05999755859375,65.64173126220703
2021-10-06,86.87000274658203,87.04000091552734,86.7699966430664,87.01000213623047,65.60401916503906
2021-10-07,87.12999725341797,87.30000305175781,86.95999908447266,87.0199966430664,65.611572265625
2021-10-08,87.0,87.05000305175781,86.76000213623047,86.76000213623047,65.41551208496094
2021-10-11,86.76000213623047,86.80999755859375,86.48999786376953,86.48999786376953,65.21194458007812
2021-10-12,86.5999984741211,86.7699966430664,86.58000183105469,86.6500015258789,65.33255004882812
2021-10-13,86.69999694824219,86.87999725341797,86.55999755859375,86.87999725341797,65.50597381591797
2021-10-14,87.05000305175781,87.37999725341797,87.04000091552734,87.37000274658203,65.8754653930664
2021-10-15,87.38999938964844,87.38999938964844,87.16999816894531,87.22000122070312,65.76234436035156
2021-10-18,87.0199966430664,87.18000030517578,86.98999786376953,87.18000030517578,65.7322006225586
2021-10-19,87.18000030517578,87.25,87.12000274658203,87.23999786376953,65.7774429321289
2021-10-20,87.25,87.29000091552734,87.19000244140625,87.2699966430664,65.80006408691406
2021-10-21,87.25,87.29000091552734,86.98999786376953,87.05000305175781,65.63418579101562
2021-10-22,87.0199966430664,87.05999755859375,86.80000305175781,86.83999633789062,65.47584533691406
2021-10-25,86.94000244140625,87.08000183105469,86.7699966430664,86.98999786376953,65.58892822265625
2021-10-26,87.12000274658203,87.19999694824219,87.01000213623047,87.01000213623047,65.60401916503906
2021-10-27,87.0999984741211,87.12999725341797,86.93000030517578,86.94000244140625,65.55123138427734
2021-10-28,86.9800033569336,87.16000366210938,86.9800033569336,87.16000366210938,65.71710205078125
2021-10-29,87.0199966430664,87.05000305175781,86.93000030517578,86.93000030517578,65.54370880126953
2021-11-01,86.7300033569336,86.77999877929688,86.55000305175781,86.55999755859375,65.47333526611328
2021-11-02,86.55999755859375,86.83999633789062,86.55999755859375,86.7699966430664,65.63219451904297
2021-11-03,86.70999908447266,86.95999908447266,86.69000244140625,86.94000244140625,65.76078033447266
2021-11-04,87.0199966430664,87.55999755859375,87.0,87.16999816894531,65.93476867675781
2021-11-05,87.30000305175781,87.5199966430664,87.25,87.5,66.18434143066406
2021-11-08,87.58999633789062,87.61000061035156,87.33999633789062,87.38999938964844,66.10113525390625
2021-11-09,87.38999938964844,87.45999908447266,87.27999877929688,87.45999908447266,66.15409851074219
2021-11-10,87.3499984741211,87.3499984741211,86.94000244140625,86.97000122070312,65.78347778320312
2021-11-11,87.02999877929688,87.04000091552734,86.81999969482422,86.81999969482422,65.6700210571289
2021-11-12,86.91999816894531,87.05000305175781,86.83999633789062,86.8499984741211,65.69268798828125
2021-11-15,86.91000366210938,86.91999816894531,86.7300033569336,86.75,65.61705780029297
2021-11-16,86.7699966430664,86.87000274658203,86.73999786376953,86.79000091552734,65.6473159790039
2021-11-17,86.81999969482422,86.83999633789062,86.69999694824219,86.69999694824219,65.5792465209961
2021-11-18,86.80999755859375,86.80999755859375,86.62999725341797,86.62999725341797,65.52628326416016
2021-11-19,86.62999725341797,86.7699966430664,86.55999755859375,86.55999755859375,65.47333526611328
2021-11-22,86.63999938964844,86.66999816894531,86.22000122070312,86.2300033569336,65.22372436523438
2021-11-23,86.2300033569336,86.37000274658203,86.02999877929688,86.11000061035156,65.13298034667969
2021-11-24,86.0,86.11000061035156,85.76000213623047,86.08999633789062,65.11785888671875
2021-11-26,85.61000061035156,85.62000274658203,85.33999633789062,85.47000122070312,64.64887237548828
2021-11-29,85.80999755859375,86.12999725341797,85.76000213623047,86.0,65.0497817993164
2021-11-30,85.95999908447266,86.06999969482422,85.5199966430664,85.63999938964844,64.77747344970703
2021-12-01,85.7699966430664,85.94000244140625,85.31999969482422,85.37000274658203,64.78656005859375
2021-12-02,85.41999816894531,86.05999755859375,85.41000366210938,86.0,65.26468658447266
2021-12-03,86.05000305175781,86.0999984741211,85.83000183105469,86.0,65.26468658447266
2021-12-06,86.02999877929688,86.4800033569336,86.0,86.37999725341797,65.55303192138672
2021-12-07,86.70999908447266,87.06999969482422,86.63999938964844,86.83999633789062,65.90216827392578
2021-12-08,86.77999877929688,86.87000274658203,86.68000030517578,86.81999969482422,65.886962890625
2021-12-09,86.80000305175781,86.80000305175781,86.43000030517578,86.43000030517578,65.59099578857422
2021-12-10,86.55999755859375,86.66000366210938,86.52999877929688,86.62999725341797,65.74276733398438
2021-12-13,86.62999725341797,86.70999908447266,86.55999755859375,86.62999725341797,65.74276733398438
2021-12-14,86.5,86.58999633789062,86.33000183105469,86.4800033569336,65.62896728515625
2021-12-15,86.47000122070312,86.83999633789062,86.33000183105469,86.80999755859375,65.87939453125
2021-12-16,86.55000305175781,86.62999725341797,86.38999938964844,86.44999694824219,65.83063507080078
2021-12-17,86.36000061035156,86.51000213623047,86.20999908447266,86.37000274658203,65.76972961425781
2021-12-20,86.12999725341797,86.29000091552734,86.08999633789062,86.22000122070312,65.6554946899414
2021-12-21,86.33999633789062,86.69000244140625,86.33999633789062,86.68000030517578,66.0057601928711
2021-12-22,86.6500015258789,86.93000030517578,86.63999938964844,86.91000366210938,66.18093872070312
2021-12-23,86.95999908447266,87.20999908447266,86.94000244140625,87.16000366210938,66.37125396728516
2021-12-27,87.16999816894531,87.31999969482422,87.12999725341797,87.25,66.4398422241211
2021-12-28,87.22000122070312,87.23999786376953,87.08000183105469,87.20999908447266,66.40938568115234
2021-12-29,87.1500015258789,87.18000030517578,87.05000305175781,87.06999969482422,66.30272674560547
2021-12-30,87.0999984741211,87.0999984741211,86.98999786376953,87.02999877929688,66.27225494384766
2021-12-31,87.05999755859375,87.12000274658203,86.9800033569336,87.01000213623047,66.25707244873047
2022-01-03,86.91999816894531,86.97000122070312,86.76000213623047,86.97000122070312,66.22663116455078
2022-01-04,87.0,87.0,86.66999816894531,86.75,66.05908966064453
2022-01-05,86.73999786376953,86.77999877929688,86.08000183105469,86.08000183105469,65.54889678955078
2022-01-06,86.0999984741211,86.31999969482422,86.05000305175781,86.08999633789062,65.55652618408203
2022-01-07,86.08999633789062,86.0999984741211,85.86000061035156,85.87000274658203,65.38895416259766
2022-01-10,85.76000213623047,85.95999908447266,85.37000274658203,85.94000244140625,65.44229125976562
2022-01-11,85.98999786376953,86.33999633789062,85.75,86.33999633789062,65.74685668945312
2022-01-12,86.47000122070312,86.5199966430664,86.33999633789062,86.4800033569336,65.85352325439453
2022-01-13,86.45999908447266,86.5,86.13999938964844,86.16999816894531,65.61744689941406
2022-01-14,86.11000061035156,86.2300033569336,86.0,86.08999633789062,65.55652618408203
2022-01-18,85.83999633789062,85.8499984741211,85.61000061035156,85.66999816894531,65.23668670654297
2022-01-19,85.81999969482422,85.95999908447266,85.55999755859375,85.58999633789062,65.17574310302734
2022-01-20,85.75,85.97000122070312,85.41000366210938,85.43000030517578,65.053955078125
2022-01-21,85.43000030517578,85.5999984741211,85.33000183105469,85.44000244140625,65.06155395507812
2022-01-24,85.19000244140625,85.41000366210938,84.7699966430664,85.3499984741211,64.99299621582031
2022-01-25,85.08999633789062,85.29000091552734,84.9000015258789,85.0999984741211,64.8026351928711
2022-01-26,85.47000122070312,85.87000274658203,84.69999694824219,84.80999755859375,64.58179473876953
2022-01-27,85.0199966430664,85.12000274658203,84.25,84.44000244140625,64.30008697509766
2022-01-28,84.25,84.69000244140625,83.94999694824219,84.68000030517578,64.48279571533203
2022-01-31,84.5,84.83000183105469,84.22000122070312,84.69999694824219,64.49801635742188
2022-02-01,84.6500015258789,84.77999877929688,84.37000274658203,84.7300033569336,64.75404357910156
2022-02-02,84.9000015258789,84.95999908447266,84.61000061035156,84.86000061035156,64.85342407226562
2022-02-03,84.47000122070312,84.54000091552734,84.08999633789062,84.0999984741211,64.27259826660156
2022-02-04,83.76000213623047,83.9000015258789,83.19999694824219,83.7699966430664,64.02037811279297
2022-02-07,83.54000091552734,83.86000061035156,83.41999816894531,83.70999908447266,63.97452926635742
2022-02-08,83.77999877929688,83.8499984741211,83.58000183105469,83.62000274658203,63.9057502746582
2022-02-09,83.94000244140625,84.12000274658203,83.94000244140625,84.05999755859375,64.24199676513672
2022-02-10,83.54000091552734,83.83000183105469,82.94000244140625,82.94999694824219,63.393733978271484
2022-02-11,83.2300033569336,83.25,82.44999694824219,82.66000366210938,63.17206573486328
2022-02-14,82.6500015258789,82.83000183105469,82.22000122070312,82.5199966430664,63.0650749206543
2022-02-15,82.73999786376953,82.80999755859375,82.55999755859375,82.66000366210938,63.17206573486328
2022-02-16,82.61000061035156,83.18000030517578,82.54000091552734,83.12000274658203,63.52360153198242
2022-02-17,82.97000122070312,82.97000122070312,82.70999908447266,82.7699966430664,63.25615310668945
2022-02-18,82.69000244140625,82.98999786376953,82.62000274658203,82.88999938964844,63.347835540771484
2022-02-22,82.83999633789062,83.05000305175781,82.58999633789062,82.69999694824219,63.202659606933594
2022-02-23,82.8499984741211,82.91000366210938,82.52999877929688,82.55000305175781,63.0880126953125
2022-02-24,81.91000366210938,83.18000030517578,81.83000183105469,83.13999938964844,63.53889465332031
2022-02-25,83.22000122070312,83.62999725341797,83.22000122070312,83.61000061035156,63.89811706542969
2022-02-28,83.22000122070312,83.87999725341797,83.22000122070312,83.66999816894531,63.943973541259766
2022-03-01,83.43000030517578,83.63999938964844,82.94999694824219,83.12999725341797,63.76523971557617
2022-03-02,83.08000183105469,83.36000061035156,82.94000244140625,83.33000183105469,63.91864776611328
2022-03-03,83.4800033569336,83.5,82.20999908447266,83.08000183105469,63.72689437866211
2022-03-04,82.94000244140625,82.94000244140625,82.4800033569336,82.54000091552734,63.31269073486328
2022-03-07,82.38999938964844,82.41000366210938,81.75,81.81999969482422,62.76039505004883
2022-03-08,81.87999725341797,82.08999633789062,81.5,81.52999877929688,62.53797912597656
2022-03-09,82.01000213623047,82.31999969482422,81.8499984741211,82.20999908447266,63.05955505371094
2022-03-10,81.76000213623047,81.87000274658203,81.41999816894531,81.5199966430664,62.53028106689453
2022-03-11,81.62999725341797,81.6500015258789,80.86000061035156,80.93000030517578,62.077701568603516
2022-03-14,80.8499984741211,80.87000274658203,79.87999725341797,79.97000122070312,61.34135818481445
2022-03-15,80.12999725341797,80.76000213623047,80.0999984741211,80.56999969482422,61.80156326293945
2022-03-16,80.95999908447266,81.73999786376953,80.55000305175781,81.69999694824219,62.66835403442383
2022-03-17,81.7699966430664,82.30000305175781,81.75,82.26000213623047,63.097904205322266
2022-03-18,82.0999984741211,82.54000091552734,81.94999694824219,82.52999877929688,63.305015563964844
2022-03-21,82.38999938964844,82.44999694824219,81.41999816894531,81.58000183105469,62.576297760009766
2022-03-22,81.66000366210938,82.06999969482422,81.5,82.0,62.89848709106445
2022-03-23,81.86000061035156,82.01000213623047,81.58999633789062,81.73999786376953,62.69901657104492
2022-03-24,81.7300033569336,81.94000244140625,81.5199966430664,81.91000366210938,62.829429626464844
2022-03-25,81.91999816894531,81.91999816894531,81.26000213623047,81.31999969482422,62.376869201660156
2022-03-28,81.27999877929688,81.8499984741211,81.26000213623047,81.83000183105469,62.7680549621582
2022-03-29,82.19999694824219,82.86000061035156,82.1500015258789,82.83999633789062,63.54276657104492
2022-03-30,82.62000274658203,82.69999694824219,82.38999938964844,82.58999633789062,63.35101318359375
2022-03-31,82.69000244140625,82.7300033569336,82.2699966430664,82.29000091552734,63.120906829833984
2022-04-01,81.83000183105469,82.02999877929688,81.6500015258789,81.94999694824219,63.11628723144531
2022-04-04,82.0199966430664,82.58000183105469,82.0,82.56999969482422,63.59381103515625
2022-04-05,82.38999938964844,82.47000122070312,81.47000122070312,81.5,62.769710540771484
2022-04-06,80.94000244140625,81.4000015258789,80.69000244140625,80.86000061035156,62.27682113647461
2022-04-07,80.94000244140625,81.04000091552734,80.72000122070312,80.7300033569336,62.17668151855469
2022-04-08,80.4800033569336,80.7300033569336,80.2300033569336,80.23999786376953,61.79925537109375
2022-04-11,79.9800033569336,80.06999969482422,79.58000183105469,79.69000244140625,61.37569808959961
2022-04-12,80.23999786376953,80.62000274658203,80.06999969482422,80.30000305175781,61.84550476074219
2022-04-13,80.44000244140625,80.87999725341797,80.37999725341797,80.77999877929688,62.215179443359375
2022-04-14,80.77999877929688,80.88999938964844,80.02999877929688,80.23999786376953,61.79925537109375
2022-04-18,80.16000366210938,80.36000061035156,80.0,80.11000061035156,61.69917678833008
2022-04-19,79.95999908447266,80.19000244140625,79.86000061035156,80.04000091552734,61.64525604248047
2022-04-20,80.27999877929688,80.44000244140625,80.16000366210938,80.29000091552734,61.83779525756836
2022-04-21,80.48999786376953,80.54000091552734,79.66999816894531,79.73999786376953,61.4141960144043
2022-04-22,79.63999938964844,79.66000366210938,79.16999816894531,79.26000213623047,61.04451370239258
2022-04-25,79.4000015258789,80.0,79.2699966430664,79.93000030517578,61.560550689697266
2022-04-26,79.9000015258789,79.9000015258789,79.44999694824219,79.45999908447266,61.198543548583984
2022-04-27,79.47000122070312,79.66999816894531,78.98999786376953,79.06999969482422,60.89818572998047
2022-04-28,79.23999786376953,79.62999725341797,78.94000244140625,79.51000213623047,61.23704147338867
2022-04-29,79.13999938964844,79.25,78.4800033569336,78.52999877929688,60.482276916503906
2022-05-02,78.16000366210938,78.30000305175781,77.83000183105469,78.2300033569336,60.486122131347656
2022-05-03,78.4000015258789,78.76000213623047,78.3499984741211,78.63999938964844,60.80316162109375
2022-05-04,78.6500015258789,79.6500015258789,78.08000183105469,79.44000244140625,61.42167663574219
2022-05-05,78.97000122070312,79.0199966430664,77.80999755859375,78.02999877929688,60.33148193359375
2022-05-06,77.62999725341797,78.0,77.41000366210938,77.58999633789062,59.99129104614258
2022-05-09,77.12999725341797,77.30999755859375,76.72000122070312,76.7699966430664,59.35728454589844
2022-05-10,77.38999938964844,77.52999877929688,76.83999633789062,77.20999908447266,59.69749450683594
2022-05-11,77.0,77.48999786376953,76.73999786376953,76.75,59.341827392578125
2022-05-12,76.66000366210938,76.9800033569336,76.4000015258789,76.72000122070312,59.31863784790039
2022-05-13,76.9800033569336,77.05999755859375,76.43000030517578,76.80999755859375,59.388206481933594
2022-05-16,76.83999633789062,76.95999908447266,76.56999969482422,76.69999694824219,59.30316925048828
2022-05-17,76.86000061035156,76.87000274658203,76.44000244140625,76.62999725341797,59.249046325683594
2022-05-18,76.20999908447266,76.25,75.91000366210938,76.0,58.7619514465332
2022-05-19,75.94999694824219,76.66999816894531,75.87000274658203,76.51000213623047,59.15624237060547
2022-05-20,76.77999877929688,76.80000305175781,76.2300033569336,76.45999908447266,59.117610931396484
2022-05-23,76.63999938964844,76.86000061035156,76.58000183105469,76.76000213623047,59.34958267211914
2022-05-24,76.58000183105469,77.26000213623047,76.55000305175781,77.22000122070312,59.705238342285156
2022-05-25,77.30999755859375,78.44000244140625,77.2699966430664,78.38999938964844,60.60984802246094
2022-05-26,78.68000030517578,79.5199966430664,78.47000122070312,79.4800033569336,61.4526252746582
2022-05-27,79.80000305175781,80.19000244140625,79.61000061035156,80.19000244140625,62.0015754699707
2022-05-31,79.73999786376953,79.86000061035156,79.31999969482422,79.5,61.46809005737305
2022-06-01,79.2300033569336,79.44999694824219,78.75,78.9000015258789,61.240657806396484
2022-06-02,78.91999816894531,79.23999786376953,78.69000244140625,79.2300033569336,61.49683380126953
2022-06-03,78.87000274658203,78.87000274658203,78.5199966430664,78.63999938964844,61.038856506347656
2022-06-06,78.77999877929688,78.80000305175781,77.95999908447266,78.05000305175781,60.5809326171875
2022-06-07,77.79000091552734,78.31999969482422,77.7300033569336,78.2300033569336,60.72060012817383
2022-06-08,78.04000091552734,78.06999969482422,77.45999908447266,77.55999755859375,60.2005729675293
2022-06-09,77.26000213623047,77.51000213623047,76.79000091552734,76.94000244140625,59.71932601928711
2022-06-10,76.19999694824219,76.22000122070312,75.27999877929688,75.62999725341797,58.70254898071289
2022-06-13,74.25,74.30999755859375,72.88999938964844,73.0999984741211,56.73881530761719
2022-06-14,73.44999694824219,74.2300033569336,73.05000305175781,73.58000183105469,57.11138153076172
2022-06-15,74.19999694824219,75.38999938964844,74.04000091552734,75.01000213623047,58.2213249206543
2022-06-16,73.9000015258789,74.1500015258789,73.22000122070312,73.81999969482422,57.29765701293945
2022-06-17,73.98999786376953,74.56999969482422,73.80999755859375,74.05000305175781,57.476192474365234
2022-06-21,74.5,74.66999816894531,73.93000030517578,74.0,57.43736267089844
2022-06-22,73.87000274658203,74.25,73.80999755859375,73.9800033569336,57.4218635559082
2022-06-23,74.19000244140625,74.58000183105469,74.08000183105469,74.51000213623047,57.83322525024414
2022-06-24,74.75,75.36000061035156,74.58999633789062,75.04000091552734,58.244598388671875
2022-06-27,75.0999984741211,75.0999984741211,74.58000183105469,74.58000183105469,57.88755416870117
2022-06-28,74.69000244140625,74.79000091552734,73.75,73.76000213623047,57.25108337402344
2022-06-29,73.72000122070312,73.79000091552734,73.43000030517578,73.6500015258789,57.16572952270508
2022-06-30,73.33000183105469,73.83000183105469,73.05999755859375,73.61000061035156,57.13467025756836
2022-07-01,73.5,74.2300033569336,73.44999694824219,73.9800033569336,57.67966079711914
2022-07-05,73.51000213623047,73.9800033569336,73.02999877929688,73.91000366210938,57.62508010864258
2022-07-06,73.79000091552734,74.0,73.5199966430664,73.62999725341797,57.40676498413086
2022-07-07,74.08999633789062,74.87999725341797,74.02999877929688,74.83000183105469,58.34237289428711
2022-07-08,74.55999755859375,74.95999908447266,74.36000061035156,74.88999938964844,58.389156341552734
2022-07-11,74.80000305175781,74.91999816894531,74.44999694824219,74.47000122070312,58.06168746948242
2022-07-12,74.55999755859375,74.9000015258789,74.5,74.7699966430664,58.29556655883789
2022-07-13,74.0,74.91999816894531,73.91999816894531,74.69000244140625,58.23322677612305
2022-07-14,74.08000183105469,74.62999725341797,73.61000061035156,74.55000305175781,58.12405014038086
2022-07-15,74.7699966430664,75.5,74.76000213623047,75.5,58.8647575378418
2022-07-18,75.69000244140625,75.72000122070312,74.69000244140625,74.7699966430664,58.29556655883789
2022-07-19,75.04000091552734,75.94000244140625,75.04000091552734,75.76000213623047,59.06745529174805
2022-07-20,76.05999755859375,76.62000274658203,75.87999725341797,76.08999633789062,59.324745178222656
2022-07-21,76.0199966430664,77.05999755859375,75.93000030517578,76.98999786376953,60.02644348144531
2022-07-22,77.11000061035156,77.54000091552734,76.6500015258789,76.88999938964844,59.9484977722168
2022-07-25,76.94999694824219,77.08999633789062,76.6500015258789,76.87000274658203,59.93290328979492
2022-07-26,76.62000274658203,76.70999908447266,76.27999877929688,76.33000183105469,59.511844635009766
2022-07-27,76.66999816894531,77.47000122070312,76.66999816894531,77.16999816894531,60.16679000854492
2022-07-28,77.54000091552734,78.0199966430664,77.2300033569336,77.95999908447266,60.78271484375
2022-07-29,77.95999908447266,78.3499984741211,77.75,78.19000244140625,60.96205520629883
2022-08-01,77.63999938964844,78.08000183105469,77.51000213623047,77.91000366210938,60.98085021972656
2022-08-02,77.7699966430664,77.86000061035156,77.5,77.55000305175781,60.69905471801758
2022-08-03,77.77999877929688,78.25,77.56999969482422,78.2300033569336,61.23127365112305
2022-08-04,78.33999633789062,78.44999694824219,78.11000061035156,78.44000244140625,61.395660400390625
2022-08-05,77.5,78.11000061035156,77.38999938964844,78.04000091552734,61.08259201049805
2022-08-08,78.33999633789062,78.6500015258789,78.05000305175781,78.11000061035156,61.13737869262695
2022-08-09,77.93000030517578,77.95999908447266,77.5,77.52999877929688,60.68339920043945
2022-08-10,78.5199966430664,78.7699966430664,78.38999938964844,78.69000244140625,61.59134292602539
2022-08-11,79.19999694824219,79.31999969482422,78.12999725341797,78.23999786376953,61.2391357421875
2022-08-12,78.5199966430664,78.97000122070312,78.29000091552734,78.94000244140625,61.78704071044922
2022-08-15,78.81999969482422,79.0,78.6500015258789,78.80000305175781,61.67742156982422
2022-08-16,78.7300033569336,78.7300033569336,78.26000213623047,78.43000030517578,61.3878288269043
2022-08-17,77.87999725341797,78.04000091552734,77.58999633789062,77.62000274658203,60.753841400146484
2022-08-18,77.80999755859375,77.87999725341797,77.66000366210938,77.73999786376953,60.84775924682617
2022-08-19,77.33000183105469,77.37000274658203,76.77999877929688,76.94999694824219,60.22941207885742
2022-08-22,76.36000061035156,76.4000015258789,76.01000213623047,76.08000183105469,59.548484802246094
2022-08-23,76.0999984741211,76.4000015258789,75.83000183105469,76.2699966430664,59.69719314575195
2022-08-24,76.23999786376953,76.5,76.16000366210938,76.36000061035156,59.76762771606445
2022-08-25,76.58000183105469,77.13999938964844,76.44999694824219,77.08000183105469,60.3311767578125
2022-08-26,77.12000274658203,77.12000274658203,75.73999786376953,75.80999755859375,59.33711624145508
2022-08-29,75.3499984741211,75.7699966430664,75.26000213623047,75.5199966430664,59.11013412475586
2022-08-30,75.5999984741211,75.66000366210938,74.69999694824219,74.94000244140625,58.65618896484375
2022-08-31,74.97000122070312,75.12000274658203,74.51000213623047,74.52999877929688,58.33525848388672
2022-09-01,73.94999694824219,74.41000366210938,73.61000061035156,74.36000061035156,58.489444732666016
2022-09-02,75.0,75.06999969482422,74.2300033569336,74.30999755859375,58.45013427734375
2022-09-06,74.30999755859375,74.38999938964844,73.8499984741211,74.11000061035156,58.292789459228516
2022-09-07,74.20999908447266,75.19000244140625,74.19000244140625,75.18000030517578,59.13446044921875
2022-09-08,74.9000015258789,75.55000305175781,74.77999877929688,75.51000213623047,59.39402389526367
2022-09-09,75.87999725341797,76.16999816894531,75.62999725341797,75.80999755859375,59.62995529174805
2022-09-12,76.08000183105469,76.2300033569336,75.7699966430664,76.04000091552734,59.81086730957031
2022-09-13,74.9800033569336,75.16999816894531,74.27999877929688,74.30999755859375,58.45013427734375
2022-09-14,74.36000061035156,74.91000366210938,74.30999755859375,74.41999816894531,58.53666305541992
2022-09-15,74.29000091552734,74.44000244140625,73.91000366210938,73.94999694824219,58.16693115234375
2022-09-16,73.5,74.19999694824219,73.37000274658203,74.19999694824219,58.36360549926758
2022-09-19,73.91000366210938,74.48999786376953,73.83999633789062,74.4800033569336,58.58381652832031
2022-09-20,74.0199966430664,74.06999969482422,73.66999816894531,73.72000122070312,57.986026763916016
2022-09-21,73.9000015258789,74.23999786376953,73.16000366210938,73.5,57.81298828125
2022-09-22,73.25,73.38999938964844,72.80000305175781,73.05999755859375,57.46689987182617
2022-09-23,72.55999755859375,72.7300033569336,71.87999725341797,72.12999725341797,56.73539733886719
2022-09-26,71.91999816894531,72.18000030517578,71.26000213623047,71.27999877929688,56.06679916381836
2022-09-27,71.88999938964844,71.91999816894531,70.9000015258789,71.12999725341797,55.94882583618164
2022-09-28,71.66999816894531,72.48999786376953,71.44000244140625,72.4000015258789,56.94776153564453
2022-09-29,71.93000030517578,71.97000122070312,71.31999969482422,71.72000122070312,56.41288375854492
2022-09-30,71.7300033569336,72.27999877929688,71.37999725341797,71.38999938964844,56.153316497802734
2022-10-03,71.5999984741211,72.12999725341797,71.45999908447266,71.97000122070312,56.889225006103516
2022-10-04,72.9000015258789,73.52999877929688,72.7699966430664,73.5199966430664,58.114444732666016
2022-10-05,72.91999816894531,73.4000015258789,72.61000061035156,73.2300033569336,57.885223388671875
2022-10-06,73.1500015258789,73.45999908447266,72.9000015258789,73.01000213623047,57.71132278442383
2022-10-07,72.56999969482422,72.7699966430664,72.0999984741211,72.12000274658203,57.0078010559082
2022-10-10,72.06999969482422,72.11000061035156,70.91999816894531,71.23999786376953,56.31221008300781
2022-10-11,71.37999725341797,72.0199966430664,71.29000091552734,71.45999908447266,56.486114501953125
2022-10-12,71.41000366210938,71.8499984741211,71.41000366210938,71.58000183105469,56.580955505371094
2022-10-13,70.47000122070312,71.91000366210938,70.4000015258789,71.73999786376953,56.70743942260742
2022-10-14,72.19000244140625,72.37000274658203,71.33000183105469,71.51000213623047,56.52565383911133
2022-10-17,72.1500015258789,72.5999984741211,72.13999938964844,72.38999938964844,57.22123336791992
2022-10-18,73.12999725341797,73.30999755859375,72.58000183105469,72.9000015258789,57.6243782043457
2022-10-19,72.4000015258789,72.63999938964844,71.9800033569336,72.19999694824219,57.07105255126953
2022-10-20,72.20999908447266,72.75,71.7300033569336,71.80000305175781,56.75486755371094
2022-10-21,71.58999633789062,72.58000183105469,71.55999755859375,72.48999786376953,57.30027770996094
2022-10-24,72.55999755859375,72.7300033569336,72.16000366210938,72.54000091552734,57.33979034423828
2022-10-25,72.72000122070312,73.25,72.69999694824219,73.23999786376953,57.89310836791992
2022-10-26,73.05999755859375,73.70999908447266,72.94999694824219,73.44000244140625,58.051212310791016
2022-10-27,73.62000274658203,74.13999938964844,73.36000061035156,73.9800033569336,58.478065490722656
2022-10-28,74.25,74.69000244140625,74.12000274658203,74.55000305175781,58.92861557006836
2022-10-31,74.16999816894531,74.18000030517578,73.41999816894531,73.43000030517578,58.0433349609375
2022-11-01,73.94000244140625,73.94999694824219,73.20999908447266,73.58999633789062,58.3924446105957
2022-11-02,73.55999755859375,74.29000091552734,72.87999725341797,72.91999816894531,57.86081314086914
2022-11-03,72.16999816894531,72.63999938964844,71.88999938964844,72.4000015258789,57.44819641113281
2022-11-04,72.87000274658203,73.20999908447266,72.4000015258789,72.9000015258789,57.84495162963867
2022-11-07,73.05000305175781,73.11000061035156,72.68000030517578,72.88999938964844,57.836997985839844
2022-11-08,72.94999694824219,73.06999969482422,72.58999633789062,72.81999969482422,57.781471252441406
2022-11-09,72.5999984741211,72.73999786376953,71.81999969482422,71.94999694824219,57.091121673583984
2022-11-10,73.9800033569336,74.2699966430664,73.45999908447266,74.19000244140625,58.8685302734375
2022-11-11,74.22000122070312,74.69000244140625,73.93000030517578,74.44999694824219,59.0748291015625
2022-11-14,74.25,74.29000091552734,73.87000274658203,73.9000015258789,58.638431549072266
2022-11-15,74.63999938964844,74.69999694824219,74.06999969482422,74.55000305175781,59.154178619384766
2022-11-16,74.48999786376953,74.56999969482422,74.30999755859375,74.38999938964844,59.0272331237793
2022-11-17,73.80999755859375,74.16999816894531,73.7300033569336,74.06999969482422,58.77332305908203
2022-11-18,74.45999908447266,74.45999908447266,74.0199966430664,74.2300033569336,58.90028381347656
2022-11-21,74.1500015258789,74.3499984741211,74.0199966430664,74.19999694824219,58.87648010253906
2022-11-22,74.33999633789062,74.79000091552734,74.26000213623047,74.73999786376953,59.30495834350586
2022-11-23,74.68000030517578,75.30000305175781,74.66000366210938,75.16000366210938,59.63821029663086
2022-11-25,75.1500015258789,75.18000030517578,74.9000015258789,75.01000213623047,59.519187927246094
2022-11-28,74.80000305175781,74.93000030517578,74.19000244140625,74.22000122070312,58.89235305786133
2022-11-29,74.22000122070312,74.5999984741211,74.08000183105469,74.54000091552734,59.146263122558594
2022-11-30,74.5999984741211,75.69000244140625,74.38999938964844,75.66000366210938,60.034969329833984
2022-12-01,75.56999969482422,75.66000366210938,75.18000030517578,75.62000274658203,60.25726318359375
2022-12-02,74.98999786376953,75.58999633789062,74.98999786376953,75.55999755859375,60.20946502685547
2022-12-05,75.27999877929688,75.30000305175781,74.69000244140625,74.83999633789062,59.6357421875
2022-12-06,74.87000274658203,75.0,74.43000030517578,74.56999969482422,59.420597076416016
2022-12-07,74.55000305175781,75.06999969482422,74.55000305175781,74.9800033569336,59.74730682373047
2022-12-08,75.06999969482422,75.13999938964844,74.80000305175781,75.04000091552734,59.79509353637695
2022-12-09,74.81999969482422,75.31999969482422,74.81999969482422,75.04000091552734,59.79509353637695
2022-12-12,75.22000122070312,75.4000015258789,75.0999984741211,75.33000183105469,60.026187896728516
2022-12-13,76.61000061035156,76.69999694824219,75.69000244140625,76.11000061035156,60.647727966308594
2022-12-14,76.01000213623047,76.20999908447266,75.22000122070312,75.68000030517578,60.3050651550293
2022-12-15,74.91000366210938,75.11000061035156,74.62999725341797,75.0,60.077598571777344
2022-12-16,74.56999969482422,74.80999755859375,74.41000366210938,74.5999984741211,59.7572021484375
2022-12-19,74.30999755859375,74.45999908447266,74.05999755859375,74.22000122070312,59.45280075073242
2022-12-20,73.8499984741211,74.19000244140625,73.69000244140625,74.02999877929688,59.300567626953125
2022-12-21,74.4000015258789,74.80000305175781,74.33999633789062,74.66000366210938,59.80523681640625
2022-12-22,74.37000274658203,74.48999786376953,73.91999816894531,74.19999694824219,59.436763763427734
2022-12-23,74.08000183105469,74.44999694824219,73.94999694824219,74.38999938964844,59.58897399902344
2022-12-27,74.31999969482422,74.37000274658203,73.58000183105469,73.62000274658203,58.972164154052734
2022-12-28,73.73999786376953,73.83000183105469,72.58999633789062,72.62999725341797,58.17913055419922
2022-12-29,72.91999816894531,73.62000274658203,72.75,73.56999969482422,58.93212127685547
2022-12-30,73.31999969482422,73.66999816894531,73.27999877929688,73.62999725341797,58.980167388916016
2023-01-03,74.11000061035156,74.19000244140625,73.66000366210938,73.7699966430664,59.09230041503906
2023-01-04,74.26000213623047,74.66000366210938,73.98999786376953,74.62000274658203,59.77320098876953
2023-01-05,74.36000061035156,74.54000091552734,74.18000030517578,74.47000122070312,59.653038024902344
2023-01-06,74.87000274658203,75.77999877929688,74.69999694824219,75.52999877929688,60.50215530395508
2023-01-09,75.75,75.95999908447266,75.63999938964844,75.80000305175781,60.71840286254883
2023-01-10,75.76000213623047,75.87000274658203,75.52999877929688,75.70999908447266,60.64631271362305
2023-01-11,76.0,76.25,75.8499984741211,76.20999908447266,61.04682159423828
2023-01-12,76.4000015258789,76.69999694824219,76.05000305175781,76.63999938964844,61.391273498535156
2023-01-13,76.26000213623047,76.7699966430664,76.22000122070312,76.63999938964844,61.391273498535156
2023-01-17,76.5199966430664,76.55000305175781,76.29000091552734,76.37999725341797,61.18301010131836
2023-01-18,76.8499984741211,77.08000183105469,76.44999694824219,76.47000122070312,61.255104064941406
2023-01-19,76.20999908447266,76.33000183105469,75.94999694824219,76.0199966430664,60.894630432128906
2023-01-20,76.0,76.16999816894531,75.7300033569336,76.16999816894531,61.014801025390625
2023-01-23,76.0999984741211,76.37000274658203,75.97000122070312,76.16000366210938,61.006813049316406
2023-01-24,76.01000213623047,76.25,75.87999725341797,76.20999908447266,61.04682159423828
2023-01-25,75.95999908447266,76.27999877929688,75.87999725341797,76.19999694824219,61.0388298034668
2023-01-26,76.36000061035156,76.47000122070312,76.08999633789062,76.38999938964844,61.191017150878906
2023-01-27,76.2699966430664,76.37000274658203,76.05000305175781,76.16000366210938,61.006813049316406
2023-01-30,75.87999725341797,76.02999877929688,75.72000122070312,75.73999786376953,60.67036056518555
2023-01-31,75.94000244140625,76.36000061035156,75.91999816894531,76.33000183105469,61.14297866821289
2023-02-01,75.9800033569336,76.9800033569336,75.77999877929688,76.76000213623047,61.7852897644043
2023-02-02,77.31999969482422,77.33999633789062,77.06999969482422,77.19999694824219,62.13945770263672
2023-02-03,76.5999984741211,76.86000061035156,76.33000183105469,76.38999938964844,61.487457275390625
2023-02-06,76.05999755859375,76.0999984741211,75.79000091552734,75.9000015258789,61.09307861328125
2023-02-07,75.83000183105469,76.36000061035156,75.77999877929688,76.16999816894531,61.31037521362305
2023-02-08,76.05999755859375,76.16000366210938,75.69000244140625,75.8499984741211,61.05281448364258
2023-02-09,76.11000061035156,76.11000061035156,75.29000091552734,75.36000061035156,60.65843200683594
2023-02-10,75.02999877929688,75.25,74.69000244140625,74.77999877929688,60.191566467285156
2023-02-13,74.83000183105469,75.22000122070312,74.75,74.97000122070312,60.34450149536133
2023-02-14,74.83000183105469,75.19000244140625,74.51000213623047,74.98999786376953,60.36057662963867
2023-02-15,74.72000122070312,74.87999725341797,74.58000183105469,74.87000274658203,60.26399230957031
2023-02-16,74.54000091552734,74.58999633789062,74.2300033569336,74.2699966430664,59.78105545043945
2023-02-17,74.1500015258789,74.68000030517578,73.87000274658203,74.55999755859375,60.01448440551758
2023-02-21,73.8499984741211,74.02999877929688,73.11000061035156,73.41000366210938,59.08882522583008
2023-02-22,73.5999984741211,74.19000244140625,73.5999984741211,73.88999938964844,59.47520446777344
2023-02-23,74.2300033569336,74.7300033569336,74.12999725341797,74.62000274658203,60.06276321411133
2023-02-24,74.0,74.31999969482422,73.91999816894531,74.16999816894531,59.700557708740234
2023-02-27,74.5199966430664,74.7699966430664,74.37999725341797,74.66999816894531,60.10301971435547
2023-02-28,74.63999938964844,74.63999938964844,74.41999816894531,74.52999877929688,59.9903450012207
2023-03-01,74.08000183105469,74.0999984741211,73.69000244140625,73.87000274658203,59.820281982421875
2023-03-02,73.4800033569336,74.05000305175781,73.4800033569336,73.95999908447266,59.89316177368164
2023-03-03,74.29000091552734,74.80999755859375,74.16999816894531,74.72000122070312,60.50861740112305
2023-03-06,74.88999938964844,74.98999786376953,74.66000366210938,74.72000122070312,60.50861740112305
2023-03-07,74.7300033569336,74.7699966430664,74.18000030517578,74.19000244140625,60.07939529418945
2023-03-08,74.23999786376953,74.36000061035156,73.69000244140625,73.83999633789062,59.795963287353516
2023-03-09,73.91000366210938,74.22000122070312,73.3499984741211,73.43000030517578,59.46394348144531
2023-03-10,73.4800033569336,73.94999694824219,73.16999816894531,73.44000244140625,59.472068786621094
2023-03-13,73.19000244140625,73.9800033569336,72.83000183105469,73.04000091552734,59.14813232421875
2023-03-14,73.69000244140625,73.91000366210938,73.2699966430664,73.56999969482422,59.57732391357422
2023-03-15,72.80999755859375,73.4000015258789,72.61000061035156,73.33000183105469,59.382965087890625
2023-03-16,73.12999725341797,73.94999694824219,73.0199966430664,73.80999755859375,59.77167892456055
2023-03-17,73.44000244140625,73.77999877929688,73.23999786376953,73.37000274658203,59.415374755859375
2023-03-20,73.2300033569336,73.55999755859375,73.06999969482422,73.16999816894531,59.253395080566406
2023-03-21,73.6500015258789,74.08000183105469,73.5,73.97000122070312,59.901248931884766
2023-03-22,73.9800033569336,74.79000091552734,73.70999908447266,74.04000091552734,59.95792007446289
2023-03-23,74.02999877929688,74.37000274658203,73.5199966430664,73.75,59.72311019897461
2023-03-24,73.44999694824219,73.69000244140625,73.38999938964844,73.5999984741211,59.60162353515625
2023-03-27,73.75,73.86000061035156,73.41999816894531,73.41999816894531,59.45586395263672
2023-03-28,73.27999877929688,73.47000122070312,73.13999938964844,73.37999725341797,59.4234619140625
2023-03-29,73.6500015258789,74.30999755859375,73.6500015258789,74.30000305175781,60.168487548828125
2023-03-30,74.47000122070312,74.75,74.2699966430664,74.73999786376953,60.52479553222656
2023-03-31,74.97000122070312,75.6500015258789,74.94999694824219,75.55000305175781,61.18074035644531
2023-04-03,75.13999938964844,75.30000305175781,74.97000122070312,75.1500015258789,61.133548736572266
2023-04-04,75.1500015258789,75.26000213623047,74.8499984741211,74.93000030517578,60.95459747314453
2023-04-05,74.87999725341797,74.94999694824219,74.41999816894531,74.51000213623047,60.61293411254883
2023-04-06,74.38999938964844,74.95999908447266,74.29000091552734,74.83999633789062,60.88138198852539
2023-04-10,74.58000183105469,74.80999755859375,74.41000366210938,74.7699966430664,60.82442092895508
2023-04-11,74.7699966430664,75.0999984741211,74.70999908447266,74.93000030517578,60.95459747314453
2023-04-12,75.30999755859375,75.37999725341797,74.8499984741211,74.91000366210938,60.93831253051758
2023-04-13,75.04000091552734,75.62000274658203,75.04000091552734,75.41999816894531,61.35319137573242
2023-04-14,75.4000015258789,75.55000305175781,75.08000183105469,75.27999877929688,61.23929977416992
2023-04-17,75.06999969482422,75.16000366210938,74.80999755859375,75.08000183105469,61.07659149169922
2023-04-18,75.26000213623047,75.36000061035156,74.9800033569336,75.12999725341797,61.117286682128906
2023-04-19,74.83000183105469,74.98999786376953,74.77999877929688,74.83000183105469,60.87324905395508
2023-04-20,74.6500015258789,74.87999725341797,74.55000305175781,74.76000213623047,60.81629943847656
2023-04-21,74.87999725341797,75.02999877929688,74.69000244140625,74.98999786376953,61.00339126586914
2023-04-24,75.02999877929688,75.26000213623047,74.94999694824219,75.19999694824219,61.17422103881836
2023-04-25,75.16000366210938,75.30000305175781,75.01000213623047,75.08000183105469,61.07659149169922
2023-04-26,75.05999755859375,75.11000061035156,74.68000030517578,74.79000091552734,60.840694427490234
2023-04-27,74.93000030517578,75.25,74.80000305175781,75.04000091552734,61.04409408569336
2023-04-28,75.05999755859375,75.4800033569336,75.05999755859375,75.36000061035156,61.304405212402344
2023-05-01,74.93000030517578,75.0,74.52999877929688,74.69000244140625,61.02333068847656
2023-05-02,74.69000244140625,74.73999786376953,74.37000274658203,74.62000274658203,60.966156005859375
2023-05-03,74.69999694824219,75.04000091552734,74.55999755859375,74.58000183105469,60.93345642089844
2023-05-04,74.37999725341797,74.41000366210938,74.08999633789062,74.36000061035156,60.75371170043945
2023-05-05,74.58000183105469,74.86000061035156,74.4800033569336,74.76000213623047,61.080528259277344
2023-05-08,74.69999694824219,74.69999694824219,74.37999725341797,74.55000305175781,60.90895462036133
2023-05-09,74.3499984741211,74.4800033569336,74.2699966430664,74.36000061035156,60.75371170043945
2023-05-10,74.7699966430664,74.91999816894531,74.52999877929688,74.80999755859375,61.12137985229492
2023-05-11,74.73999786376953,74.7699966430664,74.61000061035156,74.69000244140625,61.02333068847656
2023-05-12,74.68000030517578,74.79000091552734,74.27999877929688,74.41999816894531,60.80271530151367
2023-05-15,74.43000030517578,74.48999786376953,74.30000305175781,74.4000015258789,60.786415100097656
2023-05-16,74.26000213623047,74.27999877929688,73.80999755859375,73.87999725341797,60.36155700683594
2023-05-17,73.95999908447266,74.33999633789062,73.93000030517578,74.08000183105469,60.524967193603516
2023-05-18,73.86000061035156,74.19000244140625,73.80999755859375,74.12000274658203,60.557621002197266
2023-05-19,74.19000244140625,74.36000061035156,74.06999969482422,74.19999694824219,60.62296676635742
2023-05-22,74.22000122070312,74.66999816894531,74.22000122070312,74.52999877929688,60.89261245727539
2023-05-23,74.38999938964844,74.4800033569336,74.06999969482422,74.13999938964844,60.573978424072266
2023-05-24,73.93000030517578,74.0199966430664,73.47000122070312,73.62000274658203,60.14912414550781
2023-05-25,73.88999938964844,73.91000366210938,73.55000305175781,73.56999969482422,60.1082878112793
2023-05-26,73.6500015258789,74.11000061035156,73.62000274658203,74.0199966430664,60.47593688964844
2023-05-30,74.3499984741211,74.3499984741211,74.08999633789062,74.33999633789062,60.73738098144531
2023-05-31,74.13999938964844,74.25,73.94999694824219,74.11000061035156,60.549461364746094
2023-06-01,73.80000305175781,74.30999755859375,73.77999877929688,74.19999694824219,60.913116455078125
2023-06-02,74.45999908447266,74.7699966430664,74.30000305175781,74.58000183105469,61.2250862121582
2023-06-05,74.5199966430664,74.55000305175781,74.33999633789062,74.5199966430664,61.175838470458984
2023-06-06,74.44999694824219,74.66000366210938,74.31999969482422,74.63999938964844,61.274322509765625
2023-06-07,74.69999694824219,74.79000091552734,74.13999938964844,74.2300033569336,60.93778610229492
2023-06-08,74.2300033569336,74.73999786376953,74.2300033569336,74.69999694824219,61.323585510253906
2023-06-09,74.76000213623047,74.86000061035156,74.69000244140625,74.72000122070312,61.340030670166016
2023-06-12,74.79000091552734,74.80000305175781,74.4800033569336,74.63999938964844,61.274322509765625
2023-06-13,74.83000183105469,74.94000244140625,74.62000274658203,74.7300033569336,61.348236083984375
2023-06-14,74.80000305175781,74.98999786376953,74.41000366210938,74.76000213623047,61.372840881347656
2023-06-15,74.86000061035156,75.1500015258789,74.81999969482422,75.12000274658203,61.668392181396484
2023-06-16,75.08999633789062,75.11000061035156,74.9000015258789,74.93000030517578,61.51243209838867
2023-06-20,74.80999755859375,74.93000030517578,74.7300033569336,74.7300033569336,61.348236083984375
2023-06-21,74.58000183105469,74.69999694824219,74.38999938964844,74.54000091552734,61.192256927490234
2023-06-22,74.37000274658203,74.4800033569336,74.30000305175781,74.31999969482422,61.01165771484375
2023-06-23,74.20999908447266,74.26000213623047,74.0,74.19000244140625,60.90491485595703
2023-06-26,74.19999694824219,74.33000183105469,74.08999633789062,74.2300033569336,60.93778610229492
2023-06-27,74.30999755859375,74.55000305175781,74.29000091552734,74.4800033569336,61.14302062988281
2023-06-28,74.47000122070312,74.91000366210938,74.41999816894531,74.91000366210938,61.4959831237793
2023-06-29,74.63999938964844,74.72000122070312,74.43000030517578,74.70999908447266,61.33182144165039
2023-06-30,74.95999908447266,75.23999786376953,74.88999938964844,75.06999969482422,61.627342224121094
2023-07-03,74.68000030517578,74.69000244140625,74.5199966430664,74.55000305175781,61.53078842163086
2023-07-05,74.5199966430664,74.54000091552734,74.19999694824219,74.31999969482422,61.340946197509766
2023-07-06,73.77999877929688,73.86000061035156,73.58000183105469,73.77999877929688,60.895259857177734
2023-07-07,73.76000213623047,74.33000183105469,73.7300033569336,73.8499984741211,60.95301055908203
2023-07-10,73.91999816894531,74.30000305175781,73.91000366210938,74.22000122070312,61.25841522216797
2023-07-11,74.41000366210938,74.62000274658203,74.29000091552734,74.62000274658203,61.58855438232422
2023-07-12,75.08999633789062,75.30999755859375,75.0199966430664,75.19999694824219,62.06725311279297
2023-07-13,75.5,75.7300033569336,75.41000366210938,75.6500015258789,62.43867492675781
2023-07-14,75.56999969482422,75.62999725341797,75.05000305175781,75.0999984741211,61.9847526550293
2023-07-17,75.05999755859375,75.36000061035156,75.0,75.23999786376953,62.10029983520508
2023-07-18,75.30000305175781,75.55000305175781,75.2699966430664,75.44999694824219,62.273590087890625
2023-07-19,75.58999633789062,75.6500015258789,75.45999908447266,75.51000213623047,62.32312774658203
2023-07-20,75.20999908447266,75.30000305175781,74.9800033569336,75.18000030517578,62.05076217651367
2023-07-21,75.19999694824219,75.48999786376953,75.19999694824219,75.37000274658203,62.20757293701172
2023-07-24,75.43000030517578,75.54000091552734,75.22000122070312,75.23999786376953,62.10029983520508
2023-07-25,75.16000366210938,75.2699966430664,75.05999755859375,75.19000244140625,62.059017181396484
2023-07-26,75.16000366210938,75.55999755859375,75.12000274658203,75.48999786376953,62.30661392211914
2023-07-27,75.62999725341797,75.69000244140625,74.7300033569336,74.88999938964844,61.81140899658203
2023-07-28,75.20999908447266,75.37999725341797,75.1500015258789,75.31999969482422,62.16633224487305
2023-07-31,75.41999816894531,75.5999984741211,75.37999725341797,75.5,62.31489562988281
2023-08-01,74.95999908447266,74.95999908447266,74.68000030517578,74.7699966430664,62.006378173828125
2023-08-02,74.44999694824219,74.5199966430664,74.26000213623047,74.44999694824219,61.74101257324219
2023-08-03,74.20999908447266,74.36000061035156,74.08999633789062,74.20999908447266,61.5419921875
2023-08-04,74.6500015258789,74.94000244140625,74.56999969482422,74.6500015258789,61.90687561035156
2023-08-07,74.79000091552734,74.83000183105469,74.5999984741211,74.79000091552734,62.022953033447266
2023-08-08,74.73999786376953,75.0,74.66000366210938,74.94999694824219,62.1556396484375
2023-08-09,74.95999908447266,75.05000305175781,74.80000305175781,74.95999908447266,62.16396713256836
2023-08-10,75.01000213623047,75.3499984741211,74.73999786376953,74.94000244140625,62.14737319946289
2023-08-11,74.68000030517578,74.86000061035156,74.58000183105469,74.83000183105469,62.056129455566406
2023-08-14,74.69999694824219,74.93000030517578,74.56999969482422,74.81999969482422,62.04787063598633
2023-08-15,74.62000274658203,74.79000091552734,74.55000305175781,74.58000183105469,61.84880065917969
2023-08-16,74.55000305175781,74.75,74.3499984741211,74.3499984741211,61.658058166503906
2023-08-17,74.38999938964844,74.41999816894531,73.86000061035156,74.04000091552734,61.40098571777344
2023-08-18,73.88999938964844,74.31999969482422,73.86000061035156,74.08999633789062,61.44243240356445
2023-08-21,74.08000183105469,74.13999938964844,73.83999633789062,74.06999969482422,61.425865173339844
2023-08-22,74.2300033569336,74.26000213623047,74.05000305175781,74.11000061035156,61.459041595458984
2023-08-23,74.4000015258789,74.81999969482422,74.4000015258789,74.70999908447266,61.95661163330078
2023-08-24,74.72000122070312,74.72000122070312,74.22000122070312,74.30000305175781,61.61664581298828
2023-08-25,74.31999969482422,74.69999694824219,74.26000213623047,74.61000061035156,61.873695373535156
2023-08-28,74.9000015258789,74.93000030517578,74.69000244140625,74.88999938964844,62.10591506958008
2023-08-29,74.80999755859375,75.36000061035156,74.77999877929688,75.36000061035156,62.49565505981445
2023-08-30,75.36000061035156,75.4800033569336,75.26000213623047,75.33000183105469,62.470760345458984
2023-08-31,75.2699966430664,75.37999725341797,75.16000366210938,75.27999877929688,62.4293212890625
2023-09-01,75.19000244140625,75.23999786376953,74.8499984741211,75.06999969482422,62.54680252075195
2023-09-05,74.95999908447266,74.95999908447266,74.5199966430664,74.58000183105469,62.13853073120117
2023-09-06,74.51000213623047,74.55000305175781,74.25,74.4000015258789,61.98857116699219
2023-09-07,74.27999877929688,74.69000244140625,74.27999877929688,74.6500015258789,62.196868896484375
2023-09-08,74.80000305175781,74.87999725341797,74.55999755859375,74.62000274658203,62.17186737060547
2023-09-11,74.72000122070312,74.75,74.56999969482422,74.75,62.280174255371094
2023-09-12,74.55999755859375,74.76000213623047,74.55999755859375,74.62999725341797,62.18020248413086
2023-09-13,74.5999984741211,74.91000366210938,74.5999984741211,74.83000183105469,62.34684371948242
2023-09-14,74.91000366210938,75.0,74.83000183105469,74.91999816894531,62.42181396484375
2023-09-15,74.69999694824219,74.8499984741211,74.63999938964844,74.63999938964844,62.18852615356445
2023-09-18,74.55000305175781,74.7699966430664,74.55000305175781,74.69000244140625,62.230201721191406
2023-09-19,74.52999877929688,74.63999938964844,74.41000366210938,74.45999908447266,62.038570404052734
2023-09-20,74.62999725341797,74.76000213623047,74.38999938964844,74.4000015258789,61.98857116699219
2023-09-21,74.0999984741211,74.16000366210938,73.87000274658203,73.87000274658203,61.54697036743164
2023-09-22,74.0199966430664,74.2699966430664,73.98999786376953,74.0,61.65528869628906
2023-09-25,73.80999755859375,74.02999877929688,73.7300033569336,73.9000015258789,61.571998596191406
2023-09-26,73.83999633789062,73.88999938964844,73.52999877929688,73.58000183105469,61.30535125732422
2023-09-27,73.79000091552734,73.8499984741211,73.3499984741211,73.4800033569336,61.222049713134766
2023-09-28,73.3499984741211,73.86000061035156,73.30999755859375,73.83000183105469,61.51366424560547
2023-09-29,74.13999938964844,74.20999908447266,73.70999908447266,73.72000122070312,61.42201614379883
2023-10-02,73.0999984741211,73.23999786376953,72.80000305175781,72.88999938964844,61.04928970336914
2023-10-03,72.5999984741211,72.80000305175781,72.12000274658203,72.1500015258789,60.429500579833984
2023-10-04,72.31999969482422,72.62999725341797,72.12000274658203,72.5199966430664,60.73940658569336
2023-10-05,72.47000122070312,72.68000030517578,72.4000015258789,72.58999633789062,60.79801559448242
2023-10-06,72.30000305175781,72.81999969482422,72.0999984741211,72.69000244140625,60.88178253173828
2023-10-09,72.69999694824219,73.23999786376953,72.69999694824219,73.2300033569336,61.334068298339844
2023-10-10,73.04000091552734,73.44000244140625,72.94999694824219,73.20999908447266,61.31731414794922
2023-10-11,73.3499984741211,73.44000244140625,72.87999725341797,73.19999694824219,61.30891799926758
2023-10-12,73.16999816894531,73.16999816894531,72.58999633789062,72.80999755859375,60.98229217529297
2023-10-13,73.01000213623047,73.23999786376953,72.68000030517578,72.75,60.932029724121094
2023-10-16,72.72000122070312,72.91000366210938,72.66999816894531,72.7300033569336,60.91529846191406
2023-10-17,72.41999816894531,72.61000061035156,72.29000091552734,72.38999938964844,60.63051986694336
2023-10-18,72.30999755859375,72.45999908447266,71.98999786376953,72.04000091552734,60.337364196777344
2023-10-19,72.04000091552734,72.4000015258789,71.77999877929688,71.77999877929688,60.11960220336914
2023-10-20,71.86000061035156,72.08999633789062,71.81999969482422,71.93000030517578,60.2452392578125
2023-10-23,71.7699966430664,72.41999816894531,71.68000030517578,72.22000122070312,60.48814392089844
2023-10-24,72.41000366210938,72.62000274658203,72.33000183105469,72.58999633789062,60.79801559448242
2023-10-25,72.41000366210938,72.47000122070312,72.12000274658203,72.19999694824219,60.471378326416016
2023-10-26,72.20999908447266,72.58000183105469,72.0999984741211,72.44999694824219,60.68076705932617
2023-10-27,72.5199966430664,72.61000061035156,72.2300033569336,72.36000061035156,60.605369567871094
2023-10-30,72.3499984741211,72.5,72.2699966430664,72.37999725341797,60.62213134765625
2023-10-31,72.41000366210938,72.80000305175781,72.37999725341797,72.56999969482422,60.78129196166992
2023-11-01,72.27999877929688,72.87000274658203,72.27999877929688,72.87000274658203,61.360618591308594
2023-11-02,73.33000183105469,73.79000091552734,73.31999969482422,73.69000244140625,62.05109405517578
2023-11-03,74.1500015258789,74.45999908447266,74.0,74.41000366210938,62.65737533569336
2023-11-06,74.23999786376953,74.38999938964844,74.04000091552734,74.11000061035156,62.40474319458008
2023-11-07,74.05999755859375,74.20999908447266,73.9000015258789,74.12000274658203,62.41317367553711
2023-11-08,74.0999984741211,74.2300033569336,74.05999755859375,74.16000366210938,62.44687271118164
2023-11-09,74.05000305175781,74.19000244140625,73.68000030517578,73.69999694824219,62.05950927734375
2023-11-10,73.91000366210938,74.0999984741211,73.87000274658203,74.05999755859375,62.362640380859375
2023-11-13,73.79000091552734,74.05999755859375,73.79000091552734,73.98999786376953,62.30369186401367
2023-11-14,74.62000274658203,74.93000030517578,74.62000274658203,74.73999786376953,62.93526840209961
2023-11-15,74.61000061035156,74.70999908447266,74.43000030517578,74.5,62.73316955566406
2023-11-16,74.52999877929688,74.66999816894531,74.44999694824219,74.5999984741211,62.817344665527344
2023-11-17,74.61000061035156,74.7699966430664,74.4800033569336,74.7699966430664,62.96051788330078
2023-11-20,74.6500015258789,74.94999694824219,74.6500015258789,74.8499984741211,63.02788162231445
2023-11-21,74.80000305175781,74.97000122070312,74.80000305175781,74.94999694824219,63.1120719909668
2023-11-22,75.05000305175781,75.16000366210938,74.87999725341797,75.08000183105469,63.22157669067383
2023-11-24,75.0199966430664,75.02999877929688,74.94999694824219,75.0,63.15418243408203
2023-11-27,75.0,75.19999694824219,74.93000030517578,75.11000061035156,63.24681091308594
2023-11-28,75.0999984741211,75.47000122070312,75.05000305175781,75.44000244140625,63.524681091308594
2023-11-29,75.73999786376953,76.04000091552734,75.70999908447266,75.8499984741211,63.86994552612305
2023-11-30,75.81999969482422,75.86000061035156,75.4800033569336,75.70999908447266,63.75202560424805
2023-12-01,75.29000091552734,76.01000213623047,75.19999694824219,75.98999786376953,64.2798843383789
2023-12-04,75.55000305175781,75.8499984741211,75.55000305175781,75.80000305175781,64.11917877197266
2023-12-05,75.66999816894531,75.95999908447266,75.66999816894531,75.87000274658203,64.1783676147461
2023-12-06,75.95999908447266,76.02999877929688,75.83000183105469,75.87999725341797,64.18683624267578
2023-12-07,75.98999786376953,76.13999938964844,75.91999816894531,76.01000213623047,64.29679870605469
2023-12-08,75.80999755859375,75.91000366210938,75.66999816894531,75.86000061035156,64.169921875
2023-12-11,75.80000305175781,75.81999969482422,75.56999969482422,75.80999755859375,64.12763214111328
2023-12-12,75.7699966430664,76.01000213623047,75.5999984741211,75.9800033569336,64.27143096923828
2023-12-13,76.0999984741211,77.1500015258789,76.05999755859375,77.13999938964844,65.2526626586914
2023-12-14,77.12999725341797,77.37999725341797,76.94999694824219,77.0999984741211,65.54083251953125
2023-12-15,77.02999877929688,77.3499984741211,76.75,76.93000030517578,65.39632415771484
2023-12-18,77.08000183105469,77.08000183105469,76.7300033569336,76.9800033569336,65.4388427734375
2023-12-19,77.06999969482422,77.29000091552734,77.04000091552734,77.19999694824219,65.6258544921875
2023-12-20,77.29000091552734,77.54000091552734,77.16999816894531,77.20999908447266,65.63435363769531
2023-12-21,77.51000213623047,77.62999725341797,77.31999969482422,77.55999755859375,65.93187713623047
2023-12-22,77.69000244140625,77.75,77.41999816894531,77.47000122070312,65.8553695678711
2023-12-26,77.5,77.62999725341797,77.4800033569336,77.62000274658203,65.9828872680664
2023-12-27,77.66999816894531,78.08000183105469,77.61000061035156,77.94000244140625,66.25494384765625
2023-12-28,77.9000015258789,77.91000366210938,77.54000091552734,77.69000244140625,66.04239654541016
2023-12-29,77.66999816894531,77.86000061035156,77.38999938964844,77.38999938964844,65.78736114501953
2024-01-02,77.12999725341797,77.23999786376953,77.04000091552734,77.12999725341797,65.56632232666016
2024-01-03,76.72000122070312,77.08000183105469,76.55000305175781,76.91999816894531,65.38783264160156
2024-01-04,76.80999755859375,76.9000015258789,76.5999984741211,76.62000274658203,65.1328125
2024-01-05,76.5999984741211,77.0,76.55000305175781,76.68000030517578,65.1838150024414
2024-01-08,76.69999694824219,77.16999816894531,76.69999694824219,77.11000061035156,65.5493392944336
2024-01-09,77.01000213623047,77.31999969482422,76.95999908447266,77.2300033569336,65.65132904052734
2024-01-10,77.41000366210938,77.48999786376953,77.27999877929688,77.37000274658203,65.7703628540039
2024-01-11,77.3499984741211,77.62999725341797,77.16999816894531,77.62000274658203,65.9828872680664
2024-01-12,77.68000030517578,77.91999816894531,77.62999725341797,77.69999694824219,66.05089569091797
2024-01-16,77.55000305175781,77.55000305175781,77.12999725341797,77.20999908447266,65.63435363769531
2024-01-17,77.08000183105469,77.08000183105469,76.7300033569336,76.87999725341797,65.35384368896484
2024-01-18,76.98999786376953,77.05000305175781,76.8499984741211,77.04000091552734,65.48981475830078
2024-01-19,77.06999969482422,77.16999816894531,76.77999877929688,77.16999816894531,65.600341796875
2024-01-22,77.18000030517578,77.43000030517578,77.18000030517578,77.2300033569336,65.65132904052734
2024-01-23,77.19000244140625,77.25,77.02999877929688,77.13999938964844,65.5748291015625
2024-01-24,77.4000015258789,77.43000030517578,77.02999877929688,77.0999984741211,65.54083251953125
2024-01-25,77.37000274658203,77.69000244140625,77.30000305175781,77.69000244140625,66.04239654541016
2024-01-26,77.6500015258789,77.7699966430664,77.58999633789062,77.62999725341797,65.99136352539062
2024-01-29,77.66000366210938,77.83000183105469,77.56999969482422,77.80000305175781,66.13590240478516
2024-01-30,77.80000305175781,77.83000183105469,77.52999877929688,77.69999694824219,66.05089569091797
2024-01-31,77.69999694824219,77.9000015258789,77.43000030517578,77.4800033569336,65.86387634277344
2024-02-01,77.33000183105469,77.61000061035156,77.11000061035156,77.54000091552734,66.2431640625
2024-02-02,77.05000305175781,77.29000091552734,77.04000091552734,77.19000244140625,65.94417572021484
2024-02-05,76.94999694824219,77.01000213623047,76.66000366210938,76.83000183105469,65.63663482666016
2024-02-06,76.87000274658203,77.22000122070312,76.87000274658203,77.11000061035156,65.87583923339844
2024-02-07,77.2699966430664,77.30000305175781,77.0199966430664,77.23999786376953,65.98690032958984
2024-02-08,77.18000030517578,77.30000305175781,77.12000274658203,77.19999694824219,65.9527359008789
2024-02-09,77.25,77.41000366210938,77.13999938964844,77.36000061035156,66.08941650390625
2024-02-12,77.33000183105469,77.45999908447266,77.16999816894531,77.19000244140625,65.94417572021484
2024-02-13,76.66999816894531,76.80000305175781,76.44000244140625,76.56999969482422,65.41450500488281
2024-02-14,76.79000091552734,76.98999786376953,76.7300033569336,76.87000274658203,65.6707992553711
2024-02-15,77.0,77.2300033569336,76.94000244140625,77.13999938964844,65.90145874023438
2024-02-16,76.93000030517578,77.01000213623047,76.81999969482422,76.91000366210938,65.70500183105469
2024-02-20,76.88999938964844,77.12999725341797,76.81999969482422,77.06999969482422,65.84168243408203
2024-02-21,77.05999755859375,77.12000274658203,76.81999969482422,76.93000030517578,65.72205352783203
2024-02-22,77.1500015258789,77.30999755859375,77.0999984741211,77.30000305175781,66.03816223144531
2024-02-23,77.37000274658203,77.45999908447266,77.29000091552734,77.3499984741211,66.08088684082031
2024-02-26,77.31999969482422,77.3499984741211,77.08000183105469,77.0999984741211,65.86727905273438
2024-02-27,77.1500015258789,77.19999694824219,77.05000305175781,77.19999694824219,65.9527359008789
2024-02-28,77.1500015258789,77.27999877929688,77.0999984741211,77.19000244140625,65.94417572021484
2024-02-29,77.30000305175781,77.47000122070312,77.23999786376953,77.33000183105469,66.06377410888672
2024-03-01,76.93000030517578,77.20999908447266,76.77999877929688,77.18000030517578,66.31122589111328
2024-03-04,77.12000274658203,77.2300033569336,77.02999877929688,77.16000366210938,66.2940444946289
2024-03-05,77.16000366210938,77.3499984741211,77.05999755859375,77.0999984741211,66.24248504638672
2024-03-06,77.30000305175781,77.41000366210938,77.18000030517578,77.29000091552734,66.40574645996094
2024-03-07,77.48999786376953,77.51000213623047,77.31999969482422,77.37999725341797,66.48304748535156
2024-03-08,77.48999786376953,77.7300033569336,77.38999938964844,77.4000015258789,66.50023651123047
2024-03-11,77.33999633789062,77.43000030517578,77.30000305175781,77.38999938964844,66.49166107177734
2024-03-12,77.51000213623047,77.51000213623047,77.26000213623047,77.45999908447266,66.5517807006836
2024-03-13,77.4000015258789,77.68000030517578,77.4000015258789,77.48999786376953,66.57759094238281
2024-03-14,77.47000122070312,77.51000213623047,77.02999877929688,77.12000274658203,66.25969696044922
2024-03-15,77.08000183105469,77.23999786376953,76.95999908447266,77.06999969482422,66.21673583984375
2024-03-18,77.2699966430664,77.31999969482422,77.18000030517578,77.25,66.3713607788086
2024-03-19,77.2300033569336,77.58000183105469,77.22000122070312,77.55999755859375,66.63773345947266
2024-03-20,77.54000091552734,77.8499984741211,77.47000122070312,77.81999969482422,66.86111450195312
2024-03-21,77.94999694824219,77.95999908447266,77.68000030517578,77.77999877929688,66.82672119140625
2024-03-22,77.80999755859375,77.88999938964844,77.66000366210938,77.69999694824219,66.75800323486328
2024-03-25,77.55999755859375,77.66999816894531,77.54000091552734,77.58000183105469,66.65489959716797
2024-03-26,77.66999816894531,77.68000030517578,77.47000122070312,77.48999786376953,66.57759094238281
2024-03-27,77.68000030517578,77.9000015258789,77.5999984741211,77.9000015258789,66.9298324584961
2024-03-28,77.80000305175781,77.91999816894531,77.72000122070312,77.7300033569336,66.78377532958984
2024-04-01,77.3499984741211,77.3499984741211,76.98999786376953,77.0199966430664,66.51175689697266
2024-04-02,76.76000213623047,76.91000366210938,76.72000122070312,76.88999938964844,66.39948272705078
2024-04-03,76.77999877929688,76.98999786376953,76.70999908447266,76.94999694824219,66.45130157470703
2024-04-04,77.11000061035156,77.22000122070312,76.77999877929688,76.88999938964844,66.39948272705078
2024-04-05,76.83000183105469,76.93000030517578,76.79000091552734,76.81999969482422,66.33904266357422
2024-04-08,76.83000183105469,77.04000091552734,76.77999877929688,77.0,66.49447631835938
2024-04-09,77.12000274658203,77.2300033569336,77.0199966430664,77.16000366210938,66.63267517089844
2024-04-10,76.6500015258789,76.76000213623047,76.30000305175781,76.4800033569336,66.04544067382812
2024-04-11,76.51000213623047,76.55999755859375,76.20999908447266,76.41000366210938,65.98499298095703
2024-04-12,76.37999725341797,76.41999816894531,76.25,76.37000274658203,65.950439453125
2024-04-15,76.44999694824219,76.44999694824219,75.83999633789062,75.93000030517578,65.5704574584961
2024-04-16,75.91000366210938,75.91000366210938,75.58999633789062,75.68000030517578,65.35456085205078
2024-04-17,75.88999938964844,76.04000091552734,75.70999908447266,75.77999877929688,65.44091796875
2024-04-18,75.77999877929688,75.88999938964844,75.63999938964844,75.83999633789062,65.49272155761719
2024-04-19,75.91000366210938,76.08000183105469,75.9000015258789,75.9800033569336,65.61366271972656
2024-04-22,76.13999938964844,76.43000030517578,76.11000061035156,76.4000015258789,65.9763412475586
2024-04-23,76.47000122070312,76.76000213623047,76.37999725341797,76.70999908447266,66.24405670166016
2024-04-24,76.66999816894531,76.69999694824219,76.37000274658203,76.54000091552734,66.09724426269531
2024-04-25,76.08000183105469,76.4000015258789,75.91000366210938,76.37999725341797,65.95907592773438
2024-04-26,76.37000274658203,76.66000366210938,76.37000274658203,76.62000274658203,66.16631317138672
2024-04-29,76.72000122070312,76.8499984741211,76.66999816894531,76.8499984741211,66.36493682861328
2024-04-30,76.5999984741211,76.76000213623047,76.29000091552734,76.29000091552734,65.88135528564453
2024-05-01,75.94999694824219,76.62999725341797,75.93000030517578,76.29000091552734,66.2286148071289
2024-05-02,76.4800033569336,76.77999877929688,76.33000183105469,76.76000213623047,66.6366195678711
2024-05-03,77.1500015258789,77.38999938964844,76.94000244140625,77.08000183105469,66.91441345214844
2024-05-06,77.16999816894531,77.2300033569336,77.12000274658203,77.16999816894531,66.9925308227539
2024-05-07,77.26000213623047,77.27999877929688,77.02999877929688,77.18000030517578,67.00122833251953
2024-05-08,76.98999786376953,77.05999755859375,76.94999694824219,77.0,66.8449478149414
2024-05-09,76.95999908447266,77.05999755859375,76.86000061035156,77.0199966430664,66.86231994628906
2024-05-10,77.01000213623047,77.02999877929688,76.80999755859375,76.9000015258789,66.75814819335938
2024-05-13,77.05999755859375,77.05999755859375,76.8499984741211,76.87999725341797,66.74080657958984
2024-05-14,76.91999816894531,77.02999877929688,76.9000015258789,77.0,66.8449478149414
2024-05-15,77.25,77.45999908447266,77.19000244140625,77.44999694824219,67.23560333251953
2024-05-16,77.45999908447266,77.45999908447266,77.26000213623047,77.2699966430664,67.07935333251953
2024-05-17,77.22000122070312,77.30999755859375,77.16000366210938,77.27999877929688,67.08805847167969
2024-05-20,77.2300033569336,77.31999969482422,77.19999694824219,77.31999969482422,67.12274932861328
2024-05-21,77.2699966430664,77.4000015258789,77.25,77.26000213623047,67.0706787109375
2024-05-22,77.1500015258789,77.19000244140625,77.0199966430664,77.08999633789062,66.92310333251953
2024-05-23,77.16999816894531,77.22000122070312,76.79000091552734,76.81999969482422,66.6886978149414
2024-05-24,76.94000244140625,77.11000061035156,76.83999633789062,77.08999633789062,66.92310333251953
2024-05-28,77.16999816894531,77.19000244140625,76.76000213623047,76.77999877929688,66.65396118164062
2024-05-29,76.54000091552734,76.6500015258789,76.5199966430664,76.55000305175781,66.45430755615234
2024-05-30,76.62999725341797,76.87999725341797,76.62999725341797,76.86000061035156,66.72340393066406
2024-05-31,76.91999816894531,77.1500015258789,76.91999816894531,77.12999725341797,66.95783233642578
2024-06-03,76.87000274658203,77.01000213623047,76.83999633789062,77.01000213623047,67.1653823852539
2024-06-04,76.91999816894531,77.0999984741211,76.91000366210938,76.97000122070312,67.1305160522461
2024-06-05,77.12000274658203,77.22000122070312,76.95999908447266,77.22000122070312,67.34854888916016
2024-06-06,77.18000030517578,77.18000030517578,77.04000091552734,77.08999633789062,67.23519134521484
2024-06-07,76.79000091552734,76.94000244140625,76.75,76.88999938964844,67.06071472167969
2024-06-10,76.80999755859375,76.97000122070312,76.76000213623047,76.95999908447266,67.12177276611328
2024-06-11,76.91999816894531,77.06999969482422,76.8499984741211,77.05999755859375,67.20899963378906
2024-06-12,77.58999633789062,77.63999938964844,77.3499984741211,77.37000274658203,67.47938537597656
2024-06-13,77.55000305175781,77.55000305175781,77.26000213623047,77.36000061035156,67.47062683105469
2024-06-14,77.11000061035156,77.18000030517578,76.94999694824219,77.05999755859375,67.20899963378906
2024-06-17,76.94000244140625,77.19000244140625,76.83999633789062,77.11000061035156,67.25261688232422
2024-06-18,77.19999694824219,77.41000366210938,77.18000030517578,77.3499984741211,67.46195220947266
2024-06-20,77.31999969482422,77.33999633789062,77.13999938964844,77.30000305175781,67.41830444335938
2024-06-21,77.29000091552734,77.41000366210938,77.20999908447266,77.38999938964844,67.4968032836914
2024-06-24,77.36000061035156,77.51000213623047,77.30999755859375,77.30999755859375,67.42704010009766
2024-06-25,77.36000061035156,77.41999816894531,77.27999877929688,77.41000366210938,67.5142593383789
2024-06-26,77.26000213623047,77.2699966430664,77.16999816894531,77.23999786376953,67.365966796875
2024-06-27,77.19999694824219,77.33000183105469,77.18000030517578,77.33000183105469,67.44448852539062
2024-06-28,77.37999725341797,77.5199966430664,77.13999938964844,77.13999938964844,67.27877044677734
2024-07-01,76.87000274658203,76.91999816894531,76.69000244140625,76.72000122070312,67.265625
2024-07-02,76.7300033569336,76.94999694824219,76.69000244140625,76.93000030517578,67.4497299194336
2024-07-03,76.91999816894531,77.19999694824219,76.91999816894531,77.19999694824219,67.68647766113281
2024-07-05,77.27999877929688,77.44999694824219,77.23999786376953,77.43000030517578,67.88814544677734
2024-07-08,77.41000366210938,77.4800033569336,77.30999755859375,77.41000366210938,67.87060546875
2024-07-09,77.41000366210938,77.41000366210938,77.2300033569336,77.31999969482422,67.79167938232422
2024-07-10,77.41000366210938,77.5199966430664,77.37000274658203,77.5,67.94950866699219
2024-07-11,77.76000213623047,77.83999633789062,77.70999908447266,77.77999877929688,68.19499206542969
2024-07-12,77.79000091552734,78.0199966430664,77.79000091552734,77.9800033569336,68.370361328125
2024-07-15,78.04000091552734,78.06999969482422,77.9000015258789,77.98999786376953,68.37911987304688
2024-07-16,78.06999969482422,78.33000183105469,78.0,78.29000091552734,68.64216613769531
2024-07-17,78.05999755859375,78.25,78.02999877929688,78.19999694824219,68.56322479248047
2024-07-18,78.23999786376953,78.2699966430664,77.97000122070312,78.04000091552734,68.4229736328125
2024-07-19,78.12000274658203,78.12999725341797,77.87999725341797,77.9800033569336,68.370361328125
2024-07-22,78.16999816894531,78.27999877929688,78.11000061035156,78.2699966430664,68.62462615966797
2024-07-23,78.26000213623047,78.41999816894531,78.2300033569336,78.27999877929688,68.63338470458984
2024-07-24,78.19999694824219,78.30999755859375,78.01000213623047,78.02999877929688,68.41419982910156
2024-07-25,78.08000183105469,78.33000183105469,78.04000091552734,78.04000091552734,68.4229736328125
2024-07-26,78.37000274658203,78.37000274658203,78.20999908447266,78.29000091552734,68.64216613769531
2024-07-29,78.4000015258789,78.44000244140625,78.13999938964844,78.22000122070312,68.58079528808594
2024-07-30,78.33000183105469,78.3499984741211,78.12000274658203,78.26000213623047,68.61585235595703
2024-07-31,78.47000122070312,78.5999984741211,78.36000061035156,78.54000091552734,68.86133575439453
2024-08-01,78.19000244140625,78.30000305175781,77.94000244140625,77.95999908447266,68.71062469482422
2024-08-02,77.80999755859375,77.97000122070312,77.61000061035156,77.69999694824219,68.48149108886719
2024-08-05,76.63999938964844,77.37999725341797,76.58000183105469,77.22000122070312,68.05842590332031
2024-08-06,77.4800033569336,77.80999755859375,77.16999816894531,77.51000213623047,68.31403350830078
2024-08-07,77.9800033569336,78.01000213623047,77.61000061035156,77.66000366210938,68.44622039794922
2024-08-08,77.9000015258789,78.0199966430664,77.79000091552734,77.9800033569336,68.72824096679688
2024-08-09,78.0199966430664,78.08999633789062,77.83000183105469,77.97000122070312,68.71946716308594
2024-08-12,78.04000091552734,78.04000091552734,77.87000274658203,78.0199966430664,68.76351928710938
2024-08-13,78.11000061035156,78.38999938964844,78.08999633789062,78.37999725341797,69.08079528808594
2024-08-14,78.36000061035156,78.55000305175781,78.30000305175781,78.5199966430664,69.20417785644531
2024-08-15,78.55999755859375,78.62000274658203,78.44999694824219,78.58999633789062,69.26587677001953
2024-08-16,78.55000305175781,78.87999725341797,78.54000091552734,78.83999633789062,69.48622131347656
2024-08-19,78.80999755859375,79.0,78.75,78.97000122070312,69.60079193115234
2024-08-20,79.01000213623047,79.02999877929688,78.7699966430664,78.9000015258789,69.53910064697266
2024-08-21,78.9800033569336,79.11000061035156,78.91000366210938,79.08000183105469,69.69776153564453
2024-08-22,79.08000183105469,79.08999633789062,78.88999938964844,78.9800033569336,69.60961151123047
2024-08-23,79.18000030517578,79.4000015258789,79.08000183105469,79.4000015258789,69.97978210449219
2024-08-26,79.38999938964844,79.43000030517578,79.2300033569336,79.23999786376953,69.83875274658203
2024-08-27,79.1500015258789,79.37000274658203,79.11000061035156,79.29000091552734,69.88282775878906
2024-08-28,79.30999755859375,79.31999969482422,79.18000030517578,79.25,69.84759521484375
2024-08-29,79.33000183105469,79.36000061035156,79.2300033569336,79.33000183105469,69.91808319091797
2024-08-30,79.41999816894531,79.41999816894531,79.23999786376953,79.33999633789062,69.92691040039062
2024-09-03,78.87999725341797,78.95999908447266,78.6500015258789,78.68000030517578,69.67893981933594
2024-09-04,78.66000366210938,79.05000305175781,78.66000366210938,78.97000122070312,69.93575286865234
2024-09-05,79.11000061035156,79.27999877929688,79.05000305175781,79.23999786376953,70.17485809326172
2024-09-06,79.2699966430664,79.37999725341797,78.98999786376953,79.13999938964844,70.0863037109375
2024-09-09,79.2699966430664,79.37999725341797,79.16000366210938,79.33000183105469,70.25456237792969
2024-09-10,79.33999633789062,79.37000274658203,79.0999984741211,79.18000030517578,70.12174987792969
2024-09-11,79.08999633789062,79.30999755859375,78.97000122070312,79.30000305175781,70.2280044555664
2024-09-12,79.25,79.48999786376953,79.20999908447266,79.41000366210938,70.32542419433594
2024-09-13,79.5199966430664,79.68000030517578,79.5,79.62999725341797,70.52027893066406
2024-09-16,79.66000366210938,79.9000015258789,79.63999938964844,79.83000183105469,70.69739532470703
2024-09-17,79.9000015258789,79.94000244140625,79.80000305175781,79.8499984741211,70.715087890625
2024-09-18,79.87999725341797,80.27999877929688,79.79000091552734,79.91999816894531,70.7770767211914
2024-09-19,80.29000091552734,80.33000183105469,80.08999633789062,80.16000366210938,70.9896240234375
2024-09-20,80.16000366210938,80.26000213623047,80.0,80.26000213623047,71.07819366455078
2024-09-23,80.19000244140625,80.20999908447266,80.08000183105469,80.11000061035156,70.94535064697266
2024-09-24,80.12000274658203,80.18000030517578,80.0,80.12000274658203,70.95419311523438
2024-09-25,80.08000183105469,80.11000061035156,80.0199966430664,80.02999877929688,70.8744888305664
2024-09-26,80.19000244140625,80.19000244140625,80.0199966430664,80.16000366210938,70.9896240234375
2024-09-27,80.22000122070312,80.37000274658203,80.19999694824219,80.36000061035156,71.1667251586914
2024-09-30,80.33000183105469,80.37000274658203,80.19000244140625,80.30000305175781,71.1136245727539
2024-10-01,79.98999786376953,80.0,79.80000305175781,79.87000274658203,71.07801818847656
2024-10-02,79.77999877929688,79.87999725341797,79.69000244140625,79.87999725341797,71.08689880371094
2024-10-03,79.77999877929688,79.80999755859375,79.62999725341797,79.69000244140625,70.91781616210938
2024-10-04,79.68000030517578,79.70999908447266,79.54000091552734,79.5999984741211,70.83773040771484
2024-10-07,79.54000091552734,79.54000091552734,79.25,79.26000213623047,70.53517150878906
2024-10-08,79.37000274658203,79.45999908447266,79.30000305175781,79.44999694824219,70.70423126220703
2024-10-09,79.44000244140625,79.4800033569336,79.33999633789062,79.4000015258789,70.65975189208984
2024-10-10,79.4000015258789,79.41000366210938,79.25,79.36000061035156,70.62415313720703
2024-10-11,79.33999633789062,79.58999633789062,79.33999633789062,79.56999969482422,70.81102752685547
2024-10-14,79.62000274658203,79.62999725341797,79.4000015258789,79.61000061035156,70.84663391113281
2024-10-15,79.5999984741211,79.72000122070312,79.58000183105469,79.58999633789062,70.82882690429688
2024-10-16,79.69999694824219,79.80999755859375,79.66000366210938,79.7300033569336,70.95342254638672
2024-10-17,79.7699966430664,79.80000305175781,79.4800033569336,79.61000061035156,70.84663391113281
2024-10-18,79.69999694824219,79.80000305175781,79.6500015258789,79.80000305175781,71.01570892333984
2024-10-21,79.66000366210938,79.70999908447266,79.4000015258789,79.4800033569336,70.73094177246094
2024-10-22,79.43000030517578,79.45999908447266,79.27999877929688,79.37000274658203,70.6330337524414
2024-10-23,79.26000213623047,79.30000305175781,79.06999969482422,79.12999725341797,70.41946411132812
2024-10-24,79.30000305175781,79.41999816894531,79.22000122070312,79.36000061035156,70.62415313720703
2024-10-25,79.45999908447266,79.55000305175781,79.25,79.27999877929688,70.55296325683594
2024-10-28,79.41999816894531,79.5199966430664,79.37999725341797,79.4800033569336,70.73094177246094
2024-10-29,79.25,79.5199966430664,79.2300033569336,79.5,70.74873352050781
2024-10-30,79.48999786376953,79.6500015258789,79.33000183105469,79.36000061035156,70.62415313720703
2024-10-31,79.37999725341797,79.37999725341797,79.13999938964844,79.13999938964844,70.42835235595703
2024-11-01,79.02999877929688,79.08000183105469,78.7300033569336,78.75,70.43284606933594
2024-11-04,79.05000305175781,79.0999984741211,78.88999938964844,78.97000122070312,70.62960052490234
2024-11-05,78.94000244140625,79.19999694824219,78.94000244140625,79.19000244140625,70.82636260986328
2024-11-06,79.22000122070312,79.36000061035156,79.08000183105469,79.33000183105469,70.95160675048828
2024-11-07,79.30000305175781,79.69999694824219,79.25,79.66999816894531,71.25567626953125
2024-11-08,79.77999877929688,79.83000183105469,79.66999816894531,79.80000305175781,71.37195587158203
2024-11-11,79.79000091552734,79.81999969482422,79.70999908447266,79.70999908447266,71.29144287109375
2024-11-12,79.61000061035156,79.69999694824219,79.33000183105469,79.38999938964844,71.0052490234375
2024-11-13,79.58999633789062,79.5999984741211,79.37999725341797,79.41000366210938,71.02313232421875
2024-11-14,79.45999908447266,79.52999877929688,79.23999786376953,79.23999786376953,70.8710708618164
2024-11-15,79.19000244140625,79.27999877929688,79.05000305175781,79.2300033569336,70.86215209960938
2024-11-18,79.2699966430664,79.38999938964844,79.19000244140625,79.37999725341797,70.99629974365234
2024-11-19,79.31999969482422,79.56999969482422,79.30000305175781,79.5,71.10362243652344
2024-11-20,79.48999786376953,79.5,79.38999938964844,79.4800033569336,71.08573150634766
2024-11-21,79.54000091552734,79.63999938964844,79.47000122070312,79.51000213623047,71.1125717163086
2024-11-22,79.5,79.58999633789062,79.44999694824219,79.48999786376953,71.0947036743164
2024-11-25,79.72000122070312,79.8499984741211,79.72000122070312,79.79000091552734,71.36299896240234
2024-11-26,79.80000305175781,79.80000305175781,79.58000183105469,79.63999938964844,71.22884368896484
2024-11-27,79.70999908447266,79.87999725341797,79.69000244140625,79.87999725341797,71.4435043334961
2024-11-29,80.01000213623047,80.06999969482422,79.88999938964844,80.04000091552734,71.58659362792969
2024-12-02,79.93000030517578,79.93000030517578,79.52999877929688,79.6500015258789,71.56055450439453
2024-12-03,79.72000122070312,79.73999786376953,79.61000061035156,79.6500015258789,71.56055450439453
2024-12-04,79.70999908447266,79.83999633789062,79.63999938964844,79.83999633789062,71.73121643066406
2024-12-05,79.79000091552734,79.81999969482422,79.70999908447266,79.7699966430664,71.66834259033203
2024-12-06,79.88999938964844,80.0,79.8499984741211,79.9000015258789,71.78514862060547
2024-12-09,79.9000015258789,79.94000244140625,79.77999877929688,79.80000305175781,71.69530487060547
2024-12-10,79.94000244140625,79.94000244140625,79.73999786376953,79.83999633789062,71.73121643066406
2024-12-11,79.94000244140625,79.94999694824219,79.83000183105469,79.86000061035156,71.74920654296875
2024-12-12,79.80999755859375,79.98999786376953,79.62999725341797,79.63999938964844,71.55155181884766
2024-12-13,79.70999908447266,79.70999908447266,79.37999725341797,79.41000366210938,71.34492492675781
2024-12-16,79.55000305175781,79.62000274658203,79.4800033569336,79.55999755859375,71.47969055175781
2024-12-17,79.41000366210938,79.5,79.38999938964844,79.38999938964844,71.32696533203125
2024-12-18,79.13999938964844,79.13999938964844,78.1500015258789,78.16999816894531,70.59452819824219
2024-12-19,78.44999694824219,78.51000213623047,78.08999633789062,78.08999633789062,70.52230072021484
2024-12-20,78.0,78.66999816894531,78.0,78.58000183105469,70.96481323242188
2024-12-23,78.6500015258789,78.69000244140625,78.37000274658203,78.37000274658203,70.77515411376953
2024-12-24,78.4000015258789,78.63999938964844,78.3499984741211,78.62000274658203,71.00093078613281
2024-12-26,78.51000213623047,78.81999969482422,78.47000122070312,78.81999969482422,71.1815414428711
2024-12-27,78.73999786376953,78.76000213623047,78.52999877929688,78.55000305175781,70.9377212524414
2024-12-30,78.58000183105469,78.73999786376953,78.5,78.66000366210938,71.03706359863281
2024-12-31,78.77999877929688,78.83999633789062,78.55000305175781,78.6500015258789,71.02803039550781
2025-01-02,78.87999725341797,78.94999694824219,78.72000122070312,78.83999633789062,71.1996078491211
2025-01-03,78.98999786376953,79.02999877929688,78.93000030517578,78.95999908447266,71.30797576904297
2025-01-06,79.1500015258789,79.19000244140625,79.0199966430664,79.0999984741211,71.43441009521484
2025-01-07,79.13999938964844,79.22000122070312,78.81999969482422,78.83999633789062,71.1996078491211
2025-01-08,78.8499984741211,78.98999786376953,78.76000213623047,78.94000244140625,71.28990936279297
2025-01-10,78.80000305175781,78.80000305175781,78.5,78.52999877929688,70.91964721679688
2025-01-13,78.48999786376953,78.55999755859375,78.37000274658203,78.51000213623047,70.90158081054688
2025-01-14,78.69000244140625,78.7300033569336,78.55000305175781,78.61000061035156,70.99190521240234
2025-01-15,79.16000366210938,79.30999755859375,79.05999755859375,79.30000305175781,71.61504364013672
2025-01-16,79.20999908447266,79.41000366210938,79.12000274658203,79.38999938964844,71.69629669189453
2025-01-17,79.48999786376953,79.5199966430664,79.38999938964844,79.45999908447266,71.75953674316406
2025-01-21,79.61000061035156,79.69999694824219,79.5999984741211,79.66999816894531,71.94918060302734
2025-01-22,79.69999694824219,79.72000122070312,79.5199966430664,79.55999755859375,71.8498306274414
2025-01-23,79.5199966430664,79.66999816894531,79.44000244140625,79.66000366210938,71.94015502929688
2025-01-24,79.69999694824219,79.83000183105469,79.66000366210938,79.75,72.02143859863281
2025-01-27,79.66999816894531,79.86000061035156,79.61000061035156,79.80999755859375,72.07560729980469
2025-01-28,79.7699966430664,79.80999755859375,79.66999816894531,79.77999877929688,72.04852294921875
2025-01-29,79.76000213623047,79.83000183105469,79.62000274658203,79.7300033569336,72.00336456298828
2025-01-30,79.94000244140625,79.94000244140625,79.79000091552734,79.87999725341797,72.1388168334961
2025-01-31,79.9000015258789,79.97000122070312,79.66999816894531,79.72000122070312,71.99433135986328
2025-02-03,79.16999816894531,79.37000274658203,79.04000091552734,79.26000213623047,71.90361785888672
2025-02-04,79.30000305175781,79.51000213623047,79.2300033569336,79.51000213623047,72.13040924072266
2025-02-05,79.54000091552734,79.7699966430664,79.54000091552734,79.72000122070312,72.3209228515625
2025-02-06,79.72000122070312,79.79000091552734,79.58000183105469,79.5999984741211,72.21205139160156
2025-02-07,79.55999755859375,79.58000183105469,79.33999633789062,79.3499984741211,71.98527526855469
2025-02-10,79.54000091552734,79.58999633789062,79.47000122070312,79.51000213623047,72.13040924072266
2025-02-11,79.52999877929688,79.52999877929688,79.4000015258789,79.4800033569336,72.10320281982422
2025-02-12,79.20999908447266,79.43000030517578,79.1500015258789,79.30999755859375,71.94898223876953
2025-02-13,79.43000030517578,79.69999694824219,79.37999725341797,79.66999816894531,72.27556610107422
2025-02-14,79.79000091552734,79.88999938964844,79.72000122070312,79.76000213623047,72.35721588134766
2025-02-18,79.75,79.80999755859375,79.63999938964844,79.69000244140625,72.293701171875
2025-02-19,79.63999938964844,79.76000213623047,79.55999755859375,79.75,72.34814453125
2025-02-20,79.73999786376953,79.81999969482422,79.68000030517578,79.80000305175781,72.39350128173828
2025-02-21,79.7699966430664,79.86000061035156,79.6500015258789,79.6500015258789,72.25741577148438
2025-02-24,79.66999816894531,79.83999633789062,79.63999938964844,79.75,72.34814453125
2025-02-25,79.94999694824219,79.9800033569336,79.83999633789062,79.94999694824219,72.52957153320312
2025-02-26,80.0,80.08000183105469,79.97000122070312,80.05999755859375,72.62936401367188
2025-02-27,80.05000305175781,80.08000183105469,79.87000274658203,79.91000366210938,72.4932861328125
2025-02-28,79.98999786376953,80.12999725341797,79.93000030517578,80.12999725341797,72.69287109375
2025-03-03,79.69000244140625,79.75,79.51000213623047,79.58999633789062,72.54154205322266
2025-03-04,79.51000213623047,79.63999938964844,79.30999755859375,79.58000183105469,72.53243255615234
2025-03-05,79.44999694824219,79.68000030517578,79.44000244140625,79.62000274658203,72.56891632080078
2025-03-06,79.43000030517578,79.5,79.27999877929688,79.31999969482422,72.29546356201172
2025-03-07,79.3499984741211,79.51000213623047,79.33000183105469,79.44999694824219,72.41397857666016
2025-03-10,79.30000305175781,79.37999725341797,79.13999938964844,79.1500015258789,72.14054870605469
2025-03-11,79.20999908447266,79.26000213623047,78.80000305175781,78.87000274658203,71.88533020019531
2025-03-12,79.05999755859375,79.11000061035156,78.87999725341797,78.95999908447266,71.96734619140625
2025-03-13,78.86000061035156,78.87000274658203,78.48999786376953,78.5199966430664,71.56632232666016
2025-03-14,78.83000183105469,78.97000122070312,78.70999908447266,78.87999725341797,71.89443969726562
2025-03-17,78.88999938964844,79.0999984741211,78.87000274658203,79.06999969482422,72.06761169433594
2025-03-18,79.01000213623047,79.06999969482422,78.93000030517578,78.93000030517578,71.94000244140625
2025-03-19,78.95999908447266,79.54000091552734,78.95999908447266,79.44999694824219,72.41397857666016
2025-03-20,79.38999938964844,79.5,79.26000213623047,79.33999633789062,72.31371307373047
2025-03-21,79.2699966430664,79.30999755859375,79.06999969482422,79.22000122070312,72.20433807373047
2025-03-24,79.41999816894531,79.5,79.3499984741211,79.44999694824219,72.41397857666016
2025-03-25,79.5,79.58000183105469,79.37999725341797,79.41000366210938,72.37751770019531
2025-03-26,79.4000015258789,79.41999816894531,78.97000122070312,79.08999633789062,72.08583068847656
2025-03-27,79.05000305175781,79.13999938964844,78.93000030517578,78.94000244140625,71.94911193847656
2025-03-28,78.98999786376953,79.0,78.66000366210938,78.80000305175781,71.82154083251953
2025-03-31,78.5199966430664,78.91999816894531,78.5199966430664,78.88999938964844,71.90353393554688
2025-04-01,78.68000030517578,78.72000122070312,78.43000030517578,78.69000244140625,72.07025146484375
2025-04-02,78.54000091552734,78.86000061035156,78.54000091552734,78.8499984741211,72.21678924560547
2025-04-03,78.0999984741211,78.27999877929688,77.73999786376953,77.87000274658203,71.3192367553711
2025-04-04,76.80000305175781,77.33000183105469,76.54000091552734,76.76000213623047,70.30262756347656
2025-04-07,75.87000274658203,77.5999984741211,75.62999725341797,76.0999984741211,69.6981430053711
2025-04-08,77.0199966430664,77.12999725341797,75.41999816894531,75.75,69.3775863647461
2025-04-09,75.0999984741211,77.83999633789062,75.08000183105469,77.77999877929688,71.23680114746094
2025-04-10,77.06999969482422,77.18000030517578,76.13999938964844,76.51000213623047,70.07362365722656
2025-04-11,76.2699966430664,77.16999816894531,76.0,76.73999786376953,70.28428649902344
2025-04-14,77.27999877929688,77.45999908447266,76.94000244140625,77.12000274658203,70.63230895996094
2025-04-15,77.23999786376953,77.5,77.18000030517578,77.33000183105469,70.82464599609375
2025-04-16,77.3499984741211,77.5199966430664,77.11000061035156,77.31999969482422,70.81549835205078
2025-04-17,77.62000274658203,77.79000091552734,77.52999877929688,77.7699966430664,71.22762298583984
2025-04-21,77.48999786376953,77.51000213623047,77.1500015258789,77.30999755859375,70.80634307861328
2025-04-22,77.58000183105469,77.80999755859375,77.51000213623047,77.61000061035156,71.08108520507812
2025-04-23,78.5999984741211,78.73999786376953,77.97000122070312,78.0,71.43829345703125
2025-04-24,78.27999877929688,78.73999786376953,78.18000030517578,78.69999694824219,72.07939910888672
2025-04-25,78.58999633789062,78.94000244140625,78.54000091552734,78.7699966430664,72.14350891113281
2025-04-28,78.77999877929688,78.87000274658203,78.55000305175781,78.80999755859375,72.18016052246094
2025-04-29,78.6500015258789,79.05000305175781,78.6500015258789,79.0199966430664,72.37248992919922
2025-04-30,78.62999725341797,78.70999908447266,78.45999908447266,78.5999984741211,71.98780822753906
2025-05-01,78.4000015258789,78.48999786376953,78.22000122070312,78.30000305175781,72.08079528808594
2025-05-02,78.5,78.61000061035156,78.36000061035156,78.54000091552734,72.3017349243164
2025-05-05,78.47000122070312,78.63999938964844,78.4000015258789,78.51000213623047,72.27410888671875
2025-05-06,78.41000366210938,78.5199966430664,78.33000183105469,78.44999694824219,72.21887969970703
2025-05-07,78.55999755859375,78.62000274658203,78.36000061035156,78.5199966430664,72.28331756591797
2025-05-08,78.66999816894531,78.7699966430664,78.44999694824219,78.5,72.26490783691406
2025-05-09,78.58999633789062,78.69999694824219,78.54000091552734,78.55000305175781,72.31095123291016
2025-05-12,79.23999786376953,79.38999938964844,79.02999877929688,79.33000183105469,73.02896881103516
2025-05-13,79.37999725341797,79.58000183105469,79.31999969482422,79.47000122070312,73.1578598022461
2025-05-14,79.4000015258789,79.43000030517578,79.13999938964844,79.18000030517578,72.8908920288086
2025-05-15,79.05999755859375,79.33000183105469,79.05999755859375,79.33000183105469,73.02896881103516
2025-05-16,79.37999725341797,79.43000030517578,79.2699966430664,79.41999816894531,73.11183166503906
2025-05-19,79.05999755859375,79.38999938964844,79.05000305175781,79.37999725341797,73.07501983642578
2025-05-20,79.2699966430664,79.37999725341797,79.20999908447266,79.33999633789062,73.03820037841797
2025-05-21,79.08000183105469,79.22000122070312,78.80000305175781,78.80999755859375,72.55028533935547
2025-05-22,78.80999755859375,79.05000305175781,78.75,78.97000122070312,72.69757843017578
2025-05-23,78.76000213623047,78.9800033569336,78.73999786376953,78.94999694824219,72.6791763305664
2025-05-27,79.27999877929688,79.44000244140625,79.16999816894531,79.43000030517578,73.12103271484375
2025-05-28,79.41999816894531,79.44000244140625,79.25,79.37999725341797,73.07501983642578
2025-05-29,79.55999755859375,79.56999969482422,79.41000366210938,79.5,73.18547058105469
2025-05-30,79.44999694824219,79.58000183105469,79.4000015258789,79.56999969482422,73.24993133544922
2025-06-02,79.12999725341797,79.19000244140625,78.9800033569336,79.18000030517578,73.23696899414062
2025-06-03,79.23999786376953,79.3499984741211,79.16999816894531,79.33000183105469,73.37570190429688
2025-06-04,79.33999633789062,79.51000213623047,79.33999633789062,79.4800033569336,73.51446533203125
2025-06-05,79.47000122070312,79.48999786376953,79.2699966430664,79.30999755859375,73.35722351074219
2025-06-06,79.37999725341797,79.38999938964844,79.25,79.30000305175781,73.34797668457031
2025-06-09,79.27999877929688,79.43000030517578,79.27999877929688,79.33999633789062,73.38496398925781
2025-06-10,79.41000366210938,79.55000305175781,79.33000183105469,79.52999877929688,73.56070709228516
2025-06-11,79.58999633789062,79.63999938964844,79.48999786376953,79.51000213623047,73.54220581054688
2025-06-12,79.51000213623047,79.5999984741211,79.47000122070312,79.5999984741211,73.62545013427734
2025-06-13,79.41999816894531,79.5,79.30000305175781,79.36000061035156,73.40345001220703
2025-06-16,79.5199966430664,79.5999984741211,79.48999786376953,79.5199966430664,73.55146026611328
2025-06-17,79.5199966430664,79.63999938964844,79.37000274658203,79.43000030517578,73.46819305419922
2025-06-18,79.48999786376953,79.70999908447266,79.43000030517578,79.55000305175781,73.57921600341797
2025-06-20,79.62000274658203,79.80999755859375,79.58999633789062,79.80000305175781,73.81043243408203
2025-06-23,79.7699966430664,79.94999694824219,79.70999908447266,79.94999694824219,73.94917297363281
2025-06-24,80.05000305175781,80.20999908447266,80.0,80.16999816894531,74.15265655517578
2025-06-25,80.18000030517578,80.22000122070312,80.08000183105469,80.1500015258789,74.1341552734375
2025-06-26,80.2699966430664,80.38999938964844,80.19999694824219,80.37999725341797,74.3469009399414
2025-06-27,80.4000015258789,80.47000122070312,80.30000305175781,80.33999633789062,74.30992126464844
2025-06-30,80.52999877929688,80.66999816894531,80.44999694824219,80.6500015258789,74.59664154052734
2025-07-01,80.19999694824219,80.2699966430664,80.0999984741211,80.16999816894531,74.50276947021484
2025-07-02,80.16999816894531,80.31999969482422,80.08000183105469,80.31999969482422,74.64216613769531
2025-07-03,80.30000305175781,80.38999938964844,80.26000213623047,80.37000274658203,74.68863677978516
2025-07-07,80.33000183105469,80.33999633789062,80.05999755859375,80.0999984741211,74.4377212524414
2025-07-08,80.08999633789062,80.12000274658203,79.94000244140625,79.98999786376953,74.33550262451172
2025-07-09,80.13999938964844,80.22000122070312,80.08000183105469,80.20999908447266,74.53994750976562
2025-07-10,80.20999908447266,80.22000122070312,80.12999725341797,80.12999725341797,74.46560668945312
2025-07-11,80.04000091552734,80.05000305175781,79.93000030517578,80.02999877929688,74.37267303466797
2025-07-14,80.01000213623047,80.0999984741211,79.97000122070312,80.08999633789062,74.42842102050781
2025-07-15,80.16000366210938,80.16999816894531,79.8499984741211,79.8499984741211,74.20539855957031
2025-07-16,79.94999694824219,80.08000183105469,79.75,80.05999755859375,74.40055084228516
2025-07-17,80.04000091552734,80.18000030517578,80.0,80.13999938964844,74.47489929199219
2025-07-18,80.26000213623047,80.31999969482422,80.18000030517578,80.25,74.57711791992188
2025-07-21,80.31999969482422,80.44999694824219,80.31999969482422,80.36000061035156,74.67933654785156
2025-07-22,80.44000244140625,80.5199966430664,80.33999633789062,80.5,74.80946350097656
2025-07-23,80.5199966430664,80.55000305175781,80.44000244140625,80.54000091552734,74.84662628173828
2025-07-24,80.44000244140625,80.51000213623047,80.41000366210938,80.44000244140625,74.75369262695312
2025-07-25,80.5,80.58000183105469,80.41000366210938,80.48999786376953,74.80015563964844
2025-07-28,80.5199966430664,80.5199966430664,80.44000244140625,80.44999694824219,74.76297760009766
2025-07-29,80.48999786376953,80.55000305175781,80.44999694824219,80.5,74.80946350097656
2025-07-30,80.44999694824219,80.5199966430664,80.25,80.33000183105469,74.6514663696289
2025-07-31,80.4000015258789,80.4800033569336,80.33000183105469,80.37999725341797,74.69793701171875
2025-08-01,80.04000091552734,80.08999633789062,79.80000305175781,79.9800033569336,74.70166015625
2025-08-04,80.08999633789062,80.25,80.05999755859375,80.25,74.95384979248047
2025-08-05,80.20999908447266,80.23999786376953,80.0999984741211,80.20999908447266,74.9164810180664
2025-08-06,80.20999908447266,80.30000305175781,80.13999938964844,80.29000091552734,74.9912109375
2025-08-07,80.30999755859375,80.36000061035156,80.16000366210938,80.20999908447266,74.9164810180664
2025-08-08,80.19999694824219,80.25,80.16000366210938,80.22000122070312,74.92583465576172
2025-08-11,80.22000122070312,80.29000091552734,80.16999816894531,80.22000122070312,74.92583465576172
2025-08-12,80.2699966430664,80.4000015258789,80.20999908447266,80.4000015258789,75.09394836425781
2025-08-13,80.45999908447266,80.61000061035156,80.45999908447266,80.61000061035156,75.29010009765625
2025-08-14,80.48999786376953,80.48999786376953,80.3499984741211,80.4000015258789,75.09394836425781
2025-08-15,80.47000122070312,80.47000122070312,80.37000274658203,80.45999908447266,75.14997100830078
2025-08-18,80.44000244140625,80.48999786376953,80.37999725341797,80.4000015258789,75.09394836425781
2025-08-19,80.44999694824219,80.4800033569336,80.36000061035156,80.37999725341797,75.07527160644531
2025-08-20,80.41000366210938,80.43000030517578,80.30999755859375,80.3499984741211,75.04722595214844
2025-08-21,80.26000213623047,80.30000305175781,80.19000244140625,80.19999694824219,74.90715789794922
2025-08-22,80.31999969482422,80.86000061035156,80.30000305175781,80.8499984741211,75.51425170898438
2025-08-25,80.77999877929688,80.80999755859375,80.69000244140625,80.69000244140625,75.36481475830078
2025-08-26,80.79000091552734,80.9000015258789,80.73999786376953,80.87000274658203,75.53294372558594
2025-08-27,80.81999969482422,80.98999786376953,80.81999969482422,80.97000122070312,75.62633514404297
2025-08-28,80.97000122070312,81.01000213623047,80.9000015258789,81.01000213623047,75.6636962890625
2025-08-29,80.98999786376953,80.98999786376953,80.86000061035156,80.86000061035156,75.52359008789062
2025-09-02,80.2699966430664,80.43000030517578,80.19999694824219,80.38999938964844,75.44194030761719
2025-09-03,80.41000366210938,80.61000061035156,80.41000366210938,80.61000061035156,75.64839935302734
2025-09-04,80.66000366210938,80.83999633789062,80.62999725341797,80.83000183105469,75.85485076904297
2025-09-05,80.9800033569336,81.0999984741211,80.83999633789062,80.87000274658203,75.89240264892578
2025-09-08,80.94999694824219,80.97000122070312,80.8499984741211,80.87000274658203,75.89240264892578
2025-09-09,80.8499984741211,80.87999725341797,80.66999816894531,80.77999877929688,75.80794525146484
2025-09-10,80.83999633789062,80.94000244140625,80.79000091552734,80.83999633789062,75.86426544189453
2025-09-11,80.91000366210938,81.0999984741211,80.91000366210938,81.04000091552734,76.05194091796875
2025-09-12,81.02999877929688,81.02999877929688,80.94000244140625,80.95999908447266,75.97686767578125
2025-09-15,81.08000183105469,81.19999694824219,81.06999969482422,81.19000244140625,76.19269561767578
2025-09-16,81.20999908447266,81.2300033569336,81.0999984741211,81.12999725341797,76.13640594482422
2025-09-17,81.19000244140625,81.23999786376953,80.91000366210938,81.05000305175781,76.06130981445312
2025-09-18,81.13999938964844,81.2699966430664,81.06999969482422,81.2300033569336,76.23023223876953
2025-09-19,81.25,81.29000091552734,81.1500015258789,81.26000213623047,76.2583999633789
2025-09-22,81.19000244140625,81.33000183105469,81.18000030517578,81.31999969482422,76.314697265625
2025-09-23,81.33999633789062,81.36000061035156,81.19999694824219,81.26000213623047,76.2583999633789
2025-09-24,81.25,81.25,81.12000274658203,81.1500015258789,76.15516662597656
2025-09-25,81.0,81.01000213623047,80.88999938964844,80.91999816894531,75.9393310546875
2025-09-26,81.04000091552734,81.11000061035156,80.95999908447266,81.08000183105469,76.08946990966797
2025-09-29,81.16000366210938,81.23999786376953,81.12999725341797,81.22000122070312,76.22087097167969
2025-09-30,81.16999816894531,81.20999908447266,81.0999984741211,81.19000244140625,76.19269561767578
2025-10-01,80.80999755859375,81.0,80.77999877929688,80.95999908447266,76.33507537841797
2025-10-02,80.94000244140625,80.97000122070312,80.83999633789062,80.93000030517578,76.30679321289062
2025-10-03,80.91999816894531,80.94000244140625,80.81999969482422,80.83999633789062,76.221923828125
2025-10-06,80.88999938964844,80.91000366210938,80.83000183105469,80.86000061035156,76.24079895019531
2025-10-07,80.88999938964844,80.88999938964844,80.76000213623047,80.7699966430664,76.15592956542969
2025-10-08,80.81999969482422,80.83999633789062,80.63999938964844,80.6500015258789,76.04278564453125
2025-10-09,80.63999938964844,80.6500015258789,80.30999755859375,80.41999816894531,75.82592010498047
2025-10-10,80.47000122070312,80.48999786376953,79.94999694824219,79.94999694824219,75.38276672363281
2025-10-13,80.2300033569336,80.44999694824219,80.16999816894531,80.44999694824219,75.8542251586914
2025-10-14,80.18000030517578,80.63999938964844,80.11000061035156,80.54000091552734,75.9390640258789
2025-10-15,80.72000122070312,80.83000183105469,80.5999984741211,80.80000305175781,76.18421173095703
2025-10-16,80.80000305175781,80.81999969482422,80.45999908447266,80.51000213623047,75.91078186035156
2025-10-17,80.44000244140625,80.7300033569336,80.43000030517578,80.72000122070312,76.1087875366211
2025-10-20,80.7699966430664,80.91000366210938,80.7699966430664,80.87999725341797,76.25963592529297
2025-10-21,80.87999725341797,80.94000244140625,80.76000213623047,80.76000213623047,76.1465072631836
2025-10-22,80.76000213623047,80.80999755859375,80.5999984741211,80.68000030517578,76.07107543945312
2025-10-23,80.69999694824219,80.86000061035156,80.69999694824219,80.86000061035156,76.24079895019531
2025-10-24,81.02999877929688,81.08999633789062,80.97000122070312,81.08000183105469,76.4482192993164
2025-10-27,81.16999816894531,81.33000183105469,81.12999725341797,81.27999877929688,76.63678741455078
2025-10-28,81.27999877929688,81.27999877929688,81.16999816894531,81.19999694824219,76.56136322021484
2025-10-29,81.19999694824219,81.2300033569336,80.9000015258789,80.94999694824219,76.32564544677734
2025-10-30,80.79000091552734,80.94000244140625,80.76000213623047,80.80000305175781,76.18421173095703
2025-10-31,80.88999938964844,80.95999908447266,80.75,80.80000305175781,76.18421173095703
2025-11-03,80.38999938964844,80.4000015258789,80.12999725341797,80.13999938964844,75.94729614257812
2025-11-04,79.9800033569336,80.22000122070312,79.95999908447266,80.1500015258789,75.95677185058594
2025-11-05,80.19000244140625,80.27999877929688,80.16999816894531,80.2300033569336,76.03258514404297
2025-11-06,80.30999755859375,80.33000183105469,80.12999725341797,80.26000213623047,76.0610122680664
2025-11-07,80.25,80.3499984741211,80.08999633789062,80.33000183105469,76.12734985351562
2025-11-10,80.44999694824219,80.6500015258789,80.43000030517578,80.5999984741211,76.38322448730469
2025-11-11,80.61000061035156,80.7300033569336,80.61000061035156,80.69000244140625,76.46852111816406
2025-11-12,80.69000244140625,80.69999694824219,80.48999786376953,80.52999877929688,76.31689453125
2025-11-13,80.41999816894531,80.41999816894531,80.1500015258789,80.19999694824219,76.00414276123047
2025-11-14,80.08000183105469,80.4000015258789,80.08000183105469,80.22000122070312,76.02311706542969
2025-11-17,80.19000244140625,80.2699966430664,80.04000091552734,80.08999633789062,75.89990997314453
2025-11-18,80.0199966430664,80.19000244140625,79.98999786376953,80.11000061035156,75.91886138916016
2025-11-19,80.13999938964844,80.30000305175781,80.08999633789062,80.1500015258789,75.95677185058594
2025-11-20,80.41000366210938,80.48999786376953,80.0999984741211,80.0999984741211,75.90939331054688
2025-11-21,80.26000213623047,80.41000366210938,80.12999725341797,80.37000274658203,76.16526794433594
2025-11-24,80.41999816894531,80.5999984741211,80.4000015258789,80.58999633789062,76.37374877929688
2025-11-25,80.56999969482422,80.9000015258789,80.54000091552734,80.87000274658203,76.63910675048828
2025-11-26,80.83000183105469,80.9800033569336,80.79000091552734,80.94999694824219,76.71492004394531
2025-11-28,81.0,81.06999969482422,80.94000244140625,80.98999786376953,76.75282287597656
2025-12-01,80.4000015258789,80.54000091552734,80.37999725341797,80.47000122070312,76.61477661132812
2025-12-02,80.54000091552734,80.63999938964844,80.4800033569336,80.62000274658203,76.75759887695312
2025-12-03,80.61000061035156,80.79000091552734,80.56999969482422,80.69000244140625,76.82423400878906
2025-12-04,80.69999694824219,80.7699966430664,80.56999969482422,80.75,76.88135528564453
2025-12-05,80.7300033569336,80.80999755859375,80.66999816894531,80.75,76.88135528564453
2025-12-08,80.72000122070312,80.73999786376953,80.48999786376953,80.55000305175781,76.69094848632812
2025-12-09,80.55000305175781,80.61000061035156,80.44000244140625,80.45999908447266,76.6052474975586
2025-12-10,80.43000030517578,80.79000091552734,80.41999816894531,80.7300033569336,76.8623275756836
2025-12-11,80.73999786376953,80.76000213623047,80.66000366210938,80.72000122070312,76.85279846191406
2025-12-12,80.69000244140625,80.70999908447266,80.52999877929688,80.56999969482422,76.70996856689453
2025-12-15,80.66999816894531,80.69999694824219,80.56999969482422,80.61000061035156,76.7480697631836
2025-12-16,80.61000061035156,80.66999816894531,80.55999755859375,80.66000366210938,76.79566192626953
2025-12-17,80.6500015258789,80.66999816894531,80.51000213623047,80.55999755859375,76.7004623413086
2025-12-18,80.77999877929688,80.80000305175781,80.66999816894531,80.77999877929688,76.90991973876953
2025-12-19,80.43000030517578,80.47000122070312,80.33000183105469,80.36000061035156,76.87260437011719
2025-12-22,80.45999908447266,80.45999908447266,80.29000091552734,80.43000030517578,76.9395751953125
2025-12-23,80.37000274658203,80.48999786376953,80.3499984741211,80.48999786376953,76.9969711303711
2025-12-24,80.51000213623047,80.63999938964844,80.47000122070312,80.63999938964844,77.14045715332031
2025-12-26,80.63999938964844,80.69999694824219,80.58999633789062,80.5999984741211,77.1021957397461
2025-12-29,80.55999755859375,80.66000366210938,80.55000305175781,80.62999725341797,77.1308822631836
2025-12-30,80.63999938964844,80.75,80.61000061035156,80.70999908447266,77.20742797851562
2025-12-31,80.72000122070312,80.75,80.62999725341797,80.62999725341797,77.1308822631836
2026-01-02,80.72000122070312,80.72000122070312,80.58999633789062,80.66999816894531,77.16915893554688
2026-01-05,80.73999786376953,80.91000366210938,80.69999694824219,80.87999725341797,77.37004089355469
2026-01-06,80.9000015258789,80.94000244140625,80.81999969482422,80.9000015258789,77.3891830444336
2026-01-07,80.95999908447266,81.0,80.83999633789062,80.87999725341797,77.37004089355469
2026-01-08,80.83999633789062,80.94999694824219,80.80000305175781,80.94000244140625,77.42744445800781
2026-01-09,80.94999694824219,81.02999877929688,80.94999694824219,81.0,77.4848403930664
2026-01-12,80.91000366210938,81.05000305175781,80.9000015258789,81.04000091552734,77.52310943603516
2026-01-13,81.06999969482422,81.08000183105469,80.97000122070312,81.04000091552734,77.52310943603516
2026-01-14,81.0,81.05000305175781,80.93000030517578,81.04000091552734,77.52310943603516
2026-01-15,81.0999984741211,81.11000061035156,81.0,81.04000091552734,77.52310943603516
2026-01-16,81.08000183105469,81.0999984741211,80.98999786376953,81.08999633789062,77.57093048095703
2026-01-20,80.75,80.94999694824219,80.66999816894531,80.87999725341797,77.37004089355469
2026-01-21,80.9800033569336,81.16000366210938,80.95999908447266,81.12000274658203,77.5996322631836
2026-01-22,81.19000244140625,81.23999786376953,81.12999725341797,81.18000030517578,77.65703582763672
2026-01-23,81.18000030517578,81.19999694824219,81.04000091552734,81.13999938964844,77.61876678466797
2026-01-26,81.19000244140625,81.22000122070312,81.12000274658203,81.18000030517578,77.65703582763672
2026-01-27,81.18000030517578,81.22000122070312,81.13999938964844,81.16999816894531,77.6474609375
2026-01-28,81.16999816894531,81.18000030517578,81.02999877929688,81.04000091552734,77.52310943603516
2026-01-29,81.05000305175781,81.06999969482422,80.9000015258789,81.02999877929688,77.51353454589844
2026-01-30,80.91999816894531,81.12999725341797,80.91999816894531,81.12000274658203,77.5996322631836
2026-02-02,80.66999816894531,80.80999755859375,80.63999938964844,80.7699966430664,77.64673614501953
2026-02-03,80.76000213623047,80.80999755859375,80.52999877929688,80.72000122070312,77.59867858886719
2026-02-04,80.69999694824219,80.72000122070312,80.54000091552734,80.62000274658203,77.5025405883789
2026-02-05,80.55999755859375,80.62000274658203,80.44999694824219,80.52999877929688,77.416015625
2026-02-06,80.66999816894531,80.80999755859375,80.62000274658203,80.80999755859375,77.68519592285156
2026-02-09,80.76000213623047,80.91999816894531,80.76000213623047,80.91999816894531,77.79092407226562
2026-02-10,80.94999694824219,81.01000213623047,80.83999633789062,80.83999633789062,77.71403503417969
2026-02-11,80.9000015258789,80.93000030517578,80.72000122070312,80.83000183105469,77.70442199707031
2026-02-12,80.91000366210938,80.97000122070312,80.75,80.79000091552734,77.66596221923828
2026-02-13,80.83000183105469,80.94000244140625,80.81999969482422,80.8499984741211,77.72364044189453
2026-02-17,80.81999969482422,80.86000061035156,80.73999786376953,80.80999755859375,77.68519592285156
2026-02-18,80.83999633789062,80.9800033569336,80.80999755859375,80.91000366210938,77.78133392333984
2026-02-19,80.87999725341797,80.94000244140625,80.83000183105469,80.94000244140625,77.81017303466797
2026-02-20,80.93000030517578,81.0,80.87000274658203,81.0,77.86783599853516
2026-02-23,80.95999908447266,81.01000213623047,80.83999633789062,80.87000274658203,77.74287414550781
2026-02-24,80.8499984741211,80.87000274658203,80.6500015258789,80.80999755859375,77.68519592285156
2026-02-25,80.81999969482422,80.93000030517578,80.81999969482422,80.91999816894531,77.79092407226562
2026-02-26,80.88999938964844,80.94000244140625,80.76000213623047,80.8499984741211,77.72364044189453
2026-02-27,80.75,80.80000305175781,80.6500015258789,80.72000122070312,77.59867858886719
2026-03-02,80.05999755859375,80.41000366210938,80.02999877929688,80.27999877929688,77.55423736572266
2026-03-03,79.94000244140625,80.30999755859375,79.83999633789062,80.12000274658203,77.39967346191406
2026-03-04,80.2300033569336,80.44999694824219,80.19999694824219,80.4000015258789,77.670166015625
2026-03-05,80.2699966430664,80.30999755859375,80.0199966430664,80.08000183105469,77.36102294921875
2026-03-06,79.75,80.0,79.6500015258789,79.69000244140625,76.98426818847656
2026-03-09,79.58999633789062,80.18000030517578,79.54000091552734,80.16999816894531,77.44795989990234
2026-03-10,80.05000305175781,80.37999725341797,80.02999877929688,80.04000091552734,77.3223876953125
2026-03-11,79.98999786376953,80.04000091552734,79.80999755859375,79.86000061035156,77.14849853515625
2026-03-12,79.75,79.75,79.31999969482422,79.3499984741211,76.65581512451172
2026-03-13,79.52999877929688,79.68000030517578,79.12000274658203,79.19999694824219,76.51089477539062
2026-03-16,79.51000213623047,79.66999816894531,79.44999694824219,79.44999694824219,76.75241088867188
2026-03-17,79.61000061035156,79.81999969482422,79.56999969482422,79.80999755859375,77.10018920898438
2026-03-18,79.69000244140625,79.75,79.38999938964844,79.4000015258789,76.7041244506836
2026-03-19,79.02999877929688,79.69999694824219,78.98999786376953,79.66000366210938,76.9552993774414
2026-03-20,79.5,79.52999877929688,78.8499984741211,78.91999816894531,76.24040985107422
2026-03-23,79.30000305175781,79.69999694824219,79.16999816894531,79.44000244140625,76.74275207519531
2026-03-24,79.23999786376953,79.41000366210938,79.05999755859375,79.16999816894531,76.48191833496094
2026-03-25,79.44999694824219,79.58000183105469,79.3499984741211,79.41999816894531,76.72343444824219
2026-03-26,79.25,79.33000183105469,78.80000305175781,78.91999816894531,76.24040985107422
2026-03-27,78.83999633789062,78.83999633789062,78.56999969482422,78.72000122070312,76.04720306396484
2026-03-30,79.0199966430664,79.0999984741211,78.76000213623047,78.80999755859375,76.13414001464844
2026-03-31,79.16000366210938,79.61000061035156,79.12000274658203,79.55999755859375,76.85867309570312
2026-04-01,79.3499984741211,79.45999908447266,79.23999786376953,79.37000274658203,77.04701232910156
2026-04-02,79.08000183105469,79.62999725341797,79.08000183105469,79.55999755859375,77.23143005371094
2026-04-06,79.51000213623047,79.70999908447266,79.5,79.69999694824219,77.36734771728516
2026-04-07,79.66999816894531,79.73999786376953,79.31999969482422,79.72000122070312,77.38675689697266
2026-04-08,80.47000122070312,80.5199966430664,80.02999877929688,80.19000244140625,77.84300994873047
2026-04-09,80.1500015258789,80.38999938964844,80.0,80.27999877929688,77.93035888671875
2026-04-10,80.33999633789062,80.33999633789062,79.94999694824219,79.95999908447266,77.6197280883789
2026-04-13,79.87999725341797,80.2699966430664,79.87999725341797,80.26000213623047,77.91095733642578
2026-04-14,80.33999633789062,80.55999755859375,80.29000091552734,80.5,78.14392852783203
2026-04-15,80.44999694824219,80.48999786376953,80.3499984741211,80.45999908447266,78.10509490966797
2026-04-16,80.52999877929688,80.52999877929688,80.26000213623047,80.3499984741211,77.9983139038086
2026-04-17,80.5999984741211,80.76000213623047,80.55999755859375,80.6500015258789,78.28954315185547
2026-04-20,80.62999725341797,80.66999816894531,80.5,80.58000183105469,78.22158813476562
2026-04-21,80.55000305175781,80.58000183105469,80.30999755859375,80.37000274658203,78.01773071289062
2026-04-22,80.5,80.56999969482422,80.41999816894531,80.5,78.14392852783203
2026-04-23,80.45999908447266,80.55000305175781,80.16000366210938,80.37000274658203,78.01773071289062
2026-04-24,80.44000244140625,80.52999877929688,80.30000305175781,80.4800033569336,78.12452697753906
2026-04-27,80.44000244140625,80.54000091552734,80.41999816894531,80.51000213623047,78.15364837646484
2026-04-28,80.3499984741211,80.43000030517578,80.33000183105469,80.4000015258789,78.04685974121094
2026-04-29,80.31999969482422,80.33999633789062,79.9800033569336,80.12999725341797,77.78475189208984
2026-04-30,80.18000030517578,80.41999816894531,80.16999816894531,80.37999725341797,78.02743530273438
2026-05-01,80.05999755859375,80.2300033569336,80.02999877929688,80.05999755859375,78.1240463256836
2026-05-04,80.0199966430664,80.0199966430664,79.69000244140625,79.80000305175781,77.8703384399414
2026-05-05,79.88999938964844,80.0199966430664,79.88999938964844,79.91999816894531,77.98743438720703
2026-05-06,80.08999633789062,80.23999786376953,80.08000183105469,80.16000366210938,78.22162628173828
2026-05-07,80.22000122070312,80.23999786376953,79.86000061035156,79.86000061035156,77.92887878417969
2026-05-08,80.01000213623047,80.1500015258789,80.0,80.13999938964844,78.20211029052734
2026-05-11,80.08000183105469,80.1500015258789,79.9800033569336,79.9800033569336,78.04598236083984
2026-05-12,79.81999969482422,79.88999938964844,79.69999694824219,79.87000274658203,77.93863677978516
2026-05-13,79.83999633789062,79.94999694824219,79.79000091552734,79.91000366210938,77.9776840209961
2026-05-14,79.97000122070312,80.05000305175781,79.8499984741211,79.8499984741211,77.91912078857422
2026-05-15,79.63999938964844,79.69000244140625,79.45999908447266,79.45999908447266,77.53855895996094
2026-05-18,79.62999725341797,79.69999694824219,79.44000244140625,79.54000091552734,77.61661529541016
2026-05-19,79.41000366210938,79.44999694824219,79.2300033569336,79.3499984741211,77.43121337890625
2026-05-20,79.5,79.87000274658203,79.4000015258789,79.86000061035156,77.92887878417969
2026-05-21,79.75,79.98999786376953,79.6500015258789,79.9000015258789,77.9679183959961
2026-05-22,80.01000213623047,80.0199966430664,79.83999633789062,79.91000366210938,77.9776840209961
2026-05-26,80.13999938964844,80.19000244140625,80.04000091552734,80.18000030517578,78.24114990234375
2026-05-27,80.16999816894531,80.20999908447266,80.08000183105469,80.12999725341797,78.19234466552734
2026-05-28,80.08000183105469,80.2699966430664,80.04000091552734,80.2300033569336,78.2899398803711
2026-05-29,80.26000213623047,80.36000061035156,80.20999908447266,80.30999755859375,78.36799621582031
2026-06-01,79.79000091552734,79.87999725341797,79.63999938964844,79.83999633789062,78.30816650390625
2026-06-02,79.83999633789062,79.9000015258789,79.79000091552734,79.9000015258789,78.36701965332031
2026-06-03,79.75,79.77999877929688,79.62999725341797,79.68000030517578,78.15123748779297
2026-06-04,79.75,79.8499984741211,79.75,79.83000183105469,78.2983627319336
2026-06-05,79.69999694824219,79.72000122070312,79.3499984741211,79.43000030517578,77.90603637695312
2026-06-08,79.5999984741211,79.6500015258789,79.4800033569336,79.54000091552734,78.01393127441406
2026-06-09,79.62000274658203,79.79000091552734,79.41999816894531,79.62000274658203,78.09239196777344
2026-06-10,79.55999755859375,79.63999938964844,79.44999694824219,79.47000122070312,77.94525909423828
2026-06-11,79.56999969482422,79.97000122070312,79.5199966430664,79.94000244140625,78.40625762939453
2026-06-12,79.94000244140625,80.0,79.80000305175781,79.94000244140625,78.40625762939453
2026-06-15,80.13999938964844,80.16999816894531,80.02999877929688,80.04000091552734,78.50433349609375
2026-06-16,80.02999877929688,80.11000061035156,79.95999908447266,80.02999877929688,78.4945297241211
2026-06-17,79.98999786376953,80.06999969482422,79.70999908447266,79.7300033569336,78.20027923583984
2026-06-18,80.02999877929688,80.06999969482422,79.91999816894531,80.01000213623047,78.47490692138672
2026-06-22,79.94000244140625,79.9800033569336,79.87000274658203,79.94000244140625,78.40625762939453
2026-06-23,79.83000183105469,79.97000122070312,79.81999969482422,79.87000274658203,78.33759307861328
2026-06-24,79.94000244140625,79.98999786376953,79.83999633789062,79.8499984741211,78.31797790527344
2026-06-25,79.91999816894531,79.9800033569336,79.81999969482422,79.87999725341797,78.34739685058594
2026-06-26,79.81999969482422,79.94999694824219,79.80999755859375,79.83000183105469,78.2983627319336
2026-06-29,79.94999694824219,80.02999877929688,79.8499984741211,80.01000213623047,78.47490692138672
2026-06-30,80.0,80.05000305175781,79.91999816894531,79.97000122070312,78.4356689453125
2026-07-01,79.55999755859375,79.66000366210938,79.51000213623047,79.58999633789062,78.4248275756836
2026-07-02,79.7300033569336,79.79000091552734,79.66999816894531,79.70999908447266,78.54307556152344
2026-07-06,79.7300033569336,79.91000366210938,79.7300033569336,79.87000274658203,78.70073699951172
2026-07-07,79.8499984741211,79.87999725341797,79.72000122070312,79.76000213623047,78.59235382080078
2026-07-08,79.61000061035156,79.68000030517578,79.54000091552734,79.66000366210938,78.49382019042969
2026-07-09,79.7300033569336,79.86000061035156,79.66999816894531,79.75,78.5824966430664
2026-07-10,79.77999877929688,79.83000183105469,79.62000274658203,79.70999908447266,78.54307556152344
2026-07-13,79.66999816894531,79.69000244140625,79.45999908447266,79.5199966430664,78.3558578491211
2026-07-14,79.68000030517578,79.69000244140625,79.56999969482422,79.68000030517578,78.51351928710938
2026-07-15,79.70999908447266,79.83999633789062,79.70999908447266,79.80999755859375,78.64161682128906
2026-07-16,79.76000213623047,79.83999633789062,79.7300033569336,79.80000305175781,78.63176727294922
2026-07-17,79.75,79.83999633789062,79.62999725341797,79.6500015258789,78.48395538330078
2026-07-20,79.73999786376953,79.7699966430664,79.66999816894531,79.68000030517578,78.51351928710938
2026-07-21,79.72000122070312,79.73999786376953,79.5999984741211,79.6500015258789,78.48395538330078
2026-07-22,79.61000061035156,79.6500015258789,79.4800033569336,79.5199966430664,78.3558578491211
2026-07-23,79.27999877929688,79.37000274658203,79.1500015258789,79.2300033569336,78.07010650634766
2026-07-24,79.25,79.30999755859375,79.16000366210938,79.2300033569336,78.07010650634766
2026-07-27,79.33999633789062,79.4000015258789,79.23999786376953,79.2699966430664,78.1095199584961
2026-07-28,79.31999969482422,79.41999816894531,79.25,79.41999816894531,78.25732421875
2026-07-29,79.37000274658203,79.4800033569336,79.13999938964844,79.23999786376953,78.0799560546875
2026-07-30,79.37999725341797,79.5,79.33000183105469,79.47000122070312,78.30658721923828
2026-07-31,79.45999908447266,79.54000091552734,79.23999786376953,79.4800033569336,78.31645202636719
2026-08-03,79.25,79.33000183105469,79.1500015258789,79.30999755859375,78.52833557128906
2026-08-04,79.37000274658203,79.5999984741211,79.37000274658203,79.55000305175781,78.76597595214844
2026-08-05,79.55000305175781,79.55999755859375,79.44000244140625,79.5199966430664,78.73626708984375
2026-08-06,79.51000213623047,79.51000213623047,79.41000366210938,79.45999908447266,78.6768569946289
2026-08-07,79.66999816894531,79.69000244140625,79.56999969482422,79.61000061035156,78.82538604736328
2026-08-10,79.56999969482422,79.56999969482422,79.41000366210938,79.4800033569336,78.69667053222656
2026-08-11,79.55000305175781,79.56999969482422,79.48999786376953,79.51000213623047,78.72637176513672
2026-08-12,79.63999938964844,79.66000366210938,79.58999633789062,79.61000061035156,78.82538604736328
2026-08-13,79.73999786376953,79.86000061035156,79.68000030517578,79.79000091552734,79.00361633300781
2026-08-14,79.80000305175781,79.81999969482422,79.66000366210938,79.70999908447266,78.92440032958984
2026-08-17,79.66999816894531,79.70999908447266,79.58999633789062,79.61000061035156,78.82538604736328
2026-08-18,79.55999755859375,79.58000183105469,79.47000122070312,79.52999877929688,78.74617767333984
2026-08-19,79.69000244140625,79.73999786376953,79.63999938964844,79.70999908447266,78.92440032958984
2026-08-20,79.55000305175781,79.62999725341797,79.4800033569336,79.55999755859375,78.77587127685547
2026-08-21,79.66000366210938,79.66000366210938,79.55000305175781,79.61000061035156,78.82538604736328
2026-08-24,79.62000274658203,79.70999908447266,79.58000183105469,79.69999694824219,78.91449737548828
2026-08-25,79.83000183105469,79.94000244140625,79.76000213623047,79.91999816894531,79.13232421875
2026-08-26,79.86000061035156,79.91000366210938,79.77999877929688,79.9000015258789,79.1125259399414
2026-08-27,79.93000030517578,79.97000122070312,79.81999969482422,79.87000274658203,79.08282470703125
2026-08-28,79.9000015258789,79.94999694824219,79.66000366210938,79.73999786376953,78.9541015625
2026-08-31,79.70999908447266,79.80999755859375,79.62999725341797,79.80999755859375,79.02340698242188
2026-09-01,79.2699966430664,79.30000305175781,79.05999755859375,79.0999984741211,78.74962615966797
2026-09-02,79.13999938964844,79.2300033569336,79.0999984741211,79.11000061035156,78.75958251953125
2026-09-03,79.20999908447266,79.30000305175781,79.16999816894531,79.20999908447266,78.85913848876953
2026-09-04,79.19999694824219,79.23999786376953,79.1500015258789,79.16000366210938,78.80936431884766
2026-09-08,79.19000244140625,79.23999786376953,79.0999984741211,79.12000274658203,78.76954650878906
2026-09-09,79.08999633789062,79.11000061035156,78.9800033569336,78.9800033569336,78.63016510009766
2026-09-10,78.79000091552734,78.81999969482422,78.61000061035156,78.62000274658203,78.27175903320312
2026-09-11,78.77999877929688,78.86000061035156,78.5999984741211,78.5999984741211,78.25184631347656
2026-09-14,78.55000305175781,78.63999938964844,78.41000366210938,78.52999877929688,78.1821517944336
2026-09-15,78.51000213623047,78.51000213623047,78.37999725341797,78.37999725341797,78.0328140258789
2026-09-16,78.5,78.70999908447266,78.36000061035156,78.41999816894531,78.07263946533203
2026-09-17,78.7300033569336,78.75,78.66000366210938,78.72000122070312,78.3713150024414
2026-09-18,78.61000061035156,78.6500015258789,78.4800033569336,78.52999877929688,78.1821517944336
2026-09-21,78.66999816894531,78.75,78.62000274658203,78.68000030517578,78.33148956298828
2026-09-22,78.70999908447266,78.75,78.5999984741211,78.66999816894531,78.321533203125
2026-09-23,78.55000305175781,78.58999633789062,78.06999969482422,78.0999984741211,77.75405883789062
2026-09-24,78.0,78.1500015258789,77.8499984741211,77.88999938964844,77.54499053955078
2026-09-25,77.91000366210938,77.93000030517578,77.66999816894531,77.86000061035156,77.51512145996094
2026-09-28,77.5999984741211,77.6500015258789,77.41999816894531,77.54000091552734,77.19654083251953
2026-09-29,77.61000061035156,77.61000061035156,77.16000366210938,77.36000061035156,77.017333984375
2026-09-30,77.47000122070312,77.5999984741211,77.16999816894531,77.20999908447266,76.86800384521484
2026-10-01,76.75,76.9800033569336,76.38999938964844,76.9000015258789,76.9000015258789
2026-10-02,77.22000122070312,77.27999877929688,76.83000183105469,76.91000366210938,76.91000366210938
2026-10-05,76.88999938964844,77.0199966430664,76.80999755859375,76.9800033569336,76.9800033569336
2026-10-06,77.1500015258789,77.31999969482422,77.13999938964844,77.2699966430664,77.2699966430664
2026-10-07,77.0,77.20999908447266,76.93000030517578,77.18000030517578,77.18000030517578
2026-10-08,77.06999969482422,77.18000030517578,76.9800033569336,77.13999938964844,77.13999938964844
