date,open,high,low,close,adj
2002-07-30,101.30000305175781,102.0,101.25,101.37000274658203,36.223106384277344
2002-07-31,101.80000305175781,102.25,101.55000305175781,101.98999786376953,36.444671630859375
2002-08-01,102.4000015258789,103.0999984741211,102.30000305175781,102.98999786376953,36.801963806152344
2002-08-02,102.9000015258789,103.30000305175781,102.44999694824219,103.19999694824219,36.877044677734375
2002-08-05,103.6500015258789,103.6500015258789,102.51000213623047,102.94999694824219,36.787723541259766
2002-08-06,102.5,102.6500015258789,102.0999984741211,102.5999984741211,36.66262435913086
2002-08-07,102.69999694824219,103.0999984741211,102.19999694824219,102.88999938964844,36.766258239746094
2002-08-08,103.0,103.0,102.33000183105469,102.58999633789062,36.659080505371094
2002-08-09,102.80000305175781,103.18000030517578,102.61000061035156,103.0,36.80554962158203
2002-08-12,103.0999984741211,103.30999755859375,102.94999694824219,103.13999938964844,36.85558319091797
2002-08-13,103.4800033569336,103.98999786376953,103.1500015258789,103.98999786376953,37.15932846069336
2002-08-14,104.0199966430664,104.69999694824219,104.0,104.02999877929688,37.17361068725586
2002-08-15,104.25,104.25,103.5,103.72000122070312,37.06285858154297
2002-08-16,104.4000015258789,104.4000015258789,103.19999694824219,103.22000122070312,36.884212493896484
2002-08-19,103.6500015258789,104.04000091552734,103.5999984741211,103.80000305175781,37.09144973754883
2002-08-20,104.80000305175781,104.94999694824219,104.44000244140625,104.91000366210938,37.48807907104492
2002-08-21,105.0,105.1500015258789,104.69999694824219,105.05000305175781,37.53810119628906
2002-08-22,105.25,105.25,104.7699966430664,104.9000015258789,37.48452377319336
2002-08-23,105.19999694824219,105.30000305175781,104.8499984741211,105.19999694824219,37.59166717529297
2002-08-26,105.0,105.4000015258789,105.0,105.30999755859375,37.63100051879883
2002-08-27,105.19999694824219,105.25,104.75,105.05000305175781,37.53810119628906
2002-08-28,105.4000015258789,105.69000244140625,105.1500015258789,105.25,37.609561920166016
2002-08-29,105.80000305175781,105.9000015258789,105.30000305175781,105.63999938964844,37.748939514160156
2002-08-30,106.0,106.0,105.30000305175781,105.69999694824219,37.7703857421875
2002-09-03,105.9000015258789,106.05000305175781,105.6500015258789,105.6500015258789,37.94965744018555
2002-09-04,106.0999984741211,106.1500015258789,105.75,106.04000091552734,38.08971405029297
2002-09-05,106.5999984741211,106.69999694824219,105.81999969482422,106.33999633789062,38.19744873046875
2002-09-06,106.33000183105469,106.33000183105469,105.19999694824219,105.62000274658203,37.938873291015625
2002-09-09,105.25,106.0,105.25,105.69000244140625,37.9640007019043
2002-09-10,105.26000213623047,106.3499984741211,105.25,106.13999938964844,38.1256217956543
2002-09-11,105.5,106.0,105.22000122070312,106.0,38.07533264160156
2002-09-12,106.19999694824219,106.73999786376953,105.9000015258789,106.55000305175781,38.272926330566406
2002-09-13,106.80000305175781,106.91999816894531,106.25,106.7300033569336,38.33756637573242
2002-09-16,107.58999633789062,107.58999633789062,106.91999816894531,107.1500015258789,38.48842239379883
2002-09-17,107.25,108.2300033569336,106.75,107.2300033569336,38.51716232299805
2002-09-18,107.4000015258789,107.4000015258789,106.83999633789062,107.0999984741211,38.47047805786133
2002-09-19,107.4000015258789,107.45999908447266,106.8499984741211,107.0999984741211,38.47047805786133
2002-09-20,107.0999984741211,107.1500015258789,106.69999694824219,107.1500015258789,38.48842239379883
2002-09-23,107.5,107.5,106.80000305175781,106.81999969482422,38.3698844909668
2002-09-24,106.9000015258789,107.69999694824219,106.4000015258789,106.80000305175781,38.36268615722656
2002-09-25,106.69999694824219,106.94999694824219,106.12000274658203,106.58000183105469,38.28366470336914
2002-09-26,106.01000213623047,106.76000213623047,105.80000305175781,106.69999694824219,38.326778411865234
2002-09-27,106.9000015258789,107.55000305175781,106.55999755859375,107.55000305175781,38.632083892822266
2002-09-30,107.5999984741211,107.8499984741211,107.1500015258789,107.3499984741211,38.560272216796875
2002-10-01,106.9000015258789,107.0,106.5,106.83000183105469,38.5339469909668
2002-10-02,107.0,107.0,106.4800033569336,106.80000305175781,38.5230827331543
2002-10-03,107.05000305175781,107.05000305175781,106.5,106.75,38.505088806152344
2002-10-04,105.6500015258789,106.6500015258789,105.6500015258789,106.5,38.41490936279297
2002-10-07,106.4000015258789,106.4000015258789,106.0,106.0,38.234561920166016
2002-10-08,105.0,105.80000305175781,105.0,105.01000213623047,37.87745666503906
2002-10-09,105.0,105.0,104.1500015258789,104.62000274658203,37.73675537109375
2002-10-10,104.0999984741211,104.5999984741211,103.69999694824219,104.5999984741211,37.72957992553711
2002-10-11,105.3499984741211,105.3499984741211,104.4800033569336,104.9000015258789,37.8377685546875
2002-10-14,104.9000015258789,105.2699966430664,104.7699966430664,105.08999633789062,37.906333923339844
2002-10-15,103.80000305175781,104.6500015258789,103.80000305175781,103.8499984741211,37.45903396606445
2002-10-16,103.75,104.69999694824219,103.4000015258789,103.5999984741211,37.36884307861328
2002-10-17,103.25,103.25,102.4000015258789,102.81999969482422,37.08751678466797
2002-10-18,102.75,103.0999984741211,101.9000015258789,103.08999633789062,37.18490982055664
2002-10-21,103.4000015258789,103.4000015258789,102.30999755859375,102.4800033569336,36.964874267578125
2002-10-22,102.44999694824219,103.08999633789062,102.44999694824219,102.9000015258789,37.11635208129883
2002-10-23,102.80999755859375,103.5,102.5999984741211,103.0999984741211,37.1884880065918
2002-10-24,103.0,103.5,102.69999694824219,103.48999786376953,37.329166412353516
2002-10-25,104.06999969482422,104.19999694824219,103.44000244140625,104.19999694824219,37.585296630859375
2002-10-28,104.48999786376953,104.5,104.19999694824219,104.48999786376953,37.68986892700195
2002-10-29,104.9000015258789,105.4800033569336,104.5,105.0999984741211,37.90994644165039
2002-10-30,105.0,105.4800033569336,104.75,105.12000274658203,37.917137145996094
2002-10-31,105.43000030517578,106.25,105.43000030517578,106.25,38.32470703125
2002-11-01,105.7300033569336,105.7300033569336,104.69999694824219,104.9800033569336,38.051788330078125
2002-11-04,105.0,105.19999694824219,104.3499984741211,105.19999694824219,38.131553649902344
2002-11-05,105.69999694824219,105.69999694824219,104.6500015258789,105.08999633789062,38.09168243408203
2002-11-06,105.6500015258789,106.27999877929688,105.0199966430664,105.41000366210938,38.207611083984375
2002-11-07,106.44000244140625,106.9000015258789,106.22000122070312,106.9000015258789,38.74772644042969
2002-11-08,107.1500015258789,107.1500015258789,102.56999969482422,107.04000091552734,38.79845428466797
2002-11-11,107.5,107.5,107.16000366210938,107.33000183105469,38.90359878540039
2002-11-12,107.30000305175781,107.30000305175781,106.44000244140625,106.44000244140625,38.580955505371094
2002-11-13,106.97000122070312,106.97000122070312,106.43000030517578,106.8499984741211,38.72960662841797
2002-11-14,106.19999694824219,106.80999755859375,106.01000213623047,106.13999938964844,38.47224426269531
2002-11-15,106.30000305175781,106.80000305175781,106.1500015258789,106.75,38.69336700439453
2002-11-18,106.86000061035156,107.55000305175781,106.61000061035156,107.48999786376953,38.96156311035156
2002-11-19,107.63999938964844,107.63999938964844,107.02999877929688,107.29000091552734,38.889068603515625
2002-11-20,107.93000030517578,107.93000030517578,106.94000244140625,106.94000244140625,38.76222610473633
2002-11-21,106.9000015258789,106.98999786376953,106.33999633789062,106.94000244140625,38.76222610473633
2002-11-22,106.75,106.88999938964844,106.5,106.5,38.602745056152344
2002-11-25,106.80999755859375,106.83999633789062,106.41000366210938,106.48999786376953,38.599098205566406
2002-11-26,106.6500015258789,107.08999633789062,106.5999984741211,107.08999633789062,38.81660461425781
2002-11-27,106.9000015258789,106.98999786376953,106.19999694824219,106.48999786376953,38.599098205566406
2002-11-29,106.69999694824219,106.80000305175781,106.0199966430664,106.48999786376953,38.599098205566406
2002-12-02,105.77999877929688,106.38999938964844,105.30000305175781,106.20999908447266,38.662784576416016
2002-12-03,106.19999694824219,106.58999633789062,106.16000366210938,106.4000015258789,38.731990814208984
2002-12-04,106.4000015258789,106.54000091552734,106.0999984741211,106.4000015258789,38.731990814208984
2002-12-05,106.12000274658203,106.83999633789062,106.0999984741211,106.63999938964844,38.819332122802734
2002-12-06,107.19999694824219,107.33999633789062,106.11000061035156,106.69999694824219,38.84117889404297
2002-12-09,106.8499984741211,107.0999984741211,106.5,106.69999694824219,38.84117889404297
2002-12-10,106.51000213623047,106.98999786376953,106.51000213623047,106.9000015258789,38.91396713256836
2002-12-11,107.30000305175781,107.44999694824219,106.80999755859375,107.3499984741211,39.07781982421875
2002-12-12,107.25,107.58999633789062,106.93000030517578,107.3499984741211,39.07781982421875
2002-12-13,106.9000015258789,107.38999938964844,106.76000213623047,106.80000305175781,38.877559661865234
2002-12-16,107.3499984741211,107.3499984741211,106.75,106.75,38.859378814697266
2002-12-17,107.5999984741211,107.5999984741211,106.80999755859375,107.1500015258789,39.00497055053711
2002-12-18,107.5,107.72000122070312,107.25,107.69000244140625,39.20155715942383
2002-12-19,108.05000305175781,108.37999725341797,107.55000305175781,108.37999725341797,39.4527473449707
2002-12-20,108.44999694824219,108.44999694824219,108.01000213623047,108.41000366210938,39.46367645263672
2002-12-23,108.30000305175781,108.5,108.04000091552734,108.43000030517578,39.47096252441406
2002-12-24,108.5,109.0,108.4000015258789,108.66000366210938,39.554656982421875
2002-12-26,108.33000183105469,109.0199966430664,108.33000183105469,109.0199966430664,39.68573760986328
2002-12-27,109.25,109.66999816894531,109.0,109.6500015258789,39.91505813598633
2002-12-30,109.8499984741211,110.0999984741211,109.5,109.9800033569336,40.035213470458984
2002-12-31,109.69999694824219,109.91000366210938,109.3499984741211,109.69000244140625,40.11526107788086
2003-01-02,108.97000122070312,108.97000122070312,107.01000213623047,107.33000183105469,39.25217819213867
2003-01-03,107.5999984741211,107.94000244140625,107.26000213623047,107.94000244140625,39.47526931762695
2003-01-06,107.75,107.88999938964844,107.1500015258789,107.88999938964844,39.45698928833008
2003-01-07,107.8499984741211,108.41999816894531,107.41000366210938,108.30000305175781,39.6069221496582
2003-01-08,108.5999984741211,108.75,108.19999694824219,108.41000366210938,39.64716720581055
2003-01-09,108.0,108.0,107.02999877929688,107.54000091552734,39.3289909362793
2003-01-10,108.19999694824219,108.19999694824219,107.31999969482422,107.81999969482422,39.431392669677734
2003-01-13,108.0,108.25,107.54000091552734,107.69999694824219,39.387481689453125
2003-01-14,108.69999694824219,108.69999694824219,107.81999969482422,108.0,39.497230529785156
2003-01-15,108.19999694824219,108.25,107.72000122070312,108.0,39.497230529785156
2003-01-16,108.0,108.04000091552734,107.25,107.75,39.40581512451172
2003-01-17,108.25,108.30000305175781,107.76000213623047,108.25,39.58864212036133
2003-01-21,108.0,108.37999725341797,107.75,108.31999969482422,39.61423110961914
2003-01-22,108.25,108.6500015258789,108.0999984741211,108.54000091552734,39.694705963134766
2003-01-23,108.30000305175781,108.75,108.2699966430664,108.58999633789062,39.712982177734375
2003-01-24,108.94000244140625,109.36000061035156,108.66000366210938,109.08000183105469,39.89216232299805
2003-01-27,109.05000305175781,109.05000305175781,108.13999938964844,108.44000244140625,39.65811538696289
2003-01-28,108.30000305175781,108.77999877929688,108.16999816894531,108.7699966430664,39.77882385253906
2003-01-29,108.9000015258789,108.9000015258789,108.05000305175781,108.12999725341797,39.54476547241211
2003-01-30,108.30000305175781,108.68000030517578,108.01000213623047,108.5,39.6800537109375
2003-01-31,108.75,108.8499984741211,108.19999694824219,108.80000305175781,39.789798736572266
2003-02-03,107.75,108.5199966430664,107.75,108.44999694824219,39.828330993652344
2003-02-04,108.19999694824219,108.80000305175781,108.12999725341797,108.66000366210938,39.90546417236328
2003-02-05,108.62000274658203,108.79000091552734,108.01000213623047,108.5,39.846702575683594
2003-02-06,108.69999694824219,108.77999877929688,108.26000213623047,108.69000244140625,39.91647720336914
2003-02-07,108.5999984741211,109.01000213623047,108.25,108.93000030517578,40.004615783691406
2003-02-10,108.8499984741211,108.9000015258789,108.05999755859375,108.26000213623047,39.75857162475586
2003-02-11,108.20999908447266,108.66000366210938,108.20999908447266,108.66000366210938,39.90546417236328
2003-02-12,108.94000244140625,108.94000244140625,108.5,108.51000213623047,39.85037612915039
2003-02-13,108.73999786376953,109.25,108.51000213623047,108.51000213623047,39.85037612915039
2003-02-14,108.94999694824219,108.94999694824219,108.25,108.45999908447266,39.83203125
2003-02-18,108.5,108.83999633789062,108.25,108.80000305175781,39.956905364990234
2003-02-19,108.94000244140625,109.30999755859375,108.69999694824219,109.1500015258789,40.08543395996094
2003-02-20,109.16000366210938,109.68000030517578,109.0,109.43000030517578,40.1882438659668
2003-02-21,109.75,109.75,109.0,109.12999725341797,40.07809829711914
2003-02-24,109.5999984741211,109.72000122070312,109.30999755859375,109.48999786376953,40.2103271484375
2003-02-25,109.98999786376953,109.98999786376953,109.45999908447266,109.69000244140625,40.283729553222656
2003-02-26,109.98999786376953,110.0,109.55000305175781,109.98999786376953,40.3939323425293
2003-02-27,110.0,110.48999786376953,109.72000122070312,110.44999694824219,40.5628776550293
2003-02-28,110.45999908447266,110.77999877929688,109.9800033569336,110.48999786376953,40.57752227783203
2003-03-03,110.5999984741211,110.87000274658203,110.11000061035156,110.69999694824219,40.81087875366211
2003-03-04,110.41000366210938,110.83999633789062,110.25,110.76000213623047,40.83301544189453
2003-03-05,110.9000015258789,110.9000015258789,110.25,110.69999694824219,40.81087875366211
2003-03-06,110.9000015258789,110.9000015258789,110.25,110.51000213623047,40.74085998535156
2003-03-07,110.76000213623047,110.95999908447266,110.23999786376953,110.54000091552734,40.751914978027344
2003-03-10,110.54000091552734,111.05999755859375,110.52999877929688,110.8499984741211,40.86621856689453
2003-03-11,110.9800033569336,110.9800033569336,110.3499984741211,110.5999984741211,40.774051666259766
2003-03-12,110.5,110.8499984741211,110.19999694824219,110.4000015258789,40.700313568115234
2003-03-13,109.5199966430664,109.9800033569336,109.2699966430664,109.69999694824219,40.442230224609375
2003-03-14,109.55000305175781,109.94000244140625,109.3499984741211,109.56999969482422,40.3942985534668
2003-03-17,109.80000305175781,110.08999633789062,108.8499984741211,109.0,40.18415451049805
2003-03-18,109.0199966430664,109.62000274658203,108.27999877929688,108.56999969482422,40.025611877441406
2003-03-19,108.69999694824219,108.7300033569336,107.83000183105469,108.0,39.815528869628906
2003-03-20,108.63999938964844,108.79000091552734,107.75,108.19000244140625,39.88556671142578
2003-03-21,108.30000305175781,108.3499984741211,107.56999969482422,107.63999938964844,39.682796478271484
2003-03-24,108.0,108.69000244140625,107.9800033569336,108.5,39.999839782714844
2003-03-25,108.55000305175781,108.80000305175781,108.3499984741211,108.62000274658203,40.0440788269043
2003-03-26,108.6500015258789,109.19000244140625,108.6500015258789,109.0999984741211,40.22102355957031
2003-03-27,109.44000244140625,109.44000244140625,109.01000213623047,109.25,40.276336669921875
2003-03-28,109.44999694824219,109.98999786376953,109.4000015258789,109.69000244140625,40.43855667114258
2003-03-31,109.69999694824219,110.25,109.69999694824219,110.19999694824219,40.62657928466797
2003-04-01,109.80000305175781,110.13999938964844,109.30000305175781,110.05999755859375,40.84593200683594
2003-04-02,109.4000015258789,109.80999755859375,109.20999908447266,109.73999786376953,40.727134704589844
2003-04-03,109.73999786376953,110.08999633789062,109.5,109.75,40.73085403442383
2003-04-04,109.73999786376953,109.83000183105469,109.30999755859375,109.4800033569336,40.630672454833984
2003-04-07,109.0199966430664,109.5199966430664,108.56999969482422,109.27999877929688,40.556480407714844
2003-04-08,109.5,109.73999786376953,109.13999938964844,109.68000030517578,40.70487976074219
2003-04-09,109.80000305175781,110.08999633789062,109.41000366210938,110.04000091552734,40.8385009765625
2003-04-10,110.0,110.0,109.5,109.63999938964844,40.690032958984375
2003-04-11,109.30000305175781,109.58000183105469,109.05999755859375,109.25,40.5452766418457
2003-04-14,109.31999969482422,109.48999786376953,108.69999694824219,109.30999755859375,40.56756591796875
2003-04-15,109.81999969482422,110.0,109.31999969482422,109.51000213623047,40.641788482666016
2003-04-16,110.0999984741211,110.30000305175781,109.75,110.25,40.91643524169922
2003-04-17,110.5999984741211,110.61000061035156,110.01000213623047,110.0199966430664,40.83106231689453
2003-04-21,110.0999984741211,110.37999725341797,109.87999725341797,110.25,40.91643524169922
2003-04-22,110.58999633789062,110.8499984741211,110.19999694824219,110.30000305175781,40.93496322631836
2003-04-23,110.3499984741211,111.05000305175781,110.3499984741211,110.94000244140625,41.17250061035156
2003-04-24,111.13999938964844,111.80000305175781,111.13999938964844,111.58999633789062,41.41370391845703
2003-04-25,111.80000305175781,111.88999938964844,111.30000305175781,111.5999984741211,41.417423248291016
2003-04-28,111.63999938964844,111.7300033569336,111.20999908447266,111.66000366210938,41.4396858215332
2003-04-29,111.4000015258789,111.66999816894531,111.0199966430664,111.26000213623047,41.291221618652344
2003-04-30,111.30000305175781,112.27999877929688,111.20999908447266,112.05000305175781,41.58445739746094
2003-05-01,112.0999984741211,112.37999725341797,111.47000122070312,111.83000183105469,41.817420959472656
2003-05-02,111.61000061035156,112.08999633789062,111.23999786376953,111.44999694824219,41.67531967163086
2003-05-05,111.69999694824219,111.94999694824219,111.22000122070312,111.94999694824219,41.86227035522461
2003-05-06,112.1500015258789,112.8499984741211,111.66000366210938,112.54000091552734,42.0828742980957
2003-05-07,113.25,113.3499984741211,112.80999755859375,113.29000091552734,42.36336135864258
2003-05-08,113.80000305175781,113.88999938964844,113.16000366210938,113.30000305175781,42.367088317871094
2003-05-09,113.44999694824219,113.44999694824219,112.76000213623047,113.0999984741211,42.29233932495117
2003-05-12,113.98999786376953,113.98999786376953,113.16000366210938,113.48999786376953,42.438133239746094
2003-05-13,113.2699966430664,113.52999877929688,113.0199966430664,113.5,42.44189453125
2003-05-14,113.8499984741211,114.18000030517578,113.5,114.0,42.628822326660156
2003-05-15,113.5999984741211,114.25,113.51000213623047,113.95999908447266,42.613868713378906
2003-05-16,114.0,114.7300033569336,113.5999984741211,114.72000122070312,42.89809036254883
2003-05-19,114.45999908447266,114.9000015258789,113.9800033569336,114.25,42.72233200073242
2003-05-20,114.4000015258789,114.9000015258789,113.8499984741211,114.5999984741211,42.85319900512695
2003-05-21,114.5999984741211,114.98999786376953,114.12000274658203,114.5999984741211,42.85319900512695
2003-05-22,114.5999984741211,115.37000274658203,114.5999984741211,115.37000274658203,43.14115905761719
2003-05-23,115.69999694824219,115.80000305175781,115.12999725341797,115.52999877929688,43.200965881347656
2003-05-27,115.62999725341797,115.63999938964844,114.63999938964844,115.12999725341797,43.051387786865234
2003-05-28,115.0,115.16999816894531,114.30000305175781,114.66999816894531,42.87943649291992
2003-05-29,115.3499984741211,115.7300033569336,115.0199966430664,115.5,43.18977355957031
2003-05-30,115.5,115.58000183105469,114.86000061035156,115.55000305175781,43.20844268798828
2003-06-02,114.75,114.83000183105469,114.0199966430664,114.3499984741211,43.02519226074219
2003-06-03,114.94000244140625,115.47000122070312,114.52999877929688,115.4000015258789,43.42030715942383
2003-06-04,115.48999786376953,115.73999786376953,114.91000366210938,115.55000305175781,43.47673034667969
2003-06-05,115.5999984741211,116.0,115.01000213623047,115.36000061035156,43.40524673461914
2003-06-06,115.31999969482422,115.61000061035156,115.0,115.55000305175781,43.47673034667969
2003-06-09,115.98999786376953,116.16000366210938,115.48999786376953,115.80000305175781,43.57079315185547
2003-06-10,116.3499984741211,116.69999694824219,116.12000274658203,116.69999694824219,43.909427642822266
2003-06-11,116.51000213623047,116.94999694824219,116.30999755859375,116.56999969482422,43.860511779785156
2003-06-12,116.4800033569336,117.1500015258789,116.4800033569336,116.98999786376953,44.0185546875
2003-06-13,117.25,117.69999694824219,116.98999786376953,117.4800033569336,44.2028923034668
2003-06-16,117.9000015258789,117.95999908447266,116.75,117.05000305175781,44.041114807128906
2003-06-17,117.04000091552734,117.04000091552734,116.19999694824219,116.68000030517578,43.90190124511719
2003-06-18,116.05000305175781,116.44000244140625,115.5999984741211,115.5999984741211,43.49553680419922
2003-06-19,115.5,116.12999725341797,115.3499984741211,115.80000305175781,43.57079315185547
2003-06-20,115.80000305175781,115.80000305175781,115.1500015258789,115.25,43.363834381103516
2003-06-23,115.30000305175781,115.97000122070312,115.26000213623047,115.83000183105469,43.58206558227539
2003-06-24,115.9000015258789,116.25,115.61000061035156,116.0,43.646053314208984
2003-06-25,116.75,116.83000183105469,115.2300033569336,115.41000366210938,43.42409133911133
2003-06-26,115.22000122070312,115.22000122070312,114.1500015258789,114.4000015258789,43.04404067993164
2003-06-27,114.8499984741211,114.87000274658203,113.80999755859375,114.0999984741211,42.931175231933594
2003-06-30,114.5,114.62999725341797,114.01000213623047,114.62999725341797,43.13053512573242
2003-07-01,114.19999694824219,114.3499984741211,113.27999877929688,113.3499984741211,42.89706039428711
2003-07-02,113.31999969482422,114.0999984741211,112.87000274658203,113.75,43.0484619140625
2003-07-03,114.0,114.08999633789062,113.0,113.05000305175781,42.78352355957031
2003-07-07,112.9000015258789,112.98999786376953,112.33000183105469,112.5,42.575382232666016
2003-07-08,112.69999694824219,113.0,112.0999984741211,112.5999984741211,42.613216400146484
2003-07-09,112.9000015258789,113.30999755859375,112.6500015258789,113.0,42.76457214355469
2003-07-10,113.5999984741211,113.5999984741211,113.0,113.2300033569336,42.85163116455078
2003-07-11,113.44999694824219,113.48999786376953,113.19999694824219,113.37000274658203,42.90460968017578
2003-07-14,113.25,113.94999694824219,113.06999969482422,113.06999969482422,42.79109573364258
2003-07-15,113.25,113.25,111.43000030517578,111.77999877929688,42.302921295166016
2003-07-16,111.0,111.94000244140625,111.0,111.73999786376953,42.28775405883789
2003-07-17,111.6500015258789,111.76000213623047,111.0,111.22000122070312,42.09093475341797
2003-07-18,111.75,111.83999633789062,111.20999908447266,111.69000244140625,42.26886749267578
2003-07-21,111.5999984741211,111.5999984741211,110.01000213623047,110.33999633789062,41.757930755615234
2003-07-22,110.1500015258789,110.72000122070312,109.83000183105469,110.25,41.72388458251953
2003-07-23,111.0999984741211,111.31999969482422,110.69999694824219,110.9800033569336,42.0001220703125
2003-07-24,110.73999786376953,110.73999786376953,110.12999725341797,110.5,41.8184814453125
2003-07-25,110.69999694824219,111.16999816894531,109.94999694824219,110.25,41.72388458251953
2003-07-28,109.75,110.12000274658203,109.1500015258789,109.1500015258789,41.30757522583008
2003-07-29,109.0,110.0,108.12000274658203,108.1500015258789,40.929115295410156
2003-07-30,108.4800033569336,109.25,108.37000274658203,108.69999694824219,41.137271881103516
2003-07-31,108.3499984741211,108.43000030517578,107.0,107.3499984741211,40.626380920410156
2003-08-01,106.69999694824219,107.31999969482422,106.19999694824219,106.94999694824219,40.74711227416992
2003-08-04,106.72000122070312,107.75,106.72000122070312,107.58000183105469,40.9871940612793
2003-08-05,107.30000305175781,107.8499984741211,106.7300033569336,107.08999633789062,40.80048370361328
2003-08-06,107.30000305175781,107.94000244140625,106.80000305175781,107.5,40.95670700073242
2003-08-07,108.25,108.27999877929688,107.4000015258789,108.08999633789062,41.18149185180664
2003-08-08,108.0999984741211,108.73999786376953,107.80000305175781,108.1500015258789,41.20432662963867
2003-08-11,108.0999984741211,108.16999816894531,107.41000366210938,107.7300033569336,41.04433059692383
2003-08-12,107.55000305175781,108.20999908447266,107.4000015258789,107.61000061035156,40.99858474731445
2003-08-13,107.4000015258789,107.4000015258789,106.29000091552734,106.4000015258789,40.53760528564453
2003-08-14,106.05999755859375,106.97000122070312,105.7699966430664,106.54000091552734,40.59092712402344
2003-08-15,106.4000015258789,107.75,106.4000015258789,106.75,40.67094802856445
2003-08-18,107.05000305175781,107.36000061035156,106.5999984741211,107.0999984741211,40.80430221557617
2003-08-19,107.4000015258789,108.05999755859375,106.91999816894531,108.05000305175781,41.166236877441406
2003-08-20,108.01000213623047,108.38999938964844,107.41999816894531,107.72000122070312,41.040523529052734
2003-08-21,107.94999694824219,108.0,107.0999984741211,107.19999694824219,40.8424072265625
2003-08-22,107.69999694824219,107.91000366210938,107.22000122070312,107.72000122070312,41.040523529052734
2003-08-25,107.4000015258789,107.88999938964844,107.01000213623047,107.23999786376953,40.8576545715332
2003-08-26,107.19999694824219,107.62999725341797,106.7699966430664,107.44999694824219,40.9376335144043
2003-08-27,107.91999816894531,107.91999816894531,107.05999755859375,107.43000030517578,40.930023193359375
2003-08-28,107.72000122070312,108.4000015258789,107.51000213623047,108.22000122070312,41.23101043701172
2003-08-29,108.68000030517578,108.68000030517578,107.80000305175781,108.18000030517578,41.21574401855469
2003-09-02,106.88999938964844,107.62999725341797,106.88999938964844,107.16000366210938,41.11753463745117
2003-09-03,107.05999755859375,107.5199966430664,106.80999755859375,107.47000122070312,41.23649978637695
2003-09-04,107.47000122070312,107.97000122070312,107.05999755859375,107.83999633789062,41.37846755981445
2003-09-05,108.05000305175781,109.0,107.93000030517578,108.66000366210938,41.69309616088867
2003-09-08,108.79000091552734,109.3499984741211,108.25,108.26000213623047,41.53962326049805
2003-09-09,108.81999969482422,108.81999969482422,107.86000061035156,108.5999984741211,41.67007064819336
2003-09-10,108.8499984741211,109.47000122070312,108.6500015258789,109.47000122070312,42.003875732421875
2003-09-11,109.19999694824219,109.33000183105469,108.69999694824219,108.9000015258789,41.78517532348633
2003-09-12,109.52999877929688,110.13999938964844,109.36000061035156,109.69999694824219,42.09215545654297
2003-09-15,109.69999694824219,109.8499984741211,109.08000183105469,109.73999786376953,42.10750198364258
2003-09-16,109.80000305175781,109.98999786376953,109.26000213623047,109.9800033569336,42.199615478515625
2003-09-17,110.31999969482422,110.7699966430664,109.69999694824219,110.6500015258789,42.45668029785156
2003-09-18,110.5,110.80000305175781,110.01000213623047,110.5,42.39909744262695
2003-09-19,110.5999984741211,110.77999877929688,110.27999877929688,110.61000061035156,42.44131851196289
2003-09-22,110.16999816894531,110.27999877929688,109.5199966430664,110.19999694824219,42.28400802612305
2003-09-23,110.19999694824219,110.37999725341797,109.51000213623047,110.36000061035156,42.345428466796875
2003-09-24,110.11000061035156,110.94000244140625,110.11000061035156,110.77999877929688,42.50656509399414
2003-09-25,110.94000244140625,111.16000366210938,110.56999969482422,111.16000366210938,42.65235137939453
2003-09-26,111.3499984741211,111.8499984741211,111.11000061035156,111.8499984741211,42.91712188720703
2003-09-29,111.6500015258789,111.73999786376953,111.19999694824219,111.55000305175781,42.801998138427734
2003-09-30,111.69999694824219,112.33000183105469,111.43000030517578,112.29000091552734,43.0859260559082
2003-10-01,111.80000305175781,112.0,111.38999938964844,111.87999725341797,43.20989990234375
2003-10-02,110.80000305175781,111.75,110.80000305175781,111.44999694824219,43.04384994506836
2003-10-03,110.25,110.70999908447266,109.72000122070312,109.9000015258789,42.4451789855957
2003-10-06,109.55999755859375,110.19999694824219,109.55999755859375,110.01000213623047,42.487674713134766
2003-10-07,110.05999755859375,110.43000030517578,109.62000274658203,109.63999938964844,42.34477996826172
2003-10-08,109.55000305175781,110.33999633789062,109.55000305175781,110.04000091552734,42.4992790222168
2003-10-09,109.44000244140625,109.77999877929688,109.05000305175781,109.66000366210938,42.35252380371094
2003-10-10,109.5999984741211,110.41000366210938,109.5999984741211,110.19999694824219,42.561065673828125
2003-10-13,109.6500015258789,110.1500015258789,109.6500015258789,110.12999725341797,42.53403854370117
2003-10-14,109.8499984741211,110.13999938964844,109.51000213623047,109.68000030517578,42.3602294921875
2003-10-15,109.6500015258789,109.73999786376953,109.23999786376953,109.69000244140625,42.364112854003906
2003-10-16,109.83999633789062,109.83999633789062,109.06999969482422,109.33999633789062,42.22896957397461
2003-10-17,109.06999969482422,109.9800033569336,109.06999969482422,109.94000244140625,42.46063995361328
2003-10-20,109.93000030517578,110.27999877929688,109.54000091552734,110.04000091552734,42.4992790222168
2003-10-21,110.4000015258789,110.44000244140625,109.58000183105469,110.08000183105469,42.514732360839844
2003-10-22,110.4000015258789,110.5,110.0999984741211,110.4000015258789,42.63833999633789
2003-10-23,110.5,110.5,109.44000244140625,109.80000305175781,42.40656280517578
2003-10-24,110.5999984741211,110.5999984741211,110.12999725341797,110.5999984741211,42.71553421020508
2003-10-27,110.5999984741211,110.6500015258789,110.05000305175781,110.3499984741211,42.61900329589844
2003-10-28,110.43000030517578,111.08999633789062,109.9000015258789,111.08000183105469,42.90093994140625
2003-10-29,110.76000213623047,111.08000183105469,110.22000122070312,110.30000305175781,42.59969711303711
2003-10-30,109.75,110.1500015258789,109.5,110.1500015258789,42.541751861572266
2003-10-31,109.94999694824219,110.43000030517578,109.91000366210938,110.1500015258789,42.541751861572266
2003-11-03,110.30000305175781,110.30000305175781,109.16999816894531,109.77999877929688,42.56386947631836
2003-11-04,109.73999786376953,109.97000122070312,109.5,109.94999694824219,42.62977981567383
2003-11-05,109.94999694824219,109.94999694824219,109.18000030517578,109.18000030517578,42.33121871948242
2003-11-06,109.1500015258789,109.19000244140625,108.56999969482422,108.58000183105469,42.09858322143555
2003-11-07,108.56999969482422,108.86000061035156,108.12000274658203,108.79000091552734,42.179988861083984
2003-11-10,108.94999694824219,109.02999877929688,108.30000305175781,108.47000122070312,42.05595779418945
2003-11-11,108.12000274658203,108.98999786376953,108.11000061035156,108.94000244140625,42.23815155029297
2003-11-12,109.0999984741211,109.19999694824219,108.86000061035156,109.0,42.26141357421875
2003-11-13,109.4000015258789,110.3499984741211,109.4000015258789,110.02999877929688,42.66079330444336
2003-11-14,110.0,110.69000244140625,110.0,110.62999725341797,42.893409729003906
2003-11-17,111.25,111.27999877929688,110.79000091552734,110.83999633789062,42.97483444213867
2003-11-18,110.80000305175781,111.33000183105469,110.4800033569336,111.33000183105469,43.16484069824219
2003-11-19,111.0999984741211,111.55999755859375,110.3499984741211,110.3499984741211,42.78486633300781
2003-11-20,111.0,111.2300033569336,110.30000305175781,110.87999725341797,42.99033737182617
2003-11-21,111.25,111.43000030517578,110.8499984741211,111.25,43.13380813598633
2003-11-24,110.4000015258789,110.97000122070312,110.27999877929688,110.5,42.843013763427734
2003-11-25,110.51000213623047,111.08000183105469,110.5,110.8499984741211,42.97869873046875
2003-11-26,111.05000305175781,111.18000030517578,110.5199966430664,110.61000061035156,42.885658264160156
2003-11-28,110.6500015258789,110.6500015258789,110.0,110.05999755859375,42.67239761352539
2003-12-01,109.0,109.44000244140625,108.75,109.38999938964844,42.58364486694336
2003-12-02,109.47000122070312,109.80999755859375,108.69999694824219,109.69000244140625,42.700439453125
2003-12-03,110.0,110.0,109.12999725341797,109.5,42.6264762878418
2003-12-04,109.8499984741211,109.8499984741211,109.08000183105469,109.58999633789062,42.66150665283203
2003-12-05,110.38999938964844,110.93000030517578,109.97000122070312,110.7300033569336,43.105281829833984
2003-12-08,110.79000091552734,110.79000091552734,109.72000122070312,109.9000015258789,42.78220748901367
2003-12-09,110.0,110.48999786376953,109.0999984741211,109.55000305175781,42.64595031738281
2003-12-10,110.3499984741211,110.3499984741211,109.30000305175781,109.80000305175781,42.743263244628906
2003-12-11,109.0999984741211,110.31999969482422,109.0999984741211,110.30000305175781,42.93792724609375
2003-12-12,110.62999725341797,110.7300033569336,110.25,110.5999984741211,43.054683685302734
2003-12-15,110.0999984741211,110.69999694824219,110.0199966430664,110.3499984741211,42.957366943359375
2003-12-16,110.75,110.75,110.05999755859375,110.5999984741211,43.6019287109375
2003-12-17,110.5999984741211,111.23999786376953,110.55000305175781,110.8499984741211,43.700477600097656
2003-12-18,111.05999755859375,111.48999786376953,110.86000061035156,111.48999786376953,43.95279312133789
2003-12-19,111.48999786376953,111.56999969482422,111.0,111.55999755859375,43.980403900146484
2003-12-22,111.9000015258789,112.0,111.01000213623047,111.3499984741211,43.897613525390625
2003-12-23,111.4000015258789,111.4000015258789,110.63999938964844,110.70999908447266,43.64528274536133
2003-12-24,111.19999694824219,111.37000274658203,110.76000213623047,111.37000274658203,43.9055290222168
2003-12-26,111.77999877929688,111.77999877929688,111.19999694824219,111.4000015258789,43.91732406616211
2003-12-29,111.6500015258789,111.6500015258789,110.75,111.18000030517578,43.83056640625
2003-12-30,110.88999938964844,111.13999938964844,110.52999877929688,110.75,43.661067962646484
2003-12-31,110.8499984741211,110.8499984741211,110.19999694824219,110.56999969482422,43.76994705200195
2004-01-02,110.56999969482422,110.56999969482422,109.6500015258789,109.77999877929688,43.45720672607422
2004-01-05,110.05000305175781,110.1500015258789,109.6500015258789,109.9000015258789,43.50469207763672
2004-01-06,110.4000015258789,110.94999694824219,110.0,110.88999938964844,43.896610260009766
2004-01-07,110.8499984741211,111.29000091552734,110.69999694824219,110.9800033569336,43.93223190307617
2004-01-08,111.1500015258789,111.30000305175781,110.80000305175781,111.16000366210938,44.00349807739258
2004-01-09,111.9000015258789,112.19999694824219,111.58999633789062,112.05999755859375,44.35976028442383
2004-01-12,112.0,112.72000122070312,112.0,112.25,44.43496322631836
2004-01-13,111.8499984741211,112.87999725341797,111.8499984741211,112.55000305175781,44.55373001098633
2004-01-14,112.8499984741211,113.11000061035156,112.30000305175781,112.79000091552734,44.64870834350586
2004-01-15,113.0999984741211,113.30000305175781,112.69999694824219,113.30000305175781,44.850589752197266
2004-01-16,113.01000213623047,113.44000244140625,112.77999877929688,112.80000305175781,44.6527099609375
2004-01-20,112.69999694824219,113.18000030517578,112.43000030517578,112.56999969482422,44.5616455078125
2004-01-21,112.81999969482422,112.98999786376953,112.30000305175781,112.83000183105469,44.6645622253418
2004-01-22,113.0,113.62000274658203,112.63999938964844,113.4000015258789,44.89018630981445
2004-01-23,113.75,113.87000274658203,112.4800033569336,112.5,44.533958435058594
2004-01-26,112.75,112.75,111.87999725341797,111.87999725341797,44.288516998291016
2004-01-27,112.4000015258789,112.77999877929688,112.19999694824219,112.55999755859375,44.557674407958984
2004-01-28,112.80000305175781,113.12000274658203,111.5,111.66999816894531,44.20539093017578
2004-01-29,111.69999694824219,111.95999908447266,111.30000305175781,111.6500015258789,44.197479248046875
2004-01-30,112.25,112.36000061035156,111.5199966430664,111.91999816894531,44.3043098449707
2004-02-02,111.80000305175781,111.87999725341797,111.4000015258789,111.44999694824219,44.292423248291016
2004-02-03,111.94999694824219,111.94999694824219,111.33999633789062,111.68000030517578,44.383792877197266
2004-02-04,111.66999816894531,111.8499984741211,111.30000305175781,111.58999633789062,44.34803009033203
2004-02-05,111.58000183105469,111.9000015258789,111.13999938964844,111.4000015258789,44.27256774902344
2004-02-06,111.94999694824219,112.0999984741211,111.5,111.7300033569336,44.40369415283203
2004-02-09,111.77999877929688,112.30000305175781,111.66999816894531,112.19999694824219,44.5904655456543
2004-02-10,112.25,112.25,111.72000122070312,111.87000274658203,44.459320068359375
2004-02-11,111.51000213623047,112.86000061035156,111.51000213623047,112.55000305175781,44.72956466674805
2004-02-12,112.83000183105469,112.83000183105469,112.08000183105469,112.3499984741211,44.65012741088867
2004-02-13,113.0,113.01000213623047,112.47000122070312,112.98999786376953,44.90443801879883
2004-02-17,113.02999877929688,113.02999877929688,112.5999984741211,112.66000366210938,44.77329635620117
2004-02-18,113.08999633789062,113.0999984741211,112.2300033569336,112.4000015258789,44.66996765136719
2004-02-19,112.68000030517578,113.51000213623047,112.36000061035156,112.80000305175781,44.828948974609375
2004-02-20,112.95999908447266,112.95999908447266,112.22000122070312,112.25,44.610355377197266
2004-02-23,112.5,112.83999633789062,112.30000305175781,112.55999755859375,44.733551025390625
2004-02-24,112.36000061035156,113.08000183105469,112.36000061035156,112.66999816894531,44.77726364135742
2004-02-25,113.05000305175781,113.23999786376953,112.44999694824219,112.75,44.80905532836914
2004-02-26,112.83999633789062,112.94999694824219,112.52999877929688,112.83000183105469,44.84082794189453
2004-02-27,112.86000061035156,113.30999755859375,112.81999969482422,113.16000366210938,44.97197723388672
2004-03-01,112.93000030517578,113.05000305175781,112.43000030517578,112.69000244140625,44.95805358886719
2004-03-02,112.79000091552734,112.83999633789062,112.01000213623047,112.47000122070312,44.87025833129883
2004-03-03,112.47000122070312,112.5,111.79000091552734,112.41999816894531,44.850345611572266
2004-03-04,111.9000015258789,112.6500015258789,111.9000015258789,112.5999984741211,44.92216491699219
2004-03-05,114.30000305175781,114.3499984741211,113.5199966430664,113.80000305175781,45.400875091552734
2004-03-08,114.4000015258789,114.4800033569336,113.91999816894531,114.12000274658203,45.5285530090332
2004-03-09,114.5,114.76000213623047,114.06999969482422,114.3499984741211,45.620269775390625
2004-03-10,114.4000015258789,114.75,114.30000305175781,114.72000122070312,45.7679557800293
2004-03-11,114.69000244140625,114.79000091552734,113.81999969482422,114.2300033569336,45.572452545166016
2004-03-12,114.69999694824219,114.69999694824219,113.88999938964844,114.0999984741211,45.52059555053711
2004-03-15,113.91000366210938,114.43000030517578,113.86000061035156,114.2300033569336,45.572452545166016
2004-03-16,114.01000213623047,114.8499984741211,113.77999877929688,114.75,45.77985382080078
2004-03-17,114.98999786376953,115.0,114.5999984741211,114.80999755859375,45.80381774902344
2004-03-18,114.80000305175781,114.9800033569336,114.19999694824219,114.33000183105469,45.612335205078125
2004-03-19,114.56999969482422,114.56999969482422,113.91999816894531,114.1500015258789,45.54048538208008
2004-03-22,114.48999786376953,114.83000183105469,114.18000030517578,114.58999633789062,45.716033935546875
2004-03-23,114.66999816894531,114.80000305175781,114.26000213623047,114.80000305175781,45.7998161315918
2004-03-24,114.91000366210938,114.91000366210938,114.5,114.69000244140625,45.75592803955078
2004-03-25,114.66000366210938,114.69999694824219,114.27999877929688,114.37999725341797,45.63227462768555
2004-03-26,114.44000244140625,114.4800033569336,113.5199966430664,113.52999877929688,45.293155670166016
2004-03-29,113.6500015258789,113.70999908447266,113.12999725341797,113.70999908447266,45.3649787902832
2004-03-30,113.8499984741211,113.91000366210938,113.41000366210938,113.43000030517578,45.25325393676758
2004-03-31,113.7300033569336,114.19999694824219,113.33000183105469,113.83999633789062,45.41685485839844
2004-04-01,113.9000015258789,113.9000015258789,113.0999984741211,113.36000061035156,45.39720153808594
2004-04-02,111.8499984741211,111.98999786376953,111.37999725341797,111.58999633789062,44.68836212158203
2004-04-05,110.9000015258789,111.33999633789062,110.75,111.02999877929688,44.464134216308594
2004-04-06,111.3499984741211,111.69000244140625,111.20999908447266,111.55000305175781,44.672393798828125
2004-04-07,111.5999984741211,112.0999984741211,111.31999969482422,111.58000183105469,44.68437957763672
2004-04-08,111.5999984741211,111.80000305175781,111.1500015258789,111.69000244140625,44.72843551635742
2004-04-12,111.41999816894531,111.41999816894531,110.80999755859375,111.01000213623047,44.45610809326172
2004-04-13,110.19999694824219,110.83999633789062,110.19999694824219,110.30999755859375,44.17579650878906
2004-04-14,109.98999786376953,110.31999969482422,109.7300033569336,110.16000366210938,44.115726470947266
2004-04-15,110.0,110.4000015258789,109.63999938964844,109.69999694824219,43.9315185546875
2004-04-16,110.0199966430664,110.48999786376953,110.01000213623047,110.33000183105469,44.183799743652344
2004-04-19,110.48999786376953,110.5,109.8499984741211,110.12999725341797,44.10371398925781
2004-04-20,109.5,110.1500015258789,109.37999725341797,109.41000366210938,43.815364837646484
2004-04-21,109.30000305175781,109.80000305175781,109.18000030517578,109.5,43.85140609741211
2004-04-22,109.62999725341797,110.22000122070312,109.55999755859375,110.0999984741211,44.091697692871094
2004-04-23,109.43000030517578,109.83999633789062,109.30000305175781,109.62999725341797,43.903465270996094
2004-04-26,109.80000305175781,109.94999694824219,109.44000244140625,109.63999938964844,43.907466888427734
2004-04-27,109.44999694824219,110.16000366210938,109.44999694824219,110.16000366210938,44.115726470947266
2004-04-28,109.5,110.05999755859375,109.2699966430664,109.48999786376953,43.847412109375
2004-04-29,109.0999984741211,109.73999786376953,108.62000274658203,109.0,43.65114212036133
2004-04-30,109.1500015258789,109.5,108.70999908447266,109.0,43.65114212036133
2004-05-03,108.8499984741211,108.88999938964844,108.41000366210938,108.70999908447266,43.70823669433594
2004-05-04,109.0,109.1500015258789,108.33999633789062,108.3499984741211,43.56351089477539
2004-05-05,108.41999816894531,108.72000122070312,107.80999755859375,108.19000244140625,43.49919509887695
2004-05-06,107.94000244140625,107.9800033569336,107.58000183105469,107.69999694824219,43.302181243896484
2004-05-07,106.9000015258789,106.9000015258789,106.1500015258789,106.30000305175781,42.739261627197266
2004-05-10,106.05999755859375,106.19999694824219,105.5,105.51000213623047,42.4216423034668
2004-05-11,105.61000061035156,105.94000244140625,105.56999969482422,105.72000122070312,42.506099700927734
2004-05-12,106.19999694824219,106.23999786376953,105.5,105.76000213623047,42.522186279296875
2004-05-13,105.38999938964844,105.5,105.12999725341797,105.19999694824219,42.29700469970703
2004-05-14,105.91000366210938,106.27999877929688,105.36000061035156,105.83999633789062,42.554325103759766
2004-05-17,106.45999908447266,106.5,106.1500015258789,106.3499984741211,42.75937271118164
2004-05-18,106.7300033569336,106.7300033569336,106.01000213623047,106.5,42.819705963134766
2004-05-19,106.5,106.5,105.97000122070312,106.1500015258789,42.67897415161133
2004-05-20,106.33000183105469,106.75,106.26000213623047,106.73999786376953,42.91618728637695
2004-05-21,106.9000015258789,106.9000015258789,106.41999816894531,106.6500015258789,42.88002014160156
2004-05-24,107.0,107.11000061035156,106.70999908447266,107.08000183105469,43.05288314819336
2004-05-25,107.3499984741211,107.37000274658203,106.77999877929688,107.19000244140625,43.09716033935547
2004-05-26,107.5999984741211,107.66999816894531,106.98999786376953,107.66999816894531,43.29011917114258
2004-05-27,108.06999969482422,108.18000030517578,107.48999786376953,108.16000366210938,43.48712921142578
2004-05-28,108.0,108.2300033569336,107.77999877929688,108.0,43.42279052734375
2004-06-01,107.29000091552734,107.29000091552734,106.69999694824219,106.98999786376953,43.19105911254883
2004-06-02,106.97000122070312,107.01000213623047,106.5999984741211,106.70999908447266,43.07807540893555
2004-06-03,106.66999816894531,107.05999755859375,106.55000305175781,106.98999786376953,43.19105911254883
2004-06-04,107.0,107.0,106.41999816894531,106.61000061035156,43.03769302368164
2004-06-07,106.5999984741211,106.7699966430664,106.38999938964844,106.75,43.09421157836914
2004-06-08,106.20999908447266,106.80999755859375,106.20999908447266,106.76000213623047,43.09825134277344
2004-06-09,106.8499984741211,106.86000061035156,106.16000366210938,106.29000091552734,42.90848159790039
2004-06-10,106.06999969482422,106.5,105.94999694824219,106.3499984741211,42.93270492553711
2004-06-14,106.45999908447266,106.45999908447266,105.80000305175781,105.80999755859375,42.71474075317383
2004-06-15,106.30000305175781,107.25,106.12999725341797,107.01000213623047,43.199161529541016
2004-06-16,107.0999984741211,107.13999938964844,106.5,107.0199966430664,43.20320510864258
2004-06-17,107.04000091552734,107.33000183105469,106.6500015258789,107.2300033569336,43.28797912597656
2004-06-18,107.05999755859375,107.48999786376953,106.86000061035156,107.0999984741211,43.23548889160156
2004-06-21,107.3499984741211,107.5,107.11000061035156,107.29000091552734,43.31214904785156
2004-06-22,107.55000305175781,107.55000305175781,106.66999816894531,107.13999938964844,43.25162124633789
2004-06-23,107.33999633789062,107.5999984741211,106.86000061035156,107.06999969482422,43.22340774536133
2004-06-24,107.91000366210938,107.91999816894531,107.41999816894531,107.41999816894531,43.36466598510742
2004-06-25,107.19999694824219,107.7300033569336,107.19999694824219,107.5,43.39699172973633
2004-06-28,107.54000091552734,107.54000091552734,106.72000122070312,106.75,43.09421157836914
2004-06-29,107.20999908447266,107.5,106.56999969482422,107.5,43.39699172973633
2004-06-30,107.58999633789062,107.9800033569336,107.20999908447266,107.69999694824219,43.47771072387695
2004-07-01,107.22000122070312,107.83999633789062,107.0999984741211,107.80000305175781,43.694942474365234
2004-07-02,108.30999755859375,108.6500015258789,108.25,108.55000305175781,43.998931884765625
2004-07-06,108.66999816894531,108.66999816894531,108.0,108.30000305175781,43.89760971069336
2004-07-07,108.30000305175781,108.52999877929688,108.30000305175781,108.38999938964844,43.93410110473633
2004-07-08,108.51000213623047,108.6500015258789,108.3499984741211,108.44999694824219,43.958404541015625
2004-07-09,108.5,108.55000305175781,108.0999984741211,108.48999786376953,43.974632263183594
2004-07-12,108.7699966430664,108.81999969482422,108.52999877929688,108.70999908447266,44.06377029418945
2004-07-13,108.5999984741211,108.5999984741211,108.25,108.5,43.97865295410156
2004-07-14,108.6500015258789,108.69000244140625,108.3499984741211,108.55000305175781,43.998931884765625
2004-07-15,108.68000030517578,108.7300033569336,108.25,108.33000183105469,43.9097785949707
2004-07-16,108.95999908447266,109.37999725341797,108.5,109.37999725341797,44.33540725708008
2004-07-19,109.4000015258789,109.5,109.16000366210938,109.44999694824219,44.363792419433594
2004-07-20,109.20999908447266,109.4000015258789,108.66999816894531,108.69999694824219,44.059757232666016
2004-07-21,108.72000122070312,108.72000122070312,108.16999816894531,108.68000030517578,44.05168151855469
2004-07-22,108.68000030517578,108.93000030517578,108.43000030517578,108.43000030517578,43.9503173828125
2004-07-23,108.91000366210938,109.0,108.56999969482422,108.9000015258789,44.14082336425781
2004-07-26,108.88999938964844,108.9000015258789,108.5,108.83999633789062,44.11650466918945
2004-07-27,108.41000366210938,108.69999694824219,107.83000183105469,108.08000183105469,43.80849075317383
2004-07-28,107.94999694824219,108.05000305175781,107.55999755859375,107.76000213623047,43.67875671386719
2004-07-29,107.55000305175781,108.25,107.55000305175781,108.16999816894531,43.84495162963867
2004-07-30,108.9000015258789,108.94000244140625,108.43000030517578,108.94000244140625,44.157047271728516
2004-08-02,108.73999786376953,108.83999633789062,108.44999694824219,108.7300033569336,44.2478141784668
2004-08-03,108.94999694824219,108.9800033569336,108.13999938964844,108.61000061035156,44.19899368286133
2004-08-04,108.80000305175781,109.08999633789062,108.55999755859375,108.9000015258789,44.31696319580078
2004-08-05,109.30000305175781,109.30000305175781,108.80000305175781,109.0999984741211,44.39833450317383
2004-08-06,110.30999755859375,110.41999816894531,109.95999908447266,110.08000183105469,44.79719161987305
2004-08-09,110.4000015258789,110.4000015258789,109.98999786376953,110.0999984741211,44.80532455444336
2004-08-10,110.19000244140625,110.19000244140625,109.44999694824219,109.73999786376953,44.65879821777344
2004-08-11,109.9000015258789,109.97000122070312,109.37000274658203,109.66000366210938,44.626258850097656
2004-08-12,109.5,110.19999694824219,109.4000015258789,109.80999755859375,44.687294006347656
2004-08-13,109.94999694824219,110.5999984741211,109.94999694824219,110.25,44.866363525390625
2004-08-16,110.16999816894531,110.23999786376953,109.7300033569336,110.13999938964844,44.82158660888672
2004-08-17,110.11000061035156,110.73999786376953,110.0999984741211,110.73999786376953,45.065738677978516
2004-08-18,111.04000091552734,111.04000091552734,110.22000122070312,110.41999816894531,44.93550491333008
2004-08-19,110.4000015258789,110.93000030517578,110.33000183105469,110.80999755859375,45.09424591064453
2004-08-20,110.80999755859375,110.87999725341797,110.4000015258789,110.41000366210938,44.931461334228516
2004-08-23,110.31999969482422,110.3499984741211,109.95999908447266,110.19999694824219,44.845977783203125
2004-08-24,109.75,110.2300033569336,109.75,110.0999984741211,44.80532455444336
2004-08-25,110.56999969482422,110.76000213623047,110.30000305175781,110.62000274658203,45.01692199707031
2004-08-26,110.81999969482422,110.9000015258789,110.37999725341797,110.69000244140625,45.045379638671875
2004-08-27,110.69000244140625,111.0,110.63999938964844,110.94999694824219,45.151214599609375
2004-08-30,111.19999694824219,111.37999725341797,110.70999908447266,111.37999725341797,45.326202392578125
2004-08-31,111.4800033569336,112.0,111.25,111.8499984741211,45.517478942871094
2004-09-01,111.55999755859375,111.63999938964844,111.02999877929688,111.19999694824219,45.43043518066406
2004-09-02,111.01000213623047,111.3499984741211,110.55000305175781,110.7300033569336,45.238433837890625
2004-09-03,110.22000122070312,110.55000305175781,109.83999633789062,109.86000061035156,44.883026123046875
2004-09-07,110.05000305175781,110.4800033569336,110.0,110.4800033569336,45.136295318603516
2004-09-08,110.37999725341797,111.18000030517578,110.29000091552734,110.94999694824219,45.328304290771484
2004-09-09,111.0199966430664,111.48999786376953,110.9000015258789,111.18000030517578,45.42226791381836
2004-09-10,111.47000122070312,111.47000122070312,111.0,111.12000274658203,45.39779281616211
2004-09-13,111.29000091552734,111.54000091552734,110.95999908447266,111.5,45.553016662597656
2004-09-14,111.48999786376953,111.69000244140625,111.30999755859375,111.52999877929688,45.56526184082031
2004-09-15,111.66000366210938,111.66000366210938,111.31999969482422,111.52999877929688,45.56526184082031
2004-09-16,111.66000366210938,112.30000305175781,111.54000091552734,112.16999816894531,45.826744079589844
2004-09-17,112.16000366210938,112.19000244140625,111.70999908447266,111.75,45.65515899658203
2004-09-20,112.11000061035156,112.37999725341797,111.87999725341797,112.36000061035156,45.90440368652344
2004-09-21,112.19999694824219,112.52999877929688,111.91999816894531,112.4000015258789,45.92073059082031
2004-09-22,112.37999725341797,112.94999694824219,112.13999938964844,112.80000305175781,46.08413314819336
2004-09-23,112.68000030517578,112.94999694824219,112.33999633789062,112.3499984741211,45.90028381347656
2004-09-24,112.05999755859375,112.43000030517578,112.01000213623047,112.30999755859375,45.883949279785156
2004-09-27,112.41000366210938,112.7699966430664,112.3499984741211,112.69999694824219,46.04328155517578
2004-09-28,112.80000305175781,112.81999969482422,112.31999969482422,112.62000274658203,46.01058578491211
2004-09-29,112.2300033569336,112.2300033569336,111.66999816894531,112.08999633789062,45.79405975341797
2004-09-30,111.38999938964844,111.91999816894531,111.38999938964844,111.76000213623047,45.65921401977539
2004-10-01,111.22000122070312,111.47000122070312,110.66999816894531,110.83999633789062,45.45705795288086
2004-10-04,110.51000213623047,111.19000244140625,110.5,110.7699966430664,45.428348541259766
2004-10-05,110.9000015258789,111.23999786376953,110.75,111.2300033569336,45.61699676513672
2004-10-06,111.16000366210938,111.19999694824219,110.9000015258789,110.91000366210938,45.48576736450195
2004-10-07,110.87999725341797,110.94999694824219,110.55999755859375,110.66999816894531,45.38733673095703
2004-10-08,111.4000015258789,111.9000015258789,111.26000213623047,111.75,45.83024978637695
2004-10-11,111.80000305175781,111.8499984741211,111.47000122070312,111.8499984741211,45.87126159667969
2004-10-12,112.05000305175781,112.12000274658203,111.69999694824219,111.91000366210938,45.895877838134766
2004-10-13,111.83999633789062,112.61000061035156,111.76000213623047,112.33999633789062,46.07225036621094
2004-10-14,112.33000183105469,112.80000305175781,112.01000213623047,112.80000305175781,46.26091384887695
2004-10-15,112.47000122070312,112.79000091552734,111.8499984741211,112.30000305175781,46.055809020996094
2004-10-18,112.20999908447266,112.5199966430664,112.11000061035156,112.48999786376953,46.133731842041016
2004-10-19,112.1500015258789,112.5999984741211,112.0,112.47000122070312,46.125553131103516
2004-10-20,112.58999633789062,112.83999633789062,112.54000091552734,112.83999633789062,46.27726745605469
2004-10-21,112.80000305175781,112.88999938964844,112.58000183105469,112.73999786376953,46.23626708984375
2004-10-22,112.58000183105469,112.8499984741211,112.37000274658203,112.6500015258789,46.19937515258789
2004-10-25,112.80999755859375,113.13999938964844,112.70999908447266,112.9000015258789,46.301856994628906
2004-10-26,112.98999786376953,113.0,112.69999694824219,112.77999877929688,46.2526741027832
2004-10-27,112.9800033569336,113.16000366210938,112.0,112.0999984741211,45.97377395629883
2004-10-28,112.4000015258789,112.55000305175781,111.91000366210938,112.29000091552734,46.051727294921875
2004-10-29,112.5,112.8499984741211,112.30000305175781,112.6500015258789,46.19937515258789
2004-11-01,112.29000091552734,112.29000091552734,111.75,111.75,46.00625991821289
2004-11-02,111.8499984741211,112.12000274658203,111.75,111.91999816894531,46.07628631591797
2004-11-03,111.69999694824219,112.58999633789062,111.54000091552734,111.69999694824219,45.985687255859375
2004-11-04,112.63999938964844,112.70999908447266,112.13999938964844,112.18000030517578,46.183326721191406
2004-11-05,111.69999694824219,111.7699966430664,111.13999938964844,111.69999694824219,45.985687255859375
2004-11-08,111.2300033569336,111.5999984741211,110.80999755859375,111.2300033569336,45.79219436645508
2004-11-09,111.29000091552734,111.6500015258789,111.11000061035156,111.25,45.800479888916016
2004-11-10,111.44000244140625,111.44999694824219,111.01000213623047,111.1500015258789,45.759281158447266
2004-11-11,111.48999786376953,111.5,111.0,111.16000366210938,45.76338195800781
2004-11-12,111.63999938964844,111.94999694824219,111.1500015258789,111.72000122070312,45.993961334228516
2004-11-15,111.69000244140625,111.94999694824219,111.3499984741211,111.76000213623047,46.0103874206543
2004-11-16,111.80999755859375,111.80999755859375,110.95999908447266,111.69999694824219,45.985687255859375
2004-11-17,111.87999725341797,112.41000366210938,111.69999694824219,112.31999969482422,46.240970611572266
2004-11-18,112.3499984741211,112.61000061035156,111.8499984741211,112.5,46.315032958984375
2004-11-19,112.44000244140625,112.44000244140625,111.30999755859375,111.91000366210938,46.07215118408203
2004-11-22,111.98999786376953,112.13999938964844,111.69999694824219,111.86000061035156,46.05158996582031
2004-11-23,111.8499984741211,112.12999725341797,111.62999725341797,112.0,46.10918426513672
2004-11-24,112.19999694824219,112.23999786376953,111.86000061035156,111.98999786376953,46.10507583618164
2004-11-26,111.56999969482422,111.86000061035156,111.56999969482422,111.58999633789062,45.940399169921875
2004-11-29,111.30000305175781,111.30000305175781,110.69000244140625,110.70999908447266,45.57809829711914
2004-11-30,110.83999633789062,111.0999984741211,110.55999755859375,110.8499984741211,45.63575744628906
2004-12-01,110.5199966430664,110.80999755859375,110.05000305175781,110.36000061035156,45.60847473144531
2004-12-02,110.30000305175781,110.30000305175781,109.81999969482422,110.01000213623047,45.463836669921875
2004-12-03,110.75,111.45999908447266,110.62999725341797,110.62999725341797,45.720088958740234
2004-12-06,111.19000244140625,111.19999694824219,110.70999908447266,110.94000244140625,45.84822082519531
2004-12-07,111.12999725341797,111.3499984741211,110.80000305175781,111.19999694824219,45.955623626708984
2004-12-08,111.73999786376953,111.94000244140625,111.38999938964844,111.58000183105469,46.11267852783203
2004-12-09,111.73999786376953,112.0,111.5,111.83999633789062,46.22013854980469
2004-12-10,111.97000122070312,112.22000122070312,111.51000213623047,111.88999938964844,46.24078369140625
2004-12-13,112.1500015258789,112.16000366210938,111.81999969482422,112.11000061035156,46.33171081542969
2004-12-14,112.0,112.16000366210938,111.5999984741211,112.16000366210938,46.35235595703125
2004-12-15,112.19999694824219,112.76000213623047,112.19999694824219,112.76000213623047,46.6003532409668
2004-12-16,112.5999984741211,112.5999984741211,111.61000061035156,111.79000091552734,46.1994514465332
2004-12-17,111.6500015258789,111.91000366210938,111.5199966430664,111.91000366210938,46.249053955078125
2004-12-20,111.7699966430664,112.05999755859375,111.5199966430664,111.83000183105469,46.21601104736328
2004-12-21,111.8499984741211,112.29000091552734,111.3499984741211,111.87999725341797,46.23662567138672
2004-12-22,112.05000305175781,112.11000061035156,111.70999908447266,112.0,46.28622055053711
2004-12-23,112.12999725341797,112.20999908447266,111.87999725341797,112.19999694824219,46.368900299072266
2004-12-27,111.83000183105469,111.93000030517578,111.30999755859375,111.5999984741211,46.12095260620117
2004-12-28,111.61000061035156,111.73999786376953,111.22000122070312,111.72000122070312,46.17053985595703
2004-12-29,111.83000183105469,111.83000183105469,111.4000015258789,111.55000305175781,46.10026168823242
2004-12-30,111.73999786376953,111.95999908447266,111.4800033569336,111.94999694824219,46.26557540893555
2004-12-31,111.8499984741211,111.9800033569336,111.52999877929688,111.52999877929688,46.27054214477539
2005-01-03,111.70999908447266,112.25,111.5,112.25,46.569305419921875
2005-01-04,112.2699966430664,112.29000091552734,111.5,111.62000274658203,46.30790328979492
2005-01-05,111.6500015258789,111.91000366210938,111.45999908447266,111.70999908447266,46.345218658447266
2005-01-06,111.55000305175781,111.94999694824219,111.55000305175781,111.79000091552734,46.37844467163086
2005-01-07,111.91000366210938,111.91999816894531,111.43000030517578,111.73999786376953,46.357704162597656
2005-01-10,111.76000213623047,111.76000213623047,111.4000015258789,111.55000305175781,46.278865814208984
2005-01-11,111.79000091552734,112.12999725341797,111.37999725341797,111.80999755859375,46.38670349121094
2005-01-12,111.3499984741211,112.05000305175781,111.3499984741211,111.91999816894531,46.43239974975586
2005-01-13,111.98999786376953,112.41000366210938,111.9000015258789,112.22000122070312,46.55684280395508
2005-01-14,112.1500015258789,112.54000091552734,111.87000274658203,112.3499984741211,46.610755920410156
2005-01-18,111.9800033569336,112.43000030517578,111.91000366210938,112.41000366210938,46.635658264160156
2005-01-19,112.4800033569336,112.5999984741211,112.11000061035156,112.58000183105469,46.706153869628906
2005-01-20,112.27999877929688,112.69000244140625,112.26000213623047,112.37999725341797,46.62318420410156
2005-01-21,112.45999908447266,112.7300033569336,112.1500015258789,112.62999725341797,46.72690200805664
2005-01-24,112.8499984741211,112.87999725341797,112.5199966430664,112.83000183105469,46.8099250793457
2005-01-25,112.91999816894531,112.91999816894531,112.36000061035156,112.44999694824219,46.65221405029297
2005-01-26,112.5999984741211,112.70999908447266,112.44999694824219,112.48999786376953,46.668819427490234
2005-01-27,112.37999725341797,112.58999633789062,111.66999816894531,112.25,46.569305419921875
2005-01-28,112.6500015258789,113.0199966430664,112.61000061035156,112.9000015258789,46.83890151977539
2005-01-31,112.52999877929688,112.98999786376953,112.52999877929688,112.9000015258789,46.83890151977539
2005-02-01,112.62999725341797,112.69999694824219,112.3499984741211,112.44999694824219,46.829368591308594
2005-02-02,112.36000061035156,112.62999725341797,112.20999908447266,112.3499984741211,46.787715911865234
2005-02-03,112.30000305175781,112.48999786376953,112.0199966430664,112.48999786376953,46.846004486083984
2005-02-04,113.16000366210938,113.19999694824219,112.33999633789062,112.8499984741211,46.99594497680664
2005-02-07,112.98999786376953,113.16000366210938,112.83999633789062,112.88999938964844,47.01260757446289
2005-02-08,113.29000091552734,113.30999755859375,112.91000366210938,113.30000305175781,47.183353424072266
2005-02-09,113.37000274658203,113.80000305175781,113.23999786376953,113.69999694824219,47.349918365478516
2005-02-10,113.56999969482422,113.56999969482422,113.01000213623047,113.30000305175781,47.183353424072266
2005-02-11,113.11000061035156,113.19000244140625,112.73999786376953,112.97000122070312,47.04595184326172
2005-02-14,113.19000244140625,113.29000091552734,112.80000305175781,113.16000366210938,47.12506866455078
2005-02-15,112.94999694824219,113.19000244140625,112.76000213623047,112.98999786376953,47.05424880981445
2005-02-16,113.0999984741211,113.0999984741211,112.30000305175781,112.44999694824219,46.829368591308594
2005-02-17,112.0999984741211,112.5999984741211,111.87000274658203,112.19999694824219,46.725257873535156
2005-02-18,112.0,112.08999633789062,111.81999969482422,112.01000213623047,46.64611053466797
2005-02-22,111.73999786376953,112.05000305175781,111.69999694824219,111.91000366210938,46.604496002197266
2005-02-23,112.0999984741211,112.44999694824219,111.91999816894531,112.06999969482422,46.67110824584961
2005-02-24,112.19999694824219,112.4000015258789,111.8499984741211,111.8499984741211,46.57949447631836
2005-02-25,112.1500015258789,112.22000122070312,111.87000274658203,112.05000305175781,46.66277313232422
2005-02-28,111.5,112.0,111.30000305175781,111.41999816894531,46.40042495727539
2005-03-01,111.0199966430664,111.18000030517578,110.75,110.97000122070312,46.39162826538086
2005-03-02,110.95999908447266,111.19999694824219,110.87999725341797,111.01000213623047,46.40834426879883
2005-03-03,111.0999984741211,111.2699966430664,110.8499984741211,111.0,46.404197692871094
2005-03-04,111.43000030517578,111.62999725341797,111.25,111.36000061035156,46.55463790893555
2005-03-07,111.36000061035156,111.80000305175781,111.30000305175781,111.68000030517578,46.688446044921875
2005-03-08,111.37999725341797,111.37999725341797,111.01000213623047,111.18000030517578,46.47942352294922
2005-03-09,110.75,110.83999633789062,110.12000274658203,110.12000274658203,46.03629684448242
2005-03-10,110.5999984741211,110.5999984741211,110.05999755859375,110.2699966430664,46.098995208740234
2005-03-11,110.01000213623047,110.30000305175781,109.83999633789062,110.08000183105469,46.01955795288086
2005-03-14,110.0,110.19999694824219,109.72000122070312,110.06999969482422,46.0153923034668
2005-03-15,110.02999877929688,110.30000305175781,109.61000061035156,109.62000274658203,45.827293395996094
2005-03-16,109.80000305175781,110.41000366210938,109.75,110.0,45.98613739013672
2005-03-17,110.12999725341797,110.16999816894531,109.4000015258789,109.75,45.881591796875
2005-03-18,109.83999633789062,109.8499984741211,109.20999908447266,109.41999816894531,45.74362564086914
2005-03-21,109.30000305175781,109.68000030517578,109.20999908447266,109.29000091552734,45.68931198120117
2005-03-22,109.30000305175781,109.75,108.3499984741211,108.3499984741211,45.296329498291016
2005-03-23,108.06999969482422,108.81999969482422,108.05000305175781,108.66999816894531,45.43010711669922
2005-03-24,109.04000091552734,109.04000091552734,108.7300033569336,108.9000015258789,45.526241302490234
2005-03-28,108.9000015258789,108.9000015258789,108.5999984741211,108.73999786376953,45.45937728881836
2005-03-29,108.68000030517578,109.22000122070312,108.5999984741211,108.93000030517578,45.53880310058594
2005-03-30,108.5999984741211,109.30000305175781,108.5999984741211,109.20999908447266,45.655853271484375
2005-03-31,109.30999755859375,109.61000061035156,109.2699966430664,109.58999633789062,45.814735412597656
2005-04-01,109.54000091552734,109.55999755859375,108.91000366210938,109.25,45.856689453125
2005-04-04,109.11000061035156,109.48999786376953,108.51000213623047,108.58000183105469,45.575504302978516
2005-04-05,108.80000305175781,108.9800033569336,108.30000305175781,108.91000366210938,45.71398162841797
2005-04-06,109.0999984741211,109.2300033569336,108.68000030517578,108.8499984741211,45.688777923583984
2005-04-07,108.80000305175781,109.41000366210938,108.30000305175781,108.30000305175781,45.457942962646484
2005-04-08,108.69000244140625,108.69000244140625,108.12000274658203,108.6500015258789,45.6048469543457
2005-04-11,108.63999938964844,109.08999633789062,108.62000274658203,108.94999694824219,45.730751037597656
2005-04-12,108.56999969482422,109.58000183105469,108.56999969482422,109.38999938964844,45.915462493896484
2005-04-13,109.4000015258789,109.7300033569336,109.38999938964844,109.6500015258789,46.024574279785156
2005-04-14,109.58999633789062,109.5999984741211,109.19999694824219,109.25,45.856689453125
2005-04-15,109.9000015258789,109.9000015258789,109.30000305175781,109.75,46.066505432128906
2005-04-18,109.83999633789062,110.0,109.70999908447266,109.7699966430664,46.07493591308594
2005-04-19,110.02999877929688,110.25,109.70999908447266,110.2300033569336,46.268035888671875
2005-04-20,109.80000305175781,110.31999969482422,109.80000305175781,110.29000091552734,46.29322052001953
2005-04-21,110.25,110.30999755859375,109.70999908447266,109.70999908447266,46.0497932434082
2005-04-22,110.37999725341797,110.51000213623047,110.0199966430664,110.2300033569336,46.268035888671875
2005-04-25,110.30000305175781,110.5,110.13999938964844,110.5,46.38141632080078
2005-04-26,110.05000305175781,110.55999755859375,109.94999694824219,110.31999969482422,46.30582809448242
2005-04-27,110.69999694824219,110.97000122070312,110.4000015258789,110.86000061035156,46.53247833251953
2005-04-28,110.88999938964844,111.33999633789062,110.87999725341797,111.31999969482422,46.72557067871094
2005-04-29,111.1500015258789,111.41999816894531,110.83000183105469,110.91999816894531,46.55765914916992
2005-05-02,110.56999969482422,110.66999816894531,110.20999908447266,110.52999877929688,46.573665618896484
2005-05-03,110.51000213623047,110.5999984741211,110.18000030517578,110.58999633789062,46.59897994995117
2005-05-04,109.5999984741211,110.55999755859375,109.5999984741211,110.33999633789062,46.49362564086914
2005-05-05,110.4800033569336,110.72000122070312,110.12999725341797,110.5,46.56106185913086
2005-05-06,109.88999938964844,110.05000305175781,109.62999725341797,109.9000015258789,46.3082160949707
2005-05-09,109.6500015258789,109.7300033569336,109.26000213623047,109.5199966430664,46.14806365966797
2005-05-10,109.48999786376953,110.0199966430664,109.41000366210938,109.5,46.1396598815918
2005-05-11,109.69000244140625,109.9800033569336,109.55000305175781,109.5999984741211,46.18180465698242
2005-05-12,109.47000122070312,109.62000274658203,108.6500015258789,109.25,46.03432083129883
2005-05-13,109.27999877929688,109.9800033569336,109.27999877929688,109.86000061035156,46.291378021240234
2005-05-16,110.0,110.05999755859375,109.44000244140625,109.69000244140625,46.2197380065918
2005-05-17,109.83999633789062,109.9000015258789,108.94999694824219,109.75,46.244956970214844
2005-05-18,110.0,110.19000244140625,109.76000213623047,110.13999938964844,46.40935516357422
2005-05-19,110.0999984741211,110.19999694824219,109.7300033569336,109.9800033569336,46.341949462890625
2005-05-20,109.6500015258789,110.0999984741211,109.6500015258789,109.94999694824219,46.32926940917969
2005-05-23,110.41999816894531,110.41999816894531,109.75,110.41000366210938,46.52313232421875
2005-05-24,110.72000122070312,110.80000305175781,110.5199966430664,110.6500015258789,46.624237060546875
2005-05-25,110.6500015258789,110.76000213623047,110.33999633789062,110.63999938964844,46.61998748779297
2005-05-26,110.5,110.76000213623047,110.44999694824219,110.70999908447266,46.64950180053711
2005-05-27,110.79000091552734,110.80000305175781,110.51000213623047,110.69999694824219,46.64531326293945
2005-05-31,111.16000366210938,111.27999877929688,110.97000122070312,111.18000030517578,46.8475456237793
2005-06-01,110.98999786376953,111.6500015258789,110.98999786376953,111.51000213623047,47.16946792602539
2005-06-02,111.41000366210938,111.94999694824219,111.3499984741211,111.94000244140625,47.35138702392578
2005-06-03,112.44000244140625,112.44000244140625,111.25,111.3499984741211,47.101768493652344
2005-06-06,111.58999633789062,111.69000244140625,111.36000061035156,111.66000366210938,47.23292922973633
2005-06-07,112.04000091552734,112.55000305175781,111.75,111.88999938964844,47.33023452758789
2005-06-08,111.94000244140625,111.94000244140625,111.61000061035156,111.66000366210938,47.23292922973633
2005-06-09,111.63999938964844,111.63999938964844,110.41000366210938,111.44999694824219,47.14406967163086
2005-06-10,111.44000244140625,111.44000244140625,110.8499984741211,110.94999694824219,46.93256378173828
2005-06-13,110.83999633789062,111.04000091552734,110.58999633789062,110.69000244140625,46.82260513305664
2005-06-14,110.69000244140625,110.70999908447266,110.3499984741211,110.56999969482422,46.77183532714844
2005-06-15,110.45999908447266,110.58999633789062,110.18000030517578,110.36000061035156,46.68301773071289
2005-06-16,110.58999633789062,110.58999633789062,110.19999694824219,110.47000122070312,46.72957229614258
2005-06-17,110.55999755859375,110.69999694824219,110.31999969482422,110.44999694824219,46.721092224121094
2005-06-20,110.41999816894531,110.41999816894531,110.13999938964844,110.31999969482422,46.666107177734375
2005-06-21,110.58999633789062,110.73999786376953,110.41999816894531,110.69000244140625,46.82260513305664
2005-06-22,111.31999969482422,111.66000366210938,111.01000213623047,111.4800033569336,47.15678024291992
2005-06-23,111.4800033569336,111.5999984741211,111.30999755859375,111.55000305175781,47.18640899658203
2005-06-24,111.83999633789062,111.83999633789062,111.6500015258789,111.83000183105469,47.30482864379883
2005-06-27,111.8499984741211,112.0,111.75,111.98999786376953,47.37249755859375
2005-06-28,111.83999633789062,111.93000030517578,111.5,111.63999938964844,47.224456787109375
2005-06-29,111.93000030517578,111.98999786376953,111.5999984741211,111.69999694824219,47.24985122680664
2005-06-30,112.05999755859375,112.2699966430664,111.69000244140625,112.0999984741211,47.41907501220703
2005-07-01,111.83999633789062,111.9000015258789,111.13999938964844,111.16000366210938,47.20120620727539
2005-07-05,110.83000183105469,110.91000366210938,110.63999938964844,110.80000305175781,47.04833984375
2005-07-06,110.94999694824219,111.12000274658203,110.80999755859375,111.04000091552734,47.150238037109375
2005-07-07,111.05000305175781,111.4800033569336,111.05000305175781,111.33000183105469,47.27338409423828
2005-07-08,111.45999908447266,111.45999908447266,111.0,111.11000061035156,47.179954528808594
2005-07-11,110.83999633789062,110.9000015258789,110.5,110.5,46.92099380493164
2005-07-12,110.69999694824219,110.69999694824219,110.1500015258789,110.25,46.81478500366211
2005-07-13,110.4800033569336,110.66000366210938,110.30000305175781,110.5,46.92099380493164
2005-07-14,110.72000122070312,110.73999786376953,110.5,110.5999984741211,46.96341323852539
2005-07-15,110.58999633789062,110.75,110.5,110.6500015258789,46.98466491699219
2005-07-18,110.83999633789062,110.83999633789062,110.36000061035156,110.55999755859375,46.946414947509766
2005-07-19,110.48999786376953,110.80000305175781,110.31999969482422,110.6500015258789,46.98466491699219
2005-07-20,110.7300033569336,111.0199966430664,110.3499984741211,110.7699966430664,47.035614013671875
2005-07-21,110.5999984741211,110.75,110.16999816894531,110.19999694824219,46.79357147216797
2005-07-22,110.20999908447266,110.80000305175781,110.19999694824219,110.70999908447266,47.010135650634766
2005-07-25,110.69999694824219,110.91000366210938,110.6500015258789,110.69999694824219,47.0058708190918
2005-07-26,110.80000305175781,110.98999786376953,110.63999938964844,110.72000122070312,47.01438522338867
2005-07-27,110.72000122070312,110.72000122070312,110.31999969482422,110.58000183105469,46.95491027832031
2005-07-28,110.81999969482422,111.16999816894531,110.58999633789062,111.0,47.13325881958008
2005-07-29,111.04000091552734,111.0999984741211,110.58999633789062,110.75,47.02711868286133
2005-08-01,110.05999755859375,110.30000305175781,109.61000061035156,110.04000091552734,46.91539764404297
2005-08-02,109.98999786376953,110.19000244140625,109.68000030517578,109.83999633789062,46.83013153076172
2005-08-03,110.04000091552734,110.33000183105469,109.87000274658203,110.0999984741211,46.941001892089844
2005-08-04,110.0199966430664,110.3499984741211,110.0,110.0999984741211,46.941001892089844
2005-08-05,110.05000305175781,110.05000305175781,109.5999984741211,109.91000366210938,46.85996627807617
2005-08-08,109.70999908447266,109.76000213623047,109.31999969482422,109.41000366210938,46.64685821533203
2005-08-09,109.68000030517578,109.70999908447266,109.31999969482422,109.58999633789062,46.72353744506836
2005-08-10,109.87000274658203,109.91999816894531,109.54000091552734,109.68000030517578,46.76191711425781
2005-08-11,109.62999725341797,110.06999969482422,108.8499984741211,110.0199966430664,46.90687561035156
2005-08-12,110.16000366210938,110.55000305175781,110.12000274658203,110.55000305175781,47.13282775878906
2005-08-15,110.58999633789062,110.62000274658203,110.1500015258789,110.38999938964844,47.06465530395508
2005-08-16,110.69999694824219,111.0,110.47000122070312,110.68000030517578,47.18830871582031
2005-08-17,110.51000213623047,110.83999633789062,110.30999755859375,110.38999938964844,47.06465530395508
2005-08-18,110.55999755859375,110.86000061035156,110.52999877929688,110.69999694824219,47.196807861328125
2005-08-19,110.66000366210938,110.69000244140625,110.47000122070312,110.5999984741211,47.15415954589844
2005-08-22,110.73999786376953,110.73999786376953,110.1500015258789,110.55000305175781,47.13282775878906
2005-08-23,110.4000015258789,110.75,110.36000061035156,110.63999938964844,47.17121887207031
2005-08-24,110.72000122070312,110.83999633789062,110.5199966430664,110.5999984741211,47.15415954589844
2005-08-25,110.80000305175781,111.23999786376953,110.61000061035156,110.80999755859375,47.24368667602539
2005-08-26,110.81999969482422,110.98999786376953,110.6500015258789,110.98999786376953,47.3204231262207
2005-08-29,111.0,111.12999725341797,110.7699966430664,111.0,47.32469940185547
2005-08-30,111.4000015258789,111.5199966430664,111.05000305175781,111.18000030517578,47.40141677856445
2005-08-31,111.54000091552734,111.9800033569336,111.54000091552734,111.95999908447266,47.7339973449707
2005-09-01,111.58000183105469,111.7300033569336,110.51000213623047,111.19000244140625,47.59914779663086
2005-09-02,110.94999694824219,111.38999938964844,110.93000030517578,111.22000122070312,47.611976623535156
2005-09-06,110.80000305175781,111.27999877929688,110.80000305175781,110.98999786376953,47.51352310180664
2005-09-07,110.87999725341797,110.9000015258789,110.33999633789062,110.58999633789062,47.34233093261719
2005-09-08,110.87999725341797,110.87999725341797,110.51000213623047,110.62000274658203,47.355140686035156
2005-09-09,110.62999725341797,110.87000274658203,110.4800033569336,110.66999816894531,47.376556396484375
2005-09-12,110.63999938964844,110.63999938964844,110.18000030517578,110.38999938964844,47.256690979003906
2005-09-13,110.66999816894531,110.75,110.43000030517578,110.58000183105469,47.3380012512207
2005-09-14,110.56999969482422,110.69000244140625,110.30000305175781,110.30999755859375,47.222442626953125
2005-09-15,110.30999755859375,110.38999938964844,109.7699966430664,109.91999816894531,47.05549240112305
2005-09-16,109.91999816894531,109.94999694824219,109.52999877929688,109.62000274658203,46.92707061767578
2005-09-19,109.69999694824219,109.95999908447266,109.56999969482422,109.91999816894531,47.05549240112305
2005-09-20,109.87000274658203,109.97000122070312,109.13999938964844,109.75,46.982669830322266
2005-09-21,110.0,110.37000274658203,109.45999908447266,110.23999786376953,47.19244384765625
2005-09-22,110.38999938964844,110.41000366210938,109.95999908447266,110.18000030517578,47.16679763793945
2005-09-23,110.05000305175781,110.05000305175781,109.75,109.86000061035156,47.02980422973633
2005-09-26,109.5,109.70999908447266,109.4000015258789,109.51000213623047,46.87997817993164
2005-09-27,109.52999877929688,109.87999725341797,109.30000305175781,109.61000061035156,46.92275619506836
2005-09-28,109.56999969482422,109.94999694824219,109.5199966430664,109.83999633789062,47.021240234375
2005-09-29,109.81999969482422,109.9000015258789,109.66000366210938,109.80000305175781,47.004127502441406
2005-09-30,109.58000183105469,109.8499984741211,109.37000274658203,109.43000030517578,46.845726013183594
2005-10-03,109.19999694824219,109.19999694824219,108.55999755859375,108.66000366210938,46.70217514038086
2005-10-04,108.91000366210938,109.0199966430664,108.5999984741211,108.80000305175781,46.7623405456543
2005-10-05,108.76000213623047,109.02999877929688,108.72000122070312,108.94999694824219,46.826778411865234
2005-10-06,108.93000030517578,109.05000305175781,108.62999725341797,108.70999908447266,46.72364044189453
2005-10-07,108.56999969482422,108.98999786376953,108.5,108.88999938964844,46.801048278808594
2005-10-10,108.88999938964844,109.06999969482422,108.4800033569336,108.81999969482422,46.77091598510742
2005-10-11,108.88999938964844,108.88999938964844,108.56999969482422,108.63999938964844,46.693565368652344
2005-10-12,108.55999755859375,108.55999755859375,108.04000091552734,108.18000030517578,46.49583435058594
2005-10-13,108.0199966430664,108.13999938964844,107.70999908447266,108.0,46.41849899291992
2005-10-14,108.16000366210938,108.16000366210938,107.56999969482422,107.77999877929688,46.32391357421875
2005-10-17,107.5,108.12999725341797,107.5,107.93000030517578,46.388404846191406
2005-10-18,107.91000366210938,108.0999984741211,107.9000015258789,108.06999969482422,46.44858169555664
2005-10-19,108.11000061035156,108.31999969482422,108.05999755859375,108.18000030517578,46.49583435058594
2005-10-20,107.86000061035156,108.05999755859375,107.75,107.91000366210938,46.37983322143555
2005-10-21,108.3499984741211,108.6500015258789,108.0999984741211,108.4800033569336,46.624813079833984
2005-10-24,108.62000274658203,108.66000366210938,108.01000213623047,108.06999969482422,46.44858169555664
2005-10-25,107.5999984741211,108.30000305175781,107.4000015258789,107.54000091552734,46.220802307128906
2005-10-26,107.1500015258789,107.36000061035156,107.02999877929688,107.22000122070312,46.08327102661133
2005-10-27,107.22000122070312,107.47000122070312,107.04000091552734,107.30000305175781,46.117645263671875
2005-10-28,107.55000305175781,107.55000305175781,106.95999908447266,107.30000305175781,46.117645263671875
2005-10-31,107.33999633789062,107.48999786376953,107.1500015258789,107.2699966430664,46.10475540161133
2005-11-01,107.0,107.0999984741211,106.6500015258789,106.81999969482422,46.088356018066406
2005-11-02,106.81999969482422,107.0199966430664,106.61000061035156,106.61000061035156,45.99772262573242
2005-11-03,106.7300033569336,106.7699966430664,106.20999908447266,106.23999786376953,45.83812713623047
2005-11-04,106.26000213623047,106.51000213623047,106.08000183105469,106.31999969482422,45.87263488769531
2005-11-07,106.55999755859375,106.62000274658203,106.36000061035156,106.43000030517578,45.92007827758789
2005-11-08,106.70999908447266,107.13999938964844,106.69999694824219,107.06999969482422,46.19620895385742
2005-11-09,106.94000244140625,106.94000244140625,106.06999969482422,106.5,45.950313568115234
2005-11-10,106.68000030517578,107.06999969482422,106.56999969482422,107.05999755859375,46.19190979003906
2005-11-11,106.6500015258789,107.19000244140625,106.6500015258789,107.1500015258789,46.2307243347168
2005-11-14,107.08999633789062,107.11000061035156,106.41999816894531,106.61000061035156,45.99772262573242
2005-11-15,106.51000213623047,107.04000091552734,106.51000213623047,106.88999938964844,46.11854934692383
2005-11-16,106.95999908447266,107.47000122070312,106.95999908447266,107.33999633789062,46.31268310546875
2005-11-17,107.08999633789062,107.69999694824219,107.08999633789062,107.5199966430664,46.39036178588867
2005-11-18,107.38999938964844,107.5,107.11000061035156,107.30999755859375,46.299766540527344
2005-11-21,107.55999755859375,107.80000305175781,107.41000366210938,107.66000366210938,46.450801849365234
2005-11-22,107.69999694824219,107.9000015258789,107.4800033569336,107.86000061035156,46.53709030151367
2005-11-23,108.04000091552734,108.04000091552734,107.5999984741211,107.76000213623047,46.49393081665039
2005-11-25,107.66999816894531,108.0,107.66999816894531,107.9000015258789,46.5543098449707
2005-11-28,107.9800033569336,108.3499984741211,107.86000061035156,108.26000213623047,46.709651947021484
2005-11-29,108.2699966430664,108.30999755859375,107.6500015258789,107.76000213623047,46.49393081665039
2005-11-30,107.7300033569336,107.95999908447266,107.5199966430664,107.55999755859375,46.40760803222656
2005-12-01,107.55999755859375,107.58999633789062,106.91999816894531,106.94999694824219,46.313690185546875
2005-12-02,106.7699966430664,107.0999984741211,106.7699966430664,106.9800033569336,46.3266716003418
2005-12-05,106.91000366210938,107.05000305175781,106.61000061035156,106.69999694824219,46.20539855957031
2005-12-06,107.0,107.23999786376953,106.76000213623047,106.91999816894531,46.3006477355957
2005-12-07,106.6500015258789,107.02999877929688,106.62999725341797,106.79000091552734,46.244380950927734
2005-12-08,106.69999694824219,107.12000274658203,106.69999694824219,107.01000213623047,46.339622497558594
2005-12-09,106.86000061035156,107.01000213623047,106.70999908447266,106.81999969482422,46.25735855102539
2005-12-12,106.76000213623047,106.94999694824219,106.55999755859375,106.58999633789062,46.157772064208984
2005-12-13,106.5999984741211,106.88999938964844,106.52999877929688,106.68000030517578,46.19670867919922
2005-12-14,107.0,107.4000015258789,106.91000366210938,107.2300033569336,46.43489074707031
2005-12-15,107.4000015258789,107.4000015258789,106.9000015258789,107.13999938964844,46.395931243896484
2005-12-16,107.30999755859375,107.75,107.30999755859375,107.58999633789062,46.590816497802734
2005-12-19,107.6500015258789,107.75,107.2699966430664,107.41000366210938,46.51288604736328
2005-12-20,107.20999908447266,107.69000244140625,107.1500015258789,107.5,46.55181884765625
2005-12-21,107.26000213623047,107.54000091552734,107.1500015258789,107.54000091552734,46.56916427612305
2005-12-22,107.31999969482422,107.69000244140625,107.31999969482422,107.55000305175781,46.57347869873047
2005-12-23,107.5,108.19999694824219,107.26000213623047,107.97000122070312,46.7553596496582
2005-12-27,108.08000183105469,108.54000091552734,107.87999725341797,108.45999908447266,46.967525482177734
2005-12-28,108.0,108.16000366210938,107.70999908447266,108.11000061035156,46.98970413208008
2005-12-29,107.9000015258789,108.04000091552734,107.55000305175781,107.81999969482422,46.86363220214844
2005-12-30,107.86000061035156,108.1500015258789,107.61000061035156,107.69000244140625,46.80714797973633
2006-01-03,107.69000244140625,108.30000305175781,107.41000366210938,108.27999877929688,47.06358337402344
2006-01-04,108.2699966430664,108.43000030517578,107.95999908447266,108.27999877929688,47.06358337402344
2006-01-05,108.2699966430664,108.44999694824219,108.26000213623047,108.37000274658203,47.102718353271484
2006-01-06,108.3499984741211,108.36000061035156,107.94999694824219,108.19999694824219,47.02884292602539
2006-01-09,108.02999877929688,108.2300033569336,107.97000122070312,108.22000122070312,47.037532806396484
2006-01-10,108.0199966430664,108.1500015258789,107.80000305175781,107.93000030517578,46.91148376464844
2006-01-11,107.69999694824219,108.06999969482422,107.69999694824219,107.75,46.83327102661133
2006-01-12,107.93000030517578,108.1500015258789,107.70999908447266,108.08999633789062,46.98102951049805
2006-01-13,107.97000122070312,108.44000244140625,107.97000122070312,108.41000366210938,47.12012481689453
2006-01-17,108.30000305175781,108.55999755859375,108.1500015258789,108.41000366210938,47.12012481689453
2006-01-18,108.5199966430664,108.6500015258789,108.3499984741211,108.37999725341797,47.107078552246094
2006-01-19,108.20999908447266,108.58000183105469,108.12999725341797,108.36000061035156,47.09835433959961
2006-01-20,108.5,108.62999725341797,108.25,108.44999694824219,47.137481689453125
2006-01-23,108.30999755859375,108.69999694824219,108.19999694824219,108.69999694824219,47.246131896972656
2006-01-24,108.58999633789062,108.58999633789062,108.4000015258789,108.45999908447266,47.141815185546875
2006-01-25,108.41999816894531,108.41999816894531,107.69000244140625,107.86000061035156,46.88109588623047
2006-01-26,107.87999725341797,107.9000015258789,107.45999908447266,107.69999694824219,46.81150436401367
2006-01-27,107.88999938964844,107.9000015258789,107.62999725341797,107.86000061035156,46.88109588623047
2006-01-30,107.76000213623047,107.83000183105469,107.45999908447266,107.45999908447266,46.70720672607422
2006-01-31,107.5,107.77999877929688,107.0,107.22000122070312,46.60286331176758
2006-02-01,107.05000305175781,107.13999938964844,106.69000244140625,106.83999633789062,46.615543365478516
2006-02-02,106.79000091552734,107.13999938964844,106.73999786376953,106.75,46.57625198364258
2006-02-03,106.69999694824219,107.13999938964844,106.61000061035156,106.91999816894531,46.65043258666992
2006-02-06,106.87000274658203,107.1500015258789,106.8499984741211,107.0999984741211,46.72895050048828
2006-02-07,106.9000015258789,107.44000244140625,106.80000305175781,106.83000183105469,46.61115264892578
2006-02-08,106.9000015258789,107.05000305175781,106.75,106.83000183105469,46.61115264892578
2006-02-09,106.83000183105469,107.11000061035156,106.7699966430664,107.0,46.685333251953125
2006-02-10,107.0999984741211,107.26000213623047,106.72000122070312,106.80000305175781,46.59808349609375
2006-02-13,106.9800033569336,107.06999969482422,106.76000213623047,106.95999908447266,46.66785430908203
2006-02-14,106.83999633789062,107.02999877929688,106.66999816894531,106.8499984741211,46.61990737915039
2006-02-15,106.97000122070312,107.27999877929688,106.80999755859375,106.91999816894531,46.65043258666992
2006-02-16,106.91000366210938,107.19000244140625,106.87000274658203,107.06999969482422,46.71588134765625
2006-02-17,107.38999938964844,107.6500015258789,107.30999755859375,107.41999816894531,46.86856460571289
2006-02-21,107.51000213623047,107.5199966430664,107.26000213623047,107.37000274658203,46.84675598144531
2006-02-22,107.58999633789062,107.7699966430664,107.44000244140625,107.7699966430664,47.02128601074219
2006-02-23,107.63999938964844,107.6500015258789,107.25,107.52999877929688,46.91661834716797
2006-02-24,107.69000244140625,107.69000244140625,107.38999938964844,107.4800033569336,46.894779205322266
2006-02-27,107.69999694824219,107.69999694824219,107.30999755859375,107.43000030517578,46.872955322265625
2006-02-28,107.5,107.77999877929688,107.41000366210938,107.54000091552734,46.92095947265625
2006-03-01,107.0,107.30000305175781,106.43000030517578,106.69000244140625,46.74000549316406
2006-03-02,106.5,106.76000213623047,106.06999969482422,106.19999694824219,46.52536392211914
2006-03-03,106.4000015258789,106.41999816894531,105.68000030517578,106.0,46.43772888183594
2006-03-06,106.04000091552734,106.05000305175781,105.44999694824219,105.44999694824219,46.1967658996582
2006-03-07,105.66999816894531,105.83999633789062,105.2300033569336,105.4000015258789,46.17488479614258
2006-03-08,105.55999755859375,105.63999938964844,105.19999694824219,105.44999694824219,46.1967658996582
2006-03-09,105.3499984741211,105.9000015258789,105.3499984741211,105.43000030517578,46.188026428222656
2006-03-10,105.4800033569336,105.69999694824219,105.16000366210938,105.69999694824219,46.30628967285156
2006-03-13,105.5,105.76000213623047,105.04000091552734,105.55999755859375,46.244991302490234
2006-03-14,105.98999786376953,106.33000183105469,105.7300033569336,106.23999786376953,46.54289627075195
2006-03-15,106.19000244140625,106.2300033569336,105.91000366210938,106.08000183105469,46.472747802734375
2006-03-16,106.12000274658203,106.80000305175781,106.12000274658203,106.66000366210938,46.726871490478516
2006-03-17,106.66000366210938,106.70999908447266,106.5,106.55999755859375,46.683067321777344
2006-03-20,106.73999786376953,106.7699966430664,106.12000274658203,106.68000030517578,46.73563003540039
2006-03-21,106.26000213623047,106.75,106.19999694824219,106.27999877929688,46.56039047241211
2006-03-22,106.30000305175781,106.68000030517578,105.94999694824219,106.26000213623047,46.55162048339844
2006-03-23,106.38999938964844,106.44999694824219,105.75,106.19999694824219,46.52536392211914
2006-03-24,106.41000366210938,106.76000213623047,105.8499984741211,106.45999908447266,46.639244079589844
2006-03-27,106.22000122070312,106.75,106.22000122070312,106.45999908447266,46.639244079589844
2006-03-28,106.0199966430664,106.36000061035156,105.87999725341797,105.95999908447266,46.42021179199219
2006-03-29,105.95999908447266,105.97000122070312,105.6500015258789,105.86000061035156,46.37642288208008
2006-03-30,105.69999694824219,105.75,105.20999908447266,105.54000091552734,46.236228942871094
2006-03-31,105.66999816894531,105.66999816894531,105.2699966430664,105.30000305175781,46.13104248046875
2006-04-03,104.80000305175781,105.1500015258789,104.55000305175781,104.94999694824219,46.169803619384766
2006-04-04,104.81999969482422,105.30000305175781,104.81999969482422,105.05000305175781,46.21375274658203
2006-04-05,105.43000030517578,105.48999786376953,105.0999984741211,105.4000015258789,46.36776351928711
2006-04-06,105.19999694824219,105.19999694824219,104.8499984741211,105.0199966430664,46.20060348510742
2006-04-07,104.80999755859375,104.87000274658203,104.36000061035156,104.61000061035156,46.02020263671875
2006-04-10,104.66000366210938,104.73999786376953,104.25,104.37999725341797,45.919044494628906
2006-04-11,104.5,104.83999633789062,104.41999816894531,104.68000030517578,46.051021575927734
2006-04-12,104.69000244140625,104.97000122070312,104.19999694824219,104.3499984741211,45.90584182739258
2006-04-13,104.30000305175781,104.30000305175781,103.80000305175781,104.1500015258789,45.817832946777344
2006-04-17,103.94999694824219,104.3499984741211,103.41000366210938,104.12999725341797,45.809051513671875
2006-04-18,104.30000305175781,104.58999633789062,104.19999694824219,104.55000305175781,45.99383544921875
2006-04-19,104.3499984741211,104.48999786376953,104.26000213623047,104.4800033569336,45.96304702758789
2006-04-20,104.52999877929688,104.55999755859375,104.30000305175781,104.43000030517578,45.941043853759766
2006-04-21,104.62999725341797,104.69000244140625,104.36000061035156,104.62999725341797,46.02902603149414
2006-04-24,104.69000244140625,104.9800033569336,104.56999969482422,104.83999633789062,46.121402740478516
2006-04-25,104.86000061035156,104.86000061035156,104.2699966430664,104.33999633789062,45.901424407958984
2006-04-26,104.26000213623047,104.3499984741211,104.06999969482422,104.22000122070312,45.8486328125
2006-04-27,104.19999694824219,104.75,104.08000183105469,104.41000366210938,45.93222427368164
2006-04-28,104.56999969482422,104.69000244140625,104.44000244140625,104.6500015258789,46.03778076171875
2006-05-01,104.01000213623047,104.13999938964844,103.61000061035156,103.66000366210938,45.80451202392578
2006-05-02,103.63999938964844,104.0,103.63999938964844,103.81999969482422,45.875221252441406
2006-05-03,103.66000366210938,103.97000122070312,103.55999755859375,103.81999969482422,45.875221252441406
2006-05-04,103.9000015258789,103.9000015258789,103.55000305175781,103.77999877929688,45.85752487182617
2006-05-05,104.0,104.0999984741211,103.86000061035156,103.9000015258789,45.91053009033203
2006-05-08,104.06999969482422,104.1500015258789,103.86000061035156,104.02999877929688,45.967979431152344
2006-05-09,103.9000015258789,104.12999725341797,103.9000015258789,104.06999969482422,45.98563766479492
2006-05-10,104.01000213623047,104.4000015258789,104.0,104.13999938964844,46.01657485961914
2006-05-11,104.0,104.04000091552734,103.80000305175781,103.95999908447266,45.937042236328125
2006-05-12,103.80000305175781,103.86000061035156,103.5,103.69999694824219,45.8221549987793
2006-05-15,103.5199966430664,103.9000015258789,103.5199966430664,103.79000091552734,45.86193084716797
2006-05-16,103.79000091552734,104.19000244140625,103.79000091552734,104.16999816894531,46.02986526489258
2006-05-17,103.83000183105469,103.88999938964844,103.30999755859375,103.83999633789062,45.88404846191406
2006-05-18,103.9000015258789,104.5,103.9000015258789,104.5,46.17567825317383
2006-05-19,104.33999633789062,104.62999725341797,104.27999877929688,104.44999694824219,46.1535530090332
2006-05-22,104.58999633789062,104.97000122070312,104.37999725341797,104.51000213623047,46.18008804321289
2006-05-23,104.19999694824219,104.48999786376953,104.19999694824219,104.44000244140625,46.14916229248047
2006-05-24,104.5999984741211,104.7699966430664,104.20999908447266,104.55000305175781,46.197784423828125
2006-05-25,104.58999633789062,104.61000061035156,104.30999755859375,104.41000366210938,46.135887145996094
2006-05-26,104.44999694824219,104.58000183105469,104.33000183105469,104.41999816894531,46.14035415649414
2006-05-30,104.38999938964844,104.41000366210938,104.13999938964844,104.19000244140625,46.0387077331543
2006-05-31,104.37999725341797,104.4000015258789,103.8499984741211,103.98999786376953,45.950321197509766
2006-06-01,103.61000061035156,103.83000183105469,103.47000122070312,103.73999786376953,46.03061294555664
2006-06-02,104.0999984741211,104.44999694824219,104.05000305175781,104.38999938964844,46.319053649902344
2006-06-05,104.25,104.4000015258789,104.05999755859375,104.06999969482422,46.17703628540039
2006-06-06,104.25,104.3499984741211,104.05999755859375,104.30000305175781,46.27910614013672
2006-06-07,104.12999725341797,104.26000213623047,103.91999816894531,104.0199966430664,46.1548957824707
2006-06-08,104.30000305175781,104.55999755859375,104.05000305175781,104.36000061035156,46.30573272705078
2006-06-09,104.30000305175781,104.48999786376953,104.26000213623047,104.47000122070312,46.35451889038086
2006-06-12,104.37000274658203,104.41000366210938,104.1500015258789,104.19000244140625,46.230308532714844
2006-06-13,104.30999755859375,104.41000366210938,104.11000061035156,104.30000305175781,46.27910614013672
2006-06-14,104.01000213623047,104.16000366210938,103.75,103.8499984741211,46.07947540283203
2006-06-15,103.61000061035156,103.87999725341797,103.5,103.63999938964844,45.986289978027344
2006-06-16,103.77999877929688,103.83000183105469,103.30999755859375,103.5,45.92413330078125
2006-06-19,103.4000015258789,103.45999908447266,103.23999786376953,103.37000274658203,45.86646270751953
2006-06-20,103.25,103.3499984741211,103.16000366210938,103.29000091552734,45.83098602294922
2006-06-21,103.30000305175781,103.37000274658203,103.13999938964844,103.16000366210938,45.77328109741211
2006-06-22,103.19000244140625,103.19999694824219,102.8499984741211,102.91999816894531,45.66680908203125
2006-06-23,102.97000122070312,103.0,102.66999816894531,102.75,45.591331481933594
2006-06-26,102.83000183105469,102.8499984741211,102.51000213623047,102.75,45.591331481933594
2006-06-27,102.72000122070312,102.9000015258789,102.38999938964844,102.58999633789062,45.52033996582031
2006-06-28,102.41999816894531,102.75,102.3499984741211,102.36000061035156,45.41830825805664
2006-06-29,102.6500015258789,102.9000015258789,102.41999816894531,102.9000015258789,45.65788269042969
2006-06-30,102.9000015258789,103.47000122070312,102.76000213623047,103.47000122070312,45.910823822021484
2006-07-03,100.0,103.23999786376953,100.0,102.88999938964844,45.854209899902344
2006-07-05,102.6500015258789,102.72000122070312,102.19999694824219,102.23999786376953,45.56453323364258
2006-07-06,102.41999816894531,102.80999755859375,102.3499984741211,102.75,45.79182052612305
2006-07-07,102.98999786376953,103.25,102.87999725341797,103.13999938964844,45.96565246582031
2006-07-10,103.13999938964844,103.31999969482422,103.05999755859375,103.2699966430664,46.023597717285156
2006-07-11,103.43000030517578,103.58999633789062,103.30000305175781,103.43000030517578,46.09489440917969
2006-07-12,103.29000091552734,103.66999816894531,103.0999984741211,103.5999984741211,46.1706428527832
2006-07-13,103.5,103.80000305175781,103.5,103.58999633789062,46.16618347167969
2006-07-14,103.70999908447266,103.88999938964844,103.55000305175781,103.68000030517578,46.2062873840332
2006-07-17,103.6500015258789,103.80999755859375,103.5199966430664,103.79000091552734,46.25532531738281
2006-07-18,103.52999877929688,103.52999877929688,103.1500015258789,103.25,46.014652252197266
2006-07-19,103.1500015258789,103.9000015258789,103.05000305175781,103.72000122070312,46.2241325378418
2006-07-20,103.54000091552734,104.18000030517578,103.54000091552734,104.16999816894531,46.42467498779297
2006-07-21,104.19000244140625,104.29000091552734,104.0199966430664,104.08999633789062,46.389015197753906
2006-07-24,104.05999755859375,104.1500015258789,104.02999877929688,104.12000274658203,46.40239715576172
2006-07-25,103.9800033569336,104.13999938964844,103.93000030517578,104.04000091552734,46.366722106933594
2006-07-26,103.91000366210938,104.27999877929688,103.9000015258789,104.26000213623047,46.46481704711914
2006-07-27,104.30000305175781,104.31999969482422,104.0999984741211,104.0999984741211,46.393463134765625
2006-07-28,104.26000213623047,104.55999755859375,104.0,104.5,46.571754455566406
2006-07-31,104.55000305175781,104.58000183105469,104.37999725341797,104.5199966430664,46.5806770324707
2006-08-01,104.25,104.25,103.94999694824219,104.20999908447266,46.645999908447266
2006-08-02,104.11000061035156,104.5,104.0999984741211,104.38999938964844,46.72657012939453
2006-08-03,104.0,104.55000305175781,104.0,104.4000015258789,46.731075286865234
2006-08-04,104.8499984741211,104.94000244140625,104.69999694824219,104.80999755859375,46.91456985473633
2006-08-07,104.6500015258789,104.80000305175781,104.6500015258789,104.72000122070312,46.874305725097656
2006-08-08,104.8499984741211,104.9800033569336,104.58000183105469,104.77999877929688,46.90116500854492
2006-08-09,104.4000015258789,104.7699966430664,104.4000015258789,104.7300033569336,46.87876510620117
2006-08-10,104.77999877929688,104.77999877929688,104.54000091552734,104.72000122070312,46.874305725097656
2006-08-11,104.54000091552734,104.58000183105469,104.4000015258789,104.51000213623047,46.78028869628906
2006-08-14,104.41000366210938,104.44999694824219,104.22000122070312,104.37999725341797,46.72212219238281
2006-08-15,104.61000061035156,104.9800033569336,104.55999755859375,104.91999816894531,46.96378707885742
2006-08-16,105.05000305175781,105.41999816894531,105.05000305175781,105.36000061035156,47.160762786865234
2006-08-17,105.44000244140625,105.5,105.22000122070312,105.30999755859375,47.13837432861328
2006-08-18,105.30999755859375,105.6500015258789,105.30999755859375,105.5199966430664,47.23240280151367
2006-08-21,105.5,105.68000030517578,105.44999694824219,105.66999816894531,47.29954147338867
2006-08-22,105.75,105.8499984741211,105.56999969482422,105.73999786376953,47.33087921142578
2006-08-23,105.73999786376953,105.77999877929688,105.58999633789062,105.69999694824219,47.31295394897461
2006-08-24,105.6500015258789,105.87000274658203,105.6500015258789,105.69999694824219,47.31295394897461
2006-08-25,105.76000213623047,105.9800033569336,105.70999908447266,105.8499984741211,47.38010025024414
2006-08-28,105.91000366210938,105.9800033569336,105.76000213623047,105.87999725341797,47.39350128173828
2006-08-29,105.7300033569336,105.95999908447266,105.55000305175781,105.94999694824219,47.42484664916992
2006-08-30,105.95999908447266,106.1500015258789,105.95999908447266,106.0199966430664,47.45620346069336
2006-08-31,106.05000305175781,106.37999725341797,105.80000305175781,106.37999725341797,47.617332458496094
2006-09-01,105.7699966430664,105.94000244140625,104.87000274658203,105.77999877929688,47.56066131591797
2006-09-05,105.7699966430664,105.77999877929688,105.44999694824219,105.45999908447266,47.41679382324219
2006-09-06,105.41000366210938,105.52999877929688,105.29000091552734,105.45999908447266,47.41679382324219
2006-09-07,105.5,105.66999816894531,105.23999786376953,105.56999969482422,47.466270446777344
2006-09-08,105.80000305175781,105.87000274658203,105.61000061035156,105.68000030517578,47.51569747924805
2006-09-11,105.7699966430664,105.80000305175781,105.52999877929688,105.63999938964844,47.497772216796875
2006-09-12,105.4800033569336,105.88999938964844,105.4800033569336,105.80000305175781,47.569679260253906
2006-09-13,105.81999969482422,106.19999694824219,105.81999969482422,106.08000183105469,47.69557571411133
2006-09-14,106.01000213623047,106.05000305175781,105.80000305175781,105.80999755859375,47.57417297363281
2006-09-15,105.91999816894531,106.08000183105469,105.72000122070312,105.73999786376953,47.542724609375
2006-09-18,105.55000305175781,105.77999877929688,105.4000015258789,105.76000213623047,47.551673889160156
2006-09-19,105.91999816894531,106.30000305175781,105.91999816894531,106.16999816894531,47.736061096191406
2006-09-20,106.44000244140625,106.48999786376953,106.29000091552734,106.33999633789062,47.812469482421875
2006-09-21,106.31999969482422,106.9800033569336,106.31999969482422,106.9800033569336,48.10022735595703
2006-09-22,107.04000091552734,107.16000366210938,106.94000244140625,107.04000091552734,48.12721633911133
2006-09-25,107.23999786376953,107.30999755859375,107.08000183105469,107.19999694824219,48.19915008544922
2006-09-26,107.29000091552734,107.29000091552734,106.88999938964844,106.9000015258789,48.06422424316406
2006-09-27,107.0999984741211,107.29000091552734,106.76000213623047,106.8499984741211,48.041770935058594
2006-09-28,106.88999938964844,106.9800033569336,106.69000244140625,106.87999725341797,48.05525588989258
2006-09-29,106.94999694824219,107.12000274658203,106.75,106.83000183105469,48.03282165527344
2006-10-02,100.0,106.69999694824219,100.0,106.52999877929688,48.1118278503418
2006-10-03,106.69000244140625,106.69000244140625,106.30999755859375,106.5999984741211,48.143436431884766
2006-10-04,106.79000091552734,107.12000274658203,106.72000122070312,107.11000061035156,48.37374496459961
2006-10-05,106.95999908447266,107.0,106.63999938964844,106.76000213623047,48.21567916870117
2006-10-06,106.56999969482422,106.56999969482422,106.05999755859375,106.16000366210938,47.94468688964844
2006-10-09,106.30000305175781,106.38999938964844,106.11000061035156,106.23999786376953,47.98088836669922
2006-10-10,106.05000305175781,106.05000305175781,105.7699966430664,105.7699966430664,47.76860809326172
2006-10-11,106.0,106.0199966430664,105.5,105.52999877929688,47.66019058227539
2006-10-12,105.83000183105469,105.87000274658203,105.5999984741211,105.77999877929688,47.77308654785156
2006-10-13,105.5999984741211,105.68000030517578,105.36000061035156,105.38999938964844,47.59700012207031
2006-10-16,105.37000274658203,105.7300033569336,105.37000274658203,105.6500015258789,47.71435546875
2006-10-17,105.93000030517578,106.12000274658203,105.77999877929688,105.8499984741211,47.804718017578125
2006-10-18,106.04000091552734,106.06999969482422,105.5,106.06999969482422,47.90406799316406
2006-10-19,105.87999725341797,105.93000030517578,105.62999725341797,105.7300033569336,47.75050354003906
2006-10-20,105.76000213623047,105.83999633789062,105.56999969482422,105.7699966430664,47.76860809326172
2006-10-23,105.58000183105469,105.68000030517578,105.45999908447266,105.52999877929688,47.66019058227539
2006-10-24,105.58000183105469,105.72000122070312,105.58000183105469,105.70999908447266,47.74149703979492
2006-10-25,105.72000122070312,106.16999816894531,105.6500015258789,106.16000366210938,47.94468688964844
2006-10-26,106.3499984741211,106.51000213623047,106.30000305175781,106.5,48.0982780456543
2006-10-27,107.08999633789062,107.08999633789062,106.63999938964844,106.83999633789062,48.25180435180664
2006-10-30,106.9000015258789,106.98999786376953,106.77999877929688,106.94000244140625,48.29697799682617
2006-10-31,107.04000091552734,107.4800033569336,107.0,107.41999816894531,48.51375961303711
2006-11-01,107.25,107.4800033569336,107.08999633789062,107.30999755859375,48.67390060424805
2006-11-02,107.11000061035156,107.23999786376953,107.11000061035156,107.18000030517578,48.61491775512695
2006-11-03,106.5999984741211,106.62000274658203,106.33000183105469,106.43000030517578,48.27470397949219
2006-11-06,106.3499984741211,106.55000305175781,106.22000122070312,106.55000305175781,48.32913589477539
2006-11-07,106.94000244140625,107.08999633789062,106.83000183105469,106.93000030517578,48.50149917602539
2006-11-08,107.0,107.08999633789062,106.94000244140625,107.05999755859375,48.56050491333008
2006-11-09,107.1500015258789,107.26000213623047,107.05999755859375,107.16999816894531,48.610408782958984
2006-11-10,107.37999725341797,107.5999984741211,107.30000305175781,107.45999908447266,48.74189758300781
2006-11-13,107.44000244140625,107.44999694824219,107.20999908447266,107.38999938964844,48.71017074584961
2006-11-14,107.6500015258789,107.79000091552734,107.55999755859375,107.55999755859375,48.78727722167969
2006-11-15,107.55000305175781,107.55000305175781,107.19999694824219,107.27999877929688,48.66025924682617
2006-11-16,107.54000091552734,107.54000091552734,107.06999969482422,107.12999725341797,48.59223937988281
2006-11-17,107.19999694824219,107.63999938964844,107.1500015258789,107.4800033569336,48.750999450683594
2006-11-20,107.6500015258789,107.6500015258789,107.48999786376953,107.55999755859375,48.78727722167969
2006-11-21,107.6500015258789,107.8499984741211,107.52999877929688,107.70999908447266,48.855308532714844
2006-11-22,107.81999969482422,107.87999725341797,107.66999816894531,107.83000183105469,48.90976333618164
2006-11-24,108.1500015258789,108.19999694824219,107.98999786376953,108.0,48.986846923828125
2006-11-27,107.7699966430664,108.19000244140625,107.66999816894531,108.01000213623047,48.99140167236328
2006-11-28,108.3499984741211,108.37000274658203,108.06999969482422,108.20999908447266,49.08211898803711
2006-11-29,108.38999938964844,108.43000030517578,108.11000061035156,108.11000061035156,49.03676223754883
2006-11-30,108.4000015258789,108.66000366210938,108.2699966430664,108.5199966430664,49.22268295288086
2006-12-01,108.25,108.58999633789062,108.0999984741211,108.19999694824219,49.280555725097656
2006-12-04,108.30000305175781,108.55000305175781,108.0199966430664,108.44999694824219,49.394412994384766
2006-12-05,108.44999694824219,108.6500015258789,108.22000122070312,108.4000015258789,49.37163162231445
2006-12-06,108.33000183105469,108.33000183105469,107.94999694824219,108.12999725341797,49.24866485595703
2006-12-07,108.33000183105469,108.33000183105469,108.08999633789062,108.18000030517578,49.271446228027344
2006-12-08,108.25,108.25,107.76000213623047,107.77999877929688,49.08926010131836
2006-12-11,107.94999694824219,108.12999725341797,107.94999694824219,108.0199966430664,49.19856262207031
2006-12-12,108.12000274658203,108.33000183105469,108.05000305175781,108.25,49.3033332824707
2006-12-13,107.91999816894531,108.01000213623047,107.69000244140625,107.70999908447266,49.05738067626953
2006-12-14,107.70999908447266,107.70999908447266,107.54000091552734,107.61000061035156,49.01182556152344
2006-12-15,108.12000274658203,108.22000122070312,107.5199966430664,107.58999633789062,49.00273513793945
2006-12-18,107.5999984741211,107.63999938964844,107.5,107.5999984741211,49.00730514526367
2006-12-19,107.5199966430664,107.70999908447266,107.4800033569336,107.58000183105469,48.998191833496094
2006-12-20,107.48999786376953,107.72000122070312,107.48999786376953,107.66000366210938,49.03462219238281
2006-12-21,107.73999786376953,108.05999755859375,107.66999816894531,107.94000244140625,49.16212844848633
2006-12-22,107.80000305175781,107.83999633789062,107.44999694824219,107.5999984741211,49.00730514526367
2006-12-26,107.6500015258789,107.7300033569336,107.51000213623047,107.72000122070312,49.061946868896484
2006-12-27,107.25,107.29000091552734,106.7300033569336,106.94999694824219,48.90513610839844
2006-12-28,107.05000305175781,107.05000305175781,106.51000213623047,106.7300033569336,48.80449676513672
2006-12-29,106.72000122070312,106.72000122070312,106.55999755859375,106.68000030517578,48.78160858154297
2007-01-03,107.1500015258789,107.19999694824219,106.19000244140625,106.44999694824219,48.67643737792969
2007-01-04,106.73999786376953,107.30000305175781,106.73999786376953,107.25,49.042259216308594
2007-01-05,107.0,107.19999694824219,106.87000274658203,107.18000030517578,49.01025390625
2007-01-08,106.97000122070312,107.22000122070312,106.97000122070312,107.1500015258789,48.99658203125
2007-01-09,107.16000366210938,107.2300033569336,107.08000183105469,107.16999816894531,49.005714416503906
2007-01-10,107.0999984741211,107.1500015258789,106.94999694824219,107.02999877929688,48.94163513183594
2007-01-11,106.9000015258789,106.95999908447266,106.62999725341797,106.69999694824219,48.790809631347656
2007-01-12,106.66000366210938,106.66999816894531,106.51000213623047,106.58999633789062,48.74046325683594
2007-01-16,106.6500015258789,106.76000213623047,106.44999694824219,106.70999908447266,48.79533767700195
2007-01-17,106.77999877929688,106.77999877929688,106.43000030517578,106.55999755859375,48.72677230834961
2007-01-18,106.68000030517578,106.87000274658203,106.5,106.87000274658203,48.86851501464844
2007-01-19,106.87999725341797,106.87999725341797,106.69999694824219,106.80999755859375,48.84107971191406
2007-01-22,106.87000274658203,106.87999725341797,106.76000213623047,106.87999725341797,48.87309265136719
2007-01-23,106.80000305175781,106.80000305175781,106.41999816894531,106.58999633789062,48.74046325683594
2007-01-24,106.62999725341797,106.6500015258789,106.51000213623047,106.63999938964844,48.76333999633789
2007-01-25,106.52999877929688,106.55999755859375,106.19999694824219,106.30000305175781,48.607872009277344
2007-01-26,106.19999694824219,106.38999938964844,106.13999938964844,106.2300033569336,48.57587432861328
2007-01-29,106.36000061035156,106.44000244140625,106.05999755859375,106.18000030517578,48.553016662597656
2007-01-30,106.33999633789062,106.3499984741211,106.22000122070312,106.33000183105469,48.62159729003906
2007-01-31,106.29000091552734,106.80999755859375,106.26000213623047,106.77999877929688,48.827335357666016
2007-02-01,106.88999938964844,106.88999938964844,106.19000244140625,106.27999877929688,48.807621002197266
2007-02-02,106.38999938964844,106.61000061035156,106.27999877929688,106.37999725341797,48.85353469848633
2007-02-05,106.47000122070312,106.52999877929688,106.41000366210938,106.5199966430664,48.917808532714844
2007-02-06,106.4000015258789,106.80000305175781,106.33000183105469,106.80000305175781,49.046424865722656
2007-02-07,107.0,107.01000213623047,106.80999755859375,106.94999694824219,49.115333557128906
2007-02-08,106.94000244140625,107.16000366210938,106.83999633789062,107.06999969482422,49.170406341552734
2007-02-09,106.94999694824219,106.94999694824219,106.52999877929688,106.62000274658203,48.963768005371094
2007-02-12,106.69000244140625,106.73999786376953,105.75,106.63999938964844,48.972930908203125
2007-02-13,106.69000244140625,106.69000244140625,106.26000213623047,106.56999969482422,48.94074630737305
2007-02-14,106.80000305175781,107.18000030517578,106.69000244140625,107.18000030517578,49.220924377441406
2007-02-15,107.30999755859375,107.48999786376953,107.20999908447266,107.37999725341797,49.31278610229492
2007-02-16,107.5,107.6500015258789,107.41999816894531,107.48999786376953,49.363285064697266
2007-02-20,107.52999877929688,107.68000030517578,107.4000015258789,107.66000366210938,49.44137191772461
2007-02-21,107.47000122070312,107.8499984741211,107.33000183105469,107.58999633789062,49.409244537353516
2007-02-22,107.56999969482422,107.56999969482422,107.30999755859375,107.44000244140625,49.34027862548828
2007-02-23,107.58000183105469,107.88999938964844,107.58000183105469,107.79000091552734,49.50106430053711
2007-02-26,108.0999984741211,108.2300033569336,107.93000030517578,108.2300033569336,49.703121185302734
2007-02-27,108.27999877929688,109.13999938964844,108.27999877929688,108.6500015258789,49.89599609375
2007-02-28,108.5999984741211,108.5999984741211,108.20999908447266,108.44999694824219,49.80412292480469
2007-03-01,107.9000015258789,108.36000061035156,107.80000305175781,108.0199966430664,49.813819885253906
2007-03-02,108.23999786376953,108.31999969482422,107.76000213623047,108.31999969482422,49.95222473144531
2007-03-05,108.30000305175781,108.30999755859375,108.0,108.16000366210938,49.87843322753906
2007-03-06,107.98999786376953,108.0,107.62000274658203,107.75,49.689334869384766
2007-03-07,107.95999908447266,108.0199966430664,107.61000061035156,107.8499984741211,49.73543167114258
2007-03-08,107.95999908447266,107.98999786376953,107.69999694824219,107.98999786376953,49.79999542236328
2007-03-09,107.44999694824219,107.76000213623047,107.36000061035156,107.70999908447266,49.67088317871094
2007-03-12,107.69999694824219,108.02999877929688,107.69999694824219,107.94000244140625,49.776939392089844
2007-03-13,107.95999908447266,108.20999908447266,107.80000305175781,108.0,49.804603576660156
2007-03-14,108.0999984741211,108.0999984741211,107.56999969482422,107.9000015258789,49.758506774902344
2007-03-15,108.0,108.0,107.66999816894531,107.91999816894531,49.76771545410156
2007-03-16,107.72000122070312,107.94999694824219,107.31999969482422,107.5,49.574039459228516
2007-03-19,107.5,107.58000183105469,107.30000305175781,107.30000305175781,49.481807708740234
2007-03-20,107.43000030517578,107.66000366210938,107.33000183105469,107.58999633789062,49.61555480957031
2007-03-21,107.58000183105469,108.01000213623047,107.20999908447266,107.91000366210938,49.76313400268555
2007-03-22,107.72000122070312,107.87000274658203,107.47000122070312,107.61000061035156,49.6247673034668
2007-03-23,107.76000213623047,107.76000213623047,107.2300033569336,107.33000183105469,49.495628356933594
2007-03-26,107.3499984741211,107.80000305175781,107.33000183105469,107.52999877929688,49.587860107421875
2007-03-27,107.4000015258789,107.5999984741211,107.33000183105469,107.51000213623047,49.578643798828125
2007-03-28,107.54000091552734,107.80000305175781,107.30999755859375,107.44000244140625,49.54634475708008
2007-03-29,107.37999725341797,107.45999908447266,107.25,107.30999755859375,49.48641586303711
2007-03-30,107.43000030517578,107.44000244140625,107.0199966430664,107.2699966430664,49.467979431152344
2007-04-02,106.83000183105469,106.86000061035156,106.68000030517578,106.83999633789062,49.49666213989258
2007-04-03,106.79000091552734,106.80999755859375,106.62999725341797,106.77999877929688,49.468875885009766
2007-04-04,106.83000183105469,107.01000213623047,106.75,106.87000274658203,49.51058578491211
2007-04-05,106.80000305175781,106.88999938964844,106.56999969482422,106.6500015258789,49.40868377685547
2007-04-09,106.0199966430664,106.33999633789062,106.0199966430664,106.30000305175781,49.246524810791016
2007-04-10,106.5199966430664,106.58999633789062,106.3499984741211,106.5199966430664,49.34843444824219
2007-04-11,106.5999984741211,106.68000030517578,106.31999969482422,106.31999969482422,49.255821228027344
2007-04-12,106.43000030517578,106.58999633789062,106.33999633789062,106.4800033569336,49.32992935180664
2007-04-13,106.55999755859375,106.55999755859375,106.26000213623047,106.30000305175781,49.246524810791016
2007-04-16,106.58999633789062,106.58999633789062,106.30000305175781,106.38999938964844,49.28822326660156
2007-04-17,106.75,106.9800033569336,106.62999725341797,106.97000122070312,49.55691146850586
2007-04-18,107.20999908447266,107.23999786376953,106.81999969482422,107.0,49.57081985473633
2007-04-19,107.1500015258789,107.2699966430664,106.98999786376953,107.06999969482422,49.603233337402344
2007-04-20,107.18000030517578,107.26000213623047,106.9000015258789,107.04000091552734,49.589324951171875
2007-04-23,107.22000122070312,107.38999938964844,107.0,107.3499984741211,49.73298263549805
2007-04-24,107.30000305175781,107.6500015258789,107.16999816894531,107.62000274658203,49.85807800292969
2007-04-25,107.5999984741211,107.73999786376953,107.41999816894531,107.47000122070312,49.78854751586914
2007-04-26,107.4000015258789,107.44999694824219,107.13999938964844,107.23999786376953,49.6820182800293
2007-04-27,107.31999969482422,107.3499984741211,107.16000366210938,107.20999908447266,49.668113708496094
2007-04-30,107.30999755859375,107.76000213623047,107.30999755859375,107.7300033569336,49.909027099609375
2007-05-01,107.12999725341797,107.33000183105469,106.91000366210938,107.19000244140625,49.88111114501953
2007-05-02,107.23999786376953,107.25,107.0,107.16000366210938,49.867130279541016
2007-05-03,107.0199966430664,107.11000061035156,106.80000305175781,107.01000213623047,49.797340393066406
2007-05-04,107.3499984741211,107.3499984741211,107.0999984741211,107.2699966430664,49.9183235168457
2007-05-07,107.29000091552734,107.4000015258789,107.20999908447266,107.4000015258789,49.97880554199219
2007-05-08,107.5,107.5,107.19999694824219,107.33999633789062,49.95085906982422
2007-05-09,107.38999938964844,107.38999938964844,107.08000183105469,107.16999816894531,49.87180709838867
2007-05-10,107.22000122070312,107.30999755859375,107.12999725341797,107.22000122070312,49.8950309753418
2007-05-11,107.44999694824219,107.48999786376953,107.01000213623047,107.11000061035156,49.84389114379883
2007-05-14,107.13999938964844,107.16999816894531,106.87000274658203,107.0,49.79269027709961
2007-05-15,107.0,107.13999938964844,106.66999816894531,106.76000213623047,49.68098068237305
2007-05-16,106.94999694824219,107.02999877929688,106.69999694824219,107.01000213623047,49.797340393066406
2007-05-17,106.80000305175781,106.86000061035156,106.62000274658203,106.69000244140625,49.64842224121094
2007-05-18,106.5,106.66000366210938,106.30000305175781,106.38999938964844,49.50883483886719
2007-05-21,106.30000305175781,106.55999755859375,106.23999786376953,106.52999877929688,49.573978424072266
2007-05-22,106.5,106.5199966430664,106.12000274658203,106.19000244140625,49.41575241088867
2007-05-23,106.30000305175781,106.33000183105469,105.91000366210938,106.08999633789062,49.36922073364258
2007-05-24,106.11000061035156,106.22000122070312,105.7699966430664,106.22000122070312,49.429718017578125
2007-05-25,106.08000183105469,106.37999725341797,105.94000244140625,106.1500015258789,49.39708709716797
2007-05-29,106.0999984741211,106.12000274658203,105.79000091552734,105.94000244140625,49.29943084716797
2007-05-30,106.13999938964844,106.20999908447266,105.87999725341797,106.0199966430664,49.336631774902344
2007-05-31,106.04000091552734,106.04000091552734,105.58999633789062,105.93000030517578,49.29475021362305
2007-06-01,105.20999908447266,105.25,104.91999816894531,105.02999877929688,49.10587692260742
2007-06-04,104.94999694824219,105.22000122070312,104.91999816894531,105.19999694824219,49.18531036376953
2007-06-05,104.95999908447266,105.0,104.76000213623047,104.86000061035156,49.026371002197266
2007-06-06,104.9000015258789,105.0199966430664,104.80000305175781,104.94999694824219,49.068477630615234
2007-06-07,104.55000305175781,104.55000305175781,103.7300033569336,103.83000183105469,48.544830322265625
2007-06-08,103.61000061035156,103.94999694824219,103.3499984741211,103.87999725341797,48.56818389892578
2007-06-11,103.77999877929688,103.95999908447266,103.5199966430664,103.55999755859375,48.41859817504883
2007-06-12,103.37999725341797,103.44999694824219,102.95999908447266,103.0,48.1567497253418
2007-06-13,103.41999816894531,103.62000274658203,103.05999755859375,103.44999694824219,48.367149353027344
2007-06-14,103.27999877929688,103.61000061035156,103.19999694824219,103.41999816894531,48.35313415527344
2007-06-15,103.5,103.94999694824219,103.47000122070312,103.83000183105469,48.544830322265625
2007-06-18,103.68000030517578,103.94999694824219,103.47000122070312,103.81999969482422,48.540122985839844
2007-06-19,103.9800033569336,104.48999786376953,103.9000015258789,104.48999786376953,48.853370666503906
2007-06-20,104.0999984741211,104.2300033569336,103.86000061035156,103.98999786376953,48.61962127685547
2007-06-21,103.70999908447266,104.04000091552734,103.63999938964844,103.72000122070312,48.493370056152344
2007-06-22,103.66000366210938,104.01000213623047,103.5,104.0,48.624324798583984
2007-06-25,104.30000305175781,104.37999725341797,103.97000122070312,104.12000274658203,48.6804313659668
2007-06-26,104.30999755859375,104.3499984741211,103.98999786376953,104.0999984741211,48.67105484008789
2007-06-27,104.37999725341797,104.48999786376953,104.06999969482422,104.0999984741211,48.67105484008789
2007-06-28,104.12999725341797,104.30000305175781,103.87000274658203,103.98999786376953,48.61962127685547
2007-06-29,104.18000030517578,104.75,104.18000030517578,104.58000183105469,48.89546203613281
2007-07-02,104.19999694824219,104.19999694824219,103.69999694824219,103.8499984741211,48.774314880371094
2007-07-03,104.27999877929688,104.29000091552734,103.66999816894531,103.87000274658203,48.783721923828125
2007-07-05,103.4000015258789,103.6500015258789,103.18000030517578,103.19999694824219,48.46900939941406
2007-07-06,103.11000061035156,103.26000213623047,102.81999969482422,103.0,48.375091552734375
2007-07-09,103.30000305175781,103.33999633789062,103.02999877929688,103.20999908447266,48.47370529174805
2007-07-10,103.88999938964844,104.11000061035156,103.51000213623047,103.91999816894531,48.807159423828125
2007-07-11,104.0199966430664,104.06999969482422,103.38999938964844,103.44999694824219,48.58643341064453
2007-07-12,103.66999816894531,103.66999816894531,102.94999694824219,103.04000091552734,48.393882751464844
2007-07-13,103.3499984741211,103.54000091552734,103.06999969482422,103.48999786376953,48.605224609375
2007-07-16,103.68000030517578,103.83000183105469,103.4000015258789,103.76000213623047,48.7320671081543
2007-07-17,103.73999786376953,103.93000030517578,103.37999725341797,103.54000091552734,48.62871551513672
2007-07-18,103.56999969482422,104.1500015258789,103.52999877929688,103.83999633789062,48.76961898803711
2007-07-19,103.66000366210938,103.88999938964844,103.33999633789062,103.62000274658203,48.6662712097168
2007-07-20,104.0999984741211,104.33999633789062,103.86000061035156,103.91000366210938,48.802467346191406
2007-07-23,104.06999969482422,104.12999725341797,103.75,103.79000091552734,48.74614334106445
2007-07-24,104.19999694824219,104.19999694824219,103.5999984741211,103.66000366210938,48.68510437011719
2007-07-25,104.05000305175781,104.0999984741211,103.73999786376953,103.73999786376953,48.722625732421875
2007-07-26,104.18000030517578,104.5999984741211,103.5199966430664,103.5199966430664,48.619319915771484
2007-07-27,103.98999786376953,104.30000305175781,103.0,103.13999938964844,48.44081497192383
2007-07-30,103.7300033569336,103.83999633789062,102.8499984741211,103.30000305175781,48.51597595214844
2007-07-31,103.4000015258789,103.87000274658203,103.25,103.25,48.49250793457031
2007-08-01,103.55000305175781,103.75,102.91999816894531,103.08999633789062,48.64920425415039
2007-08-02,103.22000122070312,103.52999877929688,102.88999938964844,102.94999694824219,48.58312225341797
2007-08-03,103.36000061035156,103.91999816894531,103.19999694824219,103.45999908447266,48.823787689208984
2007-08-06,103.80999755859375,104.0,103.04000091552734,103.0999984741211,48.65391540527344
2007-08-07,103.62000274658203,103.69000244140625,103.0999984741211,103.37999725341797,48.7860221862793
2007-08-08,102.76000213623047,103.76000213623047,102.76000213623047,103.48999786376953,48.837921142578125
2007-08-09,103.68000030517578,103.7699966430664,103.0999984741211,103.4000015258789,48.79546356201172
2007-08-10,103.5,104.44000244140625,102.73999786376953,102.94000244140625,48.578372955322266
2007-08-13,103.1500015258789,103.72000122070312,103.01000213623047,103.30000305175781,48.74827575683594
2007-08-14,103.52999877929688,104.0,103.26000213623047,103.94999694824219,49.05500411987305
2007-08-15,103.95999908447266,103.97000122070312,103.43000030517578,103.66999816894531,48.92289352416992
2007-08-16,103.79000091552734,104.0199966430664,102.58999633789062,102.66000366210938,48.44625473022461
2007-08-17,102.80999755859375,103.38999938964844,102.5999984741211,102.83999633789062,48.53123092651367
2007-08-20,102.86000061035156,103.70999908447266,102.86000061035156,103.58000183105469,48.88041687011719
2007-08-21,103.5999984741211,103.91000366210938,103.47000122070312,103.79000091552734,48.97953796386719
2007-08-22,103.79000091552734,104.0999984741211,103.55999755859375,104.0,49.078609466552734
2007-08-23,103.93000030517578,104.25,103.66999816894531,104.05000305175781,49.102230072021484
2007-08-24,104.36000061035156,104.36000061035156,103.7699966430664,104.27999877929688,49.21073913574219
2007-08-27,104.44999694824219,104.55999755859375,104.0,104.0,49.078609466552734
2007-08-28,104.45999908447266,104.88999938964844,104.20999908447266,104.88999938964844,49.49863815307617
2007-08-29,105.1500015258789,105.1500015258789,104.41000366210938,104.41000366210938,49.27210235595703
2007-08-30,104.69999694824219,104.80000305175781,104.43000030517578,104.72000122070312,49.41840362548828
2007-08-31,104.30000305175781,105.31999969482422,103.88999938964844,105.20999908447266,49.649620056152344
2007-09-04,104.58999633789062,104.5999984741211,104.16999816894531,104.48999786376953,49.539649963378906
2007-09-05,104.55000305175781,104.91999816894531,104.05999755859375,104.9000015258789,49.734012603759766
2007-09-06,104.81999969482422,104.83000183105469,104.4800033569336,104.66000366210938,49.620262145996094
2007-09-07,104.61000061035156,105.30999755859375,104.61000061035156,105.2300033569336,49.8904914855957
2007-09-10,105.0999984741211,105.66999816894531,104.9000015258789,105.54000091552734,50.03746032714844
2007-09-11,105.0999984741211,105.43000030517578,104.91999816894531,104.93000030517578,49.74824905395508
2007-09-12,104.88999938964844,104.97000122070312,104.4800033569336,104.5,49.544368743896484
2007-09-13,104.52999877929688,104.58999633789062,104.19999694824219,104.3499984741211,49.473236083984375
2007-09-14,104.62999725341797,104.86000061035156,104.20999908447266,104.63999938964844,49.61073303222656
2007-09-17,104.0,104.63999938964844,104.0,104.5999984741211,49.59180450439453
2007-09-18,104.5,104.95999908447266,104.0999984741211,104.8499984741211,49.71031188964844
2007-09-19,104.43000030517578,104.72000122070312,104.11000061035156,104.2699966430664,49.43532180786133
2007-09-20,103.9000015258789,104.68000030517578,103.80000305175781,104.08000183105469,49.345252990722656
2007-09-21,104.25,104.80999755859375,104.0999984741211,104.56999969482422,49.57754898071289
2007-09-24,104.83999633789062,105.08999633789062,104.31999969482422,105.08999633789062,49.8240852355957
2007-09-25,104.94000244140625,105.33999633789062,104.91000366210938,105.02999877929688,49.795658111572266
2007-09-26,105.37999725341797,105.4000015258789,104.76000213623047,105.29000091552734,49.9189338684082
2007-09-27,105.29000091552734,105.6500015258789,104.83999633789062,105.55999755859375,50.046958923339844
2007-09-28,105.83000183105469,105.8499984741211,105.19999694824219,105.48999786376953,50.0137825012207
2007-10-01,105.81999969482422,105.81999969482422,104.2699966430664,104.33000183105469,49.691287994384766
2007-10-02,104.06999969482422,104.6500015258789,104.06999969482422,104.2300033569336,49.64369201660156
2007-10-03,104.66999816894531,104.81999969482422,104.23999786376953,104.69999694824219,49.86750411987305
2007-10-04,104.80999755859375,105.52999877929688,104.80999755859375,105.52999877929688,50.2628288269043
2007-10-05,104.91000366210938,105.2699966430664,104.61000061035156,105.0999984741211,50.05803298950195
2007-10-08,104.51000213623047,105.5199966430664,104.51000213623047,105.47000122070312,50.23429870605469
2007-10-09,105.19999694824219,105.44999694824219,104.95999908447266,105.01000213623047,50.015167236328125
2007-10-10,105.22000122070312,105.5199966430664,104.94000244140625,105.37999725341797,50.19139862060547
2007-10-11,105.26000213623047,105.62999725341797,104.93000030517578,105.5999984741211,50.29615783691406
2007-10-12,105.51000213623047,105.51000213623047,104.7699966430664,105.0199966430664,50.01991653442383
2007-10-15,105.31999969482422,105.3499984741211,104.9000015258789,105.3499984741211,50.17710876464844
2007-10-16,105.41999816894531,105.61000061035156,105.11000061035156,105.52999877929688,50.2628288269043
2007-10-17,105.75,106.23999786376953,105.33999633789062,106.02999877929688,50.500999450683594
2007-10-18,106.23999786376953,106.25,105.86000061035156,106.04000091552734,50.50572967529297
2007-10-19,106.30000305175781,106.7300033569336,105.88999938964844,106.7300033569336,50.83441162109375
2007-10-22,106.33999633789062,106.7300033569336,106.33999633789062,106.7300033569336,50.83441162109375
2007-10-23,106.20999908447266,106.6500015258789,106.05999755859375,106.0999984741211,50.53434371948242
2007-10-24,106.63999938964844,107.0,106.43000030517578,106.75,50.84392547607422
2007-10-25,106.91000366210938,106.91000366210938,106.5,106.5,50.72481918334961
2007-10-26,106.3499984741211,106.7699966430664,106.1500015258789,106.33000183105469,50.64388656616211
2007-10-29,106.05000305175781,106.5999984741211,106.05000305175781,106.58000183105469,50.76297378540039
2007-10-30,106.5199966430664,106.58999633789062,106.23999786376953,106.56999969482422,50.758148193359375
2007-10-31,106.38999938964844,106.68000030517578,105.87999725341797,106.0199966430664,50.496219635009766
2007-11-01,105.30000305175781,106.3499984741211,105.30000305175781,106.3499984741211,50.88182067871094
2007-11-02,105.9000015258789,106.45999908447266,105.61000061035156,105.69000244140625,50.566097259521484
2007-11-05,106.2300033569336,106.2300033569336,105.8499984741211,105.94999694824219,50.69043731689453
2007-11-06,105.41000366210938,105.77999877929688,105.30000305175781,105.30000305175781,50.37950134277344
2007-11-07,105.54000091552734,105.6500015258789,105.16000366210938,105.2300033569336,50.346004486083984
2007-11-08,105.55000305175781,105.5999984741211,105.20999908447266,105.4000015258789,50.42731857299805
2007-11-09,105.69999694824219,105.9000015258789,105.30999755859375,105.87000274658203,50.6522216796875
2007-11-12,104.87000274658203,105.83999633789062,104.87000274658203,105.83000183105469,50.63304901123047
2007-11-13,105.76000213623047,105.76000213623047,105.0199966430664,105.30000305175781,50.37950134277344
2007-11-14,105.22000122070312,105.36000061035156,104.8499984741211,104.8499984741211,50.164215087890625
2007-11-15,105.2699966430664,105.4800033569336,105.01000213623047,105.25,50.355552673339844
2007-11-16,105.12000274658203,105.56999969482422,105.12000274658203,105.26000213623047,50.360313415527344
2007-11-19,105.55000305175781,106.2300033569336,105.30000305175781,106.06999969482422,50.74789810180664
2007-11-20,105.87999725341797,105.9000015258789,105.4000015258789,105.4000015258789,50.42731857299805
2007-11-21,105.98999786376953,106.30000305175781,105.79000091552734,106.13999938964844,50.78134536743164
2007-11-23,105.88999938964844,106.02999877929688,105.61000061035156,105.61000061035156,50.52779769897461
2007-11-26,106.05999755859375,107.48999786376953,105.75,107.36000061035156,51.36504364013672
2007-11-27,105.93000030517578,106.75,105.93000030517578,106.44000244140625,50.92490005493164
2007-11-28,106.05000305175781,106.80000305175781,105.66999816894531,105.69999694824219,50.570823669433594
2007-11-29,106.47000122070312,106.75,105.9800033569336,106.0999984741211,50.762237548828125
2007-11-30,105.55000305175781,106.62000274658203,105.22000122070312,106.62000274658203,51.01103591918945
2007-12-03,107.25,107.25,105.98999786376953,106.19999694824219,51.02879333496094
2007-12-04,106.12000274658203,106.79000091552734,105.86000061035156,106.25,51.05281448364258
2007-12-05,105.45999908447266,106.0,105.45999908447266,105.8499984741211,50.86058807373047
2007-12-06,105.62000274658203,105.62000274658203,105.05000305175781,105.06999969482422,50.4858283996582
2007-12-07,105.08000183105469,105.08000183105469,104.12999725341797,104.16999816894531,50.053375244140625
2007-12-10,104.4800033569336,104.55999755859375,103.91999816894531,104.23999786376953,50.08700942993164
2007-12-11,104.6500015258789,105.5999984741211,104.05000305175781,105.25,50.572330474853516
2007-12-12,103.61000061035156,105.20999908447266,103.61000061035156,104.91999816894531,50.41375732421875
2007-12-13,104.12999725341797,104.72000122070312,104.01000213623047,104.31999969482422,50.12546920776367
2007-12-14,103.86000061035156,104.23999786376953,103.13999938964844,103.13999938964844,49.558441162109375
2007-12-17,103.66999816894531,104.30000305175781,103.66999816894531,104.13999938964844,50.03898620605469
2007-12-18,104.73999786376953,104.9000015258789,104.18000030517578,104.45999908447266,50.1927375793457
2007-12-19,105.33999633789062,105.52999877929688,104.45999908447266,105.27999877929688,50.58675765991211
2007-12-20,105.30999755859375,105.58999633789062,104.7699966430664,104.7699966430664,50.34169387817383
2007-12-21,105.30999755859375,105.30999755859375,104.44000244140625,104.66000366210938,50.28886032104492
2007-12-24,104.5,104.58999633789062,104.12000274658203,104.12999725341797,50.0341682434082
2007-12-26,104.25,104.66000366210938,104.02999877929688,104.16000366210938,50.04859924316406
2007-12-27,104.47000122070312,104.47000122070312,103.72000122070312,104.30999755859375,50.345375061035156
2007-12-28,104.52999877929688,105.41999816894531,104.52999877929688,104.63999938964844,50.50468826293945
2007-12-31,105.0,105.55999755859375,104.80000305175781,104.83999633789062,50.6012077331543
2008-01-02,105.61000061035156,106.22000122070312,105.05999755859375,106.08000183105469,51.1997184753418
2008-01-03,105.36000061035156,106.04000091552734,105.36000061035156,105.7300033569336,51.03079605102539
2008-01-04,106.29000091552734,106.61000061035156,106.05000305175781,106.5999984741211,51.45070266723633
2008-01-07,106.55000305175781,106.70999908447266,106.25,106.47000122070312,51.387943267822266
2008-01-08,106.54000091552734,106.61000061035156,105.98999786376953,106.2699966430664,51.291412353515625
2008-01-09,105.88999938964844,106.5,105.86000061035156,106.05000305175781,51.185211181640625
2008-01-10,106.05999755859375,106.16999816894531,105.58999633789062,105.73999786376953,51.03559875488281
2008-01-11,105.75,106.54000091552734,105.75,106.51000213623047,51.407230377197266
2008-01-14,106.11000061035156,106.55999755859375,104.9800033569336,106.06999969482422,51.194847106933594
2008-01-15,106.41000366210938,106.79000091552734,106.06999969482422,106.63999938964844,51.469993591308594
2008-01-16,106.62000274658203,107.0999984741211,106.11000061035156,106.4800033569336,51.392784118652344
2008-01-17,106.20999908447266,106.9800033569336,106.05999755859375,106.9800033569336,51.63407516479492
2008-01-18,106.2300033569336,107.68000030517578,106.2300033569336,106.80000305175781,51.54724884033203
2008-01-22,106.9800033569336,107.2699966430664,106.16000366210938,107.02999877929688,51.65818786621094
2008-01-23,107.81999969482422,108.26000213623047,106.77999877929688,107.16999816894531,51.72581100463867
2008-01-24,106.97000122070312,107.0,106.26000213623047,106.26000213623047,51.28661346435547
2008-01-25,105.91000366210938,107.5,105.83000183105469,107.41000366210938,51.841644287109375
2008-01-28,107.26000213623047,107.6500015258789,106.55000305175781,107.37999725341797,51.82714080810547
2008-01-29,107.33999633789062,107.33999633789062,106.75,107.19999694824219,51.74028015136719
2008-01-30,106.62000274658203,107.26000213623047,106.62000274658203,107.18000030517578,51.73064422607422
2008-01-31,107.4000015258789,107.5999984741211,106.94000244140625,107.52999877929688,51.89955520629883
2008-02-01,107.66999816894531,107.68000030517578,107.0,107.48999786376953,52.119667053222656
2008-02-04,107.13999938964844,107.3499984741211,107.0,107.19999694824219,51.97908020019531
2008-02-05,107.88999938964844,107.88999938964844,107.2300033569336,107.56999969482422,52.158477783203125
2008-02-06,107.44999694824219,107.4800033569336,106.80999755859375,106.98999786376953,51.877296447753906
2008-02-07,107.0,107.05999755859375,105.5,105.76000213623047,51.280853271484375
2008-02-08,106.25,106.37999725341797,105.81999969482422,106.16000366210938,51.47480010986328
2008-02-11,106.6500015258789,106.97000122070312,106.08999633789062,106.4800033569336,51.62998580932617
2008-02-12,106.45999908447266,106.45999908447266,105.7300033569336,106.33000183105469,51.55727767944336
2008-02-13,105.9800033569336,106.20999908447266,105.25,105.26000213623047,51.03837966918945
2008-02-14,105.51000213623047,105.62000274658203,104.73999786376953,105.02999877929688,50.92689514160156
2008-02-15,105.55999755859375,105.55999755859375,104.98999786376953,105.37000274658203,51.09172058105469
2008-02-19,104.87999725341797,105.20999908447266,104.19999694824219,104.33000183105469,50.587486267089844
2008-02-20,104.31999969482422,104.61000061035156,104.0,104.55999755859375,50.698970794677734
2008-02-21,104.83999633789062,105.37000274658203,104.5999984741211,105.27999877929688,51.048126220703125
2008-02-22,105.2300033569336,105.38999938964844,104.4800033569336,104.87000274658203,50.849308013916016
2008-02-25,104.8499984741211,104.91999816894531,104.19999694824219,104.19999694824219,50.524410247802734
2008-02-26,104.58000183105469,104.94999694824219,104.19999694824219,104.94999694824219,50.88808822631836
2008-02-27,104.98999786376953,105.2300033569336,104.31999969482422,104.8499984741211,50.839637756347656
2008-02-28,105.3499984741211,105.68000030517578,105.01000213623047,105.61000061035156,51.20811080932617
2008-02-29,106.0,106.27999877929688,105.51000213623047,106.27999877929688,51.5329475402832
2008-03-03,106.19999694824219,106.37000274658203,105.30999755859375,105.83000183105469,51.53201675415039
2008-03-04,105.83000183105469,106.0199966430664,104.86000061035156,105.20999908447266,51.23013687133789
2008-03-05,105.08000183105469,105.08000183105469,104.20999908447266,104.47000122070312,50.86980056762695
2008-03-06,104.63999938964844,104.86000061035156,104.19000244140625,104.33000183105469,50.801639556884766
2008-03-07,104.08000183105469,104.83999633789062,103.68000030517578,104.11000061035156,50.694488525390625
2008-03-10,104.51000213623047,104.51000213623047,103.72000122070312,104.08999633789062,50.68474197387695
2008-03-11,104.0,104.0,102.9000015258789,102.9000015258789,50.10530471801758
2008-03-12,103.33999633789062,104.25,102.7699966430664,104.13999938964844,50.70909881591797
2008-03-13,104.08000183105469,104.08000183105469,102.80000305175781,103.01000213623047,50.15886306762695
2008-03-14,103.54000091552734,103.88999938964844,102.70999908447266,102.94999694824219,50.12964630126953
2008-03-17,104.0,105.0,103.4800033569336,103.79000091552734,50.53865432739258
2008-03-18,103.5,104.13999938964844,103.04000091552734,103.5999984741211,50.44619369506836
2008-03-19,104.12000274658203,104.44000244140625,103.87000274658203,104.05000305175781,50.66526794433594
2008-03-20,104.19999694824219,104.75,103.98999786376953,104.5999984741211,50.93309783935547
2008-03-24,104.51000213623047,105.0,104.0,104.4000015258789,50.83573532104492
2008-03-25,104.0999984741211,104.9800033569336,104.0999984741211,104.87000274658203,51.064571380615234
2008-03-26,104.80000305175781,105.16999816894531,104.62999725341797,105.0,51.12789535522461
2008-03-27,104.52999877929688,104.79000091552734,104.05999755859375,104.36000061035156,50.81626892089844
2008-03-28,104.58000183105469,105.05000305175781,104.08000183105469,104.91999816894531,51.08890151977539
2008-03-31,105.25,105.69999694824219,105.0,105.19999694824219,51.22526168823242
2008-04-01,105.19000244140625,105.19000244140625,104.02999877929688,104.5199966430664,51.14353561401367
2008-04-02,105.12000274658203,105.12000274658203,104.5,104.69999694824219,51.231605529785156
2008-04-03,104.95999908447266,104.9800033569336,104.5,104.75,51.256065368652344
2008-04-04,105.73999786376953,106.02999877929688,105.30999755859375,106.0199966430664,51.87748336791992
2008-04-07,105.8499984741211,106.2300033569336,105.4000015258789,106.13999938964844,51.93623733520508
2008-04-08,106.33999633789062,106.3499984741211,105.26000213623047,105.76000213623047,51.75027084350586
2008-04-09,105.87000274658203,106.13999938964844,105.38999938964844,105.44999694824219,51.59861755371094
2008-04-10,105.54000091552734,105.63999938964844,105.04000091552734,105.55000305175781,51.647518157958984
2008-04-11,105.81999969482422,106.05000305175781,105.23999786376953,105.6500015258789,51.69646072387695
2008-04-14,105.73999786376953,105.73999786376953,104.9000015258789,105.0,51.37842559814453
2008-04-15,104.9800033569336,105.08999633789062,104.47000122070312,104.77999877929688,51.2707633972168
2008-04-16,104.83999633789062,104.94999694824219,104.05999755859375,104.18000030517578,50.97718811035156
2008-04-17,104.56999969482422,104.5999984741211,103.83000183105469,104.44999694824219,51.109275817871094
2008-04-18,104.33000183105469,104.91999816894531,103.79000091552734,104.91000366210938,51.33436584472656
2008-04-21,104.83999633789062,105.02999877929688,104.33000183105469,104.56999969482422,51.16801452636719
2008-04-22,104.4000015258789,104.94999694824219,104.33999633789062,104.33999633789062,51.05544662475586
2008-04-23,104.79000091552734,105.05000305175781,104.5199966430664,104.66000366210938,51.212059020996094
2008-04-24,104.68000030517578,104.91000366210938,104.16999816894531,104.5199966430664,51.14353561401367
2008-04-25,104.5999984741211,104.70999908447266,104.2300033569336,104.56999969482422,51.16801452636719
2008-04-28,104.6500015258789,105.06999969482422,104.56999969482422,105.06999969482422,51.41267013549805
2008-04-29,105.3499984741211,105.73999786376953,105.05000305175781,105.4000015258789,51.57411575317383
2008-04-30,105.54000091552734,105.98999786376953,105.23999786376953,105.98999786376953,51.8627815246582
2008-05-01,106.25,106.29000091552734,105.80000305175781,106.1500015258789,52.16902160644531
2008-05-02,105.0,106.5199966430664,105.0,105.52999877929688,51.86431121826172
2008-05-05,105.5999984741211,105.98999786376953,105.51000213623047,105.68000030517578,51.93803405761719
2008-05-06,106.0,106.0199966430664,105.0,105.0,51.60382843017578
2008-05-07,105.25,105.37999725341797,104.54000091552734,105.27999877929688,51.7414436340332
2008-05-08,105.5199966430664,105.83000183105469,105.26000213623047,105.75,51.97245407104492
2008-05-09,105.91000366210938,105.9800033569336,105.54000091552734,105.75,51.97245407104492
2008-05-12,106.37999725341797,106.37999725341797,105.58999633789062,105.6500015258789,51.92327880859375
2008-05-13,105.30000305175781,105.5,104.93000030517578,105.05000305175781,51.62840270996094
2008-05-14,105.29000091552734,105.3499984741211,104.70999908447266,105.11000061035156,51.65790557861328
2008-05-15,105.13999938964844,105.80999755859375,105.05999755859375,105.80999755859375,52.001914978027344
2008-05-16,105.5199966430664,106.23999786376953,105.44000244140625,105.66999816894531,51.93311309814453
2008-05-19,105.91999816894531,106.0,105.44999694824219,105.69000244140625,51.94293975830078
2008-05-20,105.91999816894531,106.0199966430664,105.5199966430664,105.7300033569336,51.96257781982422
2008-05-21,105.55999755859375,105.75,105.13999938964844,105.2699966430664,51.73651885986328
2008-05-22,104.87000274658203,105.0,103.77999877929688,104.11000061035156,51.166446685791016
2008-05-23,104.36000061035156,104.62000274658203,104.08000183105469,104.58999633789062,51.402347564697266
2008-05-27,104.31999969482422,104.5,103.87000274658203,103.95999908447266,51.092689514160156
2008-05-28,103.7699966430664,103.87000274658203,103.2300033569336,103.29000091552734,50.76342010498047
2008-05-29,103.16000366210938,103.16000366210938,102.66999816894531,102.79000091552734,50.5176887512207
2008-05-30,103.2699966430664,103.38999938964844,103.02999877929688,103.19999694824219,50.719173431396484
2008-06-02,102.52999877929688,103.51000213623047,102.29000091552734,103.08000183105469,50.89350891113281
2008-06-03,103.44000244140625,103.5999984741211,102.5999984741211,103.4800033569336,51.09096145629883
2008-06-04,103.83999633789062,103.83999633789062,103.01000213623047,103.16000366210938,50.93297576904297
2008-06-05,102.75,103.01000213623047,102.5999984741211,102.61000061035156,50.66144943237305
2008-06-06,103.02999877929688,103.61000061035156,103.02999877929688,103.12000274658203,50.91321563720703
2008-06-09,103.13999938964844,103.38999938964844,102.72000122070312,103.02999877929688,50.86879348754883
2008-06-10,103.0,103.16000366210938,102.25,102.44000244140625,50.577457427978516
2008-06-11,102.48999786376953,102.83999633789062,101.91999816894531,102.4000015258789,50.55777359008789
2008-06-12,101.56999969482422,102.19999694824219,101.5199966430664,101.52999877929688,50.12818908691406
2008-06-13,101.75,102.0,100.91000366210938,101.0,49.866519927978516
2008-06-16,101.6500015258789,101.6500015258789,101.06999969482422,101.36000061035156,50.044227600097656
2008-06-17,101.8499984741211,101.94999694824219,101.47000122070312,101.69000244140625,50.207210540771484
2008-06-18,102.02999877929688,102.25,101.7699966430664,102.19999694824219,50.45903015136719
2008-06-19,101.93000030517578,102.11000061035156,101.38999938964844,101.66999816894531,50.197330474853516
2008-06-20,101.9000015258789,102.06999969482422,101.5,101.7300033569336,50.226959228515625
2008-06-23,101.68000030517578,102.0199966430664,101.41999816894531,101.69000244140625,50.207210540771484
2008-06-24,101.81999969482422,102.02999877929688,101.45999908447266,101.62999725341797,50.17756652832031
2008-06-25,101.81999969482422,102.11000061035156,100.91000366210938,101.70999908447266,50.217071533203125
2008-06-26,102.44000244140625,102.5,101.68000030517578,101.79000091552734,50.25658416748047
2008-06-27,101.94000244140625,102.01000213623047,101.47000122070312,101.69000244140625,50.207210540771484
2008-06-30,101.97000122070312,102.04000091552734,101.4000015258789,101.4000015258789,50.06398010253906
2008-07-01,101.63999938964844,101.7300033569336,100.83999633789062,100.91999816894531,50.041175842285156
2008-07-02,101.1500015258789,101.37999725341797,100.72000122070312,100.8499984741211,50.006507873535156
2008-07-03,100.94999694824219,101.0999984741211,100.61000061035156,100.72000122070312,49.942054748535156
2008-07-07,101.36000061035156,101.37000274658203,100.5999984741211,101.19000244140625,50.175071716308594
2008-07-08,100.8499984741211,101.76000213623047,100.77999877929688,101.73999786376953,50.447784423828125
2008-07-09,101.7699966430664,102.06999969482422,101.2300033569336,101.80999755859375,50.48252868652344
2008-07-10,101.37000274658203,101.9000015258789,100.9000015258789,101.2300033569336,50.194915771484375
2008-07-11,101.52999877929688,101.52999877929688,100.36000061035156,100.44999694824219,49.80813217163086
2008-07-14,101.4000015258789,101.44999694824219,100.36000061035156,100.5,49.83292770385742
2008-07-15,100.0999984741211,100.94999694824219,100.0999984741211,100.4800033569336,49.82301330566406
2008-07-16,100.5,100.5999984741211,99.5,99.69000244140625,49.43128204345703
2008-07-17,100.16000366210938,100.16000366210938,98.91000366210938,99.3499984741211,49.26274871826172
2008-07-18,98.91000366210938,99.80000305175781,98.91000366210938,99.16999816894531,49.1734619140625
2008-07-21,99.05999755859375,99.87999725341797,99.0199966430664,99.27999877929688,49.22802734375
2008-07-22,99.33999633789062,100.05000305175781,99.33999633789062,99.91999816894531,49.545379638671875
2008-07-23,99.7699966430664,99.94999694824219,99.26000213623047,99.56999969482422,49.37178039550781
2008-07-24,99.9000015258789,100.47000122070312,99.66999816894531,100.44999694824219,49.80813217163086
2008-07-25,100.04000091552734,100.22000122070312,99.69999694824219,99.91999816894531,49.545379638671875
2008-07-28,100.08999633789062,100.73999786376953,100.08999633789062,100.5,49.83292770385742
2008-07-29,100.27999877929688,100.33999633789062,99.94999694824219,100.25,49.708988189697266
2008-07-30,100.30000305175781,100.80999755859375,100.02999877929688,100.7300033569336,49.94700241088867
2008-07-31,100.55000305175781,101.36000061035156,100.55000305175781,101.36000061035156,50.25937271118164
2008-08-01,100.88999938964844,101.0999984741211,100.11000061035156,100.52999877929688,50.07805633544922
2008-08-04,100.5,100.73999786376953,100.12999725341797,100.54000091552734,50.083030700683594
2008-08-05,100.11000061035156,100.45999908447266,100.0999984741211,100.0999984741211,49.86387252807617
2008-08-06,100.4000015258789,100.4000015258789,100.02999877929688,100.25,49.93858337402344
2008-08-07,100.33000183105469,101.13999938964844,100.22000122070312,101.08000183105469,50.35206985473633
2008-08-08,101.05999755859375,101.19999694824219,100.7300033569336,101.18000030517578,50.401859283447266
2008-08-11,101.44000244140625,101.44000244140625,100.29000091552734,100.72000122070312,50.17271423339844
2008-08-12,101.12000274658203,101.33000183105469,100.75,101.33000183105469,50.47652816772461
2008-08-13,101.05000305175781,101.30000305175781,100.5,100.80000305175781,50.21256637573242
2008-08-14,101.1500015258789,101.27999877929688,100.55999755859375,101.08999633789062,50.35700225830078
2008-08-15,101.33000183105469,101.4000015258789,100.91999816894531,101.31999969482422,50.47158432006836
2008-08-18,101.0,101.36000061035156,101.0,101.36000061035156,50.491455078125
2008-08-19,101.41000366210938,101.41000366210938,101.0,101.19999694824219,50.41181945800781
2008-08-20,100.80999755859375,101.27999877929688,100.62000274658203,101.20999908447266,50.4167594909668
2008-08-21,101.30999755859375,101.30999755859375,100.52999877929688,100.61000061035156,50.11791229248047
2008-08-22,101.1500015258789,101.1500015258789,100.08000183105469,100.6500015258789,50.137813568115234
2008-08-25,101.31999969482422,101.37000274658203,101.04000091552734,101.30000305175781,50.461631774902344
2008-08-26,101.22000122070312,101.51000213623047,100.91000366210938,101.41999816894531,50.52141189575195
2008-08-27,100.87000274658203,101.30999755859375,100.72000122070312,101.26000213623047,50.441707611083984
2008-08-28,101.27999877929688,101.27999877929688,100.83999633789062,101.23999786376953,50.431732177734375
2008-08-29,101.56999969482422,101.56999969482422,100.06999969482422,101.04000091552734,50.33211898803711
2008-09-02,100.88999938964844,101.26000213623047,100.33999633789062,100.9800033569336,50.530757904052734
2008-09-03,101.18000030517578,101.37000274658203,100.9000015258789,101.18000030517578,50.630855560302734
2008-09-04,101.01000213623047,101.37999725341797,100.7300033569336,101.20999908447266,50.64583206176758
2008-09-05,101.52999877929688,101.69000244140625,101.01000213623047,101.11000061035156,50.59577941894531
2008-09-08,101.22000122070312,101.66000366210938,100.81999969482422,101.27999877929688,50.68089294433594
2008-09-09,101.3499984741211,101.83999633789062,101.05999755859375,101.62999725341797,50.85599899291992
2008-09-10,100.81999969482422,101.91999816894531,100.80999755859375,101.58999633789062,50.83600616455078
2008-09-11,100.47000122070312,101.18000030517578,100.44000244140625,100.80000305175781,50.440711975097656
2008-09-12,100.43000030517578,100.52999877929688,99.72000122070312,100.02999877929688,50.05537414550781
2008-09-15,100.08999633789062,100.08999633789062,98.05999755859375,99.29000091552734,49.6850700378418
2008-09-16,97.7300033569336,98.93000030517578,90.88999938964844,92.98999786376953,46.532569885253906
2008-09-17,93.13999938964844,93.7300033569336,85.04000091552734,88.7300033569336,44.400848388671875
2008-09-18,89.33999633789062,92.93000030517578,87.0,89.94000244140625,45.00632095336914
2008-09-19,92.55999755859375,93.48999786376953,91.75,92.75,46.41244125366211
2008-09-22,93.93000030517578,94.16000366210938,92.01000213623047,93.30000305175781,46.68769836425781
2008-09-23,93.63999938964844,93.94999694824219,92.19000244140625,92.33999633789062,46.207271575927734
2008-09-24,93.63999938964844,93.63999938964844,91.7300033569336,92.0999984741211,46.08719253540039
2008-09-25,91.87999725341797,92.69000244140625,91.75,92.5,46.287357330322266
2008-09-26,91.69999694824219,92.0,87.25,90.0,45.036346435546875
2008-09-29,88.5,89.48999786376953,80.0,81.80000305175781,40.93303680419922
2008-09-30,85.9000015258789,89.79000091552734,85.0999984741211,89.79000091552734,44.93124008178711
2008-10-01,88.68000030517578,90.30000305175781,87.52999877929688,90.20999908447266,45.345951080322266
2008-10-02,88.30000305175781,89.70999908447266,88.0,88.9000015258789,44.687435150146484
2008-10-03,90.1500015258789,90.1500015258789,88.11000061035156,88.86000061035156,44.667354583740234
2008-10-06,88.5999984741211,88.9000015258789,84.44999694824219,87.83000183105469,44.14957809448242
2008-10-07,88.0,91.36000061035156,88.0,89.47000122070312,44.97397232055664
2008-10-08,87.4800033569336,89.9800033569336,86.30000305175781,88.83000183105469,44.65228271484375
2008-10-09,89.9000015258789,89.9000015258789,84.75,86.45999908447266,43.460941314697266
2008-10-10,80.0,87.0,76.05000305175781,81.69999694824219,41.06821823120117
2008-10-13,79.56999969482422,87.19999694824219,79.56999969482422,86.19999694824219,43.33024978637695
2008-10-14,90.5,91.23999786376953,84.02999877929688,84.8499984741211,42.651649475097656
2008-10-15,83.80000305175781,86.97000122070312,83.52999877929688,84.8499984741211,42.651649475097656
2008-10-16,86.0999984741211,88.06999969482422,84.94999694824219,85.73999786376953,43.0990104675293
2008-10-17,86.0,86.87000274658203,84.23999786376953,85.01000213623047,42.732059478759766
2008-10-20,86.1500015258789,87.83999633789062,85.5,87.5999984741211,44.033992767333984
2008-10-21,87.77999877929688,88.9000015258789,86.51000213623047,88.47000122070312,44.47132873535156
2008-10-22,87.26000213623047,88.37000274658203,86.01000213623047,87.44999694824219,43.95856857299805
2008-10-23,87.70999908447266,88.69000244140625,87.6500015258789,88.0,44.23506164550781
2008-10-24,86.0,88.5,86.0,88.3499984741211,44.41096878051758
2008-10-27,87.98999786376953,87.98999786376953,86.93000030517578,87.77999877929688,44.12445068359375
2008-10-28,87.8499984741211,88.16000366210938,86.54000091552734,87.19999694824219,43.83293151855469
2008-10-29,86.4000015258789,89.23999786376953,86.0,88.66999816894531,44.57183837890625
2008-10-30,88.66999816894531,89.05000305175781,88.0,88.01000213623047,44.24008560180664
2008-10-31,88.73999786376953,88.73999786376953,87.0999984741211,87.6500015258789,44.059139251708984
2008-11-03,87.5,88.08999633789062,87.19999694824219,87.93000030517578,44.42031478881836
2008-11-04,88.30000305175781,89.13999938964844,88.0,88.52999877929688,44.72343826293945
2008-11-05,88.6500015258789,90.44999694824219,88.6500015258789,90.25,45.59231948852539
2008-11-06,90.94999694824219,91.12000274658203,90.01000213623047,90.87000274658203,45.90555953979492
2008-11-07,90.6500015258789,91.18000030517578,90.0999984741211,90.2300033569336,45.58223342895508
2008-11-10,90.16000366210938,90.66000366210938,89.73999786376953,90.2699966430664,45.602439880371094
2008-11-11,90.66000366210938,91.62000274658203,90.30000305175781,90.55999755859375,45.74892807006836
2008-11-12,90.18000030517578,90.6500015258789,90.18000030517578,90.54000091552734,45.738834381103516
2008-11-13,90.4000015258789,90.44999694824219,89.5,89.91999816894531,45.425636291503906
2008-11-14,89.41000366210938,90.2300033569336,87.0,89.9000015258789,45.415531158447266
2008-11-17,90.48999786376953,90.5999984741211,90.0,90.55000305175781,45.74387741088867
2008-11-18,90.22000122070312,91.16999816894531,90.22000122070312,90.66000366210938,45.799476623535156
2008-11-19,90.7699966430664,91.11000061035156,90.30999755859375,90.80000305175781,45.87019348144531
2008-11-20,91.06999969482422,91.93000030517578,89.6500015258789,89.80999755859375,45.37004089355469
2008-11-21,90.5999984741211,91.38999938964844,89.9000015258789,90.8499984741211,45.895450592041016
2008-11-24,91.75,92.02999877929688,90.01000213623047,90.44999694824219,45.693389892578125
2008-11-25,91.2300033569336,91.44000244140625,90.13999938964844,90.87999725341797,45.910606384277344
2008-11-26,91.33000183105469,91.33000183105469,90.01000213623047,90.4000015258789,45.668121337890625
2008-11-28,90.98999786376953,91.0999984741211,90.0999984741211,90.13999938964844,45.53675842285156
2008-12-01,90.98999786376953,91.1500015258789,89.5199966430664,91.08999633789062,46.24861526489258
2008-12-02,91.3499984741211,92.0999984741211,90.8499984741211,91.77999877929688,46.59891128540039
2008-12-03,92.30000305175781,92.41999816894531,91.30000305175781,92.41999816894531,46.923866271972656
2008-12-04,91.76000213623047,92.77999877929688,91.72000122070312,92.51000213623047,46.96955871582031
2008-12-05,92.05000305175781,92.41999816894531,91.51000213623047,91.87999725341797,46.64970397949219
2008-12-08,92.30000305175781,93.19000244140625,92.0,92.83000183105469,47.13201141357422
2008-12-09,92.98999786376953,93.5199966430664,92.75,93.45999908447266,47.45186233520508
2008-12-10,93.16000366210938,93.68000030517578,92.87999725341797,93.68000030517578,47.56361770629883
2008-12-11,93.94999694824219,94.12999725341797,93.25,94.0,47.72604751586914
2008-12-12,94.0999984741211,94.52999877929688,93.26000213623047,94.51000213623047,47.9849967956543
2008-12-15,94.3499984741211,94.5199966430664,94.0999984741211,94.4800033569336,47.96975326538086
2008-12-16,96.41999816894531,96.47000122070312,94.29000091552734,96.41999816894531,48.95474624633789
2008-12-17,97.27999877929688,98.31999969482422,97.0,97.8499984741211,49.680782318115234
2008-12-18,98.81999969482422,100.9800033569336,98.66999816894531,100.22000122070312,50.88408660888672
2008-12-19,99.06999969482422,100.06999969482422,98.0999984741211,98.7300033569336,50.12760543823242
2008-12-22,99.7300033569336,100.0999984741211,99.0,99.91999816894531,50.731788635253906
2008-12-23,99.44999694824219,100.43000030517578,99.4000015258789,100.25,50.89937210083008
2008-12-24,99.66000366210938,101.75,99.61000061035156,100.5,51.02630615234375
2008-12-26,100.0999984741211,100.91999816894531,100.0999984741211,100.69000244140625,51.122772216796875
2008-12-29,100.19000244140625,100.98999786376953,100.08999633789062,100.58000183105469,51.28182601928711
2008-12-30,100.16999816894531,101.45999908447266,100.16999816894531,101.45999908447266,51.730506896972656
2008-12-31,101.36000061035156,101.75,100.41000366210938,101.6500015258789,51.827388763427734
2009-01-02,101.5,101.66000366210938,100.48999786376953,100.61000061035156,51.297149658203125
2009-01-05,100.1500015258789,101.73999786376953,100.0999984741211,101.30000305175781,51.648921966552734
2009-01-06,101.25,101.87000274658203,100.69999694824219,101.47000122070312,51.735599517822266
2009-01-07,101.23999786376953,101.29000091552734,100.25,100.62000274658203,51.302207946777344
2009-01-08,100.5999984741211,101.3499984741211,100.55000305175781,101.33999633789062,51.66930389404297
2009-01-09,101.62000274658203,102.5999984741211,101.3499984741211,102.5999984741211,52.311744689941406
2009-01-12,102.19999694824219,102.43000030517578,101.5999984741211,102.06999969482422,52.041534423828125
2009-01-13,101.62000274658203,101.88999938964844,101.4000015258789,101.8499984741211,51.929325103759766
2009-01-14,101.66999816894531,101.94999694824219,100.5199966430664,101.4000015258789,51.69993591308594
2009-01-15,101.4000015258789,101.68000030517578,100.9000015258789,101.5999984741211,51.80188751220703
2009-01-16,100.95999908447266,101.62999725341797,100.51000213623047,101.5999984741211,51.80188751220703
2009-01-20,101.12999725341797,101.44999694824219,100.01000213623047,100.0999984741211,51.03712463378906
2009-01-21,100.01000213623047,100.22000122070312,99.0999984741211,99.5999984741211,50.78215408325195
2009-01-22,99.68000030517578,99.70999908447266,98.29000091552734,99.2300033569336,50.593505859375
2009-01-23,98.05999755859375,98.88999938964844,98.05999755859375,98.56999969482422,50.25700378417969
2009-01-26,98.20999908447266,98.75,97.31999969482422,97.69000244140625,49.80833053588867
2009-01-27,98.20999908447266,99.87999725341797,98.05000305175781,99.52999877929688,50.746463775634766
2009-01-28,100.23999786376953,101.0,99.66000366210938,100.31999969482422,51.149234771728516
2009-01-29,99.94000244140625,100.58999633789062,99.08999633789062,99.12000274658203,50.537445068359375
2009-01-30,99.5,100.4000015258789,99.30000305175781,99.81999969482422,50.894351959228516
2009-02-02,98.98999786376953,99.5999984741211,98.80000305175781,98.8499984741211,50.64889144897461
2009-02-03,98.98999786376953,98.98999786376953,98.25,98.5199966430664,50.47980880737305
2009-02-04,98.51000213623047,98.79000091552734,98.4000015258789,98.55999755859375,50.50031661987305
2009-02-05,98.69999694824219,98.70999908447266,97.5999984741211,97.69999694824219,50.059661865234375
2009-02-06,97.72000122070312,98.41000366210938,97.51000213623047,98.27999877929688,50.356849670410156
2009-02-09,98.0999984741211,98.5199966430664,97.69999694824219,98.45999908447266,50.44908142089844
2009-02-10,98.16000366210938,99.16999816894531,98.16000366210938,98.94000244140625,50.69499969482422
2009-02-11,99.29000091552734,99.66000366210938,99.0,99.27999877929688,50.86924743652344
2009-02-12,99.44999694824219,99.7300033569336,99.12000274658203,99.36000061035156,50.910213470458984
2009-02-13,99.05000305175781,99.33000183105469,98.19999694824219,98.5999984741211,50.52080154418945
2009-02-17,99.0,99.44000244140625,98.58000183105469,99.13999938964844,50.7974967956543
2009-02-18,99.36000061035156,99.37999725341797,98.55999755859375,98.6500015258789,50.546424865722656
2009-02-19,97.87999725341797,98.63999938964844,97.22000122070312,97.83999633789062,50.131370544433594
2009-02-20,97.51000213623047,97.6500015258789,96.63999938964844,97.43000030517578,49.921329498291016
2009-02-23,96.9800033569336,97.19999694824219,96.5999984741211,97.0999984741211,49.752235412597656
2009-02-24,97.37000274658203,97.7300033569336,96.5199966430664,96.75,49.572914123535156
2009-02-25,96.91000366210938,96.94000244140625,95.0,95.43000030517578,48.896549224853516
2009-02-26,95.43000030517578,95.43000030517578,94.81999969482422,94.81999969482422,48.58400344848633
2009-02-27,94.80999755859375,95.05000305175781,94.0,94.16000366210938,48.24583435058594
2009-03-02,94.27999877929688,94.48999786376953,93.04000091552734,93.69000244140625,48.252037048339844
2009-03-03,93.75,93.9800033569336,92.8499984741211,93.18000030517578,47.98937225341797
2009-03-04,93.22000122070312,93.44000244140625,93.0,93.1500015258789,47.973915100097656
2009-03-05,92.91000366210938,93.6500015258789,92.51000213623047,92.9000015258789,47.84516525268555
2009-03-06,93.36000061035156,94.04000091552734,92.80000305175781,93.0999984741211,47.948123931884766
2009-03-09,92.87999725341797,93.23999786376953,90.51000213623047,90.54000091552734,46.629669189453125
2009-03-10,91.25,91.98999786376953,91.0,91.8499984741211,47.304378509521484
2009-03-11,92.01000213623047,92.01000213623047,91.0,91.87999725341797,47.31985855102539
2009-03-12,91.72000122070312,91.98999786376953,91.38999938964844,91.80000305175781,47.27861785888672
2009-03-13,92.05999755859375,92.72000122070312,91.79000091552734,92.6500015258789,47.716407775878906
2009-03-16,92.33999633789062,92.9000015258789,92.1500015258789,92.77999877929688,47.78335189819336
2009-03-17,92.76000213623047,92.94999694824219,92.2300033569336,92.52999877929688,47.65461730957031
2009-03-18,92.55999755859375,95.37000274658203,92.23999786376953,94.5,48.66916275024414
2009-03-19,95.0,97.70999908447266,94.33000183105469,94.69999694824219,48.77219009399414
2009-03-20,95.04000091552734,95.58000183105469,93.55000305175781,93.73999786376953,48.277767181396484
2009-03-23,93.8499984741211,94.2699966430664,93.6500015258789,94.02999877929688,48.4271125793457
2009-03-24,93.56999969482422,93.69000244140625,93.0999984741211,93.0999984741211,47.948123931884766
2009-03-25,93.44999694824219,93.5199966430664,92.47000122070312,92.6500015258789,47.716407775878906
2009-03-26,92.83999633789062,93.3499984741211,92.44000244140625,93.12999725341797,47.96360397338867
2009-03-27,93.48999786376953,93.80999755859375,93.30000305175781,93.41999816894531,48.11296081542969
2009-03-30,93.68000030517578,93.70999908447266,93.11000061035156,93.3499984741211,48.07692337036133
2009-03-31,93.58999633789062,94.13999938964844,93.5,94.12000274658203,48.47347640991211
2009-04-01,93.66999816894531,93.95999908447266,93.26000213623047,93.45999908447266,48.40044403076172
2009-04-02,93.73999786376953,93.97000122070312,93.26000213623047,93.48999786376953,48.41596603393555
2009-04-03,93.4800033569336,93.6500015258789,92.81999969482422,92.91000366210938,48.11564254760742
2009-04-06,93.12999725341797,93.16000366210938,92.70999908447266,92.86000061035156,48.08974075317383
2009-04-07,92.80000305175781,92.94000244140625,92.4800033569336,92.81999969482422,48.06901168823242
2009-04-08,93.23999786376953,93.79000091552734,92.97000122070312,93.75,48.55064392089844
2009-04-09,93.6500015258789,94.6500015258789,93.61000061035156,94.37999725341797,48.876888275146484
2009-04-13,94.63999938964844,95.3499984741211,94.33000183105469,95.29000091552734,49.34817123413086
2009-04-14,95.44000244140625,95.58000183105469,94.91000366210938,95.54000091552734,49.47761154174805
2009-04-15,95.7300033569336,96.27999877929688,95.23999786376953,96.27999877929688,49.8608283996582
2009-04-16,96.19999694824219,96.69999694824219,96.04000091552734,96.69000244140625,50.07319641113281
2009-04-17,96.68000030517578,96.94999694824219,96.05000305175781,96.56999969482422,50.01103973388672
2009-04-20,97.0,97.0,95.23999786376953,96.04000091552734,49.736549377441406
2009-04-21,96.23999786376953,96.43000030517578,95.68000030517578,96.33999633789062,49.891902923583984
2009-04-22,96.12999725341797,96.30000305175781,95.7300033569336,96.0999984741211,49.767642974853516
2009-04-23,96.23999786376953,96.36000061035156,95.5999984741211,96.0199966430664,49.72618103027344
2009-04-24,96.04000091552734,96.4800033569336,95.87000274658203,96.2300033569336,49.8349609375
2009-04-27,96.16999816894531,96.3499984741211,95.6500015258789,96.11000061035156,49.7728271484375
2009-04-28,96.2699966430664,96.4000015258789,95.75,95.80000305175781,49.61227035522461
2009-04-29,96.37000274658203,96.75,95.80999755859375,96.26000213623047,49.85053253173828
2009-04-30,96.30000305175781,96.4000015258789,95.83999633789062,96.19999694824219,49.819419860839844
2009-05-01,95.58000183105469,96.04000091552734,95.44999694824219,95.97000122070312,49.94324493408203
2009-05-04,96.0999984741211,96.19999694824219,95.5999984741211,96.19999694824219,50.06298065185547
2009-05-05,96.30000305175781,96.62999725341797,96.0,96.51000213623047,50.22432327270508
2009-05-06,96.66000366210938,97.04000091552734,96.33000183105469,96.94000244140625,50.44807434082031
2009-05-07,96.56999969482422,97.19999694824219,96.0,96.01000213623047,49.964107513427734
2009-05-08,96.48999786376953,96.8499984741211,96.22000122070312,96.62000274658203,50.281558990478516
2009-05-11,96.86000061035156,97.0,96.26000213623047,96.91000366210938,50.432491302490234
2009-05-12,96.98999786376953,97.38999938964844,96.86000061035156,97.18000030517578,50.572975158691406
2009-05-13,97.37000274658203,97.54000091552734,96.93000030517578,97.0,50.479286193847656
2009-05-14,97.16999816894531,97.63999938964844,96.68000030517578,97.22000122070312,50.59378433227539
2009-05-15,97.22000122070312,97.2699966430664,96.69999694824219,97.19999694824219,50.58336639404297
2009-05-18,97.58999633789062,97.66999816894531,96.91999816894531,97.05999755859375,50.51053237915039
2009-05-19,96.91000366210938,97.45999908447266,96.69999694824219,97.44999694824219,50.71348571777344
2009-05-20,97.58999633789062,98.13999938964844,97.33000183105469,98.01000213623047,51.00495147705078
2009-05-21,98.37999725341797,98.37999725341797,96.69999694824219,97.01000213623047,50.48448944091797
2009-05-22,96.7699966430664,97.0199966430664,96.5999984741211,96.87999725341797,50.416839599609375
2009-05-26,97.0,97.05000305175781,96.55000305175781,96.83999633789062,50.39602279663086
2009-05-27,97.01000213623047,97.29000091552734,95.9800033569336,96.16999816894531,50.047340393066406
2009-05-28,96.56999969482422,96.83999633789062,96.04000091552734,96.52999877929688,50.23469543457031
2009-05-29,96.86000061035156,98.08999633789062,96.5,97.94999694824219,50.97368240356445
2009-06-01,97.8499984741211,98.05000305175781,97.11000061035156,97.43000030517578,50.95697021484375
2009-06-02,97.66000366210938,98.55999755859375,97.6500015258789,98.1500015258789,51.33352279663086
2009-06-03,98.31999969482422,99.0199966430664,98.2300033569336,98.6500015258789,51.59503173828125
2009-06-04,98.79000091552734,98.79000091552734,98.01000213623047,98.22000122070312,51.3701057434082
2009-06-05,98.06999969482422,98.12999725341797,97.19999694824219,97.69999694824219,51.098175048828125
2009-06-08,97.5199966430664,98.0999984741211,97.5,97.5,50.99357223510742
2009-06-09,97.5,98.31999969482422,97.3499984741211,98.23999786376953,51.38059616088867
2009-06-10,97.94000244140625,98.7300033569336,97.6500015258789,97.94999694824219,51.22892379760742
2009-06-11,98.3499984741211,98.6500015258789,97.73999786376953,98.29000091552734,51.40673828125
2009-06-12,98.5199966430664,99.23999786376953,98.30000305175781,99.0199966430664,51.7885627746582
2009-06-15,99.0,99.41999816894531,98.51000213623047,99.05000305175781,51.80423355102539
2009-06-16,99.3499984741211,99.69999694824219,98.43000030517578,98.98999786376953,51.772830963134766
2009-06-17,98.79000091552734,99.37000274658203,98.5999984741211,99.11000061035156,51.835594177246094
2009-06-18,98.72000122070312,98.72000122070312,97.69999694824219,97.8499984741211,51.176612854003906
2009-06-19,97.87999725341797,98.88999938964844,97.69000244140625,98.58999633789062,51.56362533569336
2009-06-22,98.9800033569336,99.30000305175781,98.66999816894531,98.94999694824219,51.75189971923828
2009-06-23,99.41999816894531,99.75,99.05000305175781,99.75,52.17034149169922
2009-06-24,99.80000305175781,100.27999877929688,99.44999694824219,99.58999633789062,52.08661651611328
2009-06-25,99.5999984741211,100.41999816894531,99.33000183105469,100.37000274658203,52.494606018066406
2009-06-26,100.4800033569336,100.5,100.02999877929688,100.41999816894531,52.520751953125
2009-06-29,100.5,100.55000305175781,100.1500015258789,100.30999755859375,52.463233947753906
2009-06-30,100.12000274658203,100.44000244140625,99.55999755859375,100.27999877929688,52.44755172729492
2009-07-01,99.2699966430664,99.79000091552734,99.20999908447266,99.69999694824219,52.3765754699707
2009-07-02,99.45999908447266,99.98999786376953,99.43000030517578,99.70999908447266,52.38185501098633
2009-07-06,99.55000305175781,100.0,99.41999816894531,99.94999694824219,52.50792694091797
2009-07-07,99.5999984741211,100.0199966430664,99.4000015258789,99.55000305175781,52.29780578613281
2009-07-08,99.86000061035156,100.5,99.61000061035156,100.45999908447266,52.7758903503418
2009-07-09,100.05999755859375,100.5,100.05999755859375,100.5,52.79689025878906
2009-07-10,100.2300033569336,100.9000015258789,100.08999633789062,100.9000015258789,53.00703048706055
2009-07-13,100.75,100.98999786376953,100.22000122070312,100.83999633789062,52.97549057006836
2009-07-14,100.88999938964844,100.88999938964844,100.33000183105469,100.62000274658203,52.85990905761719
2009-07-15,100.33999633789062,100.55999755859375,99.5199966430664,99.69000244140625,52.37133026123047
2009-07-16,99.8499984741211,100.37999725341797,99.81999969482422,100.37999725341797,52.73383331298828
2009-07-17,100.06999969482422,100.4800033569336,99.79000091552734,100.06999969482422,52.570980072021484
2009-07-20,100.4800033569336,100.9800033569336,99.80999755859375,100.4800033569336,52.78636932373047
2009-07-21,100.69999694824219,101.94999694824219,100.56999969482422,101.9000015258789,53.53235626220703
2009-07-22,102.0,102.1500015258789,101.33999633789062,101.62999725341797,53.39053726196289
2009-07-23,101.69999694824219,101.86000061035156,101.0,101.45999908447266,53.30122375488281
2009-07-24,101.25,101.73999786376953,101.05999755859375,101.73999786376953,53.448299407958984
2009-07-27,101.19999694824219,101.5199966430664,101.0999984741211,101.51000213623047,53.32747268676758
2009-07-28,101.33000183105469,102.23999786376953,101.33000183105469,101.9000015258789,53.53235626220703
2009-07-29,102.23999786376953,102.55000305175781,101.75,102.54000091552734,53.86860656738281
2009-07-30,102.56999969482422,103.3499984741211,102.16000366210938,103.0999984741211,54.16276550292969
2009-07-31,103.19000244140625,104.5999984741211,103.19000244140625,104.45999908447266,54.87724304199219
2009-08-03,103.5199966430664,103.94999694824219,102.94999694824219,103.0,54.36626052856445
2009-08-04,103.56999969482422,103.56999969482422,102.30000305175781,102.4800033569336,54.09184265136719
2009-08-05,102.52999877929688,103.1500015258789,102.25,102.5,54.1024055480957
2009-08-06,102.94000244140625,102.9800033569336,102.0999984741211,102.22000122070312,53.954627990722656
2009-08-07,101.83999633789062,102.33999633789062,101.54000091552734,102.19999694824219,53.94407272338867
2009-08-10,102.45999908447266,102.94000244140625,102.05999755859375,102.5199966430664,54.11294174194336
2009-08-11,103.1500015258789,103.25,102.5,103.05000305175781,54.3926887512207
2009-08-12,103.0,103.0,101.80000305175781,102.1500015258789,53.91761779785156
2009-08-13,102.6500015258789,103.2699966430664,102.0999984741211,103.13999938964844,54.440185546875
2009-08-14,103.20999908447266,103.54000091552734,103.06999969482422,103.12000274658203,54.42963790893555
2009-08-17,102.8499984741211,103.52999877929688,102.5999984741211,103.29000091552734,54.51937484741211
2009-08-18,103.12999725341797,103.36000061035156,102.7300033569336,103.02999877929688,54.382080078125
2009-08-19,103.55000305175781,103.75,103.2699966430664,103.36000061035156,54.55633544921875
2009-08-20,103.55000305175781,104.0,103.26000213623047,103.8499984741211,54.814945220947266
2009-08-21,103.98999786376953,104.0,103.26000213623047,103.37999725341797,54.56686019897461
2009-08-24,103.5,104.02999877929688,103.2699966430664,103.91000366210938,54.84663772583008
2009-08-25,104.16000366210938,104.41000366210938,103.75,104.08999633789062,54.94160842895508
2009-08-26,104.45999908447266,104.79000091552734,104.22000122070312,104.77999877929688,55.305824279785156
2009-08-27,104.51000213623047,104.58000183105469,104.12999725341797,104.30000305175781,55.052490234375
2009-08-28,104.20999908447266,104.83999633789062,104.12999725341797,104.81999969482422,55.326961517333984
2009-08-31,104.58000183105469,105.33999633789062,104.37000274658203,105.33000183105469,55.59611511230469
2009-09-01,104.51000213623047,104.95999908447266,104.1500015258789,104.30999755859375,55.31720733642578
2009-09-02,104.25,105.12999725341797,104.04000091552734,104.62000274658203,55.48157501220703
2009-09-03,104.68000030517578,105.16999816894531,104.44999694824219,104.80000305175781,55.5770378112793
2009-09-04,105.04000091552734,105.1500015258789,104.80000305175781,104.87000274658203,55.61417770385742
2009-09-08,104.83999633789062,105.0999984741211,104.5,104.5999984741211,55.471012115478516
2009-09-09,104.61000061035156,104.66000366210938,104.33000183105469,104.56999969482422,55.455101013183594
2009-09-10,104.98999786376953,105.55999755859375,104.04000091552734,105.26000213623047,55.82096862792969
2009-09-11,105.77999877929688,106.37999725341797,105.5,106.20999908447266,56.32475662231445
2009-09-14,106.12999725341797,106.20999908447266,105.48999786376953,105.66999816894531,56.038429260253906
2009-09-15,105.79000091552734,105.8499984741211,105.5199966430664,105.61000061035156,56.00659942626953
2009-09-16,106.1500015258789,106.1500015258789,105.52999877929688,105.94000244140625,56.181575775146484
2009-09-17,105.94999694824219,106.47000122070312,105.75,106.45999908447266,56.45735549926758
2009-09-18,106.2300033569336,106.38999938964844,105.79000091552734,105.79000091552734,56.10205841064453
2009-09-21,106.19999694824219,106.29000091552734,105.87999725341797,106.04000091552734,56.2346305847168
2009-09-22,105.83999633789062,106.31999969482422,105.75,106.29000091552734,56.367218017578125
2009-09-23,106.1500015258789,106.4000015258789,105.8499984741211,106.33999633789062,56.393733978271484
2009-09-24,106.12999725341797,106.66000366210938,106.12999725341797,106.51000213623047,56.483890533447266
2009-09-25,106.5199966430664,106.94000244140625,106.30000305175781,106.91999816894531,56.70132827758789
2009-09-28,107.0,107.19000244140625,106.72000122070312,107.19000244140625,56.844520568847656
2009-09-29,106.7300033569336,107.0199966430664,106.55000305175781,106.7699966430664,56.62178039550781
2009-09-30,106.63999938964844,106.83999633789062,106.36000061035156,106.68000030517578,56.57402038574219
2009-10-01,106.1500015258789,106.22000122070312,104.79000091552734,105.12000274658203,55.99448776245117
2009-10-02,105.4000015258789,105.4000015258789,104.30000305175781,104.44000244140625,55.63227462768555
2009-10-05,104.37000274658203,105.0,104.37000274658203,105.0,55.930580139160156
2009-10-06,105.38999938964844,105.38999938964844,104.72000122070312,104.77999877929688,55.81339645385742
2009-10-07,105.06999969482422,105.5,104.77999877929688,105.44999694824219,56.170265197753906
2009-10-08,105.58000183105469,105.6500015258789,104.8499984741211,104.86000061035156,55.85598373413086
2009-10-09,104.87999725341797,104.87999725341797,103.75,103.94000244140625,55.36591339111328
2009-10-12,103.61000061035156,104.38999938964844,103.61000061035156,104.30000305175781,55.55774688720703
2009-10-13,104.38999938964844,104.63999938964844,104.19999694824219,104.5,55.66422653198242
2009-10-14,104.25,104.56999969482422,104.0,104.0,55.39789962768555
2009-10-15,104.0,104.20999908447266,103.58000183105469,103.9800033569336,55.38721466064453
2009-10-16,103.97000122070312,104.22000122070312,103.76000213623047,104.05999755859375,55.42986297607422
2009-10-19,104.27999877929688,104.87999725341797,104.11000061035156,104.58999633789062,55.71218490600586
2009-10-20,105.19999694824219,105.58999633789062,105.12999725341797,105.26000213623047,56.06904983520508
2009-10-21,105.04000091552734,105.16999816894531,104.7300033569336,104.81999969482422,55.83464813232422
2009-10-22,105.12999725341797,105.44000244140625,104.81999969482422,105.44000244140625,56.164955139160156
2009-10-23,105.0,105.37000274658203,104.8499984741211,104.86000061035156,55.85598373413086
2009-10-26,105.0,105.05999755859375,104.36000061035156,104.41999816894531,55.62165069580078
2009-10-27,104.94999694824219,105.47000122070312,104.55000305175781,105.31999969482422,56.101016998291016
2009-10-28,105.19999694824219,105.44999694824219,104.31999969482422,104.61000061035156,55.72283172607422
2009-10-29,105.01000213623047,105.05999755859375,104.37999725341797,104.73999786376953,55.79212188720703
2009-10-30,105.08999633789062,105.68000030517578,104.93000030517578,105.68000030517578,56.29276657104492
2009-11-02,105.33000183105469,105.36000061035156,104.76000213623047,105.04000091552734,56.209285736083984
2009-11-03,105.0199966430664,105.02999877929688,104.37000274658203,104.55999755859375,55.952449798583984
2009-11-04,104.5199966430664,105.01000213623047,104.48999786376953,104.97000122070312,56.17184829711914
2009-11-05,104.9000015258789,105.05000305175781,104.7300033569336,105.04000091552734,56.209285736083984
2009-11-06,105.02999877929688,105.31999969482422,104.6500015258789,105.31999969482422,56.35914993286133
2009-11-09,105.37999725341797,105.5199966430664,105.26000213623047,105.37999725341797,56.39126205444336
2009-11-10,105.5,105.66999816894531,105.29000091552734,105.30999755859375,56.35380172729492
2009-11-11,105.58999633789062,106.0,105.47000122070312,105.69999694824219,56.56248474121094
2009-11-12,105.6500015258789,105.93000030517578,105.06999969482422,105.69999694824219,56.56248474121094
2009-11-13,105.94000244140625,106.01000213623047,105.55000305175781,106.01000213623047,56.7283935546875
2009-11-16,106.0,106.51000213623047,105.8499984741211,106.51000213623047,56.9959602355957
2009-11-17,106.30000305175781,106.66999816894531,106.1500015258789,106.66999816894531,57.08156204223633
2009-11-18,106.41000366210938,106.8499984741211,106.12999725341797,106.31999969482422,56.89426040649414
2009-11-19,106.33000183105469,106.62999725341797,106.18000030517578,106.44999694824219,56.963836669921875
2009-11-20,106.52999877929688,106.61000061035156,105.93000030517578,105.94999694824219,56.6962776184082
2009-11-23,105.5999984741211,105.98999786376953,105.44000244140625,105.94999694824219,56.6962776184082
2009-11-24,105.94999694824219,106.54000091552734,105.94999694824219,106.36000061035156,56.915672302246094
2009-11-25,106.43000030517578,106.79000091552734,106.20999908447266,106.75,57.12440490722656
2009-11-27,106.02999877929688,106.7300033569336,106.0,106.72000122070312,57.10830307006836
2009-11-30,106.68000030517578,107.25,106.51000213623047,107.25,57.391944885253906
2009-12-01,106.58000183105469,106.72000122070312,106.26000213623047,106.26000213623047,57.104942321777344
2009-12-02,106.23999786376953,106.43000030517578,106.0,106.27999877929688,57.11567687988281
2009-12-03,106.19000244140625,106.31999969482422,106.08000183105469,106.25,57.09955596923828
2009-12-04,106.0,106.02999877929688,105.5,105.80999755859375,56.86308288574219
2009-12-07,105.94999694824219,105.94999694824219,105.5,105.76000213623047,56.83628845214844
2009-12-08,106.33999633789062,106.4800033569336,106.16999816894531,106.20999908447266,57.07805633544922
2009-12-09,106.30000305175781,106.4800033569336,105.55000305175781,105.5999984741211,56.750244140625
2009-12-10,105.33000183105469,105.91999816894531,105.33000183105469,105.69000244140625,56.79862976074219
2009-12-11,105.75,105.75,105.06999969482422,105.19000244140625,56.529903411865234
2009-12-14,105.55999755859375,105.77999877929688,105.33999633789062,105.7699966430664,56.841617584228516
2009-12-15,105.41000366210938,105.47000122070312,105.01000213623047,105.01000213623047,56.43319320678711
2009-12-16,105.16999816894531,105.83999633789062,105.16999816894531,105.41000366210938,56.64815902709961
2009-12-17,105.63999938964844,105.9000015258789,105.33000183105469,105.86000061035156,56.8900032043457
2009-12-18,106.01000213623047,106.19000244140625,105.63999938964844,105.69000244140625,56.79862976074219
2009-12-21,105.51000213623047,105.62999725341797,105.05999755859375,105.18000030517578,56.52455139160156
2009-12-22,105.43000030517578,105.43000030517578,104.5,104.73999786376953,56.288116455078125
2009-12-23,104.9800033569336,105.22000122070312,104.8499984741211,105.06999969482422,56.4654541015625
2009-12-24,104.69999694824219,105.0,104.55000305175781,104.58000183105469,56.20212173461914
2009-12-28,104.2699966430664,104.66000366210938,104.05999755859375,104.30000305175781,56.05167770385742
2009-12-29,103.87999725341797,104.19000244140625,103.80000305175781,104.18000030517578,56.22163391113281
2009-12-30,104.29000091552734,104.52999877929688,104.08000183105469,104.30000305175781,56.28643035888672
2009-12-31,104.02999877929688,104.3499984741211,103.7699966430664,104.1500015258789,56.20542526245117
2010-01-04,104.7699966430664,104.7699966430664,104.33999633789062,104.69999694824219,56.50224304199219
2010-01-05,104.9800033569336,105.44999694824219,104.86000061035156,105.19999694824219,56.772056579589844
2010-01-06,105.38999938964844,105.44999694824219,104.81999969482422,104.88999938964844,56.60475540161133
2010-01-07,104.97000122070312,105.22000122070312,104.87000274658203,105.0199966430664,56.674922943115234
2010-01-08,105.13999938964844,105.25,104.97000122070312,105.25,56.799049377441406
2010-01-11,105.0,105.37999725341797,105.0,105.36000061035156,56.858421325683594
2010-01-12,105.41999816894531,105.6500015258789,105.31999969482422,105.55999755859375,56.96635055541992
2010-01-13,105.54000091552734,105.56999969482422,105.0,105.12000274658203,56.728919982910156
2010-01-14,105.45999908447266,105.5,105.02999877929688,105.5,56.93396759033203
2010-01-15,105.72000122070312,105.80000305175781,105.43000030517578,105.45999908447266,56.912391662597656
2010-01-19,105.2699966430664,105.56999969482422,105.0199966430664,105.55000305175781,56.960975646972656
2010-01-20,105.69999694824219,105.83999633789062,105.43000030517578,105.4800033569336,56.92317581176758
2010-01-21,105.75,106.2699966430664,105.69999694824219,105.76000213623047,57.07432174682617
2010-01-22,105.77999877929688,105.80000305175781,105.5,105.5999984741211,56.98792266845703
2010-01-25,105.55000305175781,105.62999725341797,105.43000030517578,105.58999633789062,56.98250198364258
2010-01-26,105.69000244140625,105.69999694824219,105.23999786376953,105.30999755859375,56.831443786621094
2010-01-27,105.44000244140625,105.44000244140625,104.68000030517578,104.93000030517578,56.62638854980469
2010-01-28,104.97000122070312,105.25,104.76000213623047,104.77999877929688,56.545433044433594
2010-01-29,104.98999786376953,105.45999908447266,104.9000015258789,105.44999694824219,56.90700149536133
2010-02-01,105.05000305175781,105.08000183105469,104.41999816894531,104.52999877929688,56.653377532958984
2010-02-02,104.6500015258789,105.06999969482422,104.6500015258789,104.86000061035156,56.832183837890625
2010-02-03,104.83000183105469,104.9000015258789,104.5199966430664,104.75,56.772586822509766
2010-02-04,104.8499984741211,104.88999938964844,104.54000091552734,104.73999786376953,56.76716995239258
2010-02-05,104.62999725341797,104.72000122070312,104.22000122070312,104.41999816894531,56.59373092651367
2010-02-08,104.52999877929688,104.68000030517578,104.30999755859375,104.5199966430664,56.64790725708008
2010-02-09,104.58999633789062,104.69999694824219,104.27999877929688,104.27999877929688,56.51787185668945
2010-02-10,104.20999908447266,104.31999969482422,103.37999725341797,103.47000122070312,56.07879638671875
2010-02-11,103.5999984741211,103.7699966430664,103.33999633789062,103.70999908447266,56.20893478393555
2010-02-12,103.83000183105469,103.9800033569336,103.68000030517578,103.83000183105469,56.27397918701172
2010-02-16,103.61000061035156,104.23999786376953,103.5,104.23999786376953,56.49619674682617
2010-02-17,104.19000244140625,104.20999908447266,103.62999725341797,103.88999938964844,56.306453704833984
2010-02-18,103.91000366210938,104.06999969482422,103.5,103.81999969482422,56.26853942871094
2010-02-19,103.69999694824219,104.19000244140625,103.66000366210938,104.19000244140625,56.46910858154297
2010-02-22,104.12000274658203,104.25,104.01000213623047,104.25,56.50157928466797
2010-02-23,104.33000183105469,104.54000091552734,104.19000244140625,104.5,56.637054443359375
2010-02-24,104.6500015258789,105.0,104.55000305175781,104.94999694824219,56.88093948364258
2010-02-25,105.12000274658203,105.12000274658203,104.83000183105469,104.83999633789062,56.82136535644531
2010-02-26,104.98999786376953,105.55999755859375,104.98999786376953,105.52999877929688,57.195316314697266
2010-03-01,105.19000244140625,105.29000091552734,104.9000015258789,105.22000122070312,57.26880645751953
2010-03-02,105.02999877929688,105.55000305175781,105.0,105.44000244140625,57.388572692871094
2010-03-03,105.19000244140625,105.66000366210938,105.19000244140625,105.66000366210938,57.508270263671875
2010-03-04,105.55999755859375,105.80999755859375,105.37999725341797,105.70999908447266,57.53546905517578
2010-03-05,105.62000274658203,105.63999938964844,105.11000061035156,105.58000183105469,57.46474838256836
2010-03-08,105.58000183105469,105.75,105.37999725341797,105.75,57.55727767944336
2010-03-09,105.70999908447266,105.81999969482422,105.58999633789062,105.6500015258789,57.502864837646484
2010-03-10,105.48999786376953,105.75,105.37000274658203,105.75,57.55727767944336
2010-03-11,105.58000183105469,105.75,105.44000244140625,105.70999908447266,57.53546905517578
2010-03-12,105.62000274658203,105.9800033569336,105.5,105.93000030517578,57.65519714355469
2010-03-15,105.97000122070312,105.9800033569336,105.66999816894531,105.91000366210938,57.644344329833984
2010-03-16,106.0,106.4000015258789,105.86000061035156,106.4000015258789,57.91108703613281
2010-03-17,106.58000183105469,106.86000061035156,106.4000015258789,106.79000091552734,58.12331771850586
2010-03-18,106.75,106.80999755859375,106.58000183105469,106.58000183105469,58.0090217590332
2010-03-19,106.5,106.76000213623047,106.4000015258789,106.5,57.96548080444336
2010-03-22,106.37999725341797,106.75,106.37999725341797,106.66999816894531,58.058048248291016
2010-03-23,106.73999786376953,106.8499984741211,106.5999984741211,106.5999984741211,58.019901275634766
2010-03-24,106.16000366210938,106.2699966430664,105.58999633789062,105.80999755859375,57.58994674682617
2010-03-25,105.66000366210938,105.79000091552734,105.23999786376953,105.43000030517578,57.3830680847168
2010-03-26,105.3499984741211,105.75,105.30999755859375,105.75,57.55727767944336
2010-03-29,105.73999786376953,105.79000091552734,105.37000274658203,105.66000366210938,57.508270263671875
2010-03-30,105.62999725341797,105.79000091552734,105.44999694824219,105.72000122070312,57.540950775146484
2010-03-31,105.81999969482422,106.01000213623047,105.7300033569336,105.7699966430664,57.56816101074219
2010-04-01,105.44999694824219,105.62000274658203,105.29000091552734,105.52999877929688,57.693363189697266
2010-04-05,105.01000213623047,105.12000274658203,104.44000244140625,104.55999755859375,57.163089752197266
2010-04-06,104.9000015258789,105.13999938964844,104.73999786376953,104.80999755859375,57.29974365234375
2010-04-07,104.93000030517578,105.48999786376953,104.93000030517578,105.33999633789062,57.5894775390625
2010-04-08,105.58999633789062,105.6500015258789,105.13999938964844,105.13999938964844,57.4801139831543
2010-04-09,105.25,105.4000015258789,105.02999877929688,105.20999908447266,57.5184211730957
2010-04-12,105.3499984741211,105.5999984741211,105.30000305175781,105.51000213623047,57.68241500854492
2010-04-13,105.76000213623047,105.91999816894531,105.58000183105469,105.88999938964844,57.89019012451172
2010-04-14,105.94999694824219,106.0,105.6500015258789,105.80000305175781,57.840980529785156
2010-04-15,105.79000091552734,106.13999938964844,105.66000366210938,105.9800033569336,57.9393424987793
2010-04-16,106.16000366210938,106.45999908447266,105.9800033569336,106.2300033569336,58.07601547241211
2010-04-19,106.36000061035156,106.36000061035156,105.95999908447266,105.95999908447266,57.9284553527832
2010-04-20,106.16999816894531,106.20999908447266,106.0199966430664,106.19000244140625,58.05414581298828
2010-04-21,106.4800033569336,106.72000122070312,106.2699966430664,106.55999755859375,58.25643539428711
2010-04-22,106.55999755859375,106.75,106.30000305175781,106.31999969482422,58.1252555847168
2010-04-23,106.2699966430664,106.37999725341797,106.16000366210938,106.30000305175781,58.114349365234375
2010-04-26,106.4800033569336,106.55999755859375,106.20999908447266,106.3499984741211,58.141639709472656
2010-04-27,106.58000183105469,106.93000030517578,106.25,106.41999816894531,58.17991638183594
2010-04-28,106.33999633789062,106.8499984741211,106.25,106.5999984741211,58.2783203125
2010-04-29,106.86000061035156,106.94999694824219,106.62999725341797,106.87000274658203,58.42594909667969
2010-04-30,107.0,107.54000091552734,106.87000274658203,107.30999755859375,58.66648864746094
2010-05-03,106.91000366210938,106.94999694824219,106.68000030517578,106.88999938964844,58.68405532836914
2010-05-04,107.05999755859375,107.3499984741211,106.94999694824219,107.0199966430664,58.755409240722656
2010-05-05,107.01000213623047,107.19000244140625,106.12999725341797,106.55999755859375,58.50286865234375
2010-05-06,106.3499984741211,106.61000061035156,102.47000122070312,104.80000305175781,57.536590576171875
2010-05-07,105.58999633789062,106.12000274658203,104.83000183105469,105.13999938964844,57.723262786865234
2010-05-10,105.4000015258789,105.97000122070312,105.4000015258789,105.80000305175781,58.08562088012695
2010-05-11,105.69999694824219,105.95999908447266,105.37000274658203,105.91000366210938,58.14601135253906
2010-05-12,105.77999877929688,106.04000091552734,105.5999984741211,105.87000274658203,58.12405776977539
2010-05-13,106.19000244140625,106.2300033569336,105.70999908447266,106.18000030517578,58.29423522949219
2010-05-14,106.33999633789062,106.68000030517578,105.97000122070312,106.1500015258789,58.27778244018555
2010-05-17,106.5199966430664,106.79000091552734,106.0,106.33000183105469,58.376609802246094
2010-05-18,106.66000366210938,106.9000015258789,106.29000091552734,106.66999816894531,58.563255310058594
2010-05-19,106.41000366210938,107.0,106.41000366210938,106.7300033569336,58.596187591552734
2010-05-20,106.80000305175781,106.93000030517578,106.26000213623047,106.48999786376953,58.46444320678711
2010-05-21,106.55999755859375,106.66000366210938,105.93000030517578,106.30999755859375,58.36564636230469
2010-05-24,106.36000061035156,106.68000030517578,106.3499984741211,106.58999633789062,58.51933288574219
2010-05-25,106.41999816894531,106.4800033569336,105.95999908447266,106.08000183105469,58.239341735839844
2010-05-26,106.13999938964844,106.19999694824219,105.76000213623047,106.1500015258789,58.27778244018555
2010-05-27,105.7300033569336,105.73999786376953,105.37999725341797,105.5999984741211,57.97579574584961
2010-05-28,105.79000091552734,106.02999877929688,105.4000015258789,105.45999908447266,57.8989372253418
2010-06-01,105.02999877929688,105.33000183105469,104.87000274658203,104.93000030517578,57.8509407043457
2010-06-02,104.93000030517578,105.30000305175781,104.93000030517578,105.30000305175781,58.054962158203125
2010-06-03,105.2699966430664,105.55000305175781,104.95999908447266,104.95999908447266,57.86750411987305
2010-06-04,105.22000122070312,105.66000366210938,105.0999984741211,105.5999984741211,58.22035217285156
2010-06-07,105.5,106.12999725341797,105.5,106.04000091552734,58.462974548339844
2010-06-08,105.9800033569336,106.2699966430664,105.76000213623047,106.04000091552734,58.462974548339844
2010-06-09,105.88999938964844,106.2300033569336,105.66000366210938,106.08000183105469,58.48503875732422
2010-06-10,105.73999786376953,105.94999694824219,105.45999908447266,105.63999938964844,58.242427825927734
2010-06-11,105.88999938964844,106.08000183105469,105.62000274658203,106.02999877929688,58.45747375488281
2010-06-14,105.66999816894531,105.83000183105469,105.44000244140625,105.83000183105469,58.34720993041992
2010-06-15,105.87000274658203,105.91999816894531,105.5199966430664,105.69999694824219,58.27553176879883
2010-06-16,105.83999633789062,105.9000015258789,105.55000305175781,105.80999755859375,58.3361930847168
2010-06-17,106.1500015258789,106.58999633789062,106.0,106.51000213623047,58.722068786621094
2010-06-18,106.52999877929688,106.66999816894531,106.36000061035156,106.5,58.716575622558594
2010-06-21,106.33000183105469,106.79000091552734,106.26000213623047,106.7699966430664,58.86543273925781
2010-06-22,106.63999938964844,107.33000183105469,106.61000061035156,107.29000091552734,59.15217590332031
2010-06-23,107.13999938964844,107.79000091552734,107.12999725341797,107.73999786376953,59.400272369384766
2010-06-24,107.77999877929688,107.83000183105469,107.25,107.30999755859375,59.16316223144531
2010-06-25,107.31999969482422,107.73999786376953,107.20999908447266,107.48999786376953,59.26237869262695
2010-06-28,107.9000015258789,108.12000274658203,107.7300033569336,108.08000183105469,59.58769226074219
2010-06-29,108.26000213623047,108.26000213623047,107.94000244140625,108.02999877929688,59.56011199951172
2010-06-30,108.2300033569336,108.45999908447266,108.18000030517578,108.45999908447266,59.79716873168945
2010-07-01,108.16000366210938,108.45999908447266,108.01000213623047,108.13999938964844,59.863616943359375
2010-07-02,108.1500015258789,108.22000122070312,107.7699966430664,107.83000183105469,59.691986083984375
2010-07-06,108.19999694824219,108.5999984741211,108.0,108.27999877929688,59.94109344482422
2010-07-07,108.22000122070312,108.54000091552734,108.20999908447266,108.3499984741211,59.9798698425293
2010-07-08,108.12000274658203,108.1500015258789,107.87000274658203,108.08000183105469,59.83036804199219
2010-07-09,108.08000183105469,108.12000274658203,107.86000061035156,107.94999694824219,59.75846481323242
2010-07-12,108.16999816894531,108.26000213623047,107.94000244140625,108.08000183105469,59.83036804199219
2010-07-13,108.19999694824219,108.30000305175781,107.95999908447266,108.13999938964844,59.863616943359375
2010-07-14,108.2300033569336,108.72000122070312,108.19999694824219,108.62000274658203,60.12933349609375
2010-07-15,108.62000274658203,108.91999816894531,108.62000274658203,108.80999755859375,60.234500885009766
2010-07-16,108.98999786376953,109.37000274658203,108.88999938964844,109.0,60.33965301513672
2010-07-19,108.95999908447266,109.13999938964844,108.87999725341797,108.9800033569336,60.328609466552734
2010-07-20,108.95999908447266,109.37000274658203,108.95999908447266,109.0999984741211,60.39506912231445
2010-07-21,108.98999786376953,109.62999725341797,108.94000244140625,109.62999725341797,60.688472747802734
2010-07-22,109.66000366210938,109.68000030517578,109.18000030517578,109.48999786376953,60.61091232299805
2010-07-23,109.66000366210938,109.69000244140625,109.37000274658203,109.62999725341797,60.688472747802734
2010-07-26,109.47000122070312,109.75,109.3499984741211,109.7300033569336,60.743804931640625
2010-07-27,109.51000213623047,109.80000305175781,109.36000061035156,109.36000061035156,60.53897476196289
2010-07-28,109.58999633789062,109.7699966430664,109.23999786376953,109.75,60.75490188598633
2010-07-29,109.66000366210938,109.9000015258789,109.54000091552734,109.79000091552734,60.777000427246094
2010-07-30,110.02999877929688,110.41999816894531,110.02999877929688,110.30000305175781,61.05934143066406
2010-08-02,109.91000366210938,109.94999694824219,109.55999755859375,109.62999725341797,60.929874420166016
2010-08-03,109.9000015258789,110.04000091552734,109.69999694824219,109.9000015258789,61.07987594604492
2010-08-04,109.83000183105469,109.94999694824219,109.55000305175781,109.55999755859375,60.89091110229492
2010-08-05,109.69000244140625,109.88999938964844,109.58999633789062,109.76000213623047,61.0020751953125
2010-08-06,110.19000244140625,110.4800033569336,110.05999755859375,110.38999938964844,61.35222244262695
2010-08-09,110.45999908447266,110.77999877929688,110.30000305175781,110.75,61.55231475830078
2010-08-10,110.5999984741211,110.7300033569336,110.37999725341797,110.61000061035156,61.474491119384766
2010-08-11,110.62999725341797,110.94000244140625,110.54000091552734,110.5999984741211,61.46894454956055
2010-08-12,110.54000091552734,110.69999694824219,110.18000030517578,110.20999908447266,61.252166748046875
2010-08-13,110.38999938964844,110.77999877929688,110.33999633789062,110.63999938964844,61.49116516113281
2010-08-16,111.27999877929688,111.97000122070312,111.27999877929688,111.86000061035156,62.1692008972168
2010-08-17,111.9000015258789,111.9800033569336,111.47000122070312,111.68000030517578,62.06919479370117
2010-08-18,111.79000091552734,111.98999786376953,111.5999984741211,111.77999877929688,62.12477493286133
2010-08-19,111.58999633789062,112.37999725341797,111.58000183105469,111.9000015258789,62.19140625
2010-08-20,111.8499984741211,112.25,111.80000305175781,112.0999984741211,62.30259704589844
2010-08-23,111.98999786376953,112.36000061035156,111.83000183105469,112.33999633789062,62.435997009277344
2010-08-24,112.61000061035156,112.80000305175781,112.3499984741211,112.5999984741211,62.58049392700195
2010-08-25,113.0,113.0,112.4000015258789,112.80999755859375,62.69724655151367
2010-08-26,112.75,112.95999908447266,112.58000183105469,112.91000366210938,62.75279235839844
2010-08-27,112.72000122070312,112.91000366210938,111.81999969482422,111.88999938964844,62.18585968017578
2010-08-30,112.45999908447266,112.72000122070312,111.9800033569336,112.62000274658203,62.591617584228516
2010-08-31,112.66000366210938,113.05000305175781,112.4000015258789,113.0,62.80280303955078
2010-09-01,112.3499984741211,112.38999938964844,111.44999694824219,111.7300033569336,62.330875396728516
2010-09-02,111.47000122070312,111.66999816894531,111.33000183105469,111.58999633789062,62.252750396728516
2010-09-03,110.72000122070312,111.1500015258789,110.66999816894531,110.75,61.78409957885742
2010-09-07,111.58999633789062,111.73999786376953,111.0,111.56999969482422,62.24159622192383
2010-09-08,111.4800033569336,111.5,111.19999694824219,111.3499984741211,62.118839263916016
2010-09-09,111.18000030517578,111.19999694824219,110.55999755859375,110.7699966430664,61.795318603515625
2010-09-10,110.51000213623047,110.94000244140625,110.41999816894531,110.8499984741211,61.83993148803711
2010-09-13,110.83000183105469,111.30000305175781,110.75,111.0,61.92361068725586
2010-09-14,111.19999694824219,111.5999984741211,111.12999725341797,111.5199966430664,62.21364212036133
2010-09-15,111.33999633789062,111.55999755859375,111.19999694824219,111.33999633789062,62.11333465576172
2010-09-16,111.04000091552734,111.05000305175781,110.70999908447266,110.98999786376953,61.91802215576172
2010-09-17,111.33999633789062,111.45999908447266,111.04000091552734,111.3499984741211,62.118839263916016
2010-09-20,111.48999786376953,111.58999633789062,111.30999755859375,111.48999786376953,62.19695281982422
2010-09-21,111.62000274658203,112.4800033569336,111.5999984741211,112.33999633789062,62.67116928100586
2010-09-22,112.44999694824219,112.58999633789062,112.18000030517578,112.2699966430664,62.632083892822266
2010-09-23,112.68000030517578,112.69999694824219,112.2699966430664,112.3499984741211,62.67674255371094
2010-09-24,112.33999633789062,112.33999633789062,112.01000213623047,112.0999984741211,62.53729248046875
2010-09-27,112.52999877929688,112.75,112.41000366210938,112.68000030517578,62.86081314086914
2010-09-28,112.68000030517578,113.19000244140625,112.61000061035156,112.87999725341797,62.97239685058594
2010-09-29,112.91999816894531,112.98999786376953,112.68000030517578,112.7699966430664,62.911067962646484
2010-09-30,112.76000213623047,113.1500015258789,112.19999694824219,113.08999633789062,63.089508056640625
2010-10-01,112.36000061035156,112.54000091552734,108.9800033569336,112.11000061035156,62.7838020324707
2010-10-04,112.12000274658203,112.36000061035156,112.12000274658203,112.29000091552734,62.88459396362305
2010-10-05,112.58999633789062,112.72000122070312,112.37999725341797,112.5199966430664,63.01341247558594
2010-10-06,113.12999725341797,113.9800033569336,113.06999969482422,113.25,63.42219924926758
2010-10-07,113.43000030517578,113.48999786376953,113.16999816894531,113.22000122070312,63.40541458129883
2010-10-08,113.5,113.58999633789062,113.06999969482422,113.11000061035156,63.34378433227539
2010-10-11,113.08999633789062,113.4000015258789,113.06999969482422,113.20999908447266,63.399803161621094
2010-10-12,113.27999877929688,113.48999786376953,112.95999908447266,113.04000091552734,63.30461883544922
2010-10-13,112.93000030517578,113.18000030517578,112.69999694824219,112.9800033569336,63.27102279663086
2010-10-14,112.83999633789062,112.94999694824219,112.05000305175781,112.06999969482422,62.76134490966797
2010-10-15,111.68000030517578,111.97000122070312,111.36000061035156,111.36000061035156,62.3637580871582
2010-10-18,111.79000091552734,112.1500015258789,111.76000213623047,112.12999725341797,62.7950439453125
2010-10-19,111.79000091552734,112.37999725341797,111.73999786376953,112.13999938964844,62.80055618286133
2010-10-20,112.19000244140625,112.62000274658203,111.91000366210938,112.33999633789062,62.91259765625
2010-10-21,112.29000091552734,112.56999969482422,112.04000091552734,112.04000091552734,62.74460220336914
2010-10-22,112.08999633789062,112.33999633789062,112.0,112.18000030517578,62.82303237915039
2010-10-25,112.81999969482422,112.91000366210938,112.55000305175781,112.58000183105469,63.046974182128906
2010-10-26,112.16000366210938,112.44000244140625,111.9800033569336,111.9800033569336,62.71099090576172
2010-10-27,111.66999816894531,111.91999816894531,111.66000366210938,111.69000244140625,62.54859161376953
2010-10-28,111.98999786376953,112.33999633789062,111.91000366210938,112.13999938964844,62.80055618286133
2010-10-29,112.16000366210938,112.5,112.12000274658203,112.36000061035156,62.923770904541016
2010-11-01,112.08000183105469,112.56999969482422,111.7699966430664,111.88999938964844,62.90239715576172
2010-11-02,112.08000183105469,112.45999908447266,112.08000183105469,112.41000366210938,63.19476318359375
2010-11-03,112.61000061035156,112.9000015258789,111.80000305175781,112.04000091552734,62.98676681518555
2010-11-04,112.58000183105469,113.19000244140625,112.58000183105469,113.0999984741211,63.58267593383789
2010-11-05,112.87000274658203,113.02999877929688,112.61000061035156,112.73999786376953,63.38027572631836
2010-11-08,112.8499984741211,112.9800033569336,112.56999969482422,112.80000305175781,63.41401290893555
2010-11-09,112.91000366210938,112.91999816894531,111.91000366210938,111.95999908447266,62.941802978515625
2010-11-10,111.62999725341797,111.93000030517578,110.80999755859375,111.72000122070312,62.80685043334961
2010-11-11,111.69999694824219,111.75,111.22000122070312,111.2300033569336,62.531394958496094
2010-11-12,111.0999984741211,111.25,110.41999816894531,110.44999694824219,62.092864990234375
2010-11-15,110.05999755859375,110.27999877929688,109.23999786376953,109.23999786376953,61.41264343261719
2010-11-16,109.5,109.9000015258789,109.0199966430664,109.81999969482422,61.73869323730469
2010-11-17,109.91000366210938,110.37000274658203,109.7699966430664,109.81999969482422,61.73869323730469
2010-11-18,109.93000030517578,110.08000183105469,109.4800033569336,109.9000015258789,61.78369903564453
2010-11-19,110.06999969482422,110.36000061035156,109.9000015258789,110.27999877929688,61.997344970703125
2010-11-22,110.5,110.91000366210938,110.5,110.88999938964844,62.340248107910156
2010-11-23,111.16000366210938,111.19000244140625,110.75,110.94999694824219,62.374000549316406
2010-11-24,110.44000244140625,110.45999908447266,109.86000061035156,110.04000091552734,61.86238098144531
2010-11-26,110.18000030517578,110.33999633789062,109.95999908447266,110.18000030517578,61.941104888916016
2010-11-29,110.31999969482422,110.5,110.19000244140625,110.29000091552734,62.00297546386719
2010-11-30,110.5999984741211,110.73999786376953,110.08000183105469,110.12000274658203,61.90742111206055
2010-12-01,109.4000015258789,109.55999755859375,109.06999969482422,109.44999694824219,61.76971435546875
2010-12-02,109.11000061035156,109.48999786376953,108.91999816894531,109.20999908447266,61.63421630859375
2010-12-03,109.43000030517578,109.66999816894531,108.86000061035156,108.9000015258789,61.459327697753906
2010-12-06,109.41000366210938,109.66000366210938,109.30999755859375,109.66000366210938,61.88819122314453
2010-12-07,109.1500015258789,109.3499984741211,108.27999877929688,108.63999938964844,61.312522888183594
2010-12-08,108.25,108.2699966430664,107.2300033569336,107.94000244140625,60.9174690246582
2010-12-09,108.05999755859375,108.4000015258789,107.77999877929688,108.19999694824219,61.06422424316406
2010-12-10,107.94999694824219,108.23999786376953,107.56999969482422,107.69999694824219,60.78203582763672
2010-12-13,107.61000061035156,108.37999725341797,107.56999969482422,108.0999984741211,61.007774353027344
2010-12-14,107.6500015258789,107.93000030517578,107.01000213623047,107.44000244140625,60.635284423828125
2010-12-15,107.62000274658203,107.81999969482422,106.68000030517578,106.7699966430664,60.25716781616211
2010-12-16,106.69000244140625,107.33999633789062,106.33999633789062,107.29000091552734,60.550662994384766
2010-12-17,107.37000274658203,108.31999969482422,107.36000061035156,108.2699966430664,61.10374069213867
2010-12-20,108.41999816894531,108.63999938964844,108.05999755859375,108.19999694824219,61.06422424316406
2010-12-21,108.33999633789062,108.47000122070312,107.93000030517578,108.43000030517578,61.19401168823242
2010-12-22,108.48999786376953,108.55999755859375,108.19999694824219,108.33999633789062,61.14321517944336
2010-12-23,108.22000122070312,108.38999938964844,108.08999633789062,108.38999938964844,61.171424865722656
2010-12-27,108.12999725341797,108.69000244140625,107.97000122070312,108.5999984741211,61.289920806884766
2010-12-28,108.0999984741211,108.19000244140625,107.22000122070312,107.30999755859375,60.80157470703125
2010-12-29,107.23999786376953,108.4000015258789,107.16999816894531,108.12000274658203,61.2604866027832
2010-12-30,107.97000122070312,108.20999908447266,107.69000244140625,108.16999816894531,61.2888069152832
2010-12-31,108.25,108.75,108.25,108.44000244140625,61.441768646240234
2011-01-03,108.22000122070312,108.88999938964844,108.05999755859375,108.86000061035156,61.67976379394531
2011-01-04,108.9800033569336,109.19000244140625,108.75,109.0,61.759090423583984
2011-01-05,108.51000213623047,108.58000183105469,108.0,108.19999694824219,61.30582046508789
2011-01-06,108.31999969482422,108.63999938964844,108.19999694824219,108.36000061035156,61.396480560302734
2011-01-07,108.26000213623047,109.05999755859375,108.19999694824219,108.91000366210938,61.708099365234375
2011-01-10,108.77999877929688,109.19999694824219,108.77999877929688,109.0999984741211,61.815799713134766
2011-01-11,108.9000015258789,109.16999816894531,108.58000183105469,109.05000305175781,61.787437438964844
2011-01-12,108.80999755859375,109.0199966430664,108.66999816894531,108.9800033569336,61.74774932861328
2011-01-13,108.8499984741211,109.45999908447266,108.7699966430664,109.44999694824219,62.014129638671875
2011-01-14,109.38999938964844,109.43000030517578,108.88999938964844,108.93000030517578,61.71945571899414
2011-01-18,108.80000305175781,109.08000183105469,108.4000015258789,108.87000274658203,61.68543243408203
2011-01-19,108.83000183105469,108.97000122070312,108.68000030517578,108.79000091552734,61.64012908935547
2011-01-20,108.58000183105469,108.75,107.69999694824219,108.31999969482422,61.373779296875
2011-01-21,108.18000030517578,108.55000305175781,108.13999938964844,108.4800033569336,61.464439392089844
2011-01-24,108.55000305175781,108.81999969482422,108.45999908447266,108.52999877929688,61.49281692504883
2011-01-25,108.81999969482422,109.18000030517578,108.41999816894531,109.06999969482422,61.798728942871094
2011-01-26,108.83000183105469,108.98999786376953,108.45999908447266,108.45999908447266,61.4531135559082
2011-01-27,108.5,108.79000091552734,108.33999633789062,108.63999938964844,61.55514144897461
2011-01-28,108.37000274658203,109.0199966430664,108.33999633789062,108.77999877929688,61.63445281982422
2011-01-31,108.72000122070312,109.0,108.44000244140625,108.4800033569336,61.464439392089844
2011-02-01,107.95999908447266,108.11000061035156,107.72000122070312,107.91000366210938,61.383148193359375
2011-02-02,108.12000274658203,108.1500015258789,107.55999755859375,107.69999694824219,61.26365280151367
2011-02-03,107.51000213623047,107.7699966430664,107.41999816894531,107.44000244140625,61.115814208984375
2011-02-04,107.30000305175781,107.44000244140625,106.87999725341797,107.11000061035156,60.92805862426758
2011-02-07,106.93000030517578,107.3499984741211,106.87999725341797,107.2300033569336,60.99632263183594
2011-02-08,107.26000213623047,107.47000122070312,106.79000091552734,106.83999633789062,60.77448654174805
2011-02-09,106.94999694824219,107.66000366210938,106.81999969482422,107.52999877929688,61.16697311401367
2011-02-10,107.19999694824219,107.38999938964844,106.94000244140625,107.0,60.865482330322266
2011-02-11,107.3499984741211,107.66000366210938,107.2300033569336,107.58999633789062,61.20107650756836
2011-02-14,107.33000183105469,107.86000061035156,107.33000183105469,107.66000366210938,61.24089431762695
2011-02-15,107.69000244140625,107.9000015258789,107.52999877929688,107.9000015258789,61.377445220947266
2011-02-16,107.88999938964844,108.16999816894531,107.6500015258789,107.7699966430664,61.30347442626953
2011-02-17,108.12000274658203,108.19999694824219,107.9000015258789,107.97000122070312,61.417240142822266
2011-02-18,107.70999908447266,108.12999725341797,107.66000366210938,108.12999725341797,61.50825500488281
2011-02-22,107.98999786376953,108.68000030517578,107.98999786376953,108.43000030517578,61.678924560546875
2011-02-23,108.6500015258789,108.75,108.25,108.30000305175781,61.60497283935547
2011-02-24,108.58999633789062,108.75,108.36000061035156,108.41999816894531,61.67317199707031
2011-02-25,108.70999908447266,108.95999908447266,108.54000091552734,108.93000030517578,61.96333312988281
2011-02-28,108.94000244140625,109.22000122070312,108.94000244140625,109.22000122070312,62.1283073425293
2011-03-01,108.43000030517578,108.80000305175781,108.37999725341797,108.79000091552734,62.129451751708984
2011-03-02,108.68000030517578,108.81999969482422,108.20999908447266,108.20999908447266,61.7982177734375
2011-03-03,108.08000183105469,108.1500015258789,107.69000244140625,107.75,61.53548812866211
2011-03-04,107.8499984741211,108.2699966430664,107.81999969482422,108.16000366210938,61.76964569091797
2011-03-07,107.73999786376953,108.27999877929688,107.73999786376953,107.88999938964844,61.61544418334961
2011-03-08,107.91999816894531,108.01000213623047,107.66000366210938,107.75,61.53548812866211
2011-03-09,107.9000015258789,108.38999938964844,107.80000305175781,108.30999755859375,61.855316162109375
2011-03-10,108.5,108.83999633789062,108.12999725341797,108.75,62.1065788269043
2011-03-11,108.70999908447266,109.0,108.52999877929688,108.6500015258789,62.04946517944336
2011-03-14,108.94000244140625,109.0999984741211,108.69999694824219,108.7699966430664,62.118011474609375
2011-03-15,109.02999877929688,109.06999969482422,108.62000274658203,108.76000213623047,62.1123046875
2011-03-16,109.26000213623047,109.98999786376953,109.05999755859375,109.41000366210938,62.48352813720703
2011-03-17,109.06999969482422,109.45999908447266,108.97000122070312,109.33999633789062,62.443546295166016
2011-03-18,108.94000244140625,109.48999786376953,108.93000030517578,109.41000366210938,62.48352813720703
2011-03-21,109.0999984741211,109.36000061035156,108.94000244140625,109.05999755859375,62.28360366821289
2011-03-22,108.83000183105469,109.29000091552734,108.83000183105469,109.26000213623047,62.39785385131836
2011-03-23,109.4000015258789,109.4800033569336,109.0,109.19000244140625,62.35786819458008
2011-03-24,109.08999633789062,109.13999938964844,108.77999877929688,108.83000183105469,62.15230941772461
2011-03-25,108.87000274658203,109.08000183105469,108.55000305175781,108.66999816894531,62.0609130859375
2011-03-28,108.5,108.86000061035156,108.36000061035156,108.70999908447266,62.0837516784668
2011-03-29,108.4000015258789,108.73999786376953,108.12000274658203,108.18000030517578,61.78109359741211
2011-03-30,108.19999694824219,108.55000305175781,108.19000244140625,108.55000305175781,61.992366790771484
2011-03-31,108.61000061035156,108.61000061035156,108.11000061035156,108.19999694824219,61.79243469238281
2011-04-01,107.76000213623047,108.38999938964844,107.5199966430664,108.27999877929688,62.08428955078125
2011-04-04,108.30000305175781,108.63999938964844,108.30000305175781,108.52999877929688,62.2276611328125
2011-04-05,108.61000061035156,108.61000061035156,108.25,108.58999633789062,62.2620735168457
2011-04-06,108.55999755859375,108.56999969482422,108.18000030517578,108.23999786376953,62.0613899230957
2011-04-07,108.30000305175781,108.33999633789062,108.0,108.08000183105469,61.96964645385742
2011-04-08,108.0,108.2300033569336,107.9000015258789,108.0199966430664,61.93525314331055
2011-04-11,107.9000015258789,108.18000030517578,107.9000015258789,108.02999877929688,61.94102478027344
2011-04-12,108.43000030517578,108.58000183105469,108.25,108.41000366210938,62.15885543823242
2011-04-13,108.23999786376953,108.66999816894531,108.23999786376953,108.5999984741211,62.2678108215332
2011-04-14,108.76000213623047,108.76000213623047,108.26000213623047,108.33000183105469,62.11297607421875
2011-04-15,108.7300033569336,109.0,108.7300033569336,108.9000015258789,62.439876556396484
2011-04-18,108.80999755859375,109.16000366210938,108.55999755859375,109.05000305175781,62.52582931518555
2011-04-19,109.19000244140625,109.44000244140625,109.08000183105469,109.27999877929688,62.657718658447266
2011-04-20,109.41000366210938,109.43000030517578,109.20999908447266,109.33000183105469,62.68639373779297
2011-04-21,109.37999725341797,109.69999694824219,109.26000213623047,109.43000030517578,62.74368667602539
2011-04-25,109.41000366210938,109.61000061035156,109.33999633789062,109.54000091552734,62.80678176879883
2011-04-26,109.62000274658203,110.08000183105469,109.61000061035156,110.05000305175781,63.09917449951172
2011-04-27,109.8499984741211,110.0,109.68000030517578,109.91000366210938,63.018943786621094
2011-04-28,109.94999694824219,110.29000091552734,109.8499984741211,110.26000213623047,63.21963882446289
2011-04-29,110.19000244140625,110.4800033569336,110.16000366210938,110.47000122070312,63.34003829956055
2011-05-02,110.05000305175781,110.43000030517578,109.95999908447266,110.30000305175781,63.48794174194336
2011-05-03,110.33000183105469,110.4000015258789,110.08999633789062,110.25,63.45915603637695
2011-05-04,110.45999908447266,110.58999633789062,110.30999755859375,110.41000366210938,63.551246643066406
2011-05-05,110.51000213623047,110.87999725341797,110.51000213623047,110.79000091552734,63.76998519897461
2011-05-06,110.55999755859375,111.02999877929688,110.41999816894531,110.79000091552734,63.76998519897461
2011-05-09,110.80999755859375,111.0,110.7300033569336,110.9000015258789,63.83329391479492
2011-05-10,110.80000305175781,110.83000183105469,110.4000015258789,110.44999694824219,63.574275970458984
2011-05-11,110.44999694824219,110.7699966430664,110.30999755859375,110.62999725341797,63.67787551879883
2011-05-12,110.56999969482422,110.69999694824219,110.18000030517578,110.37000274658203,63.52824783325195
2011-05-13,110.63999938964844,110.93000030517578,110.55000305175781,110.69999694824219,63.7181510925293
2011-05-16,110.63999938964844,111.08000183105469,110.5999984741211,111.0199966430664,63.90240478515625
2011-05-17,111.05000305175781,111.3499984741211,110.98999786376953,111.16999816894531,63.98874282836914
2011-05-18,111.23999786376953,111.36000061035156,110.87000274658203,110.88999938964844,63.82752990722656
2011-05-19,110.58999633789062,111.0999984741211,110.5,111.08000183105469,63.936920166015625
2011-05-20,110.95999908447266,111.08999633789062,110.80000305175781,111.0,63.89084243774414
2011-05-23,111.29000091552734,111.3499984741211,110.9000015258789,110.93000030517578,63.85063552856445
2011-05-24,110.86000061035156,111.19000244140625,110.80999755859375,111.06999969482422,63.93117141723633
2011-05-25,111.22000122070312,111.22000122070312,110.77999877929688,110.8499984741211,63.80451965332031
2011-05-26,111.0999984741211,111.33999633789062,110.9800033569336,111.33000183105469,64.08080291748047
2011-05-27,111.12000274658203,111.44999694824219,111.11000061035156,111.44999694824219,64.14984130859375
2011-05-31,111.43000030517578,111.58000183105469,111.30000305175781,111.44000244140625,64.14414978027344
2011-06-01,111.37999725341797,111.9000015258789,111.30999755859375,111.56999969482422,64.46479797363281
2011-06-02,111.25,111.25,110.54000091552734,110.55999755859375,63.881229400634766
2011-06-03,111.02999877929688,111.23999786376953,110.52999877929688,110.80000305175781,64.01988220214844
2011-06-06,110.52999877929688,110.77999877929688,110.44999694824219,110.61000061035156,63.91008758544922
2011-06-07,110.52999877929688,111.02999877929688,110.47000122070312,110.98999786376953,64.12967681884766
2011-06-08,111.02999877929688,111.23999786376953,110.91000366210938,111.05999755859375,64.17012786865234
2011-06-09,111.1500015258789,111.25,110.55999755859375,110.76000213623047,63.996768951416016
2011-06-10,110.81999969482422,110.98999786376953,110.52999877929688,110.62999725341797,63.92164993286133
2011-06-13,110.58999633789062,110.87000274658203,110.4800033569336,110.75,63.99098587036133
2011-06-14,110.41999816894531,110.55000305175781,110.30999755859375,110.41999816894531,63.80034255981445
2011-06-15,110.3499984741211,111.05000305175781,110.30000305175781,111.02999877929688,64.15280151367188
2011-06-16,111.0,111.08999633789062,110.7300033569336,110.81999969482422,64.03138732910156
2011-06-17,110.77999877929688,111.05000305175781,110.76000213623047,110.86000061035156,64.05458068847656
2011-06-20,110.98999786376953,111.0,110.62000274658203,110.87999725341797,64.06609344482422
2011-06-21,110.8499984741211,111.05999755859375,110.6500015258789,110.8499984741211,64.04878234863281
2011-06-22,111.08999633789062,111.0999984741211,110.69999694824219,111.0,64.13543701171875
2011-06-23,111.05999755859375,111.43000030517578,111.0,111.29000091552734,64.30298614501953
2011-06-24,111.30999755859375,111.55999755859375,111.19000244140625,111.3499984741211,64.33765411376953
2011-06-27,111.38999938964844,111.41999816894531,110.91000366210938,110.98999786376953,64.12967681884766
2011-06-28,110.73999786376953,110.81999969482422,110.12999725341797,110.22000122070312,63.68482208251953
2011-06-29,110.19000244140625,110.33999633789062,109.80000305175781,109.97000122070312,63.540287017822266
2011-06-30,110.16999816894531,110.20999908447266,109.56999969482422,110.12999725341797,63.632747650146484
2011-07-01,109.95999908447266,109.95999908447266,109.38999938964844,109.70999908447266,63.636234283447266
2011-07-05,109.72000122070312,110.37999725341797,109.72000122070312,110.0999984741211,63.862449645996094
2011-07-06,110.18000030517578,110.33999633789062,110.01000213623047,110.33000183105469,63.99593734741211
2011-07-07,110.06999969482422,110.43000030517578,110.0,110.36000061035156,64.01325225830078
2011-07-08,110.80000305175781,111.1500015258789,110.51000213623047,111.06999969482422,64.42510986328125
2011-07-11,111.36000061035156,111.5,111.0,111.44000244140625,64.63967895507812
2011-07-12,111.75,111.75,111.33999633789062,111.52999877929688,64.69196319580078
2011-07-13,111.66000366210938,111.8499984741211,111.41000366210938,111.80999755859375,64.85435485839844
2011-07-14,111.5999984741211,111.6500015258789,111.06999969482422,111.12000274658203,64.4541244506836
2011-07-15,111.06999969482422,111.37999725341797,110.97000122070312,111.37000274658203,64.59915924072266
2011-07-18,111.30999755859375,111.33999633789062,110.81999969482422,110.94000244140625,64.34967041015625
2011-07-19,110.9800033569336,111.56999969482422,110.93000030517578,111.4800033569336,64.66294860839844
2011-07-20,111.41999816894531,111.58999633789062,111.12000274658203,111.22000122070312,64.5121078491211
2011-07-21,111.05000305175781,111.26000213623047,110.8499984741211,111.05000305175781,64.41349792480469
2011-07-22,111.33000183105469,111.52999877929688,111.18000030517578,111.5,64.6745376586914
2011-07-25,111.0199966430664,111.44000244140625,110.81999969482422,110.97000122070312,64.36711120605469
2011-07-26,111.08999633789062,111.68000030517578,111.08999633789062,111.45999908447266,64.65131378173828
2011-07-27,111.31999969482422,111.43000030517578,110.98999786376953,111.12999725341797,64.45993041992188
2011-07-28,111.45999908447266,111.52999877929688,111.29000091552734,111.37000274658203,64.59915924072266
2011-07-29,111.69999694824219,112.44000244140625,111.54000091552734,112.37000274658203,65.17918395996094
2011-08-01,112.23999786376953,112.83000183105469,112.12999725341797,112.27999877929688,65.37186431884766
2011-08-02,112.58999633789062,113.23999786376953,112.3499984741211,113.22000122070312,65.91912078857422
2011-08-03,113.37000274658203,113.70999908447266,113.1500015258789,113.18000030517578,65.89588165283203
2011-08-04,113.41000366210938,114.16999816894531,113.29000091552734,114.0,66.37329864501953
2011-08-05,113.86000061035156,113.91999816894531,112.37999725341797,112.58999633789062,65.55233001708984
2011-08-08,112.47000122070312,112.47000122070312,111.51000213623047,111.5199966430664,64.92939758300781
2011-08-09,111.68000030517578,113.63999938964844,111.55000305175781,112.5199966430664,65.5115966796875
2011-08-10,113.18000030517578,113.73999786376953,112.79000091552734,113.52999877929688,66.09965515136719
2011-08-11,112.19999694824219,113.30000305175781,110.80999755859375,111.19999694824219,64.74310302734375
2011-08-12,111.7699966430664,112.62999725341797,111.5199966430664,112.47000122070312,65.48249053955078
2011-08-15,112.52999877929688,112.80999755859375,112.30000305175781,112.68000030517578,65.60478973388672
2011-08-16,112.5199966430664,113.30999755859375,112.41000366210938,113.08999633789062,65.84349060058594
2011-08-17,113.37999725341797,113.7300033569336,112.9800033569336,113.4000015258789,66.02394104003906
2011-08-18,113.93000030517578,114.0,113.20999908447266,113.55000305175781,66.11128997802734
2011-08-19,113.44999694824219,113.61000061035156,113.18000030517578,113.41000366210938,66.02977752685547
2011-08-22,113.55000305175781,113.6500015258789,112.91000366210938,112.98999786376953,65.7852554321289
2011-08-23,112.45999908447266,112.5,111.44999694824219,111.69999694824219,65.03417205810547
2011-08-24,111.4800033569336,111.62000274658203,110.19999694824219,110.37999725341797,64.26566314697266
2011-08-25,110.91000366210938,111.18000030517578,110.66999816894531,110.98999786376953,64.62086486816406
2011-08-26,111.13999938964844,111.62000274658203,110.88999938964844,111.04000091552734,64.64996337890625
2011-08-29,110.94999694824219,111.47000122070312,110.8499984741211,111.4000015258789,64.85955810546875
2011-08-30,111.7699966430664,112.16000366210938,111.66000366210938,111.98999786376953,65.20306396484375
2011-08-31,112.44999694824219,112.73999786376953,112.19999694824219,112.33000183105469,65.40101623535156
2011-09-01,112.37999725341797,112.55999755859375,111.52999877929688,112.0,65.44947052001953
2011-09-02,112.80000305175781,113.0,112.25,112.69000244140625,65.85270690917969
2011-09-06,112.83999633789062,113.95999908447266,112.51000213623047,113.3499984741211,66.23839569091797
2011-09-07,113.56999969482422,113.81999969482422,113.26000213623047,113.56999969482422,66.366943359375
2011-09-08,113.73999786376953,113.73999786376953,113.1500015258789,113.47000122070312,66.30852508544922
2011-09-09,113.4000015258789,113.9000015258789,113.08000183105469,113.58999633789062,66.37859344482422
2011-09-12,113.05000305175781,113.5199966430664,112.81999969482422,112.9000015258789,65.97538757324219
2011-09-13,112.69000244140625,112.9800033569336,112.5,112.87999725341797,65.9637451171875
2011-09-14,112.68000030517578,113.11000061035156,112.68000030517578,112.83000183105469,65.93450164794922
2011-09-15,112.41999816894531,112.62999725341797,112.25,112.44000244140625,65.70657348632812
2011-09-16,112.30000305175781,112.81999969482422,112.30000305175781,112.44000244140625,65.70657348632812
2011-09-19,113.0,113.19999694824219,112.91999816894531,113.05999755859375,66.06893157958984
2011-09-20,113.0999984741211,113.31999969482422,113.0,113.11000061035156,66.09814453125
2011-09-21,113.11000061035156,113.55000305175781,112.75,113.37000274658203,66.25008392333984
2011-09-22,113.68000030517578,113.80999755859375,112.9000015258789,113.58999633789062,66.37859344482422
2011-09-23,113.44999694824219,113.5199966430664,112.88999938964844,112.88999938964844,65.96955108642578
2011-09-26,112.69999694824219,113.0199966430664,112.44999694824219,112.68000030517578,65.84687805175781
2011-09-27,112.1500015258789,112.55000305175781,112.04000091552734,112.31999969482422,65.63645935058594
2011-09-28,112.18000030517578,112.18000030517578,111.66000366210938,111.87000274658203,65.3735122680664
2011-09-29,112.0999984741211,112.2699966430664,111.75,111.75,65.30339050292969
2011-09-30,112.33000183105469,112.43000030517578,111.9000015258789,112.30999755859375,65.63063049316406
2011-10-03,112.0199966430664,112.19000244140625,111.69000244140625,112.0999984741211,65.75262451171875
2011-10-04,112.13999938964844,112.1500015258789,110.75,111.12000274658203,65.1778335571289
2011-10-05,111.26000213623047,111.5999984741211,110.69000244140625,111.58000183105469,65.4476318359375
2011-10-06,111.63999938964844,111.81999969482422,111.08000183105469,111.12999725341797,65.18367004394531
2011-10-07,111.1500015258789,111.48999786376953,110.94999694824219,111.02999877929688,65.12500762939453
2011-10-10,111.02999877929688,111.36000061035156,110.6500015258789,111.23999786376953,65.24822998046875
2011-10-11,111.54000091552734,111.75,111.13999938964844,111.54000091552734,65.42420196533203
2011-10-12,111.54000091552734,111.87999725341797,111.20999908447266,111.70999908447266,65.52387237548828
2011-10-13,111.9800033569336,112.01000213623047,111.66000366210938,111.80999755859375,65.58253479003906
2011-10-14,111.13999938964844,111.91999816894531,111.08000183105469,111.73999786376953,65.54144287109375
2011-10-17,111.94999694824219,111.94999694824219,111.62999725341797,111.66000366210938,65.49456024169922
2011-10-18,111.8499984741211,112.27999877929688,111.80000305175781,112.05000305175781,65.72337341308594
2011-10-19,112.27999877929688,112.5,112.0,112.33999633789062,65.89344787597656
2011-10-20,112.30000305175781,112.6500015258789,112.06999969482422,112.58999633789062,66.04005432128906
2011-10-21,112.6500015258789,113.0199966430664,112.63999938964844,112.95999908447266,66.2570571899414
2011-10-24,113.22000122070312,113.54000091552734,113.19999694824219,113.54000091552734,66.5973129272461
2011-10-25,113.4800033569336,114.19999694824219,113.43000030517578,114.0999984741211,66.92578887939453
2011-10-26,114.22000122070312,114.30999755859375,113.7699966430664,114.0199966430664,66.87879943847656
2011-10-27,113.97000122070312,114.63999938964844,113.9000015258789,114.0,66.86709594726562
2011-10-28,114.25,114.72000122070312,114.04000091552734,114.44000244140625,67.12518310546875
2011-10-31,114.63999938964844,114.94999694824219,114.3499984741211,114.69999694824219,67.27767181396484
2011-11-01,114.69999694824219,114.98999786376953,114.36000061035156,114.87000274658203,67.61434936523438
2011-11-02,114.73999786376953,115.31999969482422,114.5999984741211,115.29000091552734,67.86157989501953
2011-11-03,115.16999816894531,115.52999877929688,114.86000061035156,115.3499984741211,67.89693450927734
2011-11-04,115.30000305175781,115.68000030517578,115.0199966430664,115.58000183105469,68.03225708007812
2011-11-07,115.4000015258789,115.68000030517578,115.06999969482422,115.12000274658203,67.76153564453125
2011-11-08,115.11000061035156,115.23999786376953,114.37000274658203,114.41000366210938,67.34359741210938
2011-11-09,114.62000274658203,114.87999725341797,114.05999755859375,114.11000061035156,67.16704559326172
2011-11-10,113.77999877929688,113.87000274658203,113.05999755859375,113.54000091552734,66.83149719238281
2011-11-11,113.56999969482422,113.58000183105469,112.9800033569336,113.33999633789062,66.71379852294922
2011-11-14,113.41000366210938,113.61000061035156,113.19999694824219,113.33000183105469,66.70789337158203
2011-11-15,113.26000213623047,113.55000305175781,113.01000213623047,113.22000122070312,66.64315032958984
2011-11-16,113.37000274658203,113.37000274658203,112.75,112.86000061035156,66.43123626708984
2011-11-17,112.7300033569336,112.93000030517578,111.9000015258789,111.97000122070312,65.90741729736328
2011-11-18,111.97000122070312,112.19999694824219,111.77999877929688,112.1500015258789,66.0133285522461
2011-11-21,112.12000274658203,112.12000274658203,111.58000183105469,111.69000244140625,65.7425537109375
2011-11-22,111.51000213623047,111.72000122070312,111.4000015258789,111.4000015258789,65.57189178466797
2011-11-23,111.19999694824219,111.19999694824219,110.6500015258789,110.83000183105469,65.23637390136719
2011-11-25,110.61000061035156,110.83000183105469,110.33000183105469,110.38999938964844,64.97737884521484
2011-11-28,110.12999725341797,110.80999755859375,109.80999755859375,110.44000244140625,65.0068130493164
2011-11-29,110.38999938964844,110.43000030517578,109.93000030517578,110.19000244140625,64.85970306396484
2011-11-30,110.80000305175781,110.9000015258789,110.44000244140625,110.69000244140625,65.15393829345703
2011-12-01,110.30000305175781,110.63999938964844,110.11000061035156,110.55999755859375,65.30519104003906
2011-12-02,110.8499984741211,111.55000305175781,110.56999969482422,111.5,65.86039733886719
2011-12-05,111.5,112.33000183105469,111.44999694824219,112.33000183105469,66.35065460205078
2011-12-06,112.05999755859375,112.37000274658203,111.66999816894531,111.7300033569336,65.9962387084961
2011-12-07,112.16000366210938,112.47000122070312,111.98999786376953,112.43000030517578,66.40975189208984
2011-12-08,112.30000305175781,112.33999633789062,111.95999908447266,112.05000305175781,66.18531799316406
2011-12-09,112.37999725341797,112.44000244140625,111.5,111.62000274658203,65.93128967285156
2011-12-12,111.91000366210938,111.95999908447266,111.47000122070312,111.62999725341797,65.93721771240234
2011-12-13,111.68000030517578,112.29000091552734,111.6500015258789,112.01000213623047,66.16161346435547
2011-12-14,112.1500015258789,112.29000091552734,111.9000015258789,112.19999694824219,66.27386474609375
2011-12-15,112.19999694824219,112.5,112.19000244140625,112.37999725341797,66.38020324707031
2011-12-16,112.5,113.05000305175781,112.44999694824219,113.01000213623047,66.75230407714844
2011-12-19,113.12999725341797,113.48999786376953,112.87000274658203,113.41000366210938,66.98860931396484
2011-12-20,113.31999969482422,113.58000183105469,113.19999694824219,113.33000183105469,66.94135284423828
2011-12-21,113.37999725341797,113.44000244140625,112.8499984741211,112.8499984741211,66.65779113769531
2011-12-22,113.19000244140625,113.5,113.11000061035156,113.44000244140625,67.00634002685547
2011-12-23,113.3499984741211,113.3499984741211,112.94999694824219,113.08999633789062,66.79957580566406
2011-12-27,112.81999969482422,113.13999938964844,112.43000030517578,113.12999725341797,67.05329895019531
2011-12-28,113.27999877929688,113.5,113.05000305175781,113.33999633789062,67.1777114868164
2011-12-29,113.48999786376953,113.5,113.0199966430664,113.27999877929688,67.14214324951172
2011-12-30,113.44999694824219,113.8499984741211,113.33000183105469,113.76000213623047,67.42668151855469
2012-01-03,113.80000305175781,114.0,113.5,113.66999816894531,67.37332153320312
2012-01-04,113.75,113.94999694824219,113.44000244140625,113.76000213623047,67.42668151855469
2012-01-05,113.69999694824219,113.76000213623047,113.19999694824219,113.2699966430664,67.13623809814453
2012-01-06,113.48999786376953,113.81999969482422,113.38999938964844,113.70999908447266,67.39701843261719
2012-01-09,113.83000183105469,113.93000030517578,113.54000091552734,113.54000091552734,67.29627990722656
2012-01-10,113.69999694824219,113.91999816894531,113.61000061035156,113.86000061035156,67.48593139648438
2012-01-11,113.88999938964844,114.05000305175781,113.80999755859375,113.83999633789062,67.47409057617188
2012-01-12,114.18000030517578,114.37999725341797,114.01000213623047,114.0999984741211,67.62818145751953
2012-01-13,114.44000244140625,114.81999969482422,114.3499984741211,114.51000213623047,67.87122344970703
2012-01-17,114.77999877929688,114.88999938964844,114.61000061035156,114.86000061035156,68.07864379882812
2012-01-18,115.0,115.04000091552734,114.58999633789062,114.62999725341797,67.94231414794922
2012-01-19,114.7699966430664,114.93000030517578,114.41999816894531,114.5999984741211,67.92451477050781
2012-01-20,114.52999877929688,114.61000061035156,114.20999908447266,114.30999755859375,67.75263977050781
2012-01-23,114.23999786376953,114.4000015258789,114.13999938964844,114.13999938964844,67.65191650390625
2012-01-24,114.23999786376953,114.56999969482422,114.16000366210938,114.55000305175781,67.89496612548828
2012-01-25,114.61000061035156,115.52999877929688,114.38999938964844,114.94000244140625,68.12603759765625
2012-01-26,115.62999725341797,115.87000274658203,115.51000213623047,115.83999633789062,68.65948486328125
2012-01-27,115.91000366210938,116.20999908447266,115.75,116.01000213623047,68.76028442382812
2012-01-30,116.4000015258789,116.41000366210938,115.83999633789062,115.86000061035156,68.67133331298828
2012-01-31,116.13999938964844,116.37999725341797,115.94999694824219,116.19999694824219,68.8729019165039
2012-02-01,116.08000183105469,116.31999969482422,115.73999786376953,116.2699966430664,69.14703369140625
2012-02-02,116.27999877929688,116.56999969482422,116.19999694824219,116.51000213623047,69.28975677490234
2012-02-03,116.0999984741211,116.38999938964844,115.9000015258789,116.33999633789062,69.18863677978516
2012-02-06,116.23999786376953,116.83999633789062,116.23999786376953,116.63999938964844,69.36713409423828
2012-02-07,116.44000244140625,116.55999755859375,116.19999694824219,116.41999816894531,69.23628234863281
2012-02-08,116.47000122070312,116.6500015258789,116.31999969482422,116.54000091552734,69.30760955810547
2012-02-09,116.5,116.51000213623047,115.9800033569336,116.16999816894531,69.08759307861328
2012-02-10,116.18000030517578,116.25,115.83000183105469,116.05999755859375,69.02215576171875
2012-02-13,116.5,116.52999877929688,116.29000091552734,116.45999908447266,69.26001739501953
2012-02-14,116.5199966430664,116.73999786376953,116.4000015258789,116.55000305175781,69.31350708007812
2012-02-15,116.6500015258789,116.86000061035156,116.3499984741211,116.38999938964844,69.21837615966797
2012-02-16,116.43000030517578,116.43000030517578,116.0199966430664,116.19000244140625,69.09944915771484
2012-02-17,115.95999908447266,116.13999938964844,115.83000183105469,116.01000213623047,68.99242401123047
2012-02-21,116.16999816894531,116.30000305175781,115.81999969482422,115.81999969482422,68.87944030761719
2012-02-22,116.16999816894531,116.58000183105469,115.94000244140625,116.54000091552734,69.30760955810547
2012-02-23,116.44999694824219,116.72000122070312,116.22000122070312,116.69999694824219,69.40277099609375
2012-02-24,116.83000183105469,116.98999786376953,116.52999877929688,116.79000091552734,69.45630645751953
2012-02-27,117.18000030517578,117.30000305175781,116.97000122070312,117.22000122070312,69.7120132446289
2012-02-28,117.5,117.80000305175781,117.41000366210938,117.58999633789062,69.9320068359375
2012-02-29,117.5999984741211,117.87000274658203,117.4000015258789,117.69999694824219,69.9974365234375
2012-03-01,116.94000244140625,117.19000244140625,116.79000091552734,117.0199966430664,69.8321533203125
2012-03-02,117.02999877929688,117.37000274658203,117.01000213623047,117.05999755859375,69.85601806640625
2012-03-05,117.18000030517578,117.30999755859375,116.69000244140625,116.8499984741211,69.73070526123047
2012-03-06,116.81999969482422,116.91000366210938,116.5,116.66999816894531,69.62328338623047
2012-03-07,116.68000030517578,116.8499984741211,116.5199966430664,116.62000274658203,69.59347534179688
2012-03-08,116.72000122070312,116.83000183105469,116.52999877929688,116.63999938964844,69.60541534423828
2012-03-09,116.52999877929688,116.5999984741211,116.2699966430664,116.58000183105469,69.56961059570312
2012-03-12,116.75,116.77999877929688,116.33999633789062,116.3499984741211,69.43230438232422
2012-03-13,116.2699966430664,116.4000015258789,115.91999816894531,116.02999877929688,69.24140167236328
2012-03-14,115.73999786376953,115.73999786376953,114.5999984741211,114.6500015258789,68.41788482666016
2012-03-15,114.72000122070312,115.12000274658203,114.29000091552734,114.4000015258789,68.26868438720703
2012-03-16,114.19999694824219,114.58999633789062,114.0,114.56999969482422,68.37010192871094
2012-03-19,114.54000091552734,114.62999725341797,114.16000366210938,114.41000366210938,68.27465057373047
2012-03-20,114.18000030517578,114.5,114.05000305175781,114.33999633789062,68.23286437988281
2012-03-21,114.58000183105469,114.9000015258789,114.45999908447266,114.86000061035156,68.54318237304688
2012-03-22,114.81999969482422,114.83999633789062,114.5999984741211,114.66999816894531,68.42981719970703
2012-03-23,114.91999816894531,115.0999984741211,114.76000213623047,114.76000213623047,68.48351287841797
2012-03-26,115.0199966430664,115.27999877929688,114.81999969482422,115.01000213623047,68.63270568847656
2012-03-27,115.0199966430664,115.94999694824219,115.0199966430664,115.9000015258789,69.1638412475586
2012-03-28,115.7300033569336,116.0,115.5199966430664,115.68000030517578,69.03252410888672
2012-03-29,115.87000274658203,116.04000091552734,115.62000274658203,115.91000366210938,69.16979217529297
2012-03-30,116.0999984741211,116.18000030517578,115.4800033569336,115.62999725341797,69.00270080566406
2012-04-02,115.43000030517578,115.5999984741211,115.16000366210938,115.52999877929688,69.18052673339844
2012-04-03,115.5,115.80000305175781,114.38999938964844,114.43000030517578,68.52189636230469
2012-04-04,114.80999755859375,114.98999786376953,114.63999938964844,114.6500015258789,68.65359497070312
2012-04-05,114.87999725341797,115.12999725341797,114.5999984741211,114.83999633789062,68.76737213134766
2012-04-09,115.6500015258789,115.73999786376953,115.38999938964844,115.58999633789062,69.21650695800781
2012-04-10,115.80999755859375,115.80999755859375,115.47000122070312,115.5199966430664,69.17454528808594
2012-04-11,115.5199966430664,115.58000183105469,114.98999786376953,115.4000015258789,69.10269165039062
2012-04-12,115.5999984741211,115.69999694824219,115.38999938964844,115.44999694824219,69.13262939453125
2012-04-13,115.69999694824219,116.04000091552734,115.69999694824219,116.0,69.46197509765625
2012-04-16,115.97000122070312,116.29000091552734,115.9000015258789,116.0,69.46197509765625
2012-04-17,115.97000122070312,116.16999816894531,115.80999755859375,116.1500015258789,69.55180358886719
2012-04-18,116.2300033569336,116.27999877929688,116.05000305175781,116.12999725341797,69.53987884521484
2012-04-19,116.38999938964844,116.4000015258789,116.12999725341797,116.20999908447266,69.5877456665039
2012-04-20,116.08000183105469,116.2699966430664,115.93000030517578,116.18000030517578,69.56975555419922
2012-04-23,116.4000015258789,116.41000366210938,116.1500015258789,116.19999694824219,69.58172607421875
2012-04-24,116.16000366210938,116.20999908447266,115.94000244140625,115.98999786376953,69.4559555053711
2012-04-25,115.8499984741211,116.2300033569336,115.75,116.19000244140625,69.57575225830078
2012-04-26,116.25,116.54000091552734,116.23999786376953,116.37999725341797,69.68949890136719
2012-04-27,116.47000122070312,116.5999984741211,116.2699966430664,116.55000305175781,69.79131317138672
2012-04-30,116.68000030517578,116.76000213623047,116.41999816894531,116.4800033569336,69.74945831298828
2012-05-01,116.38999938964844,116.51000213623047,115.83000183105469,115.87000274658203,69.61656951904297
2012-05-02,116.12999725341797,116.29000091552734,116.05999755859375,116.25,69.84494018554688
2012-05-03,116.25,116.44999694824219,116.11000061035156,116.31999969482422,69.88700103759766
2012-05-04,116.4800033569336,116.58000183105469,116.44000244140625,116.44999694824219,69.96504974365234
2012-05-07,116.5,116.69999694824219,116.4000015258789,116.6500015258789,70.08526611328125
2012-05-08,116.75,117.0,116.62000274658203,116.94000244140625,70.25950622558594
2012-05-09,116.6500015258789,116.98999786376953,116.56999969482422,116.73999786376953,70.13932800292969
2012-05-10,116.62000274658203,116.68000030517578,116.30000305175781,116.5,69.99513244628906
2012-05-11,116.77999877929688,117.0,116.75,116.8499984741211,70.20541381835938
2012-05-14,117.05999755859375,117.18000030517578,116.76000213623047,116.87999725341797,70.22345733642578
2012-05-15,117.05999755859375,117.05999755859375,116.62000274658203,116.7300033569336,70.13331604003906
2012-05-16,116.30999755859375,116.91000366210938,116.22000122070312,116.79000091552734,70.16938018798828
2012-05-17,116.38999938964844,116.44999694824219,115.9000015258789,115.91999816894531,69.64665985107422
2012-05-18,115.75,115.7699966430664,115.38999938964844,115.47000122070312,69.37627410888672
2012-05-21,115.47000122070312,115.66000366210938,115.25,115.5999984741211,69.45441436767578
2012-05-22,115.37999725341797,115.5999984741211,115.22000122070312,115.29000091552734,69.26815795898438
2012-05-23,115.38999938964844,115.80000305175781,115.37000274658203,115.56999969482422,69.4364013671875
2012-05-24,115.58999633789062,115.63999938964844,115.43000030517578,115.58999633789062,69.44843292236328
2012-05-25,115.68000030517578,115.91000366210938,115.5999984741211,115.87999725341797,69.62265014648438
2012-05-29,115.9800033569336,116.29000091552734,115.94999694824219,116.05000305175781,69.72479248046875
2012-05-30,116.4800033569336,116.56999969482422,116.12999725341797,116.1500015258789,69.78486633300781
2012-05-31,116.48999786376953,117.0,116.25,116.97000122070312,70.27751922607422
2012-06-01,116.58999633789062,117.30000305175781,116.33000183105469,117.29000091552734,70.70918273925781
2012-06-04,116.75,116.91000366210938,116.36000061035156,116.4000015258789,70.17262268066406
2012-06-05,116.2699966430664,116.48999786376953,116.06999969482422,116.1500015258789,70.02191162109375
2012-06-06,116.2699966430664,116.2699966430664,115.56999969482422,115.80999755859375,69.81694030761719
2012-06-07,115.88999938964844,116.0999984741211,115.7300033569336,116.05000305175781,69.96163177490234
2012-06-08,116.55999755859375,116.66999816894531,116.19999694824219,116.4800033569336,70.22089385986328
2012-06-11,116.45999908447266,116.7300033569336,116.27999877929688,116.45999908447266,70.20878601074219
2012-06-12,116.3499984741211,116.43000030517578,115.93000030517578,116.12000274658203,70.00385284423828
2012-06-13,116.19000244140625,116.55000305175781,116.04000091552734,116.54000091552734,70.25703430175781
2012-06-14,116.4800033569336,116.55999755859375,116.16999816894531,116.4000015258789,70.17262268066406
2012-06-15,116.75,116.95999908447266,116.62000274658203,116.87999725341797,70.4620132446289
2012-06-18,116.95999908447266,117.0,116.69999694824219,116.83000183105469,70.43182373046875
2012-06-19,116.97000122070312,117.30999755859375,116.66999816894531,116.72000122070312,70.36550903320312
2012-06-20,116.66000366210938,116.9800033569336,116.4800033569336,116.7699966430664,70.39570617675781
2012-06-21,116.9800033569336,117.2699966430664,116.91999816894531,116.94999694824219,70.50418090820312
2012-06-22,116.94000244140625,117.12000274658203,116.80000305175781,116.86000061035156,70.449951171875
2012-06-25,117.12000274658203,117.33999633789062,116.95999908447266,117.16000366210938,70.63082885742188
2012-06-26,117.08999633789062,117.41999816894531,117.0199966430664,117.27999877929688,70.70311737060547
2012-06-27,117.48999786376953,117.61000061035156,117.31999969482422,117.44000244140625,70.79964447021484
2012-06-28,117.68000030517578,117.86000061035156,117.61000061035156,117.62000274658203,70.90811157226562
2012-06-29,117.5,117.80999755859375,117.4000015258789,117.58999633789062,70.89002227783203
2012-07-02,117.58000183105469,118.0,117.44999694824219,117.81999969482422,71.26624298095703
2012-07-03,117.86000061035156,117.98999786376953,117.73999786376953,117.91999816894531,71.32677459716797
2012-07-05,117.9800033569336,118.33999633789062,117.93000030517578,118.22000122070312,71.50821685791016
2012-07-06,118.38999938964844,118.56999969482422,118.0199966430664,118.5199966430664,71.6896743774414
2012-07-09,118.41000366210938,118.76000213623047,118.37999725341797,118.5999984741211,71.73807525634766
2012-07-10,118.7699966430664,118.86000061035156,118.56999969482422,118.56999969482422,71.71990966796875
2012-07-11,118.80000305175781,119.11000061035156,118.75,118.7699966430664,71.84087371826172
2012-07-12,118.94999694824219,119.41000366210938,118.81999969482422,119.37000274658203,72.20379638671875
2012-07-13,119.31999969482422,119.5199966430664,119.05000305175781,119.41000366210938,72.22797393798828
2012-07-16,119.83000183105469,119.86000061035156,119.58999633789062,119.73999786376953,72.4276123046875
2012-07-17,119.7699966430664,119.9000015258789,119.52999877929688,119.73999786376953,72.4276123046875
2012-07-18,120.12000274658203,120.48999786376953,120.06999969482422,120.4000015258789,72.82681274414062
2012-07-19,120.41000366210938,120.87000274658203,120.41000366210938,120.61000061035156,72.95389556884766
2012-07-20,120.80000305175781,120.91999816894531,120.66000366210938,120.69999694824219,73.00828552246094
2012-07-23,120.72000122070312,120.80000305175781,120.25,120.30999755859375,72.77243041992188
2012-07-24,120.22000122070312,120.62999725341797,120.16999816894531,120.5,72.88729095458984
2012-07-25,120.69000244140625,120.86000061035156,120.54000091552734,120.7300033569336,73.02647399902344
2012-07-26,120.7300033569336,120.97000122070312,120.7300033569336,120.91999816894531,73.14136505126953
2012-07-27,120.55999755859375,120.6500015258789,119.73999786376953,120.3499984741211,72.79656219482422
2012-07-30,120.22000122070312,120.77999877929688,120.22000122070312,120.66000366210938,72.98406219482422
2012-07-31,121.05000305175781,121.29000091552734,120.83999633789062,121.27999877929688,73.35909271240234
2012-08-01,120.66000366210938,120.97000122070312,120.4000015258789,120.76000213623047,73.27720642089844
2012-08-02,121.0,121.05999755859375,120.19999694824219,120.83999633789062,73.32575225830078
2012-08-03,120.54000091552734,120.68000030517578,120.19000244140625,120.55000305175781,73.14977264404297
2012-08-06,120.72000122070312,120.79000091552734,120.5999984741211,120.70999908447266,73.24685668945312
2012-08-07,120.2300033569336,120.33999633789062,120.0,120.08000183105469,72.86453247070312
2012-08-08,120.2300033569336,120.2699966430664,119.69999694824219,119.73999786376953,72.65829467773438
2012-08-09,119.58000183105469,119.7699966430664,119.30000305175781,119.66000366210938,72.60969543457031
2012-08-10,120.08999633789062,120.0999984741211,119.79000091552734,120.0,72.81605529785156
2012-08-13,119.95999908447266,120.06999969482422,119.7300033569336,119.75,72.6643295288086
2012-08-14,119.47000122070312,119.47000122070312,119.18000030517578,119.20999908447266,72.3366928100586
2012-08-15,119.02999877929688,119.06999969482422,118.6500015258789,118.6500015258789,71.99683380126953
2012-08-16,118.75,118.9000015258789,118.12999725341797,118.30000305175781,71.78449249267578
2012-08-17,118.41000366210938,118.79000091552734,118.4000015258789,118.45999908447266,71.88154602050781
2012-08-20,118.2699966430664,118.81999969482422,118.26000213623047,118.79000091552734,72.08177947998047
2012-08-21,118.76000213623047,118.98999786376953,118.4800033569336,118.98999786376953,72.20317077636719
2012-08-22,119.44999694824219,119.69999694824219,119.19000244140625,119.66999816894531,72.61578369140625
2012-08-23,119.83999633789062,119.91000366210938,119.72000122070312,119.76000213623047,72.67037200927734
2012-08-24,119.94999694824219,119.94999694824219,119.7300033569336,119.88999938964844,72.74930572509766
2012-08-27,120.1500015258789,120.26000213623047,120.0,120.04000091552734,72.84027099609375
2012-08-28,120.19000244140625,120.27999877929688,120.05999755859375,120.20999908447266,72.94346618652344
2012-08-29,120.19000244140625,120.19000244140625,119.87999725341797,119.95999908447266,72.79176330566406
2012-08-30,120.05999755859375,120.12999725341797,119.94999694824219,120.0,72.81605529785156
2012-08-31,120.04000091552734,120.83000183105469,120.04000091552734,120.83000183105469,73.31969451904297
2012-09-04,120.55999755859375,120.56999969482422,120.05000305175781,120.16000366210938,73.14620971679688
2012-09-05,120.1500015258789,120.80000305175781,120.05999755859375,120.20999908447266,73.17664337158203
2012-09-06,119.8499984741211,119.91999816894531,119.61000061035156,119.68000030517578,72.8539810180664
2012-09-07,120.5999984741211,120.62000274658203,119.9000015258789,119.93000030517578,73.00617980957031
2012-09-10,119.93000030517578,120.01000213623047,119.72000122070312,119.91999816894531,73.00009155273438
2012-09-11,120.0,120.12000274658203,119.80000305175781,120.0199966430664,73.0610122680664
2012-09-12,119.77999877929688,119.83000183105469,119.56999969482422,119.77999877929688,72.91486358642578
2012-09-13,120.0199966430664,120.58999633789062,119.6500015258789,120.41999816894531,73.30445861816406
2012-09-14,120.0999984741211,120.0999984741211,119.36000061035156,119.69999694824219,72.86616516113281
2012-09-17,120.02999877929688,120.33999633789062,119.91999816894531,120.11000061035156,73.11579895019531
2012-09-18,120.48999786376953,120.6500015258789,120.31999969482422,120.4800033569336,73.34099578857422
2012-09-19,120.83000183105469,120.94000244140625,120.6500015258789,120.68000030517578,73.4627914428711
2012-09-20,120.9800033569336,121.05999755859375,120.55000305175781,120.58000183105469,73.40191650390625
2012-09-21,120.52999877929688,120.86000061035156,120.44999694824219,120.80000305175781,73.53580474853516
2012-09-24,120.97000122070312,121.02999877929688,120.83999633789062,120.9800033569336,73.64532470703125
2012-09-25,121.01000213623047,121.22000122070312,120.83000183105469,121.22000122070312,73.79143524169922
2012-09-26,121.26000213623047,121.56999969482422,121.19999694824219,121.55999755859375,73.99845123291016
2012-09-27,121.5199966430664,121.73999786376953,121.43000030517578,121.5,73.96194458007812
2012-09-28,121.75,121.91000366210938,121.55999755859375,121.7699966430664,74.12629699707031
2012-10-01,121.66999816894531,121.76000213623047,121.4000015258789,121.70999908447266,74.32413482666016
2012-10-02,121.58999633789062,121.79000091552734,121.55999755859375,121.75,74.34855651855469
2012-10-03,121.6500015258789,121.83000183105469,121.52999877929688,121.83000183105469,74.39735412597656
2012-10-04,121.7300033569336,121.91999816894531,121.66999816894531,121.7300033569336,74.3363265991211
2012-10-05,121.56999969482422,121.69000244140625,121.5,121.54000091552734,74.22029113769531
2012-10-08,121.86000061035156,121.94999694824219,121.7300033569336,121.86000061035156,74.41573333740234
2012-10-09,121.6500015258789,122.22000122070312,121.6500015258789,121.98999786376953,74.49514770507812
2012-10-10,121.88999938964844,122.36000061035156,121.76000213623047,122.20999908447266,74.62950897216797
2012-10-11,122.05999755859375,122.69000244140625,122.02999877929688,122.61000061035156,74.87372589111328
2012-10-12,122.76000213623047,122.95999908447266,122.66000366210938,122.75,74.95923614501953
2012-10-15,122.79000091552734,123.1500015258789,122.7300033569336,123.12999725341797,75.1912612915039
2012-10-16,123.05999755859375,123.19999694824219,122.93000030517578,123.05000305175781,75.14237976074219
2012-10-17,123.0199966430664,123.1500015258789,122.76000213623047,122.80999755859375,74.99585723876953
2012-10-18,122.95999908447266,123.0,122.5,122.58000183105469,74.85540008544922
2012-10-19,122.69999694824219,123.01000213623047,122.5999984741211,122.80000305175781,74.9897689819336
2012-10-22,122.54000091552734,122.70999908447266,122.45999908447266,122.51000213623047,74.81265258789062
2012-10-23,122.4000015258789,122.75,122.37000274658203,122.72000122070312,74.94088745117188
2012-10-24,122.61000061035156,122.76000213623047,122.37000274658203,122.38999938964844,74.73937225341797
2012-10-25,122.23999786376953,122.43000030517578,122.0,122.04000091552734,74.52559661865234
2012-10-26,122.37000274658203,122.66000366210938,122.22000122070312,122.63999938964844,74.89205169677734
2012-10-31,122.94000244140625,123.18000030517578,122.69000244140625,123.0199966430664,75.12407684326172
2012-11-01,122.58999633789062,122.7699966430664,122.38999938964844,122.4800033569336,74.79434204101562
2012-11-02,122.38999938964844,122.48999786376953,122.02999877929688,122.23999786376953,74.64778137207031
2012-11-05,122.26000213623047,122.51000213623047,122.26000213623047,122.30000305175781,74.6844253540039
2012-11-06,122.11000061035156,122.2300033569336,121.6500015258789,121.70999908447266,74.32413482666016
2012-11-07,122.41000366210938,122.44999694824219,121.95999908447266,121.95999908447266,74.47676086425781
2012-11-08,121.9000015258789,122.0,121.5999984741211,121.83999633789062,74.40351104736328
2012-11-09,121.69000244140625,121.83000183105469,121.37999725341797,121.54000091552734,74.22029113769531
2012-11-12,121.54000091552734,121.77999877929688,121.5,121.55999755859375,74.23252868652344
2012-11-13,121.8499984741211,121.9800033569336,121.55000305175781,121.61000061035156,74.26302337646484
2012-11-14,121.37999725341797,121.93000030517578,121.37999725341797,121.86000061035156,74.41573333740234
2012-11-15,121.52999877929688,121.70999908447266,121.5199966430664,121.62000274658203,74.2691650390625
2012-11-16,121.62999725341797,121.8499984741211,121.5999984741211,121.66000366210938,74.29356384277344
2012-11-19,121.56999969482422,122.06999969482422,121.55000305175781,122.04000091552734,74.52559661865234
2012-11-20,121.9800033569336,122.04000091552734,121.62999725341797,121.66000366210938,74.29356384277344
2012-11-21,121.63999938964844,121.80000305175781,121.55000305175781,121.75,74.34855651855469
2012-11-23,121.80000305175781,121.94000244140625,121.75,121.80000305175781,74.3790512084961
2012-11-26,122.0,122.18000030517578,121.91000366210938,122.0,74.50121307373047
2012-11-27,121.97000122070312,122.1500015258789,121.97000122070312,122.06999969482422,74.5439224243164
2012-11-28,122.16000366210938,122.30000305175781,122.0199966430664,122.05000305175781,74.53173828125
2012-11-29,122.13999938964844,122.20999908447266,122.05000305175781,122.13999938964844,74.58670043945312
2012-11-30,122.27999877929688,122.37000274658203,122.0999984741211,122.12999725341797,74.5805892944336
2012-12-03,121.7300033569336,121.98999786376953,121.52999877929688,121.88999938964844,74.66329956054688
2012-12-04,122.04000091552734,122.0999984741211,121.88999938964844,122.0,74.73068237304688
2012-12-05,122.11000061035156,122.30999755859375,122.0199966430664,122.25,74.8837661743164
2012-12-06,122.33000183105469,122.4800033569336,122.19999694824219,122.2300033569336,74.87155151367188
2012-12-07,122.05000305175781,122.08999633789062,121.93000030517578,121.94000244140625,74.69392395019531
2012-12-10,122.0999984741211,122.1500015258789,121.97000122070312,122.05000305175781,74.76127624511719
2012-12-11,122.0,122.0199966430664,121.55999755859375,121.5999984741211,74.48571014404297
2012-12-12,121.58999633789062,121.80000305175781,121.1500015258789,121.2300033569336,74.25901794433594
2012-12-13,121.02999877929688,121.22000122070312,120.87000274658203,121.04000091552734,74.14261627197266
2012-12-14,121.16000366210938,121.29000091552734,121.0999984741211,121.12999725341797,74.1977767944336
2012-12-17,121.13999938964844,121.19999694824219,120.73999786376953,120.73999786376953,73.95885467529297
2012-12-18,120.87000274658203,120.88999938964844,120.30000305175781,120.44000244140625,73.77507019042969
2012-12-19,120.6500015258789,120.94999694824219,120.6500015258789,120.91000366210938,74.06300354003906
2012-12-20,121.12000274658203,121.25,120.94000244140625,121.02999877929688,74.1364974975586
2012-12-21,121.19000244140625,121.33000183105469,121.08999633789062,121.23999786376953,74.26512145996094
2012-12-24,121.08000183105469,121.27999877929688,121.05999755859375,121.16000366210938,74.21613311767578
2012-12-26,121.12000274658203,121.13999938964844,120.94999694824219,120.97000122070312,74.3218002319336
2012-12-27,121.0,121.41999816894531,120.97000122070312,121.36000061035156,74.56138610839844
2012-12-28,121.5,121.62999725341797,121.41000366210938,121.62999725341797,74.72730255126953
2012-12-31,121.41000366210938,121.5,120.9000015258789,120.98999786376953,74.3341064453125
2013-01-02,120.95999908447266,121.30999755859375,120.80999755859375,121.2699966430664,74.50611114501953
2013-01-03,121.13999938964844,121.18000030517578,120.55999755859375,120.61000061035156,74.10066986083984
2013-01-04,120.56999969482422,120.6500015258789,120.26000213623047,120.55000305175781,74.06373596191406
2013-01-07,120.69000244140625,120.80000305175781,120.51000213623047,120.75,74.1866683959961
2013-01-08,120.80000305175781,120.94000244140625,120.76000213623047,120.86000061035156,74.2541732788086
2013-01-09,120.9800033569336,121.0,120.79000091552734,120.81999969482422,74.22965240478516
2013-01-10,120.63999938964844,120.97000122070312,120.62999725341797,120.87999725341797,74.26651000976562
2013-01-11,120.75,121.11000061035156,120.66000366210938,121.0999984741211,74.40170288085938
2013-01-14,121.19000244140625,121.19000244140625,120.83000183105469,120.86000061035156,74.2541732788086
2013-01-15,120.98999786376953,121.13999938964844,120.66999816894531,120.76000213623047,74.19279479980469
2013-01-16,120.83999633789062,120.94000244140625,120.70999908447266,120.76000213623047,74.19279479980469
2013-01-17,120.56999969482422,120.61000061035156,120.30000305175781,120.55000305175781,74.06373596191406
2013-01-18,120.55999755859375,120.79000091552734,120.4800033569336,120.66999816894531,74.13748931884766
2013-01-22,120.5199966430664,120.77999877929688,120.37999725341797,120.66999816894531,74.13748931884766
2013-01-23,120.8499984741211,120.94000244140625,120.76000213623047,120.81999969482422,74.22965240478516
2013-01-24,120.76000213623047,120.80000305175781,120.58000183105469,120.6500015258789,74.12516784667969
2013-01-25,120.44000244140625,120.44000244140625,120.02999877929688,120.0999984741211,73.78726196289062
2013-01-28,119.69999694824219,120.02999877929688,119.0,120.0,73.7258529663086
2013-01-29,119.7699966430664,120.05000305175781,119.62000274658203,119.7300033569336,73.55996704101562
2013-01-30,119.38999938964844,119.5999984741211,119.22000122070312,119.33000183105469,73.31421661376953
2013-01-31,119.43000030517578,119.4800033569336,119.23999786376953,119.41999816894531,73.3695068359375
2013-02-01,119.44000244140625,119.6500015258789,118.7300033569336,118.73999786376953,73.17911529541016
2013-02-04,118.9800033569336,119.30000305175781,118.97000122070312,119.13999938964844,73.42559051513672
2013-02-05,118.91999816894531,119.08000183105469,118.87000274658203,118.9000015258789,73.27764892578125
2013-02-06,119.08000183105469,119.27999877929688,118.95999908447266,119.20999908447266,73.46875
2013-02-07,119.12000274658203,119.5,119.11000061035156,119.25,73.49337768554688
2013-02-08,119.4000015258789,119.51000213623047,119.16999816894531,119.51000213623047,73.65361022949219
2013-02-11,119.4800033569336,119.5199966430664,119.41000366210938,119.44999694824219,73.61666870117188
2013-02-12,119.16999816894531,119.44999694824219,119.16000366210938,119.33000183105469,73.54268646240234
2013-02-13,118.93000030517578,119.16999816894531,118.93000030517578,119.05000305175781,73.37013244628906
2013-02-14,119.08000183105469,119.45999908447266,119.06999969482422,119.37999725341797,73.5735092163086
2013-02-15,119.37999725341797,119.41999816894531,119.19999694824219,119.33000183105469,73.54268646240234
2013-02-19,119.37000274658203,119.5999984741211,119.20999908447266,119.30000305175781,73.52420043945312
2013-02-20,119.16000366210938,119.5199966430664,119.16000366210938,119.5,73.6474609375
2013-02-21,119.68000030517578,119.81999969482422,119.61000061035156,119.69000244140625,73.76455688476562
2013-02-22,119.76000213623047,119.8499984741211,119.66999816894531,119.7699966430664,73.81385803222656
2013-02-25,119.41999816894531,120.52999877929688,119.41000366210938,120.4800033569336,74.25141906738281
2013-02-26,120.31999969482422,120.58999633789062,120.26000213623047,120.33000183105469,74.15896606445312
2013-02-27,120.5199966430664,120.58000183105469,120.16999816894531,120.29000091552734,74.13434600830078
2013-02-28,120.38999938964844,120.38999938964844,120.11000061035156,120.33000183105469,74.15896606445312
2013-03-01,120.12000274658203,120.29000091552734,119.98999786376953,120.2300033569336,74.32838439941406
2013-03-04,120.19000244140625,120.2300033569336,120.04000091552734,120.13999938964844,74.27276611328125
2013-03-05,120.13999938964844,120.1500015258789,119.8499984741211,119.94000244140625,74.14909362792969
2013-03-06,119.63999938964844,119.80999755859375,119.54000091552734,119.58999633789062,73.9327392578125
2013-03-07,119.29000091552734,119.4000015258789,119.19999694824219,119.19999694824219,73.69158935546875
2013-03-08,118.87000274658203,119.02999877929688,118.6500015258789,118.77999877929688,73.43195343017578
2013-03-11,118.77999877929688,118.95999908447266,118.77999877929688,118.86000061035156,73.48136901855469
2013-03-12,118.98999786376953,119.16999816894531,118.94999694824219,119.0999984741211,73.6297836303711
2013-03-13,118.88999938964844,119.11000061035156,118.88999938964844,118.98999786376953,73.5617904663086
2013-03-14,118.83000183105469,119.12999725341797,118.81999969482422,119.04000091552734,73.59270477294922
2013-03-15,118.9800033569336,119.29000091552734,118.9800033569336,119.19999694824219,73.69158935546875
2013-03-18,119.41000366210938,119.5199966430664,119.33000183105469,119.48999786376953,73.87089538574219
2013-03-19,119.58999633789062,119.81999969482422,119.56999969482422,119.69000244140625,73.99456024169922
2013-03-20,119.43000030517578,119.58000183105469,119.33000183105469,119.33999633789062,73.77813720703125
2013-03-21,119.58000183105469,119.5999984741211,119.31999969482422,119.45999908447266,73.85237121582031
2013-03-22,119.4000015258789,119.62000274658203,119.33999633789062,119.47000122070312,73.8585433959961
2013-03-25,119.37000274658203,119.58000183105469,119.25,119.47000122070312,73.8585433959961
2013-03-26,119.27999877929688,119.56999969482422,119.26000213623047,119.55000305175781,73.90802001953125
2013-03-27,119.6500015258789,120.05000305175781,119.6500015258789,119.97000122070312,74.16765594482422
2013-03-28,119.73999786376953,119.94000244140625,119.7300033569336,119.9000015258789,74.12435913085938
2013-04-01,119.41999816894531,119.7699966430664,119.29000091552734,119.36000061035156,74.01770782470703
2013-04-02,119.43000030517578,119.47000122070312,119.27999877929688,119.3499984741211,74.01148986816406
2013-04-03,119.5199966430664,119.83000183105469,119.48999786376953,119.83000183105469,74.30915832519531
2013-04-04,119.95999908447266,120.48999786376953,119.95999908447266,120.47000122070312,74.7060317993164
2013-04-05,120.83999633789062,121.05000305175781,120.73999786376953,120.83999633789062,74.93548583984375
2013-04-08,121.0,121.04000091552734,120.88999938964844,120.94999694824219,75.00370025634766
2013-04-09,121.0199966430664,121.18000030517578,120.9800033569336,121.06999969482422,75.07810974121094
2013-04-10,120.80000305175781,120.94999694824219,120.66000366210938,120.75,74.87969207763672
2013-04-11,120.87999725341797,120.9800033569336,120.76000213623047,120.83000183105469,74.92929077148438
2013-04-12,121.19999694824219,121.5,121.05000305175781,121.43000030517578,75.3013687133789
2013-04-15,121.4000015258789,121.52999877929688,121.31999969482422,121.47000122070312,75.3261489868164
2013-04-16,121.25,121.37000274658203,121.2300033569336,121.25,75.18978881835938
2013-04-17,121.31999969482422,121.62999725341797,121.31999969482422,121.41999816894531,75.29515838623047
2013-04-18,121.44999694824219,121.66000366210938,121.44999694824219,121.52999877929688,75.36334228515625
2013-04-19,121.62000274658203,121.7699966430664,121.47000122070312,121.70999908447266,75.47496795654297
2013-04-22,121.75,121.80999755859375,121.66999816894531,121.75,75.49980163574219
2013-04-23,121.91000366210938,122.08999633789062,121.80999755859375,121.91000366210938,75.59904479980469
2013-04-24,121.86000061035156,122.04000091552734,121.80999755859375,121.95999908447266,75.63005065917969
2013-04-25,121.91000366210938,122.0199966430664,121.83000183105469,121.88999938964844,75.58660125732422
2013-04-26,122.1500015258789,122.3499984741211,122.1500015258789,122.33000183105469,75.85946655273438
2013-04-29,122.54000091552734,122.55000305175781,122.30000305175781,122.33999633789062,75.86563873291016
2013-04-30,122.31999969482422,122.56999969482422,122.0999984741211,122.12999725341797,75.7354507446289
2013-05-01,121.94999694824219,122.38999938964844,121.94999694824219,122.30999755859375,76.07256317138672
2013-05-02,122.08999633789062,122.4000015258789,122.08999633789062,122.30999755859375,76.07256317138672
2013-05-03,121.88999938964844,121.88999938964844,121.1500015258789,121.16000366210938,75.35730743408203
2013-05-06,121.30000305175781,121.4000015258789,121.08000183105469,121.13999938964844,75.3448486328125
2013-05-07,121.05000305175781,121.26000213623047,120.98999786376953,121.05000305175781,75.28888702392578
2013-05-08,121.0199966430664,121.2699966430664,120.95999908447266,121.16000366210938,75.35730743408203
2013-05-09,121.1500015258789,121.41000366210938,120.9000015258789,120.9000015258789,75.19554901123047
2013-05-10,120.86000061035156,120.86000061035156,120.05000305175781,120.2699966430664,74.80375671386719
2013-05-13,120.02999877929688,120.16000366210938,119.9000015258789,119.95999908447266,74.61090850830078
2013-05-14,120.2300033569336,120.30999755859375,119.61000061035156,119.63999938964844,74.4118881225586
2013-05-15,120.12999725341797,120.1500015258789,119.66999816894531,120.05999755859375,74.67312622070312
2013-05-16,120.27999877929688,120.75,120.27999877929688,120.61000061035156,75.01517486572266
2013-05-17,120.5,120.55000305175781,120.04000091552734,120.08999633789062,74.69181823730469
2013-05-20,120.2300033569336,120.30999755859375,119.87000274658203,119.94999694824219,74.60469055175781
2013-05-21,119.91000366210938,120.41000366210938,119.7300033569336,120.4000015258789,74.88459777832031
2013-05-22,120.41999816894531,120.5999984741211,119.44000244140625,119.44999694824219,74.29374694824219
2013-05-23,119.7300033569336,119.80999755859375,119.2300033569336,119.56999969482422,74.36837005615234
2013-05-24,119.63999938964844,119.80999755859375,119.45999908447266,119.48999786376953,74.31863403320312
2013-05-28,119.33000183105469,119.48999786376953,118.33000183105469,118.33999633789062,73.60337829589844
2013-05-29,118.41000366210938,118.58000183105469,118.1500015258789,118.29000091552734,73.57221221923828
2013-05-30,118.31999969482422,118.5999984741211,118.25,118.44000244140625,73.66558074951172
2013-05-31,118.31999969482422,118.44999694824219,117.4800033569336,117.8499984741211,73.29859924316406
2013-06-03,117.25,117.75,116.93000030517578,117.18000030517578,73.10578155517578
2013-06-04,116.94999694824219,117.25,116.70999908447266,116.72000122070312,72.81878662109375
2013-06-05,116.80999755859375,117.0,116.4800033569336,116.55000305175781,72.71278381347656
2013-06-06,116.56999969482422,117.45999908447266,116.41999816894531,117.05000305175781,73.02468872070312
2013-06-07,116.88999938964844,117.19999694824219,116.38999938964844,116.58999633789062,72.73770904541016
2013-06-10,116.22000122070312,116.4800033569336,116.06999969482422,116.2300033569336,72.51313018798828
2013-06-11,115.5,116.05000305175781,115.2300033569336,116.01000213623047,72.37586212158203
2013-06-12,115.80000305175781,116.0999984741211,115.5,115.61000061035156,72.1263427734375
2013-06-13,115.83999633789062,116.91000366210938,115.79000091552734,116.8499984741211,72.89990997314453
2013-06-14,116.93000030517578,117.1500015258789,116.73999786376953,116.7699966430664,72.8500747680664
2013-06-17,116.91000366210938,117.11000061035156,116.55000305175781,116.5999984741211,72.7439956665039
2013-06-18,116.27999877929688,116.55999755859375,116.16000366210938,116.37000274658203,72.60047912597656
2013-06-19,116.5,116.55999755859375,114.66999816894531,114.72000122070312,71.5710678100586
2013-06-20,113.87000274658203,113.88999938964844,112.79000091552734,113.13999938964844,70.58540344238281
2013-06-21,113.26000213623047,113.4800033569336,112.19999694824219,112.20999908447266,70.00511169433594
2013-06-24,111.43000030517578,112.0999984741211,110.91000366210938,111.4800033569336,69.54971313476562
2013-06-25,112.19000244140625,112.47000122070312,111.66000366210938,111.8499984741211,69.7805404663086
2013-06-26,112.75,113.0,112.51000213623047,112.69999694824219,70.3108139038086
2013-06-27,113.23999786376953,113.79000091552734,113.23999786376953,113.72000122070312,70.94721221923828
2013-06-28,113.12999725341797,113.69999694824219,112.87999725341797,113.6500015258789,70.90351104736328
2013-07-01,113.08000183105469,113.94000244140625,113.08000183105469,113.58000183105469,71.0869140625
2013-07-02,113.80999755859375,114.16999816894531,113.66000366210938,113.94000244140625,71.31224060058594
2013-07-03,113.9000015258789,114.08000183105469,113.56999969482422,113.61000061035156,71.10568237304688
2013-07-05,112.18000030517578,112.43000030517578,111.69999694824219,112.16999816894531,70.2044448852539
2013-07-08,112.54000091552734,113.08999633789062,112.54000091552734,113.08999633789062,70.78025817871094
2013-07-09,113.05000305175781,113.51000213623047,113.05000305175781,113.19000244140625,70.84282684326172
2013-07-10,113.26000213623047,113.44999694824219,112.80000305175781,112.86000061035156,70.63628387451172
2013-07-11,113.86000061035156,114.19999694824219,113.5999984741211,114.19000244140625,71.46866607666016
2013-07-12,114.31999969482422,114.5,113.73999786376953,113.87000274658203,71.26837921142578
2013-07-15,114.08999633789062,114.62000274658203,113.94999694824219,114.5999984741211,71.72530364990234
2013-07-16,114.52999877929688,114.5999984741211,114.29000091552734,114.43000030517578,71.6188735961914
2013-07-17,114.87999725341797,115.1500015258789,114.73999786376953,114.86000061035156,71.88802337646484
2013-07-18,114.94999694824219,114.94999694824219,114.41999816894531,114.55999755859375,71.70023345947266
2013-07-19,114.7699966430664,115.20999908447266,114.7300033569336,115.19000244140625,72.09455871582031
2013-07-22,115.31999969482422,115.47000122070312,115.29000091552734,115.44999694824219,72.25730895996094
2013-07-23,115.12999725341797,115.37999725341797,115.01000213623047,115.2699966430664,72.1446533203125
2013-07-24,114.72000122070312,114.87999725341797,114.29000091552734,114.70999908447266,71.79415893554688
2013-07-25,114.18000030517578,114.56999969482422,114.12999725341797,114.56999969482422,71.7065200805664
2013-07-26,114.66999816894531,114.79000091552734,114.48999786376953,114.69000244140625,71.7816390991211
2013-07-29,114.54000091552734,114.68000030517578,114.44000244140625,114.5,71.6627197265625
2013-07-30,114.72000122070312,114.77999877929688,114.36000061035156,114.52999877929688,71.68148803710938
2013-07-31,113.87999725341797,114.6500015258789,113.69999694824219,114.54000091552734,71.68775177001953
2013-08-01,113.94999694824219,113.94999694824219,113.12000274658203,113.27999877929688,71.11646270751953
2013-08-02,113.6500015258789,113.97000122070312,113.62000274658203,113.83999633789062,71.46800994873047
2013-08-05,113.68000030517578,113.83000183105469,113.37999725341797,113.41000366210938,71.19805145263672
2013-08-06,113.36000061035156,113.5999984741211,113.27999877929688,113.4800033569336,71.24201965332031
2013-08-07,113.61000061035156,113.86000061035156,113.58999633789062,113.7300033569336,71.39897155761719
2013-08-08,113.91000366210938,114.16999816894531,113.88999938964844,113.97000122070312,71.54962921142578
2013-08-09,114.0199966430664,114.08000183105469,113.75,113.97000122070312,71.54962921142578
2013-08-12,114.08000183105469,114.18000030517578,113.8499984741211,113.91000366210938,71.51203155517578
2013-08-13,113.27999877929688,113.41000366210938,113.0,113.0999984741211,71.00347900390625
2013-08-14,113.0199966430664,113.1500015258789,112.87000274658203,112.91000366210938,70.88420104980469
2013-08-15,112.08999633789062,112.41999816894531,111.98999786376953,112.11000061035156,70.3819351196289
2013-08-16,112.06999969482422,112.20999908447266,111.36000061035156,111.55000305175781,70.03038787841797
2013-08-19,111.31999969482422,111.44000244140625,110.93000030517578,110.94000244140625,69.64744567871094
2013-08-20,111.29000091552734,111.73999786376953,111.29000091552734,111.62000274658203,70.07431030273438
2013-08-21,111.41000366210938,111.66000366210938,110.88999938964844,110.94999694824219,69.65367889404297
2013-08-22,111.05000305175781,111.5,111.05000305175781,111.45999908447266,69.9738540649414
2013-08-23,111.43000030517578,112.22000122070312,111.37999725341797,112.20999908447266,70.44470977783203
2013-08-26,112.31999969482422,112.47000122070312,112.26000213623047,112.44000244140625,70.5890884399414
2013-08-27,112.51000213623047,112.97000122070312,112.44999694824219,112.91999816894531,70.89046478271484
2013-08-28,112.73999786376953,112.94000244140625,112.55000305175781,112.94000244140625,70.90302276611328
2013-08-29,112.6500015258789,113.06999969482422,112.5199966430664,113.05000305175781,70.9720458984375
2013-08-30,113.0,113.29000091552734,112.80999755859375,113.05000305175781,70.9720458984375
2013-09-03,112.0,112.2699966430664,111.51000213623047,112.23999786376953,70.69242858886719
2013-09-04,112.2699966430664,112.37000274658203,111.79000091552734,111.83000183105469,70.43413543701172
2013-09-05,111.38999938964844,111.41999816894531,110.7300033569336,110.91000366210938,69.8547134399414
2013-09-06,111.41000366210938,111.6500015258789,110.98999786376953,111.06999969482422,69.9555435180664
2013-09-09,111.45999908447266,111.5999984741211,111.2699966430664,111.36000061035156,70.13816833496094
2013-09-10,111.04000091552734,111.31999969482422,110.81999969482422,110.87000274658203,69.82953643798828
2013-09-11,111.11000061035156,111.38999938964844,110.81999969482422,111.38999938964844,70.15707397460938
2013-09-12,111.5999984741211,111.76000213623047,111.2300033569336,111.30999755859375,70.10663604736328
2013-09-13,111.33999633789062,111.54000091552734,111.31999969482422,111.37999725341797,70.15078735351562
2013-09-16,112.41999816894531,112.44000244140625,111.44000244140625,111.51000213623047,70.23267364501953
2013-09-17,111.68000030517578,111.83999633789062,111.55999755859375,111.80999755859375,70.42156982421875
2013-09-18,111.69999694824219,113.70999908447266,111.41999816894531,113.44999694824219,71.45451354980469
2013-09-19,113.4000015258789,113.55999755859375,112.66000366210938,112.7300033569336,71.00102233886719
2013-09-20,112.93000030517578,113.08999633789062,112.75,112.83000183105469,71.06401824951172
2013-09-23,112.88999938964844,113.5199966430664,112.88999938964844,113.5,71.4859848022461
2013-09-24,113.62000274658203,113.93000030517578,113.4000015258789,113.79000091552734,71.66867065429688
2013-09-25,113.72000122070312,114.18000030517578,113.62999725341797,114.13999938964844,71.88908386230469
2013-09-26,113.7300033569336,113.94999694824219,113.7300033569336,113.86000061035156,71.7127685546875
2013-09-27,113.75,113.8499984741211,113.66000366210938,113.7699966430664,71.65605163574219
2013-09-30,113.5999984741211,113.77999877929688,113.41999816894531,113.5199966430664,71.49858093261719
2013-10-01,113.06999969482422,113.18000030517578,112.93000030517578,113.04000091552734,71.42660522460938
2013-10-02,113.19999694824219,113.55999755859375,113.19000244140625,113.37999725341797,71.64141082763672
2013-10-03,113.29000091552734,113.62999725341797,113.29000091552734,113.44000244140625,71.67933654785156
2013-10-04,113.29000091552734,113.43000030517578,113.19000244140625,113.33000183105469,71.60980987548828
2013-10-07,113.45999908447266,113.69000244140625,113.43000030517578,113.52999877929688,71.7361831665039
2013-10-08,113.4800033569336,113.62000274658203,113.27999877929688,113.51000213623047,71.72351837158203
2013-10-09,113.43000030517578,113.52999877929688,113.20999908447266,113.2699966430664,71.5718994140625
2013-10-10,113.08999633789062,113.48999786376953,113.0199966430664,113.43000030517578,71.67301177978516
2013-10-11,113.68000030517578,113.80999755859375,113.52999877929688,113.58000183105469,71.76780700683594
2013-10-14,113.51000213623047,113.63999938964844,113.11000061035156,113.2300033569336,71.54662322998047
2013-10-15,113.56999969482422,113.58000183105469,113.19999694824219,113.25,71.55926513671875
2013-10-16,113.26000213623047,114.1500015258789,113.20999908447266,114.08999633789062,72.09002685546875
2013-10-17,114.41000366210938,115.0,114.33999633789062,114.93000030517578,72.62073516845703
2013-10-18,115.0999984741211,115.2699966430664,114.98999786376953,115.08000183105469,72.71556854248047
2013-10-21,115.01000213623047,115.18000030517578,114.73999786376953,114.77999877929688,72.52600860595703
2013-10-22,115.30999755859375,115.48999786376953,115.26000213623047,115.4800033569336,72.96831512451172
2013-10-23,115.47000122070312,115.66999816894531,115.41000366210938,115.44999694824219,72.94937896728516
2013-10-24,115.55999755859375,115.63999938964844,115.2699966430664,115.33000183105469,72.87358093261719
2013-10-25,115.30999755859375,115.52999877929688,115.30000305175781,115.31999969482422,72.86727142333984
2013-10-28,115.26000213623047,115.5199966430664,115.25,115.43000030517578,72.9367446899414
2013-10-29,115.3499984741211,115.5999984741211,115.26000213623047,115.58999633789062,73.03783416748047
2013-10-30,115.58999633789062,115.75,115.08000183105469,115.36000061035156,72.89248657226562
2013-10-31,115.44999694824219,115.5,115.08999633789062,115.19999694824219,72.79141235351562
2013-11-01,114.80999755859375,114.93000030517578,114.29000091552734,114.51000213623047,72.59490203857422
2013-11-04,114.66000366210938,114.79000091552734,114.5199966430664,114.54000091552734,72.61390686035156
2013-11-05,114.33000183105469,114.33000183105469,113.91999816894531,114.05000305175781,72.30327606201172
2013-11-06,114.2300033569336,114.23999786376953,114.08000183105469,114.18000030517578,72.38565063476562
2013-11-07,114.37000274658203,114.48999786376953,114.20999908447266,114.41000366210938,72.531494140625
2013-11-08,113.4800033569336,113.51000213623047,113.27999877929688,113.29000091552734,71.82144165039062
2013-11-11,113.22000122070312,113.27999877929688,113.01000213623047,113.0999984741211,71.70100402832031
2013-11-12,113.04000091552734,113.22000122070312,113.0,113.18000030517578,71.75173950195312
2013-11-13,113.33000183105469,113.56999969482422,113.30000305175781,113.44000244140625,71.91654968261719
2013-11-14,113.73999786376953,114.13999938964844,113.66000366210938,114.05999755859375,72.30960083007812
2013-11-15,114.08000183105469,114.1500015258789,113.93000030517578,114.05999755859375,72.30960083007812
2013-11-18,114.12000274658203,114.56999969482422,114.12000274658203,114.56999969482422,72.63294219970703
2013-11-19,114.36000061035156,114.45999908447266,114.16999816894531,114.16999816894531,72.37934875488281
2013-11-20,114.13999938964844,114.44000244140625,113.5199966430664,113.68000030517578,72.0687484741211
2013-11-21,113.58999633789062,113.93000030517578,113.33000183105469,113.9000015258789,72.20814514160156
2013-11-22,114.02999877929688,114.30000305175781,114.0,114.30000305175781,72.46174621582031
2013-11-25,114.2699966430664,114.54000091552734,114.2699966430664,114.5,72.58851623535156
2013-11-26,114.5199966430664,114.77999877929688,114.5199966430664,114.7300033569336,72.73436737060547
2013-11-27,114.5999984741211,114.80999755859375,114.27999877929688,114.75,72.74703979492188
2013-11-29,114.37000274658203,114.75,114.33999633789062,114.66000366210938,72.68998718261719
2013-12-02,114.0999984741211,114.19999694824219,113.73999786376953,113.75,72.34522247314453
2013-12-03,113.88999938964844,114.13999938964844,113.88999938964844,114.04000091552734,72.52970123291016
2013-12-04,113.41999816894531,113.72000122070312,113.41999816894531,113.66999816894531,72.29435729980469
2013-12-05,113.38999938964844,113.58999633789062,113.23999786376953,113.41999816894531,72.1353759765625
2013-12-06,113.43000030517578,113.69000244140625,113.33999633789062,113.66000366210938,72.28797912597656
2013-12-09,113.66000366210938,113.8499984741211,113.66000366210938,113.83000183105469,72.39615631103516
2013-12-10,114.16999816894531,114.30999755859375,113.98999786376953,114.29000091552734,72.68869018554688
2013-12-11,114.19999694824219,114.29000091552734,113.94000244140625,113.97000122070312,72.48519134521484
2013-12-12,113.86000061035156,113.91999816894531,113.70999908447266,113.77999877929688,72.36438751220703
2013-12-13,113.98999786376953,114.12999725341797,113.81999969482422,114.08999633789062,72.56149291992188
2013-12-16,114.27999877929688,114.3499984741211,114.05999755859375,114.18000030517578,72.61872100830078
2013-12-17,114.08999633789062,114.5199966430664,114.08999633789062,114.5199966430664,72.83499145507812
2013-12-18,114.33000183105469,114.9000015258789,114.04000091552734,114.5199966430664,72.83499145507812
2013-12-19,114.19000244140625,114.5,114.16999816894531,114.3499984741211,72.72686767578125
2013-12-20,114.66000366210938,114.87999725341797,114.51000213623047,114.87999725341797,73.06392669677734
2013-12-23,114.81999969482422,115.04000091552734,114.69000244140625,114.69999694824219,72.94942474365234
2013-12-24,114.5199966430664,115.0,114.51000213623047,114.66999816894531,72.93035888671875
2013-12-26,114.16999816894531,114.38999938964844,114.16999816894531,114.23999786376953,72.8780517578125
2013-12-27,114.08000183105469,114.23999786376953,114.04000091552734,114.13999938964844,72.81427001953125
2013-12-30,114.19999694824219,114.48999786376953,114.19999694824219,114.4800033569336,73.03116607666016
2013-12-31,114.30000305175781,114.48999786376953,114.0199966430664,114.19000244140625,72.84618377685547
2014-01-02,114.29000091552734,114.45999908447266,114.11000061035156,114.41000366210938,72.98651885986328
2014-01-03,114.22000122070312,114.73999786376953,114.22000122070312,114.58000183105469,73.09496307373047
2014-01-06,114.73999786376953,114.88999938964844,114.6500015258789,114.83000183105469,73.25445556640625
2014-01-07,114.91999816894531,114.94000244140625,114.66000366210938,114.73999786376953,73.19708251953125
2014-01-08,114.5,114.52999877929688,114.1500015258789,114.25,72.88447570800781
2014-01-09,114.4000015258789,114.51000213623047,114.18000030517578,114.51000213623047,73.05033874511719
2014-01-10,114.91000366210938,115.25,114.88999938964844,115.12999725341797,73.44584655761719
2014-01-13,115.2300033569336,115.44999694824219,115.16999816894531,115.3499984741211,73.58623504638672
2014-01-14,115.19999694824219,115.30000305175781,115.0,115.01000213623047,73.36927795410156
2014-01-15,114.80000305175781,115.08999633789062,114.73999786376953,115.04000091552734,73.38842010498047
2014-01-16,115.22000122070312,115.31999969482422,115.16999816894531,115.30999755859375,73.56065368652344
2014-01-17,115.19000244140625,115.44000244140625,115.11000061035156,115.44000244140625,73.64358520507812
2014-01-21,115.2699966430664,115.4000015258789,115.2699966430664,115.27999877929688,73.54157257080078
2014-01-22,115.16000366210938,115.29000091552734,114.98999786376953,115.0,73.36289978027344
2014-01-23,115.22000122070312,115.5999984741211,115.19999694824219,115.44000244140625,73.64358520507812
2014-01-24,115.48999786376953,115.62999725341797,115.2699966430664,115.36000061035156,73.59254455566406
2014-01-27,115.2699966430664,115.58999633789062,115.13999938964844,115.13999938964844,73.45220947265625
2014-01-28,115.4000015258789,115.69999694824219,115.30000305175781,115.69999694824219,73.80946350097656
2014-01-29,115.72000122070312,115.98999786376953,115.58000183105469,115.93000030517578,73.95619201660156
2014-01-30,115.83000183105469,116.0199966430664,115.66999816894531,115.98999786376953,73.99441528320312
2014-01-31,116.05000305175781,116.33999633789062,116.01000213623047,116.33999633789062,74.21772766113281
2014-02-03,115.88999938964844,116.75,115.83000183105469,116.73999786376953,74.69632720947266
2014-02-04,116.33000183105469,116.33999633789062,116.0999984741211,116.18000030517578,74.33807373046875
2014-02-05,116.0,116.01000213623047,115.77999877929688,115.80999755859375,74.10128784179688
2014-02-06,115.75,115.83000183105469,115.62000274658203,115.69999694824219,74.03091430664062
2014-02-07,115.83000183105469,116.16999816894531,115.77999877929688,116.05999755859375,74.26127624511719
2014-02-10,115.93000030517578,116.12000274658203,115.87999725341797,116.11000061035156,74.29325103759766
2014-02-11,115.87000274658203,115.93000030517578,115.70999908447266,115.87000274658203,74.13967895507812
2014-02-12,115.69999694824219,115.72000122070312,115.45999908447266,115.5199966430664,73.91571044921875
2014-02-13,116.04000091552734,116.0999984741211,115.8499984741211,116.0,74.22281646728516
2014-02-14,116.12000274658203,116.22000122070312,115.9800033569336,116.22000122070312,74.36361694335938
2014-02-18,116.3499984741211,116.6500015258789,116.29000091552734,116.45999908447266,74.51718139648438
2014-02-19,116.69999694824219,116.69999694824219,116.26000213623047,116.33000183105469,74.43400573730469
2014-02-20,116.19000244140625,116.30999755859375,116.0,116.18000030517578,74.33807373046875
2014-02-21,116.05999755859375,116.33999633789062,116.04000091552734,116.30000305175781,74.41481018066406
2014-02-24,116.41000366210938,116.45999908447266,116.2300033569336,116.36000061035156,74.45317840576172
2014-02-25,116.62999725341797,116.80999755859375,116.44999694824219,116.80999755859375,74.74113464355469
2014-02-26,116.80000305175781,117.19999694824219,116.79000091552734,117.19000244140625,74.9842758178711
2014-02-27,117.29000091552734,117.44000244140625,117.26000213623047,117.38999938964844,75.11228942871094
2014-02-28,117.2300033569336,117.36000061035156,117.02999877929688,117.31999969482422,75.06748962402344
2014-03-03,117.05999755859375,117.29000091552734,116.95999908447266,117.27999877929688,75.26382446289062
2014-03-04,116.9800033569336,117.04000091552734,116.6500015258789,116.6500015258789,74.85956573486328
2014-03-05,116.56999969482422,116.8499984741211,116.55000305175781,116.58999633789062,74.8210678100586
2014-03-06,116.13999938964844,116.37999725341797,116.12000274658203,116.23999786376953,74.59644317626953
2014-03-07,115.94999694824219,116.0,115.63999938964844,115.81999969482422,74.326904296875
2014-03-10,115.69999694824219,115.79000091552734,115.62000274658203,115.63999938964844,74.21135711669922
2014-03-11,115.69000244140625,115.80999755859375,115.61000061035156,115.68000030517578,74.23706817626953
2014-03-12,116.0,116.13999938964844,115.93000030517578,116.08999633789062,74.50015258789062
2014-03-13,115.81999969482422,116.55999755859375,115.81999969482422,116.5,74.76325988769531
2014-03-14,116.69999694824219,116.7699966430664,116.37000274658203,116.37000274658203,74.67988586425781
2014-03-17,116.36000061035156,116.43000030517578,116.16999816894531,116.22000122070312,74.58354949951172
2014-03-18,116.25,116.58000183105469,116.19000244140625,116.58000183105469,74.81459045410156
2014-03-19,116.52999877929688,116.54000091552734,115.69000244140625,115.73999786376953,74.2755126953125
2014-03-20,115.7300033569336,115.95999908447266,115.70999908447266,115.9000015258789,74.37825775146484
2014-03-21,116.06999969482422,116.38999938964844,116.01000213623047,116.30000305175781,74.63494873046875
2014-03-24,116.29000091552734,116.66000366210938,116.25,116.5199966430664,74.7761001586914
2014-03-25,116.27999877929688,116.5999984741211,116.27999877929688,116.55999755859375,74.80178833007812
2014-03-26,116.62000274658203,117.02999877929688,116.5999984741211,117.01000213623047,75.09059143066406
2014-03-27,116.87000274658203,117.26000213623047,116.80999755859375,117.04000091552734,75.10985565185547
2014-03-28,117.0199966430664,117.11000061035156,116.83000183105469,116.94999694824219,75.05207061767578
2014-03-31,116.69000244140625,116.97000122070312,116.56999969482422,116.94000244140625,75.04566192626953
2014-04-01,116.44000244140625,116.52999877929688,116.30000305175781,116.30999755859375,74.85897064208984
2014-04-02,116.08000183105469,116.26000213623047,116.08000183105469,116.1500015258789,74.75598907470703
2014-04-03,116.25,116.51000213623047,116.25,116.37000274658203,74.89762115478516
2014-04-04,116.73999786376953,117.02999877929688,116.72000122070312,116.83000183105469,75.19369506835938
2014-04-07,116.98999786376953,117.19999694824219,116.95999908447266,117.11000061035156,75.37390899658203
2014-04-08,117.0999984741211,117.41999816894531,117.02999877929688,117.41999816894531,75.5733871459961
2014-04-09,117.19000244140625,117.58999633789062,117.12999725341797,117.5199966430664,75.63778686523438
2014-04-10,117.4800033569336,118.04000091552734,117.38999938964844,117.68000030517578,75.74075317382812
2014-04-11,118.0,118.0,117.76000213623047,117.76000213623047,75.79222106933594
2014-04-14,117.8499984741211,117.93000030517578,117.69999694824219,117.83999633789062,75.84371185302734
2014-04-15,117.83999633789062,118.2300033569336,117.7699966430664,118.08999633789062,76.0046157836914
2014-04-16,117.7699966430664,118.1500015258789,117.75,118.13999938964844,76.03682708740234
2014-04-17,118.12000274658203,118.12000274658203,117.41999816894531,117.45999908447266,75.59918212890625
2014-04-21,117.70999908447266,117.79000091552734,117.51000213623047,117.62000274658203,75.70211029052734
2014-04-22,117.44999694824219,117.73999786376953,117.4000015258789,117.68000030517578,75.74075317382812
2014-04-23,117.7699966430664,118.01000213623047,117.76000213623047,117.94000244140625,75.90812683105469
2014-04-24,117.73999786376953,118.01000213623047,117.69999694824219,117.95999908447266,75.92095184326172
2014-04-25,118.04000091552734,118.2699966430664,117.94000244140625,117.94000244140625,75.90812683105469
2014-04-28,117.94000244140625,118.08000183105469,117.69999694824219,117.80000305175781,75.8179931640625
2014-04-29,117.61000061035156,117.87000274658203,117.5999984741211,117.81999969482422,75.8308334350586
2014-04-30,117.95999908447266,118.27999877929688,117.79000091552734,118.1500015258789,76.0432357788086
2014-05-01,117.87999725341797,118.31999969482422,117.81999969482422,118.30000305175781,76.36213684082031
2014-05-02,118.04000091552734,118.68000030517578,117.94000244140625,118.55000305175781,76.5235366821289
2014-05-05,118.5,118.63999938964844,118.23999786376953,118.25,76.3298568725586
2014-05-06,118.41000366210938,118.55000305175781,118.37000274658203,118.44999694824219,76.45891571044922
2014-05-07,118.4800033569336,118.58000183105469,118.29000091552734,118.47000122070312,76.47185516357422
2014-05-08,118.58000183105469,118.83000183105469,118.37000274658203,118.5,76.49119567871094
2014-05-09,118.33999633789062,118.4800033569336,118.2300033569336,118.37000274658203,76.40729522705078
2014-05-12,118.12000274658203,118.19999694824219,117.97000122070312,118.06999969482422,76.21361541748047
2014-05-13,118.3499984741211,118.5199966430664,118.30000305175781,118.51000213623047,76.49768829345703
2014-05-14,118.86000061035156,119.22000122070312,118.83999633789062,119.0999984741211,76.87850952148438
2014-05-15,119.29000091552734,119.55999755859375,119.0999984741211,119.30999755859375,77.0140609741211
2014-05-16,119.0999984741211,119.36000061035156,119.06999969482422,119.16999816894531,76.92373657226562
2014-05-19,119.3499984741211,119.45999908447266,118.97000122070312,119.05999755859375,76.85272979736328
2014-05-20,118.94999694824219,119.31999969482422,118.94999694824219,119.05999755859375,76.85272979736328
2014-05-21,118.77999877929688,118.88999938964844,118.66999816894531,118.83999633789062,76.71070861816406
2014-05-22,118.8499984741211,118.87000274658203,118.68000030517578,118.80000305175781,76.68486022949219
2014-05-23,118.94000244140625,119.04000091552734,118.83000183105469,118.93000030517578,76.7687759399414
2014-05-27,119.05999755859375,119.3499984741211,118.80999755859375,119.3499984741211,77.03987121582031
2014-05-28,119.51000213623047,119.91999816894531,119.51000213623047,119.91999816894531,77.40780639648438
2014-05-29,119.86000061035156,120.12999725341797,119.56999969482422,119.56999969482422,77.181884765625
2014-05-30,119.47000122070312,119.69000244140625,119.33999633789062,119.58999633789062,77.19483184814453
2014-06-02,118.88999938964844,119.08000183105469,118.55000305175781,118.58999633789062,76.76628875732422
2014-06-03,118.45999908447266,118.48999786376953,118.05000305175781,118.05000305175781,76.41674041748047
2014-06-04,118.20999908447266,118.2300033569336,117.97000122070312,117.98999786376953,76.37788391113281
2014-06-05,118.04000091552734,118.3499984741211,117.91000366210938,118.23999786376953,76.53976440429688
2014-06-06,118.44000244140625,118.76000213623047,118.37000274658203,118.48999786376953,76.7015609741211
2014-06-09,118.29000091552734,118.33000183105469,118.11000061035156,118.25,76.5461654663086
2014-06-10,118.06999969482422,118.16999816894531,118.0,118.02999877929688,76.40380859375
2014-06-11,118.11000061035156,118.27999877929688,118.02999877929688,118.12000274658203,76.4620361328125
2014-06-12,118.18000030517578,118.5999984741211,118.05999755859375,118.5,76.70799255371094
2014-06-13,118.12999725341797,118.58999633789062,118.08000183105469,118.4800033569336,76.69508361816406
2014-06-16,118.4000015258789,118.62000274658203,118.37999725341797,118.47000122070312,76.6885986328125
2014-06-17,118.37000274658203,118.37999725341797,118.05999755859375,118.06999969482422,76.42964935302734
2014-06-18,118.33999633789062,118.75,118.16999816894531,118.75,76.8698959350586
2014-06-19,118.88999938964844,118.9000015258789,118.20999908447266,118.33000183105469,76.59797668457031
2014-06-20,118.23999786376953,118.61000061035156,118.18000030517578,118.55999755859375,76.74687957763672
2014-06-23,118.69999694824219,118.77999877929688,118.48999786376953,118.55000305175781,76.74043273925781
2014-06-24,118.87999725341797,119.05999755859375,118.58999633789062,119.05000305175781,77.06407928466797
2014-06-25,119.43000030517578,119.43000030517578,119.13999938964844,119.16999816894531,77.14176940917969
2014-06-26,119.23999786376953,119.5199966430664,119.23999786376953,119.38999938964844,77.28412628173828
2014-06-27,119.5199966430664,119.61000061035156,119.37000274658203,119.37000274658203,77.27120971679688
2014-06-30,119.44000244140625,119.45999908447266,119.16999816894531,119.26000213623047,77.20003509521484
2014-07-01,118.70999908447266,118.8499984741211,118.45999908447266,118.47000122070312,76.9013900756836
2014-07-02,118.31999969482422,118.31999969482422,117.97000122070312,118.05000305175781,76.62879180908203
2014-07-03,117.76000213623047,118.0,117.66000366210938,117.93000030517578,76.55086517333984
2014-07-07,118.0199966430664,118.22000122070312,117.94999694824219,118.13999938964844,76.68717193603516
2014-07-08,118.48999786376953,118.66000366210938,118.45999908447266,118.58000183105469,76.97283172607422
2014-07-09,118.5199966430664,118.87000274658203,118.37000274658203,118.7699966430664,77.0961685180664
2014-07-10,118.94000244140625,118.97000122070312,118.6500015258789,118.68000030517578,77.03773498535156
2014-07-11,118.83999633789062,119.11000061035156,118.83999633789062,119.05000305175781,77.27790069580078
2014-07-14,118.86000061035156,118.93000030517578,118.7300033569336,118.80000305175781,77.1156005859375
2014-07-15,118.70999908447266,119.04000091552734,118.5,118.66999816894531,77.03121185302734
2014-07-16,118.79000091552734,118.98999786376953,118.69000244140625,118.94999694824219,77.21294403076172
2014-07-17,119.18000030517578,119.48999786376953,119.05999755859375,119.4000015258789,77.50508880615234
2014-07-18,119.3499984741211,119.38999938964844,119.06999969482422,119.23999786376953,77.40123748779297
2014-07-21,119.37000274658203,119.47000122070312,119.20999908447266,119.23999786376953,77.40123748779297
2014-07-22,119.30999755859375,119.4000015258789,119.18000030517578,119.33000183105469,77.45962524414062
2014-07-23,119.45999908447266,119.55000305175781,119.41000366210938,119.47000122070312,77.550537109375
2014-07-24,119.11000061035156,119.16999816894531,118.9800033569336,119.0,77.24542236328125
2014-07-25,119.37000274658203,119.45999908447266,119.22000122070312,119.45999908447266,77.5440444946289
2014-07-28,119.41000366210938,119.51000213623047,119.2300033569336,119.31999969482422,77.45314025878906
2014-07-29,119.52999877929688,119.55000305175781,119.27999877929688,119.43000030517578,77.5245590209961
2014-07-30,119.08000183105469,119.18000030517578,118.69999694824219,118.87999725341797,77.16752624511719
2014-07-31,118.37000274658203,118.7300033569336,118.36000061035156,118.55000305175781,76.953369140625
2014-08-01,118.12999725341797,118.87999725341797,118.08000183105469,118.81999969482422,77.3497543334961
2014-08-04,118.87000274658203,119.01000213623047,118.72000122070312,118.8499984741211,77.3692398071289
2014-08-05,118.66999816894531,118.98999786376953,118.5,118.97000122070312,77.44745635986328
2014-08-06,119.11000061035156,119.12000274658203,118.73999786376953,118.76000213623047,77.31077575683594
2014-08-07,118.94000244140625,119.12000274658203,118.79000091552734,119.06999969482422,77.51254272460938
2014-08-08,119.2699966430664,119.41000366210938,119.0,119.04000091552734,77.4930191040039
2014-08-11,119.13999938964844,119.27999877929688,119.0199966430664,119.08999633789062,77.52555084228516
2014-08-12,119.19999694824219,119.20999908447266,118.9800033569336,119.02999877929688,77.4864730834961
2014-08-13,119.04000091552734,119.33000183105469,119.0,119.2699966430664,77.64273071289062
2014-08-14,119.45999908447266,119.5,119.19000244140625,119.4000015258789,77.72731018066406
2014-08-15,119.56999969482422,120.18000030517578,119.51000213623047,119.81999969482422,78.00074768066406
2014-08-18,119.68000030517578,119.73999786376953,119.45999908447266,119.55000305175781,77.82501983642578
2014-08-19,119.73999786376953,119.77999877929688,119.30000305175781,119.47000122070312,77.77289581298828
2014-08-20,119.43000030517578,119.47000122070312,119.11000061035156,119.19999694824219,77.59712982177734
2014-08-21,119.38999938964844,119.63999938964844,119.37999725341797,119.61000061035156,77.86405181884766
2014-08-22,119.61000061035156,119.87999725341797,119.33999633789062,119.76000213623047,77.96168518066406
2014-08-25,119.87999725341797,119.94999694824219,119.72000122070312,119.94999694824219,78.08536529541016
2014-08-26,120.05000305175781,120.08999633789062,119.8499984741211,120.02999877929688,78.137451171875
2014-08-27,120.0999984741211,120.29000091552734,120.0199966430664,120.2300033569336,78.2676773071289
2014-08-28,120.5,120.5999984741211,120.31999969482422,120.48999786376953,78.4369125366211
2014-08-29,120.43000030517578,120.68000030517578,120.38999938964844,120.58000183105469,78.4955062866211
2014-09-02,119.73999786376953,119.87999725341797,119.58000183105469,119.66999816894531,78.12207794189453
2014-09-03,119.45999908447266,119.83000183105469,119.41000366210938,119.83000183105469,78.22657012939453
2014-09-04,119.52999877929688,119.66000366210938,118.94999694824219,118.9800033569336,77.67164611816406
2014-09-05,119.26000213623047,119.4000015258789,118.88999938964844,119.0,77.68472290039062
2014-09-08,119.20999908447266,119.30000305175781,118.7699966430664,118.80000305175781,77.55412292480469
2014-09-09,118.69000244140625,118.70999908447266,118.47000122070312,118.4800033569336,77.34524536132812
2014-09-10,118.23999786376953,118.41000366210938,118.19999694824219,118.29000091552734,77.22122192382812
2014-09-11,118.38999938964844,118.55000305175781,118.19999694824219,118.19999694824219,77.16246032714844
2014-09-12,117.86000061035156,118.02999877929688,117.5999984741211,117.62999725341797,76.79039764404297
2014-09-15,117.88999938964844,117.94000244140625,117.61000061035156,117.66000366210938,76.80995178222656
2014-09-16,117.66999816894531,117.91999816894531,117.58000183105469,117.63999938964844,76.79688262939453
2014-09-17,117.80999755859375,117.91000366210938,117.26000213623047,117.31999969482422,76.58800506591797
2014-09-18,117.41000366210938,117.58000183105469,117.33000183105469,117.52999877929688,76.72511291503906
2014-09-19,117.66999816894531,118.0199966430664,117.5,117.98999786376953,77.0253677368164
2014-09-22,118.05000305175781,118.16999816894531,117.91000366210938,118.0999984741211,77.09719848632812
2014-09-23,118.16999816894531,118.29000091552734,118.05999755859375,118.29000091552734,77.22122192382812
2014-09-24,118.22000122070312,118.23999786376953,117.94000244140625,118.01000213623047,77.03842163085938
2014-09-25,118.05999755859375,118.44000244140625,118.05000305175781,118.36000061035156,77.26692199707031
2014-09-26,117.87999725341797,118.13999938964844,117.4000015258789,118.0999984741211,77.09719848632812
2014-09-29,118.12000274658203,118.2300033569336,117.87999725341797,118.05000305175781,77.06458282470703
2014-09-30,118.13999938964844,118.41999816894531,118.05000305175781,118.22000122070312,77.17555236816406
2014-10-01,118.30999755859375,118.80999755859375,118.25,118.5999984741211,77.64360046386719
2014-10-02,118.5999984741211,118.79000091552734,118.37000274658203,118.58999633789062,77.63705444335938
2014-10-03,118.56999969482422,118.94999694824219,118.37000274658203,118.93000030517578,77.85969543457031
2014-10-06,118.91000366210938,119.1500015258789,118.87000274658203,118.98999786376953,77.8989486694336
2014-10-07,119.27999877929688,119.62999725341797,119.16000366210938,119.41999816894531,78.1804428100586
2014-10-08,119.5999984741211,120.08000183105469,119.2300033569336,120.02999877929688,78.57977294921875
2014-10-09,119.7300033569336,119.94000244140625,119.51000213623047,119.52999877929688,78.25240325927734
2014-10-10,119.5999984741211,119.66999816894531,119.41000366210938,119.62999725341797,78.31791687011719
2014-10-13,119.91999816894531,120.18000030517578,119.80000305175781,119.94000244140625,78.52084350585938
2014-10-14,120.08999633789062,120.25,119.88999938964844,120.20999908447266,78.69764709472656
2014-10-15,120.80000305175781,122.43000030517578,120.12999725341797,120.30000305175781,78.75654602050781
2014-10-16,120.73999786376953,120.79000091552734,119.83999633789062,120.02999877929688,78.57977294921875
2014-10-17,120.05999755859375,120.19999694824219,119.75,119.9800033569336,78.54706573486328
2014-10-20,120.27999877929688,120.29000091552734,119.97000122070312,120.19999694824219,78.69107818603516
2014-10-21,120.0,120.23999786376953,119.94999694824219,120.12999725341797,78.6452407836914
2014-10-22,119.93000030517578,120.0199966430664,119.77999877929688,119.93000030517578,78.51431274414062
2014-10-23,119.69999694824219,119.8499984741211,119.44999694824219,119.69999694824219,78.36377716064453
2014-10-24,119.68000030517578,119.94999694824219,119.5999984741211,119.75,78.39649200439453
2014-10-27,119.75,119.91000366210938,119.66000366210938,119.9000015258789,78.49469757080078
2014-10-28,119.70999908447266,119.75,119.44000244140625,119.5,78.23281860351562
2014-10-29,119.44000244140625,119.5,118.86000061035156,119.27999877929688,78.08883666992188
2014-10-30,119.44999694824219,119.69999694824219,119.30000305175781,119.36000061035156,78.14114379882812
2014-10-31,119.30999755859375,119.44000244140625,119.02999877929688,119.33999633789062,78.1280746459961
2014-11-03,118.77999877929688,118.97000122070312,118.62999725341797,118.7699966430664,77.97377014160156
2014-11-04,118.80000305175781,119.12999725341797,118.7699966430664,118.94000244140625,78.08544158935547
2014-11-05,118.80999755859375,118.8499984741211,118.61000061035156,118.72000122070312,77.9409408569336
2014-11-06,118.58999633789062,118.70999908447266,118.33000183105469,118.36000061035156,77.70466613769531
2014-11-07,118.5,119.12000274658203,118.5,119.11000061035156,78.197021484375
2014-11-10,118.9800033569336,119.0,118.5,118.51000213623047,77.8030776977539
2014-11-11,118.5,118.58999633789062,118.4000015258789,118.5,77.79650115966797
2014-11-12,118.83000183105469,118.9800033569336,118.3499984741211,118.48999786376953,77.78998565673828
2014-11-13,118.52999877929688,118.55999755859375,118.30999755859375,118.36000061035156,77.70466613769531
2014-11-14,118.25,118.70999908447266,118.19000244140625,118.51000213623047,77.8030776977539
2014-11-17,118.63999938964844,118.68000030517578,118.16999816894531,118.2300033569336,77.61927795410156
2014-11-18,118.20999908447266,118.36000061035156,118.16000366210938,118.33000183105469,77.6849365234375
2014-11-19,117.86000061035156,118.08000183105469,117.69999694824219,117.69999694824219,77.27133178710938
2014-11-20,118.20999908447266,118.30000305175781,117.87000274658203,118.1500015258789,77.56675720214844
2014-11-21,118.38999938964844,118.75,118.30000305175781,118.66000366210938,77.90153503417969
2014-11-24,118.62000274658203,118.88999938964844,118.5999984741211,118.8499984741211,78.02628326416016
2014-11-25,119.0,119.44999694824219,118.94999694824219,119.36000061035156,78.36109924316406
2014-11-26,119.7300033569336,119.8499984741211,119.66000366210938,119.7699966430664,78.63031005859375
2014-11-28,119.91000366210938,120.11000061035156,119.91000366210938,120.08999633789062,78.84037017822266
2014-12-01,119.80000305175781,119.87999725341797,118.94999694824219,119.33999633789062,78.56715393066406
2014-12-02,118.94000244140625,118.95999908447266,118.54000091552734,118.54000091552734,78.04048156738281
2014-12-03,118.62000274658203,118.83000183105469,118.55000305175781,118.66000366210938,78.11945343017578
2014-12-04,118.61000061035156,119.0,118.58000183105469,118.8499984741211,78.24455261230469
2014-12-05,118.75,118.80999755859375,118.30000305175781,118.36000061035156,77.9220199584961
2014-12-08,118.52999877929688,119.05999755859375,118.41999816894531,118.91999816894531,78.29064178466797
2014-12-09,119.12999725341797,119.2699966430664,118.9000015258789,119.0199966430664,78.35647583007812
2014-12-10,118.9800033569336,119.2699966430664,118.93000030517578,118.9800033569336,78.33014678955078
2014-12-11,119.05000305175781,119.1500015258789,118.68000030517578,118.86000061035156,78.25115966796875
2014-12-12,119.1500015258789,119.62999725341797,119.0,119.05000305175781,78.37622833251953
2014-12-15,119.0,119.48999786376953,118.86000061035156,119.33000183105469,78.56060028076172
2014-12-16,119.33999633789062,119.5999984741211,119.13999938964844,119.29000091552734,78.53424072265625
2014-12-17,119.5199966430664,119.88999938964844,119.12999725341797,119.31999969482422,78.55399322509766
2014-12-18,119.25,119.51000213623047,118.87999725341797,119.44000244140625,78.63299560546875
2014-12-19,119.19000244140625,119.47000122070312,119.02999877929688,119.37999725341797,78.5934829711914
2014-12-22,119.55999755859375,119.80999755859375,119.33000183105469,119.76000213623047,78.84364318847656
2014-12-23,119.5999984741211,119.61000061035156,118.7699966430664,118.8499984741211,78.24455261230469
2014-12-24,118.51000213623047,118.98999786376953,118.41999816894531,118.91000366210938,78.49674987792969
2014-12-26,119.0999984741211,119.12999725341797,118.86000061035156,119.0,78.55614471435547
2014-12-29,119.2699966430664,119.41999816894531,119.11000061035156,119.2300033569336,78.70795440673828
2014-12-30,119.55000305175781,119.72000122070312,119.30000305175781,119.33000183105469,78.77397155761719
2014-12-31,119.58000183105469,119.79000091552734,119.30999755859375,119.41000366210938,78.8268051147461
2015-01-02,119.5999984741211,120.23999786376953,119.55000305175781,119.83000183105469,79.10407257080078
2015-01-05,120.19000244140625,120.68000030517578,120.08999633789062,120.31999969482422,79.42757415771484
2015-01-06,120.6500015258789,121.16999816894531,120.47000122070312,120.80999755859375,79.75103759765625
2015-01-07,120.63999938964844,121.05000305175781,120.51000213623047,120.97000122070312,79.85662078857422
2015-01-08,120.6500015258789,120.66999816894531,120.37000274658203,120.58000183105469,79.59918212890625
2015-01-09,120.41999816894531,121.0199966430664,120.38999938964844,120.9000015258789,79.8104019165039
2015-01-12,120.94000244140625,121.19000244140625,120.87000274658203,121.12999725341797,79.96224212646484
2015-01-13,121.12999725341797,121.27999877929688,120.91000366210938,121.23999786376953,80.03486633300781
2015-01-14,121.70999908447266,121.81999969482422,121.3499984741211,121.44999694824219,80.1734848022461
2015-01-15,121.52999877929688,122.2699966430664,121.44999694824219,122.08000183105469,80.58935546875
2015-01-16,121.70999908447266,121.91000366210938,121.2300033569336,121.4000015258789,80.14047241210938
2015-01-20,121.70999908447266,122.05999755859375,121.62999725341797,121.68000030517578,80.3253173828125
2015-01-21,122.08000183105469,122.11000061035156,121.31999969482422,121.62999725341797,80.29227447509766
2015-01-22,121.87999725341797,121.95999908447266,121.25,121.56999969482422,80.25271606445312
2015-01-23,122.08999633789062,122.41000366210938,122.04000091552734,122.27999877929688,80.72140502929688
2015-01-26,122.3499984741211,122.47000122070312,122.0,122.25,80.70161437988281
2015-01-27,122.68000030517578,122.83000183105469,122.19999694824219,122.33999633789062,80.76101684570312
2015-01-28,122.38999938964844,123.33999633789062,122.37000274658203,123.16999816894531,81.30892944335938
2015-01-29,122.86000061035156,123.02999877929688,122.69000244140625,122.87999725341797,81.11749267578125
2015-01-30,123.55000305175781,123.9000015258789,123.43000030517578,123.88999938964844,81.78418731689453
2015-02-02,123.23999786376953,123.72000122070312,123.05000305175781,123.66999816894531,81.86033630371094
2015-02-03,123.05999755859375,123.19000244140625,122.5199966430664,122.66999816894531,81.19844818115234
2015-02-04,122.26000213623047,122.87000274658203,122.19000244140625,122.83999633789062,81.31095886230469
2015-02-05,122.58999633789062,122.69000244140625,122.36000061035156,122.44999694824219,81.05279541015625
2015-02-06,121.95999908447266,122.08999633789062,121.13999938964844,121.16999816894531,80.20552825927734
2015-02-09,121.55999755859375,121.62000274658203,121.11000061035156,121.25,80.2584457397461
2015-02-10,121.2300033569336,121.30000305175781,120.88999938964844,120.91999816894531,80.0400390625
2015-02-11,121.02999877929688,121.05000305175781,120.63999938964844,121.0,80.09298706054688
2015-02-12,121.0,121.44000244140625,120.9000015258789,121.30999755859375,80.29817962646484
2015-02-13,121.29000091552734,121.36000061035156,120.81999969482422,120.83000183105469,79.98050689697266
2015-02-17,120.66000366210938,120.77999877929688,120.05999755859375,120.2699966430664,79.60982513427734
2015-02-18,120.33999633789062,121.0,120.20999908447266,120.69999694824219,79.89444732666016
2015-02-19,120.63999938964844,121.08000183105469,120.54000091552734,120.68000030517578,79.88119506835938
2015-02-20,121.0199966430664,121.31999969482422,120.47000122070312,120.86000061035156,80.00037384033203
2015-02-23,121.1500015258789,121.27999877929688,121.05999755859375,121.2699966430664,80.27172088623047
2015-02-24,121.05999755859375,122.0999984741211,120.80000305175781,122.05999755859375,80.79463958740234
2015-02-25,121.91999816894531,122.19999694824219,121.73999786376953,122.16999816894531,80.8674545288086
2015-02-26,122.0,122.1500015258789,121.44000244140625,121.51000213623047,80.43057250976562
2015-02-27,121.54000091552734,121.86000061035156,121.30999755859375,121.80000305175781,80.62254333496094
2015-03-02,121.36000061035156,121.36000061035156,120.4000015258789,120.41999816894531,79.92362976074219
2015-03-03,120.5,120.7699966430664,120.33999633789062,120.3499984741211,79.87720489501953
2015-03-04,120.66000366210938,120.66999816894531,120.19999694824219,120.2699966430664,79.82412719726562
2015-03-05,120.5,120.58000183105469,120.12999725341797,120.43000030517578,79.93029022216797
2015-03-06,119.69999694824219,119.80999755859375,119.11000061035156,119.1500015258789,79.08073425292969
2015-03-09,119.58999633789062,119.68000030517578,119.37999725341797,119.62999725341797,79.39932250976562
2015-03-10,120.0199966430664,120.19000244140625,119.79000091552734,119.81999969482422,79.52542877197266
2015-03-11,120.06999969482422,120.44000244140625,119.87999725341797,120.43000030517578,79.93029022216797
2015-03-12,120.62999725341797,120.72000122070312,120.08000183105469,120.30999755859375,79.85064697265625
2015-03-13,120.0,120.30000305175781,119.9000015258789,119.97000122070312,79.6249771118164
2015-03-16,120.41999816894531,120.41999816894531,119.91000366210938,120.08999633789062,79.70464324951172
2015-03-17,120.0999984741211,120.37000274658203,119.87999725341797,120.29000091552734,79.83735656738281
2015-03-18,120.54000091552734,121.88999938964844,120.36000061035156,121.7699966430664,80.81966400146484
2015-03-19,121.4800033569336,121.61000061035156,121.05000305175781,121.1500015258789,80.4081802368164
2015-03-20,121.47000122070312,121.70999908447266,121.36000061035156,121.48999786376953,80.63378143310547
2015-03-23,121.56999969482422,121.83000183105469,121.55000305175781,121.7699966430664,80.81966400146484
2015-03-24,121.88999938964844,122.0,121.69999694824219,121.94999694824219,80.93912506103516
2015-03-25,122.0,122.30000305175781,121.44000244140625,121.55000305175781,80.67363739013672
2015-03-26,121.2699966430664,121.37999725341797,120.72000122070312,120.80000305175781,80.17585754394531
2015-03-27,121.18000030517578,121.54000091552734,121.02999877929688,121.27999877929688,80.49443817138672
2015-03-30,121.41999816894531,121.58999633789062,121.27999877929688,121.48999786376953,80.63378143310547
2015-03-31,121.47000122070312,121.76000213623047,121.31999969482422,121.70999908447266,80.77983093261719
2015-04-01,121.69999694824219,122.16999816894531,121.61000061035156,121.7300033569336,81.01212310791016
2015-04-02,121.94000244140625,122.12000274658203,121.5,121.52999877929688,80.8790054321289
2015-04-06,122.01000213623047,122.16000366210938,121.4000015258789,121.69000244140625,80.9854965209961
2015-04-07,121.5999984741211,122.13999938964844,121.47000122070312,122.12999725341797,81.2782974243164
2015-04-08,122.12999725341797,122.12999725341797,121.69999694824219,122.08999633789062,81.25170135498047
2015-04-09,122.06999969482422,122.06999969482422,121.36000061035156,121.47000122070312,80.83903503417969
2015-04-10,121.80999755859375,121.9000015258789,121.55999755859375,121.63999938964844,80.9521713256836
2015-04-13,121.6500015258789,121.8499984741211,121.54000091552734,121.5999984741211,80.92560577392578
2015-04-14,122.05000305175781,122.30999755859375,121.8499984741211,121.87999725341797,81.11195373535156
2015-04-15,122.1500015258789,122.29000091552734,121.95999908447266,121.95999908447266,81.16514587402344
2015-04-16,122.13999938964844,122.13999938964844,121.56999969482422,121.88999938964844,81.11859893798828
2015-04-17,121.81999969482422,122.3499984741211,121.6500015258789,122.22000122070312,81.33817291259766
2015-04-20,122.19000244140625,122.3499984741211,121.83999633789062,121.93000030517578,81.14517211914062
2015-04-21,122.05000305175781,122.0999984741211,121.77999877929688,121.9000015258789,81.12525939941406
2015-04-22,121.93000030517578,121.94000244140625,121.08999633789062,121.11000061035156,80.59950256347656
2015-04-23,121.13999938964844,121.58999633789062,121.04000091552734,121.41999816894531,80.80580139160156
2015-04-24,121.61000061035156,121.83000183105469,121.51000213623047,121.6500015258789,80.95890045166016
2015-04-27,121.6500015258789,121.76000213623047,121.31999969482422,121.55999755859375,80.89894104003906
2015-04-28,121.22000122070312,121.37999725341797,120.76000213623047,120.83999633789062,80.41979217529297
2015-04-29,120.01000213623047,120.1500015258789,119.5999984741211,119.83999633789062,79.75428009033203
2015-04-30,119.66000366210938,120.01000213623047,119.16999816894531,119.94000244140625,79.82086944580078
2015-05-01,119.22000122070312,119.47000122070312,118.80000305175781,118.94999694824219,79.38041687011719
2015-05-04,119.01000213623047,119.16000366210938,118.55999755859375,118.56999969482422,79.1268081665039
2015-05-05,118.63999938964844,118.69000244140625,118.05000305175781,118.37000274658203,78.99335479736328
2015-05-06,118.30000305175781,118.30000305175781,117.68000030517578,117.86000061035156,78.65296173095703
2015-05-07,118.01000213623047,118.41000366210938,117.86000061035156,118.33000183105469,78.96665954589844
2015-05-08,119.08999633789062,119.2300033569336,118.83000183105469,119.01000213623047,79.42041778564453
2015-05-11,118.61000061035156,118.6500015258789,117.69000244140625,117.80999755859375,78.61962127685547
2015-05-12,117.44999694824219,117.9800033569336,117.19999694824219,117.63999938964844,78.50617980957031
2015-05-13,118.20999908447266,118.27999877929688,117.48999786376953,117.52999877929688,78.43273162841797
2015-05-14,117.75,118.13999938964844,117.61000061035156,117.93000030517578,78.69972229003906
2015-05-15,118.20999908447266,118.81999969482422,118.0999984741211,118.75,79.24695587158203
2015-05-18,118.30999755859375,118.4800033569336,117.75,117.83999633789062,78.63965606689453
2015-05-19,117.30000305175781,117.80000305175781,117.19999694824219,117.20999908447266,78.21922302246094
2015-05-20,117.37999725341797,117.68000030517578,117.11000061035156,117.3499984741211,78.31267547607422
2015-05-21,117.55000305175781,117.94999694824219,117.41999816894531,117.91000366210938,78.68636322021484
2015-05-22,117.81999969482422,117.8499984741211,117.51000213623047,117.83000183105469,78.63298034667969
2015-05-26,117.86000061035156,118.41000366210938,117.80999755859375,118.3499984741211,78.97999572753906
2015-05-27,118.36000061035156,118.55000305175781,118.08999633789062,118.47000122070312,79.06007385253906
2015-05-28,118.43000030517578,118.48999786376953,118.19000244140625,118.22000122070312,78.89322662353516
2015-05-29,118.5,118.56999969482422,118.12999725341797,118.2699966430664,78.9266357421875
2015-06-01,117.86000061035156,117.98999786376953,117.22000122070312,117.27999877929688,78.4842758178711
2015-06-02,116.87000274658203,116.98999786376953,116.58999633789062,116.68000030517578,78.08271026611328
2015-06-03,116.44000244140625,116.44000244140625,115.70999908447266,115.93000030517578,77.58081817626953
2015-06-04,116.12000274658203,116.66999816894531,116.12000274658203,116.52999877929688,77.98235321044922
2015-06-05,115.91000366210938,116.20999908447266,115.5,115.94000244140625,77.58753204345703
2015-06-08,116.08000183105469,116.19999694824219,115.86000061035156,115.86000061035156,77.53400421142578
2015-06-09,115.66999816894531,115.66999816894531,115.23999786376953,115.33999633789062,77.18602752685547
2015-06-10,115.18000030517578,115.27999877929688,114.93000030517578,115.02999877929688,76.978515625
2015-06-11,115.54000091552734,116.06999969482422,115.29000091552734,116.05000305175781,77.66114807128906
2015-06-12,115.76000213623047,116.33000183105469,115.7300033569336,115.8499984741211,77.52729034423828
2015-06-15,116.19999694824219,116.25,115.68000030517578,115.83000183105469,77.51390075683594
2015-06-16,115.95999908447266,116.12000274658203,115.66000366210938,116.12000274658203,77.70795440673828
2015-06-17,116.04000091552734,116.19999694824219,115.47000122070312,116.11000061035156,77.7012939453125
2015-06-18,115.8499984741211,116.0,115.52999877929688,115.9000015258789,77.5607681274414
2015-06-19,116.2300033569336,116.62000274658203,116.05999755859375,116.5199966430664,77.97563934326172
2015-06-22,116.08999633789062,116.25,115.54000091552734,115.5999984741211,77.3599853515625
2015-06-23,115.08999633789062,115.63999938964844,115.08999633789062,115.33999633789062,77.18602752685547
2015-06-24,115.44000244140625,115.72000122070312,115.30000305175781,115.66000366210938,77.400146484375
2015-06-25,115.4800033569336,115.63999938964844,115.26000213623047,115.47000122070312,77.27299499511719
2015-06-26,115.0199966430664,115.12999725341797,114.7300033569336,114.94000244140625,76.91834259033203
2015-06-29,115.22000122070312,116.08999633789062,115.1500015258789,115.94000244140625,77.58753204345703
2015-06-30,115.66999816894531,116.18000030517578,115.5999984741211,115.72000122070312,77.44029235839844
2015-07-01,115.02999877929688,115.29000091552734,115.0199966430664,115.0199966430664,77.19196319580078
2015-07-02,115.30000305175781,115.66000366210938,115.27999877929688,115.45999908447266,77.48725128173828
2015-07-06,115.87999725341797,116.06999969482422,115.58999633789062,115.91999816894531,77.79601287841797
2015-07-07,116.6500015258789,116.86000061035156,116.26000213623047,116.4000015258789,78.11812591552734
2015-07-08,116.51000213623047,116.70999908447266,116.2300033569336,116.55999755859375,78.22547912597656
2015-07-09,116.16000366210938,116.19999694824219,115.72000122070312,115.79000091552734,77.70873260498047
2015-07-10,115.1500015258789,115.36000061035156,114.80999755859375,115.05000305175781,77.21211242675781
2015-07-13,114.58000183105469,115.08000183105469,114.58000183105469,114.80000305175781,77.0443344116211
2015-07-14,114.87000274658203,115.0,114.66000366210938,114.9000015258789,77.11144256591797
2015-07-15,114.86000061035156,115.37000274658203,114.7699966430664,115.19999694824219,77.31281280517578
2015-07-16,115.02999877929688,115.45999908447266,114.91999816894531,115.37999725341797,77.4335708618164
2015-07-17,115.38999938964844,115.62000274658203,115.38999938964844,115.45999908447266,77.48725128173828
2015-07-20,115.25,115.44999694824219,115.1500015258789,115.19000244140625,77.30608367919922
2015-07-21,115.01000213623047,115.4800033569336,115.0,115.43000030517578,77.46711730957031
2015-07-22,115.41000366210938,115.75,115.33999633789062,115.58000183105469,77.56780242919922
2015-07-23,115.52999877929688,116.0199966430664,115.4000015258789,115.91999816894531,77.79601287841797
2015-07-24,116.11000061035156,116.11000061035156,115.66999816894531,115.87000274658203,77.7624282836914
2015-07-27,115.93000030517578,116.18000030517578,115.80999755859375,115.87999725341797,77.76915740966797
2015-07-28,115.62999725341797,115.81999969482422,115.5,115.79000091552734,77.70873260498047
2015-07-29,115.7300033569336,115.80999755859375,115.5199966430664,115.69000244140625,77.64159393310547
2015-07-30,115.7699966430664,115.91999816894531,115.5999984741211,115.75,77.6819076538086
2015-07-31,116.11000061035156,116.41000366210938,116.0999984741211,116.3499984741211,78.08454895019531
2015-08-03,115.86000061035156,116.37999725341797,115.83000183105469,116.29000091552734,78.26629638671875
2015-08-04,115.98999786376953,116.05000305175781,115.63999938964844,115.69999694824219,77.86922454833984
2015-08-05,115.51000213623047,115.51000213623047,115.08999633789062,115.25,77.56631469726562
2015-08-06,115.37999725341797,115.58999633789062,115.33000183105469,115.47000122070312,77.71438598632812
2015-08-07,115.63999938964844,115.94000244140625,115.55000305175781,115.87000274658203,77.98362731933594
2015-08-10,115.58000183105469,115.68000030517578,115.3499984741211,115.41000366210938,77.67399597167969
2015-08-11,115.88999938964844,116.20999908447266,115.81999969482422,115.88999938964844,77.9970703125
2015-08-12,115.88999938964844,116.26000213623047,115.6500015258789,115.70999908447266,77.87592315673828
2015-08-13,115.41000366210938,115.66000366210938,115.22000122070312,115.30999755859375,77.606689453125
2015-08-14,115.27999877929688,115.52999877929688,115.16999816894531,115.41999816894531,77.68074798583984
2015-08-17,115.80000305175781,116.0999984741211,115.58999633789062,115.79000091552734,77.92976379394531
2015-08-18,115.5199966430664,115.63999938964844,115.27999877929688,115.3499984741211,77.6336441040039
2015-08-19,115.0999984741211,115.98999786376953,115.0,115.91000366210938,78.01053619384766
2015-08-20,115.94999694824219,116.11000061035156,115.80999755859375,115.9800033569336,78.05765533447266
2015-08-21,116.01000213623047,116.29000091552734,115.81999969482422,116.01000213623047,78.07785034179688
2015-08-24,116.5,116.58999633789062,115.62999725341797,115.69000244140625,77.86248779296875
2015-08-25,115.3499984741211,115.55999755859375,114.87000274658203,115.0999984741211,77.46537017822266
2015-08-26,114.87999725341797,115.2300033569336,114.68000030517578,115.02999877929688,77.41828155517578
2015-08-27,114.80999755859375,115.38999938964844,114.69999694824219,115.13999938964844,77.4923095703125
2015-08-28,115.70999908447266,115.76000213623047,115.2699966430664,115.3499984741211,77.6336441040039
2015-08-31,115.79000091552734,115.81999969482422,115.05999755859375,115.05999755859375,77.43848419189453
2015-09-01,115.05999755859375,115.48999786376953,114.83999633789062,115.41999816894531,77.90757751464844
2015-09-02,114.97000122070312,115.45999908447266,114.97000122070312,115.25,77.79280853271484
2015-09-03,115.56999969482422,115.94000244140625,115.41999816894531,115.80000305175781,78.16407012939453
2015-09-04,115.97000122070312,116.19999694824219,115.77999877929688,116.05999755859375,78.33956909179688
2015-09-08,115.76000213623047,115.81999969482422,115.5,115.5199966430664,77.97504425048828
2015-09-09,115.2300033569336,115.83999633789062,115.19999694824219,115.7699966430664,78.14382934570312
2015-09-10,115.56999969482422,115.6500015258789,115.36000061035156,115.54000091552734,77.98860931396484
2015-09-11,115.58000183105469,115.88999938964844,115.56999969482422,115.62000274658203,78.04259490966797
2015-09-14,115.77999877929688,115.81999969482422,115.4800033569336,115.61000061035156,78.03584289550781
2015-09-15,115.33999633789062,115.4800033569336,114.63999938964844,114.73999786376953,77.44860076904297
2015-09-16,114.80999755859375,115.05000305175781,114.76000213623047,114.94999694824219,77.59032440185547
2015-09-17,114.93000030517578,115.94000244140625,114.88999938964844,115.9000015258789,78.2315444946289
2015-09-18,116.08000183105469,116.37999725341797,116.0,116.25,78.46780395507812
2015-09-21,115.94000244140625,116.0999984741211,115.61000061035156,115.66000366210938,78.0696029663086
2015-09-22,116.05000305175781,116.3499984741211,115.94000244140625,116.16000366210938,78.4070816040039
2015-09-23,116.12000274658203,116.22000122070312,115.93000030517578,116.08999633789062,78.35983276367188
2015-09-24,116.45999908447266,116.5199966430664,116.08000183105469,116.11000061035156,78.37333679199219
2015-09-25,115.73999786376953,115.94999694824219,115.6500015258789,115.76000213623047,78.1370620727539
2015-09-28,115.83999633789062,116.16000366210938,115.69999694824219,115.95999908447266,78.27207946777344
2015-09-29,115.91000366210938,116.1500015258789,115.81999969482422,116.11000061035156,78.37333679199219
2015-09-30,115.87999725341797,116.12999725341797,115.83000183105469,116.08999633789062,78.35983276367188
2015-10-01,115.73999786376953,115.91999816894531,115.56999969482422,115.7300033569336,78.34223937988281
2015-10-02,116.3499984741211,116.48999786376953,116.0199966430664,116.23999786376953,78.68742370605469
2015-10-05,115.91999816894531,116.06999969482422,115.80000305175781,115.93000030517578,78.47765350341797
2015-10-06,115.93000030517578,116.22000122070312,115.6500015258789,116.16000366210938,78.63330078125
2015-10-07,116.23999786376953,116.5999984741211,115.91999816894531,116.56999969482422,78.91084289550781
2015-10-08,116.56999969482422,116.56999969482422,115.9800033569336,116.11000061035156,78.59950256347656
2015-10-09,116.08999633789062,116.27999877929688,115.98999786376953,116.16000366210938,78.63330078125
2015-10-12,116.31999969482422,116.69999694824219,116.31999969482422,116.62999725341797,78.95146179199219
2015-10-13,116.61000061035156,116.63999938964844,116.23999786376953,116.54000091552734,78.89055633544922
2015-10-14,116.83999633789062,117.01000213623047,116.56999969482422,117.0,79.2019271850586
2015-10-15,116.8499984741211,116.94999694824219,116.61000061035156,116.94999694824219,79.16809844970703
2015-10-16,116.91999816894531,117.02999877929688,116.83000183105469,116.98999786376953,79.19517517089844
2015-10-19,116.94000244140625,116.98999786376953,116.63999938964844,116.9800033569336,79.18843841552734
2015-10-20,116.63999938964844,116.8499984741211,116.55000305175781,116.76000213623047,79.03950500488281
2015-10-21,117.05000305175781,117.37000274658203,117.05000305175781,117.33999633789062,79.43207550048828
2015-10-22,117.30999755859375,117.77999877929688,117.22000122070312,117.58999633789062,79.60133361816406
2015-10-23,117.3499984741211,117.41000366210938,117.16000366210938,117.16000366210938,79.3102798461914
2015-10-26,117.37000274658203,117.43000030517578,117.12999725341797,117.37000274658203,79.45246124267578
2015-10-27,117.66000366210938,117.69000244140625,117.37000274658203,117.4000015258789,79.47272491455078
2015-10-28,117.29000091552734,117.36000061035156,116.81999969482422,116.94000244140625,79.16133117675781
2015-10-29,116.61000061035156,116.62999725341797,116.0,116.12000274658203,78.60623168945312
2015-10-30,116.19000244140625,116.44000244140625,116.08000183105469,116.41999816894531,78.80931091308594
2015-11-02,115.80000305175781,115.87999725341797,115.55999755859375,115.58999633789062,78.47056579589844
2015-11-03,115.5999984741211,115.70999908447266,115.43000030517578,115.5999984741211,78.47738647460938
2015-11-04,115.62999725341797,115.79000091552734,115.44999694824219,115.47000122070312,78.38912200927734
2015-11-05,115.55999755859375,115.72000122070312,115.2300033569336,115.5,78.40943145751953
2015-11-06,114.83000183105469,114.87999725341797,114.63999938964844,114.75,77.90027618408203
2015-11-09,114.54000091552734,114.80999755859375,114.43000030517578,114.55999755859375,77.77134704589844
2015-11-10,114.69999694824219,115.05999755859375,114.56999969482422,114.8499984741211,77.96817016601562
2015-11-11,114.80000305175781,114.9000015258789,114.7300033569336,114.83999633789062,77.96136474609375
2015-11-12,114.75,115.19999694824219,114.73999786376953,114.80000305175781,77.93421173095703
2015-11-13,115.08999633789062,115.19000244140625,114.9800033569336,115.13999938964844,78.1650619506836
2015-11-16,115.20999908447266,115.30000305175781,115.0199966430664,115.16000366210938,78.17868041992188
2015-11-17,114.94999694824219,115.5,114.86000061035156,115.27999877929688,78.26010131835938
2015-11-18,115.19999694824219,115.41000366210938,115.06999969482422,115.30999755859375,78.28045654296875
2015-11-19,115.47000122070312,115.7699966430664,115.44000244140625,115.6500015258789,78.51129150390625
2015-11-20,115.62999725341797,115.76000213623047,115.4800033569336,115.62999725341797,78.49769592285156
2015-11-23,115.54000091552734,115.75,115.47000122070312,115.66999816894531,78.52490234375
2015-11-24,115.63999938964844,115.81999969482422,115.58000183105469,115.70999908447266,78.55201721191406
2015-11-25,115.75,115.91000366210938,115.68000030517578,115.81999969482422,78.6267318725586
2015-11-27,115.91000366210938,116.0,115.86000061035156,115.86000061035156,78.65386199951172
2015-11-30,115.8499984741211,115.94999694824219,115.80000305175781,115.91000366210938,78.68779754638672
2015-12-01,115.63999938964844,116.47000122070312,115.55999755859375,116.44999694824219,79.27944946289062
2015-12-02,116.20999908447266,116.33000183105469,116.05000305175781,116.16999816894531,79.08879089355469
2015-12-03,115.58000183105469,115.69000244140625,114.55999755859375,114.62999725341797,78.04035186767578
2015-12-04,114.79000091552734,115.27999877929688,114.79000091552734,115.25,78.46245574951172
2015-12-07,115.22000122070312,115.83000183105469,115.19000244140625,115.44999694824219,78.59861755371094
2015-12-08,115.5999984741211,115.61000061035156,115.22000122070312,115.30000305175781,78.49647521972656
2015-12-09,115.16999816894531,115.41999816894531,114.93000030517578,115.2699966430664,78.47606658935547
2015-12-10,115.29000091552734,115.47000122070312,115.0,115.0,78.29227447509766
2015-12-11,115.27999877929688,115.41000366210938,114.80999755859375,115.19999694824219,78.42839813232422
2015-12-14,114.8499984741211,115.0,114.18000030517578,114.3499984741211,77.84971618652344
2015-12-15,114.06999969482422,114.62999725341797,113.94000244140625,114.36000061035156,77.85652160644531
2015-12-16,114.30999755859375,114.62999725341797,113.69999694824219,114.33999633789062,77.84294128417969
2015-12-17,114.66000366210938,114.73999786376953,114.33999633789062,114.47000122070312,77.93138885498047
2015-12-18,114.5199966430664,114.76000213623047,114.43000030517578,114.47000122070312,77.93138885498047
2015-12-21,114.76000213623047,114.9000015258789,114.45999908447266,114.55000305175781,77.98589324951172
2015-12-22,114.43000030517578,114.58999633789062,114.29000091552734,114.4000015258789,77.88377380371094
2015-12-23,114.27999877929688,114.5199966430664,114.20999908447266,114.5,77.95186614990234
2015-12-24,114.33999633789062,114.55000305175781,114.19999694824219,114.55000305175781,78.20582580566406
2015-12-28,114.36000061035156,114.55999755859375,114.20999908447266,114.41000366210938,78.1102523803711
2015-12-29,114.27999877929688,114.37999725341797,113.80999755859375,113.81999969482422,77.70747375488281
2015-12-30,113.7699966430664,114.05000305175781,113.7300033569336,113.81999969482422,77.70747375488281
2015-12-31,114.16999816894531,114.2699966430664,114.0,114.01000213623047,77.83721923828125
2016-01-04,114.1500015258789,114.41000366210938,113.88999938964844,113.94999694824219,77.7961654663086
2016-01-05,114.08999633789062,114.2300033569336,113.91000366210938,114.01000213623047,77.83721923828125
2016-01-06,114.4800033569336,114.52999877929688,114.30000305175781,114.45999908447266,78.14437103271484
2016-01-07,114.56999969482422,114.68000030517578,114.25,114.55000305175781,78.20582580566406
2016-01-08,114.5199966430664,114.91999816894531,114.44000244140625,114.63999938964844,78.26727294921875
2016-01-11,114.48999786376953,114.61000061035156,114.2300033569336,114.2699966430664,78.01464080810547
2016-01-12,114.30000305175781,114.91000366210938,114.30000305175781,114.52999877929688,78.19219207763672
2016-01-13,114.72000122070312,115.0,114.54000091552734,114.87999725341797,78.43109893798828
2016-01-14,114.9000015258789,114.91999816894531,114.26000213623047,114.30999755859375,78.04195404052734
2016-01-15,114.33999633789062,114.48999786376953,113.9800033569336,114.13999938964844,77.92588806152344
2016-01-19,114.04000091552734,114.12000274658203,113.61000061035156,113.62999725341797,77.57769775390625
2016-01-20,113.83999633789062,113.94000244140625,113.51000213623047,113.80000305175781,77.6937484741211
2016-01-21,113.80999755859375,113.98999786376953,113.36000061035156,113.47000122070312,77.46847534179688
2016-01-22,113.43000030517578,113.76000213623047,113.3499984741211,113.54000091552734,77.51628875732422
2016-01-25,113.19000244140625,113.70999908447266,113.19000244140625,113.41999816894531,77.4343490600586
2016-01-26,113.51000213623047,113.77999877929688,113.44000244140625,113.73999786376953,77.65281677246094
2016-01-27,113.52999877929688,113.70999908447266,113.20999908447266,113.43000030517578,77.44116973876953
2016-01-28,113.2699966430664,113.75,113.2699966430664,113.55999755859375,77.52991485595703
2016-01-29,114.22000122070312,114.22000122070312,113.9000015258789,114.1500015258789,77.9327163696289
2016-02-01,113.48999786376953,113.58999633789062,113.11000061035156,113.44999694824219,77.68417358398438
2016-02-02,113.63999938964844,113.73999786376953,113.37000274658203,113.66000366210938,77.82797241210938
2016-02-03,113.5199966430664,113.94000244140625,113.23999786376953,113.37999725341797,77.63626098632812
2016-02-04,113.48999786376953,113.68000030517578,113.33000183105469,113.43000030517578,77.67047882080078
2016-02-05,113.27999877929688,113.5,113.12000274658203,113.41000366210938,77.65676879882812
2016-02-08,113.6500015258789,114.08000183105469,113.5,114.0,78.06076049804688
2016-02-09,113.66000366210938,114.08000183105469,113.58999633789062,113.61000061035156,77.79371643066406
2016-02-10,113.73999786376953,113.93000030517578,113.62000274658203,113.75,77.88961029052734
2016-02-11,114.0,114.48999786376953,113.9000015258789,114.12999725341797,78.1497802734375
2016-02-12,113.66999816894531,113.83000183105469,113.16999816894531,113.48999786376953,77.71156311035156
2016-02-16,113.52999877929688,113.52999877929688,112.87999725341797,112.94999694824219,77.34178161621094
2016-02-17,112.9000015258789,113.13999938964844,112.66999816894531,112.91999816894531,77.3212661743164
2016-02-18,113.19000244140625,113.87999725341797,113.08000183105469,113.83999633789062,77.95121765136719
2016-02-19,113.80000305175781,113.97000122070312,113.56999969482422,113.76000213623047,77.89645385742188
2016-02-22,113.87000274658203,114.04000091552734,113.77999877929688,113.98999786376953,78.05392456054688
2016-02-23,113.75,114.30000305175781,113.55000305175781,114.22000122070312,78.21139526367188
2016-02-24,114.5,114.81999969482422,114.2699966430664,114.33000183105469,78.28673553466797
2016-02-25,114.58000183105469,115.11000061035156,114.58000183105469,114.97000122070312,78.72496795654297
2016-02-26,114.91000366210938,114.95999908447266,114.56999969482422,114.93000030517578,78.69760131835938
2016-02-29,114.8499984741211,115.06999969482422,114.77999877929688,115.01000213623047,78.75236511230469
2016-03-01,115.11000061035156,115.11000061035156,113.91999816894531,114.05000305175781,78.32318878173828
2016-03-02,113.94999694824219,114.30000305175781,113.81999969482422,114.27999877929688,78.48112487792969
2016-03-03,114.29000091552734,114.9000015258789,114.27999877929688,114.81999969482422,78.85191345214844
2016-03-04,114.73999786376953,114.81999969482422,114.44999694824219,114.80000305175781,78.83821105957031
2016-03-07,114.48999786376953,114.95999908447266,114.48999786376953,114.93000030517578,78.92749786376953
2016-03-08,115.7699966430664,115.86000061035156,115.44999694824219,115.54000091552734,79.34638214111328
2016-03-09,115.19999694824219,115.54000091552734,115.18000030517578,115.41000366210938,79.25711059570312
2016-03-10,115.91000366210938,116.08999633789062,115.4000015258789,115.88999938964844,79.58676147460938
2016-03-11,116.30000305175781,116.37999725341797,115.97000122070312,116.22000122070312,79.81339263916016
2016-03-14,116.43000030517578,116.5999984741211,116.20999908447266,116.55999755859375,80.04688262939453
2016-03-15,116.83000183105469,116.83000183105469,116.38999938964844,116.5199966430664,80.01943969726562
2016-03-16,116.3499984741211,117.12000274658203,116.26000213623047,117.08000183105469,80.40399169921875
2016-03-17,117.08000183105469,117.69000244140625,117.08000183105469,117.44000244140625,80.65119934082031
2016-03-18,117.86000061035156,117.91000366210938,117.5,117.70999908447266,80.83661651611328
2016-03-21,117.51000213623047,117.83999633789062,117.41999816894531,117.56999969482422,80.740478515625
2016-03-22,117.80000305175781,117.80000305175781,117.27999877929688,117.3499984741211,80.58941650390625
2016-03-23,117.58999633789062,117.94000244140625,117.30999755859375,117.94000244140625,80.99462127685547
2016-03-24,118.26000213623047,118.26000213623047,117.80000305175781,117.88999938964844,80.96026611328125
2016-03-28,117.94000244140625,118.19000244140625,117.86000061035156,117.95999908447266,81.00834655761719
2016-03-29,118.27999877929688,118.5999984741211,118.11000061035156,118.48999786376953,81.37228393554688
2016-03-30,118.48999786376953,118.48999786376953,118.19000244140625,118.3499984741211,81.27619934082031
2016-03-31,118.37999725341797,118.86000061035156,118.29000091552734,118.81999969482422,81.59894561767578
2016-04-01,118.6500015258789,118.95999908447266,118.19000244140625,118.87000274658203,81.86200714111328
2016-04-04,118.9000015258789,118.91999816894531,118.66000366210938,118.87999725341797,81.86888122558594
2016-04-05,118.69000244140625,119.2699966430664,118.55999755859375,119.26000213623047,82.13058471679688
2016-04-06,119.06999969482422,119.18000030517578,118.91000366210938,119.16000366210938,82.06168365478516
2016-04-07,119.44000244140625,119.54000091552734,119.25,119.4800033569336,82.28205108642578
2016-04-08,119.37999725341797,119.38999938964844,119.13999938964844,119.20999908447266,82.0961685180664
2016-04-11,119.08999633789062,119.33999633789062,118.9800033569336,119.19999694824219,82.08927154541016
2016-04-12,118.87999725341797,119.04000091552734,118.61000061035156,118.7300033569336,81.76558685302734
2016-04-13,118.7699966430664,119.16000366210938,118.69999694824219,119.13999938964844,82.04790496826172
2016-04-14,119.18000030517578,119.2300033569336,118.91000366210938,119.05999755859375,81.99284362792969
2016-04-15,119.30000305175781,119.62000274658203,119.13999938964844,119.55999755859375,82.337158203125
2016-04-18,119.33999633789062,119.69000244140625,119.33999633789062,119.69000244140625,82.42669677734375
2016-04-19,119.7300033569336,119.91999816894531,119.56999969482422,119.91000366210938,82.57820892333984
2016-04-20,120.05999755859375,120.38999938964844,119.55000305175781,119.58000183105469,82.35095977783203
2016-04-21,119.66000366210938,119.69000244140625,119.33000183105469,119.52999877929688,82.31651306152344
2016-04-22,119.91000366210938,119.91000366210938,119.55000305175781,119.66000366210938,82.40606689453125
2016-04-25,119.68000030517578,119.69000244140625,119.30000305175781,119.37999725341797,82.21324920654297
2016-04-26,119.5,119.5,119.12000274658203,119.33000183105469,82.17877197265625
2016-04-27,119.58999633789062,120.08999633789062,119.41999816894531,120.08999633789062,82.70216369628906
2016-04-28,119.9000015258789,120.2699966430664,119.81999969482422,120.19999694824219,82.7779541015625
2016-04-29,120.08000183105469,120.41999816894531,119.8499984741211,120.33000183105469,82.86747741699219
2016-05-02,119.94999694824219,120.05000305175781,119.7699966430664,119.8499984741211,82.76042938232422
2016-05-03,120.04000091552734,120.23999786376953,119.9000015258789,120.05999755859375,82.90547180175781
2016-05-04,120.0,120.01000213623047,119.72000122070312,119.86000061035156,82.76732635498047
2016-05-05,119.95999908447266,120.12999725341797,119.62000274658203,120.0999984741211,82.93302154541016
2016-05-06,120.05000305175781,120.05000305175781,119.69000244140625,119.83999633789062,82.75349426269531
2016-05-09,119.94999694824219,119.94999694824219,119.61000061035156,119.72000122070312,82.67064666748047
2016-05-10,119.80999755859375,119.97000122070312,119.66999816894531,119.91999816894531,82.80878448486328
2016-05-11,119.83999633789062,120.23999786376953,119.75,120.05000305175781,82.89850616455078
2016-05-12,120.0999984741211,120.0999984741211,119.66999816894531,119.80000305175781,82.72591400146484
2016-05-13,119.91000366210938,120.05999755859375,119.77999877929688,120.0199966430664,82.87781524658203
2016-05-16,120.0199966430664,120.0199966430664,119.5999984741211,119.62000274658203,82.60159301757812
2016-05-17,119.61000061035156,119.80000305175781,119.51000213623047,119.58000183105469,82.57396697998047
2016-05-18,119.44999694824219,119.44999694824219,118.44000244140625,118.55999755859375,81.86962890625
2016-05-19,118.62000274658203,118.91999816894531,118.62000274658203,118.83999633789062,82.06300354003906
2016-05-20,118.93000030517578,118.98999786376953,118.69000244140625,118.91999816894531,82.11824798583984
2016-05-23,118.91999816894531,118.9800033569336,118.70999908447266,118.91999816894531,82.11824798583984
2016-05-24,118.98999786376953,118.98999786376953,118.55999755859375,118.72000122070312,81.98011016845703
2016-05-25,118.7300033569336,118.95999908447266,118.69999694824219,118.93000030517578,82.12511444091797
2016-05-26,118.95999908447266,119.44999694824219,118.95999908447266,119.2699966430664,82.35987854003906
2016-05-27,119.27999877929688,119.41000366210938,119.02999877929688,119.18000030517578,82.29777526855469
2016-05-31,119.0,119.5,118.91000366210938,119.38999938964844,82.44279479980469
2016-06-01,119.27999877929688,119.41999816894531,119.04000091552734,119.13999938964844,82.50096130371094
2016-06-02,119.27999877929688,119.5999984741211,119.2300033569336,119.37999725341797,82.66712188720703
2016-06-03,120.05000305175781,120.33999633789062,119.93000030517578,120.33999633789062,83.33190155029297
2016-06-06,120.30999755859375,120.30999755859375,120.0199966430664,120.05000305175781,83.13107299804688
2016-06-07,120.31999969482422,120.44999694824219,120.18000030517578,120.2300033569336,83.25576782226562
2016-06-08,120.37999725341797,120.63999938964844,120.33000183105469,120.62999725341797,83.53273010253906
2016-06-09,120.91000366210938,120.97000122070312,120.7300033569336,120.80000305175781,83.65045928955078
2016-06-10,120.9000015258789,121.1500015258789,120.87999725341797,120.94000244140625,83.74739837646484
2016-06-13,121.1500015258789,121.1500015258789,120.68000030517578,120.76000213623047,83.62274932861328
2016-06-14,120.91999816894531,121.0199966430664,120.44999694824219,120.48999786376953,83.435791015625
2016-06-15,120.9000015258789,121.08999633789062,120.6500015258789,120.94000244140625,83.74739837646484
2016-06-16,120.91999816894531,121.26000213623047,120.86000061035156,121.12000274658203,83.8720474243164
2016-06-17,121.08000183105469,121.08000183105469,120.69000244140625,120.76000213623047,83.62274932861328
2016-06-20,120.68000030517578,120.69999694824219,120.4800033569336,120.61000061035156,83.51887512207031
2016-06-21,120.70999908447266,120.7699966430664,120.41000366210938,120.5,83.4427261352539
2016-06-22,120.52999877929688,120.7300033569336,120.5,120.72000122070312,83.59500885009766
2016-06-23,120.6500015258789,120.69999694824219,120.5,120.5999984741211,83.51193237304688
2016-06-24,120.87999725341797,121.5,120.87999725341797,121.16999816894531,83.90666961669922
2016-06-27,121.58999633789062,121.98999786376953,121.58999633789062,121.68000030517578,84.25982666015625
2016-06-28,121.83000183105469,122.38999938964844,121.81999969482422,122.3499984741211,84.72382354736328
2016-06-29,122.5199966430664,122.69000244140625,122.22000122070312,122.30999755859375,84.6960678100586
2016-06-30,122.44000244140625,122.83999633789062,122.30000305175781,122.73999786376953,84.99383544921875
2016-07-01,122.98999786376953,123.16999816894531,122.76000213623047,123.05000305175781,85.43887329101562
2016-07-05,123.45999908447266,123.58000183105469,123.19999694824219,123.47000122070312,85.73055267333984
2016-07-06,123.63999938964844,123.75,123.4000015258789,123.69000244140625,85.8832778930664
2016-07-07,123.62999725341797,123.86000061035156,123.45999908447266,123.70999908447266,85.89717864990234
2016-07-08,124.05000305175781,124.41999816894531,123.86000061035156,124.4000015258789,86.37628936767578
2016-07-11,124.27999877929688,124.4800033569336,124.05999755859375,124.08000183105469,86.15409851074219
2016-07-12,123.83000183105469,123.83999633789062,123.37000274658203,123.37999725341797,85.6680679321289
2016-07-13,123.88999938964844,124.05999755859375,123.7300033569336,123.86000061035156,86.0013427734375
2016-07-14,123.2300033569336,123.68000030517578,123.20999908447266,123.55999755859375,85.79301452636719
2016-07-15,123.2699966430664,123.5,123.0,123.08999633789062,85.46668243408203
2016-07-18,123.41000366210938,123.44999694824219,122.83000183105469,123.08999633789062,85.46668243408203
2016-07-19,123.41000366210938,123.41000366210938,123.0199966430664,123.30999755859375,85.61946868896484
2016-07-20,123.19000244140625,123.30999755859375,122.94000244140625,123.2699966430664,85.5916748046875
2016-07-21,122.87999725341797,123.44999694824219,122.80000305175781,123.41000366210938,85.6888656616211
2016-07-22,123.16999816894531,123.61000061035156,123.0999984741211,123.33999633789062,85.64027404785156
2016-07-25,123.5199966430664,123.5199966430664,123.19999694824219,123.2699966430664,85.5916748046875
2016-07-26,123.55999755859375,123.55999755859375,122.97000122070312,123.1500015258789,85.50836944580078
2016-07-27,123.38999938964844,123.73999786376953,123.19999694824219,123.66000366210938,85.86248016357422
2016-07-28,123.38999938964844,123.62000274658203,123.25,123.54000091552734,85.77912902832031
2016-07-29,123.5,124.04000091552734,123.5,123.98999786376953,86.09158325195312
2016-08-01,123.31999969482422,123.44000244140625,122.94999694824219,122.97000122070312,85.60638427734375
2016-08-02,122.43000030517578,122.66999816894531,122.11000061035156,122.27999877929688,85.12601470947266
2016-08-03,122.52999877929688,122.6500015258789,122.18000030517578,122.44000244140625,85.23741912841797
2016-08-04,122.8499984741211,123.2300033569336,122.7300033569336,122.95999908447266,85.59944152832031
2016-08-05,122.87000274658203,122.95999908447266,122.41000366210938,122.45999908447266,85.25135040283203
2016-08-08,122.33999633789062,122.7699966430664,122.2300033569336,122.54000091552734,85.30705261230469
2016-08-09,122.87999725341797,123.31999969482422,122.75,123.26000213623047,85.80824279785156
2016-08-10,123.5999984741211,123.72000122070312,123.27999877929688,123.61000061035156,86.05192565917969
2016-08-11,123.69999694824219,123.76000213623047,123.05999755859375,123.19999694824219,85.76648712158203
2016-08-12,123.76000213623047,124.05999755859375,123.68000030517578,123.76000213623047,86.15631103515625
2016-08-15,123.62000274658203,123.63999938964844,123.37999725341797,123.37999725341797,85.89179992675781
2016-08-16,123.5199966430664,123.52999877929688,123.11000061035156,123.16000366210938,85.7386474609375
2016-08-17,123.25,123.66000366210938,123.18000030517578,123.5,85.97533416748047
2016-08-18,123.73999786376953,123.94000244140625,123.5,123.80000305175781,86.18418884277344
2016-08-19,123.54000091552734,123.69999694824219,123.26000213623047,123.43000030517578,85.92656707763672
2016-08-22,123.83999633789062,123.97000122070312,123.63999938964844,123.8499984741211,86.21900939941406
2016-08-23,124.05000305175781,124.2300033569336,123.9000015258789,123.98999786376953,86.31643676757812
2016-08-24,124.16999816894531,124.25,123.9000015258789,123.91000366210938,86.2607650756836
2016-08-25,123.91999816894531,124.06999969482422,123.76000213623047,123.79000091552734,86.17720794677734
2016-08-26,124.05000305175781,124.44999694824219,123.31999969482422,123.4000015258789,85.90573120117188
2016-08-29,123.80000305175781,124.25,123.70999908447266,124.0999984741211,86.39300537109375
2016-08-30,124.08000183105469,124.0999984741211,123.80999755859375,123.94000244140625,86.28163146972656
2016-08-31,124.01000213623047,124.05000305175781,123.7699966430664,123.88999938964844,86.246826171875
2016-09-01,123.19999694824219,123.62999725341797,123.08000183105469,123.56999969482422,86.24684143066406
2016-09-02,123.58000183105469,123.58999633789062,123.0999984741211,123.3499984741211,86.09331512451172
2016-09-06,123.47000122070312,123.9000015258789,123.18000030517578,123.77999877929688,86.39342498779297
2016-09-07,123.94999694824219,124.04000091552734,123.61000061035156,123.61000061035156,86.27473449707031
2016-09-08,123.25,123.4000015258789,122.66999816894531,122.73999786376953,85.66754150390625
2016-09-09,122.11000061035156,122.37999725341797,121.75,121.81999969482422,85.0254135131836
2016-09-12,121.72000122070312,122.05999755859375,121.55000305175781,121.83000183105469,85.0323715209961
2016-09-13,121.98999786376953,121.98999786376953,121.05000305175781,121.43000030517578,84.75315856933594
2016-09-14,121.48999786376953,121.72000122070312,121.3499984741211,121.51000213623047,84.80906677246094
2016-09-15,121.48999786376953,121.69999694824219,121.19999694824219,121.58999633789062,84.86483764648438
2016-09-16,121.75,121.81999969482422,121.5,121.7300033569336,84.96260070800781
2016-09-19,121.80999755859375,121.91000366210938,121.61000061035156,121.69000244140625,84.9346694946289
2016-09-20,121.9800033569336,122.20999908447266,121.80999755859375,121.8499984741211,85.04632568359375
2016-09-21,121.87999725341797,122.5,121.62000274658203,122.47000122070312,85.47909545898438
2016-09-22,122.72000122070312,123.11000061035156,122.69999694824219,122.97000122070312,85.82807159423828
2016-09-23,122.95999908447266,123.04000091552734,122.83999633789062,122.87999725341797,85.7652359008789
2016-09-26,122.94999694824219,123.20999908447266,122.9000015258789,123.06999969482422,85.89786529541016
2016-09-27,123.33999633789062,123.44000244140625,123.06999969482422,123.37000274658203,86.10724639892578
2016-09-28,123.48999786376953,123.51000213623047,123.25,123.44999694824219,86.1630630493164
2016-09-29,123.19000244140625,123.44000244140625,123.08000183105469,123.4000015258789,86.12818145751953
2016-09-30,123.44999694824219,123.44999694824219,122.83999633789062,123.18000030517578,85.97462463378906
2016-10-03,122.91999816894531,122.94999694824219,122.51000213623047,122.51000213623047,85.7311019897461
2016-10-04,122.43000030517578,122.56999969482422,121.94000244140625,121.94000244140625,85.33224487304688
2016-10-05,122.04000091552734,122.1500015258789,121.66999816894531,121.80999755859375,85.2412338256836
2016-10-06,121.80999755859375,122.12999725341797,121.6500015258789,121.81999969482422,85.24822998046875
2016-10-07,121.98999786376953,122.19999694824219,121.69000244140625,122.11000061035156,85.451171875
2016-10-10,122.11000061035156,122.12000274658203,121.7699966430664,122.11000061035156,85.451171875
2016-10-11,121.75,122.01000213623047,121.69000244140625,121.7300033569336,85.1852798461914
2016-10-12,121.80000305175781,121.93000030517578,121.58000183105469,121.88999938964844,85.29727935791016
2016-10-13,122.0999984741211,122.33000183105469,122.05999755859375,122.19000244140625,85.50713348388672
2016-10-14,121.86000061035156,122.0999984741211,121.61000061035156,121.62000274658203,85.10830688476562
2016-10-17,121.80000305175781,122.06999969482422,121.80000305175781,122.0199966430664,85.38819122314453
2016-10-18,121.91999816894531,122.31999969482422,121.91000366210938,122.31999969482422,85.59813690185547
2016-10-19,122.23999786376953,122.56999969482422,122.16000366210938,122.4800033569336,85.71007537841797
2016-10-20,122.7699966430664,122.7699966430664,122.41999816894531,122.44000244140625,85.68207550048828
2016-10-21,122.5199966430664,122.58000183105469,122.30000305175781,122.51000213623047,85.7311019897461
2016-10-24,122.55000305175781,122.55000305175781,122.0199966430664,122.16000366210938,85.48619079589844
2016-10-25,122.08999633789062,122.29000091552734,121.9800033569336,122.06999969482422,85.4231948852539
2016-10-26,121.87999725341797,121.91999816894531,121.55000305175781,121.55999755859375,85.06631469726562
2016-10-27,121.31999969482422,121.31999969482422,120.7300033569336,121.01000213623047,84.68141174316406
2016-10-28,120.94999694824219,121.13999938964844,120.83999633789062,120.87000274658203,84.58344268798828
2016-10-31,121.16000366210938,121.19999694824219,120.94000244140625,120.9800033569336,84.66043090820312
2016-11-01,120.43000030517578,120.66999816894531,120.18000030517578,120.51000213623047,84.55376434326172
2016-11-02,120.5999984741211,120.80999755859375,120.51000213623047,120.69000244140625,84.68009185791016
2016-11-03,120.51000213623047,120.61000061035156,120.36000061035156,120.44999694824219,84.51168823242188
2016-11-04,120.62999725341797,120.9000015258789,120.62999725341797,120.80999755859375,84.76428985595703
2016-11-07,120.68000030517578,120.7699966430664,120.55999755859375,120.7300033569336,84.70814514160156
2016-11-08,120.69000244140625,120.77999877929688,120.33000183105469,120.45999908447266,84.5186996459961
2016-11-09,119.47000122070312,119.69000244140625,118.51000213623047,118.69000244140625,83.2768325805664
2016-11-10,118.51000213623047,119.08000183105469,118.41000366210938,118.58999633789062,83.20662689208984
2016-11-11,118.54000091552734,118.6500015258789,118.0199966430664,118.08000183105469,82.8487777709961
2016-11-14,117.31999969482422,118.01000213623047,117.18000030517578,117.47000122070312,82.42082214355469
2016-11-15,117.66000366210938,118.05000305175781,117.56999969482422,117.83000183105469,82.6734390258789
2016-11-16,117.69000244140625,118.05999755859375,117.6500015258789,118.0,82.79268646240234
2016-11-17,117.70999908447266,117.77999877929688,117.12000274658203,117.25,82.26646423339844
2016-11-18,117.41000366210938,117.44999694824219,116.5199966430664,116.58999633789062,81.80339813232422
2016-11-21,116.79000091552734,116.94999694824219,116.58999633789062,116.70999908447266,81.88755798339844
2016-11-22,117.0999984741211,117.11000061035156,116.77999877929688,117.01000213623047,82.09808349609375
2016-11-23,116.30000305175781,116.76000213623047,116.04000091552734,116.58000183105469,81.7963638305664
2016-11-25,116.87000274658203,116.87000274658203,116.45999908447266,116.58999633789062,81.80339813232422
2016-11-28,116.97000122070312,117.16999816894531,116.87000274658203,117.12000274658203,82.1752700805664
2016-11-29,117.04000091552734,117.31999969482422,116.94999694824219,117.27999877929688,82.28751373291016
2016-11-30,116.55999755859375,116.93000030517578,116.4800033569336,116.83999633789062,81.97879028320312
2016-12-01,115.9800033569336,116.16000366210938,115.5999984741211,115.87000274658203,81.5193862915039
2016-12-02,116.16000366210938,116.69000244140625,116.16000366210938,116.4000015258789,81.89225006103516
2016-12-05,116.27999877929688,116.87000274658203,116.11000061035156,116.6500015258789,82.06812286376953
2016-12-06,116.69999694824219,116.77999877929688,116.61000061035156,116.63999938964844,82.06108093261719
2016-12-07,116.91000366210938,117.2699966430664,116.86000061035156,117.12999725341797,82.40582275390625
2016-12-08,116.81999969482422,116.8499984741211,116.56999969482422,116.6500015258789,82.06812286376953
2016-12-09,116.54000091552734,116.69999694824219,116.05000305175781,116.19999694824219,81.75154876708984
2016-12-12,116.05999755859375,116.22000122070312,115.87000274658203,116.08999633789062,81.67413330078125
2016-12-13,116.56999969482422,116.56999969482422,116.13999938964844,116.3499984741211,81.85706329345703
2016-12-14,116.87000274658203,116.87000274658203,115.58000183105469,115.61000061035156,81.33643341064453
2016-12-15,115.83999633789062,116.05000305175781,115.55999755859375,115.69000244140625,81.3927001953125
2016-12-16,115.87000274658203,116.0,115.55000305175781,115.5999984741211,81.32942199707031
2016-12-19,116.19999694824219,116.22000122070312,115.94999694824219,116.16000366210938,81.7234115600586
2016-12-20,115.93000030517578,116.12999725341797,115.81999969482422,116.08999633789062,81.67413330078125
2016-12-21,116.12000274658203,116.4800033569336,116.12000274658203,116.45999908447266,81.93440246582031
2016-12-22,115.98999786376953,116.20999908447266,115.88999938964844,116.1500015258789,81.94009399414062
2016-12-23,116.23999786376953,116.37999725341797,116.22000122070312,116.33000183105469,82.06712341308594
2016-12-27,116.0999984741211,116.16999816894531,116.0,116.12000274658203,81.91895294189453
2016-12-28,116.33000183105469,116.68000030517578,116.12999725341797,116.55000305175781,82.22232818603516
2016-12-29,116.79000091552734,117.13999938964844,116.66000366210938,117.0,82.53976440429688
2016-12-30,117.0,117.36000061035156,116.94999694824219,117.18000030517578,82.66670989990234
2017-01-03,116.94999694824219,117.4000015258789,116.5199966430664,117.27999877929688,82.7372817993164
2017-01-04,117.52999877929688,117.68000030517578,117.33000183105469,117.68000030517578,83.01944732666016
2017-01-05,117.80000305175781,118.33999633789062,117.70999908447266,118.30999755859375,83.46389770507812
2017-01-06,117.87000274658203,117.9800033569336,117.62000274658203,117.69000244140625,83.02652740478516
2017-01-09,118.01000213623047,118.06999969482422,117.87000274658203,117.91999816894531,83.18879699707031
2017-01-10,117.91999816894531,117.97000122070312,117.7699966430664,117.8499984741211,83.13936614990234
2017-01-11,117.9000015258789,118.38999938964844,117.69000244140625,118.02999877929688,83.26639556884766
2017-01-12,118.41999816894531,118.43000030517578,118.01000213623047,118.0199966430664,83.25935363769531
2017-01-13,117.81999969482422,117.97000122070312,117.38999938964844,117.77999877929688,83.08998107910156
2017-01-17,118.43000030517578,118.54000091552734,118.0999984741211,118.29000091552734,83.44982147216797
2017-01-18,117.94999694824219,118.01000213623047,117.41999816894531,117.51000213623047,82.89952087402344
2017-01-19,117.30000305175781,117.3499984741211,116.91999816894531,117.11000061035156,82.61735534667969
2017-01-20,117.12999725341797,117.36000061035156,116.9000015258789,117.31999969482422,82.76551055908203
2017-01-23,117.54000091552734,118.05000305175781,117.31999969482422,117.86000061035156,83.14640808105469
2017-01-24,117.66999816894531,117.76000213623047,117.33999633789062,117.51000213623047,82.89952087402344
2017-01-25,117.16999816894531,117.25,116.86000061035156,117.05999755859375,82.58206939697266
2017-01-26,117.05999755859375,117.25,116.81999969482422,117.19999694824219,82.68083953857422
2017-01-27,117.3499984741211,117.41999816894531,117.22000122070312,117.33999633789062,82.77963256835938
2017-01-30,117.29000091552734,117.33999633789062,117.0999984741211,117.13999938964844,82.63847351074219
2017-01-31,117.18000030517578,117.55999755859375,117.08000183105469,117.3499984741211,82.78663635253906
2017-02-01,116.77999877929688,117.05000305175781,116.52999877929688,116.88999938964844,82.68478393554688
2017-02-02,117.13999938964844,117.29000091552734,116.87999725341797,116.91999816894531,82.70600891113281
2017-02-03,117.26000213623047,117.43000030517578,116.80000305175781,117.05000305175781,82.79798889160156
2017-02-06,117.43000030517578,117.52999877929688,117.16999816894531,117.41999816894531,83.05972290039062
2017-02-07,117.41999816894531,117.83000183105469,117.29000091552734,117.62000274658203,83.20123291015625
2017-02-08,118.01000213623047,118.13999938964844,117.83999633789062,118.02999877929688,83.4912109375
2017-02-09,118.02999877929688,118.02999877929688,117.4800033569336,117.55999755859375,83.15875244140625
2017-02-10,117.3499984741211,117.62000274658203,117.26000213623047,117.52999877929688,83.13751983642578
2017-02-13,117.41000366210938,117.4800033569336,117.26000213623047,117.4800033569336,83.1021499633789
2017-02-14,117.5199966430664,117.5199966430664,116.80999755859375,117.19999694824219,82.90410614013672
2017-02-15,116.94999694824219,117.11000061035156,116.87000274658203,117.11000061035156,82.84042358398438
2017-02-16,117.31999969482422,117.56999969482422,117.20999908447266,117.44000244140625,83.07388305664062
2017-02-17,117.86000061035156,117.87000274658203,117.62999725341797,117.73999786376953,83.28604888916016
2017-02-21,117.56999969482422,117.91999816894531,117.5,117.79000091552734,83.32147979736328
2017-02-22,118.05000305175781,118.16999816894531,117.54000091552734,117.87999725341797,83.3851089477539
2017-02-23,118.16000366210938,118.20999908447266,118.05000305175781,118.18000030517578,83.59730529785156
2017-02-24,118.62000274658203,118.87000274658203,118.44000244140625,118.77999877929688,84.0217514038086
2017-02-27,118.76000213623047,118.76000213623047,118.45999908447266,118.5,83.82366180419922
2017-02-28,118.62000274658203,118.77999877929688,118.5,118.58000183105469,83.8802490234375
2017-03-01,117.61000061035156,117.62000274658203,117.38999938964844,117.55999755859375,83.38446807861328
2017-03-02,117.44999694824219,117.4800033569336,117.25,117.37999725341797,83.25682067871094
2017-03-03,117.5199966430664,117.52999877929688,117.12999725341797,117.5,83.34190368652344
2017-03-06,117.4800033569336,117.5,117.20999908447266,117.29000091552734,83.19295501708984
2017-03-07,117.01000213623047,117.12999725341797,116.5999984741211,116.70999908447266,82.78157806396484
2017-03-08,116.4800033569336,116.4800033569336,116.16000366210938,116.3499984741211,82.52622985839844
2017-03-09,115.98999786376953,116.0199966430664,115.66000366210938,115.72000122070312,82.07935333251953
2017-03-10,116.06999969482422,116.06999969482422,115.76000213623047,116.01000213623047,82.2850570678711
2017-03-13,115.9000015258789,116.0,115.62000274658203,115.62000274658203,82.00839233398438
2017-03-14,115.70999908447266,115.80000305175781,115.62999725341797,115.72000122070312,82.07935333251953
2017-03-15,116.04000091552734,116.80999755859375,115.91000366210938,116.72000122070312,82.78864288330078
2017-03-16,116.7300033569336,116.73999786376953,116.5,116.55000305175781,82.66810607910156
2017-03-17,116.75,116.91999816894531,116.68000030517578,116.81999969482422,82.85957336425781
2017-03-20,116.86000061035156,117.12999725341797,116.81999969482422,117.08999633789062,83.05108642578125
2017-03-21,117.0999984741211,117.47000122070312,117.02999877929688,117.37999725341797,83.25682067871094
2017-03-22,117.70999908447266,117.80000305175781,117.47000122070312,117.68000030517578,83.46955871582031
2017-03-23,117.76000213623047,117.77999877929688,117.44999694824219,117.5999984741211,83.41285705566406
2017-03-24,117.5199966430664,117.81999969482422,117.5199966430664,117.72000122070312,83.49794006347656
2017-03-27,118.08999633789062,118.08999633789062,117.80000305175781,117.97000122070312,83.67530059814453
2017-03-28,117.93000030517578,118.08999633789062,117.69000244140625,117.72000122070312,83.49794006347656
2017-03-29,117.91999816894531,118.0999984741211,117.81999969482422,118.0999984741211,83.76748657226562
2017-03-30,117.93000030517578,118.04000091552734,117.73999786376953,117.79000091552734,83.547607421875
2017-03-31,117.87000274658203,117.94000244140625,117.79000091552734,117.91000366210938,83.63275909423828
2017-04-03,117.63999938964844,118.12000274658203,117.61000061035156,118.12000274658203,84.00825500488281
2017-04-04,117.98999786376953,118.02999877929688,117.80999755859375,117.80999755859375,83.78778076171875
2017-04-05,117.87999725341797,118.06999969482422,117.69999694824219,117.95999908447266,83.89441680908203
2017-04-06,118.08000183105469,118.12000274658203,117.80999755859375,118.06999969482422,83.97266387939453
2017-04-07,118.33999633789062,118.44000244140625,117.75,117.77999877929688,83.76642608642578
2017-04-10,117.98999786376953,118.1500015258789,117.91000366210938,118.0,83.92291259765625
2017-04-11,118.26000213623047,118.62000274658203,118.26000213623047,118.55000305175781,84.31404113769531
2017-04-12,118.80999755859375,118.94000244140625,118.51000213623047,118.94000244140625,84.5914306640625
2017-04-13,119.05999755859375,119.20999908447266,118.88999938964844,119.13999938964844,84.73368072509766
2017-04-17,119.19000244140625,119.20999908447266,118.8499984741211,118.91000366210938,84.57009887695312
2017-04-18,119.27999877929688,119.66000366210938,119.1500015258789,119.61000061035156,85.06793212890625
2017-04-19,119.37000274658203,119.43000030517578,119.16000366210938,119.25,84.81189727783203
2017-04-20,119.0999984741211,119.19000244140625,118.9000015258789,119.08000183105469,84.69098663330078
2017-04-21,119.27999877929688,119.29000091552734,119.06999969482422,119.08000183105469,84.69098663330078
2017-04-24,118.93000030517578,119.02999877929688,118.73999786376953,118.91999816894531,84.57718658447266
2017-04-25,118.75,118.80999755859375,118.41000366210938,118.44999694824219,84.24295806884766
2017-04-26,118.47000122070312,118.77999877929688,118.44000244140625,118.73999786376953,84.44918823242188
2017-04-27,118.73999786376953,118.94000244140625,118.61000061035156,118.8499984741211,84.52739715576172
2017-04-28,118.70999908447266,119.01000213623047,118.5999984741211,118.98999786376953,84.62696838378906
2017-05-01,118.56999969482422,118.70999908447266,118.18000030517578,118.30000305175781,84.36456298828125
2017-05-02,118.36000061035156,118.68000030517578,118.29000091552734,118.6500015258789,84.61415100097656
2017-05-03,118.87000274658203,118.9000015258789,118.5,118.58999633789062,84.57135009765625
2017-05-04,118.25,118.36000061035156,118.16999816894531,118.36000061035156,84.40731811523438
2017-05-05,118.37999725341797,118.4000015258789,118.12999725341797,118.4000015258789,84.43585968017578
2017-05-08,118.37000274658203,118.37000274658203,118.0999984741211,118.19000244140625,84.28610229492188
2017-05-09,118.12000274658203,118.20999908447266,118.05000305175781,118.20999908447266,84.30034637451172
2017-05-10,118.52999877929688,118.52999877929688,118.2300033569336,118.37000274658203,84.41448211669922
2017-05-11,118.19999694824219,118.47000122070312,118.1500015258789,118.43000030517578,84.45726013183594
2017-05-12,118.80000305175781,119.05999755859375,118.77999877929688,119.02999877929688,84.8851318359375
2017-05-15,118.95999908447266,119.08000183105469,118.87999725341797,119.0199966430664,84.8780288696289
2017-05-16,119.08999633789062,119.36000061035156,119.05000305175781,119.19000244140625,84.99923706054688
2017-05-17,119.58999633789062,119.9800033569336,119.58999633789062,119.91999816894531,85.51983642578125
2017-05-18,119.91000366210938,119.94999694824219,119.69999694824219,119.9000015258789,85.50557708740234
2017-05-19,119.83000183105469,119.97000122070312,119.69999694824219,119.97000122070312,85.55548858642578
2017-05-22,119.87999725341797,119.93000030517578,119.80000305175781,119.87000274658203,85.48419189453125
2017-05-23,120.01000213623047,120.01000213623047,119.45999908447266,119.5,85.22034454345703
2017-05-24,119.56999969482422,119.76000213623047,119.37999725341797,119.69000244140625,85.3558349609375
2017-05-25,119.7699966430664,119.7699966430664,119.55000305175781,119.73999786376953,85.39153289794922
2017-05-26,119.81999969482422,119.91000366210938,119.72000122070312,119.83000183105469,85.45569610595703
2017-05-30,120.0,120.12000274658203,119.95999908447266,120.11000061035156,85.65538024902344
2017-05-31,120.11000061035156,120.26000213623047,120.0199966430664,120.25,85.7551498413086
2017-06-01,119.69000244140625,119.97000122070312,119.66999816894531,119.95999908447266,85.77377319335938
2017-06-02,120.45999908447266,120.58000183105469,120.30000305175781,120.5199966430664,86.17417907714844
2017-06-05,120.26000213623047,120.37000274658203,120.16999816894531,120.18000030517578,85.93107604980469
2017-06-06,120.66000366210938,120.66000366210938,120.44999694824219,120.52999877929688,86.18133544921875
2017-06-07,120.47000122070312,120.5999984741211,120.31999969482422,120.37999725341797,86.07408142089844
2017-06-08,120.38999938964844,120.38999938964844,120.0,120.16999816894531,85.92391204833984
2017-06-09,119.94999694824219,120.13999938964844,119.8499984741211,120.05000305175781,85.83811950683594
2017-06-12,119.95999908447266,120.27999877929688,119.91999816894531,120.08000183105469,85.85955047607422
2017-06-13,119.95999908447266,120.20999908447266,119.95999908447266,120.20999908447266,85.95249938964844
2017-06-14,120.98999786376953,121.30999755859375,120.79000091552734,121.02999877929688,86.53882598876953
2017-06-15,120.87000274658203,120.87000274658203,120.58999633789062,120.73999786376953,86.33147430419922
2017-06-16,120.83999633789062,120.91000366210938,120.76000213623047,120.83999633789062,86.40299224853516
2017-06-19,120.8499984741211,120.8499984741211,120.62999725341797,120.69000244140625,86.29573059082031
2017-06-20,120.86000061035156,121.08000183105469,120.73999786376953,120.95999908447266,86.48881530761719
2017-06-21,120.94999694824219,121.08000183105469,120.83000183105469,121.0199966430664,86.53170776367188
2017-06-22,121.19000244140625,121.2300033569336,120.9800033569336,121.12000274658203,86.60318756103516
2017-06-23,121.11000061035156,121.19000244140625,121.05000305175781,121.18000030517578,86.64608001708984
2017-06-26,121.44999694824219,121.55999755859375,121.37000274658203,121.4000015258789,86.80342102050781
2017-06-27,121.12999725341797,121.1500015258789,120.81999969482422,120.8499984741211,86.41011047363281
2017-06-28,120.91000366210938,120.9800033569336,120.62999725341797,120.9800033569336,86.50310516357422
2017-06-29,120.37000274658203,120.70999908447266,120.33999633789062,120.61000061035156,86.238525390625
2017-06-30,120.66000366210938,120.69000244140625,120.47000122070312,120.51000213623047,86.16699981689453
2017-07-03,120.33999633789062,120.33999633789062,119.93000030517578,119.93000030517578,85.98060607910156
2017-07-05,120.02999877929688,120.1500015258789,119.9000015258789,120.12999725341797,86.1240234375
2017-07-06,119.77999877929688,119.88999938964844,119.5,119.81999969482422,85.90179443359375
2017-07-07,119.69999694824219,119.7699966430664,119.5999984741211,119.72000122070312,85.8301010131836
2017-07-10,119.88999938964844,119.94999694824219,119.73999786376953,119.91999816894531,85.97348022460938
2017-07-11,119.9000015258789,119.98999786376953,119.7300033569336,119.97000122070312,86.00929260253906
2017-07-12,120.5,120.62000274658203,120.37999725341797,120.5,86.3892822265625
2017-07-13,120.37999725341797,120.43000030517578,120.12000274658203,120.29000091552734,86.23870086669922
2017-07-14,120.72000122070312,120.80000305175781,120.37999725341797,120.56999969482422,86.43946075439453
2017-07-17,120.56999969482422,120.75,120.44999694824219,120.68000030517578,86.51830291748047
2017-07-18,121.05000305175781,121.19999694824219,120.91999816894531,121.19999694824219,86.89111328125
2017-07-19,121.19000244140625,121.30000305175781,121.08999633789062,121.16000366210938,86.86243438720703
2017-07-20,121.41999816894531,121.47000122070312,121.19000244140625,121.2699966430664,86.94132995605469
2017-07-21,121.44000244140625,121.61000061035156,121.43000030517578,121.55000305175781,87.14207458496094
2017-07-24,121.47000122070312,121.5,121.30999755859375,121.41000366210938,87.0416488647461
2017-07-25,120.94000244140625,120.9800033569336,120.66000366210938,120.69000244140625,86.52548217773438
2017-07-26,120.68000030517578,121.19000244140625,120.63999938964844,121.08999633789062,86.8122329711914
2017-07-27,120.83999633789062,120.93000030517578,120.69999694824219,120.79000091552734,86.59718322753906
2017-07-28,120.83999633789062,121.11000061035156,120.79000091552734,121.11000061035156,86.82662200927734
2017-07-31,120.91000366210938,121.12000274658203,120.91000366210938,121.11000061035156,86.82662200927734
2017-08-01,120.62999725341797,121.2300033569336,120.56999969482422,121.2300033569336,87.14147186279297
2017-08-02,121.16999816894531,121.29000091552734,121.0,121.04000091552734,87.00489807128906
2017-08-03,121.11000061035156,121.2699966430664,121.08999633789062,121.20999908447266,87.12706756591797
2017-08-04,120.9000015258789,120.91999816894531,120.58000183105469,120.73999786376953,86.78922271728516
2017-08-07,120.75,120.83000183105469,120.58999633789062,120.7699966430664,86.81082153320312
2017-08-08,120.6500015258789,120.66999816894531,120.16999816894531,120.19000244140625,86.39387512207031
2017-08-09,120.56999969482422,120.62000274658203,120.30000305175781,120.30999755859375,86.48013305664062
2017-08-10,120.33999633789062,120.44000244140625,120.05999755859375,120.2699966430664,86.45140075683594
2017-08-11,120.30000305175781,120.51000213623047,120.08999633789062,120.48999786376953,86.6095199584961
2017-08-14,120.41999816894531,120.6500015258789,120.36000061035156,120.41000366210938,86.55200958251953
2017-08-15,120.16999816894531,120.3499984741211,120.11000061035156,120.2699966430664,86.45140075683594
2017-08-16,120.30000305175781,120.80000305175781,120.29000091552734,120.61000061035156,86.69575500488281
2017-08-17,120.5999984741211,120.83999633789062,120.4800033569336,120.7300033569336,86.78205108642578
2017-08-18,121.02999877929688,121.04000091552734,120.61000061035156,120.6500015258789,86.72452545166016
2017-08-21,120.83999633789062,120.87000274658203,120.72000122070312,120.81999969482422,86.84677124023438
2017-08-22,120.77999877929688,120.79000091552734,120.63999938964844,120.69999694824219,86.76045227050781
2017-08-23,120.94999694824219,121.16999816894531,120.87000274658203,121.16000366210938,87.09111022949219
2017-08-24,121.0,121.12999725341797,120.88999938964844,120.93000030517578,86.92578887939453
2017-08-25,121.01000213623047,121.29000091552734,120.94999694824219,121.20999908447266,87.12706756591797
2017-08-28,121.18000030517578,121.26000213623047,121.0,121.20999908447266,87.12706756591797
2017-08-29,121.6500015258789,121.69999694824219,121.2300033569336,121.30000305175781,87.19176483154297
2017-08-30,121.29000091552734,121.4000015258789,121.23999786376953,121.4000015258789,87.26362609863281
2017-08-31,121.45999908447266,121.66000366210938,121.44999694824219,121.61000061035156,87.41458129882812
2017-09-01,121.19000244140625,121.22000122070312,120.80000305175781,120.80999755859375,87.06864929199219
2017-09-05,121.22000122070312,121.66000366210938,121.16999816894531,121.55999755859375,87.60916137695312
2017-09-06,121.54000091552734,121.5999984741211,121.08000183105469,121.12999725341797,87.29927062988281
2017-09-07,121.37000274658203,121.80999755859375,121.3499984741211,121.5999984741211,87.63801574707031
2017-09-08,121.5199966430664,121.5199966430664,121.2300033569336,121.23999786376953,87.37853240966797
2017-09-11,120.98999786376953,121.19000244140625,120.8499984741211,120.87000274658203,87.11188507080078
2017-09-12,120.81999969482422,120.81999969482422,120.55000305175781,120.73999786376953,87.01818084716797
2017-09-13,120.81999969482422,120.83999633789062,120.5999984741211,120.62000274658203,86.93171691894531
2017-09-14,120.55999755859375,120.91999816894531,120.55999755859375,120.91999816894531,87.1479263305664
2017-09-15,120.98999786376953,121.05000305175781,120.79000091552734,121.0199966430664,87.22000885009766
2017-09-18,120.95999908447266,120.9800033569336,120.76000213623047,120.9000015258789,87.13351440429688
2017-09-19,120.94999694824219,121.05999755859375,120.83999633789062,120.97000122070312,87.1839599609375
2017-09-20,121.06999969482422,121.08999633789062,120.54000091552734,120.81999969482422,87.07588195800781
2017-09-21,120.8499984741211,121.06999969482422,120.80999755859375,120.81999969482422,87.07588195800781
2017-09-22,121.05999755859375,121.12000274658203,120.9000015258789,120.9800033569336,87.19117736816406
2017-09-25,121.12000274658203,121.45999908447266,121.06999969482422,121.43000030517578,87.51549530029297
2017-09-26,121.30000305175781,121.45999908447266,121.20999908447266,121.41000366210938,87.5010757446289
2017-09-27,120.8499984741211,121.01000213623047,120.63999938964844,120.94000244140625,87.162353515625
2017-09-28,120.79000091552734,121.13999938964844,120.75,121.12000274658203,87.2920913696289
2017-09-29,121.19999694824219,121.30000305175781,120.94999694824219,121.2300033569336,87.37136840820312
2017-10-02,120.95999908447266,121.11000061035156,120.7699966430664,121.0199966430664,87.45298767089844
2017-10-03,120.9800033569336,121.29000091552734,120.91999816894531,121.29000091552734,87.64811706542969
2017-10-04,121.30000305175781,121.30000305175781,120.9800033569336,121.22000122070312,87.59752655029297
2017-10-05,121.1500015258789,121.1500015258789,120.91999816894531,121.05000305175781,87.47466278076172
2017-10-06,120.68000030517578,120.98999786376953,120.56999969482422,120.94999694824219,87.40239715576172
2017-10-09,121.0199966430664,121.06999969482422,120.87000274658203,121.05000305175781,87.47466278076172
2017-10-10,121.08999633789062,121.4000015258789,121.05000305175781,121.12999725341797,87.5324935913086
2017-10-11,121.30999755859375,121.30999755859375,121.0,121.06999969482422,87.48914337158203
2017-10-12,121.11000061035156,121.19000244140625,120.94999694824219,121.0999984741211,87.5108413696289
2017-10-13,121.56999969482422,121.6500015258789,121.4000015258789,121.58000183105469,87.85768127441406
2017-10-16,121.54000091552734,121.55999755859375,121.29000091552734,121.41000366210938,87.73481750488281
2017-10-17,121.2699966430664,121.48999786376953,121.26000213623047,121.38999938964844,87.72034454345703
2017-10-18,121.0999984741211,121.29000091552734,121.04000091552734,121.20999908447266,87.59029388427734
2017-10-19,121.55000305175781,121.55000305175781,121.30000305175781,121.38999938964844,87.72034454345703
2017-10-20,120.9800033569336,121.16000366210938,120.9000015258789,121.05999755859375,87.4819107055664
2017-10-23,121.23999786376953,121.30999755859375,121.13999938964844,121.18000030517578,87.56867218017578
2017-10-24,120.87999725341797,121.05999755859375,120.8499984741211,120.87999725341797,87.35185241699219
2017-10-25,120.58000183105469,120.63999938964844,120.4000015258789,120.55999755859375,87.12059020996094
2017-10-26,120.80000305175781,120.80000305175781,120.54000091552734,120.55000305175781,87.11337280273438
2017-10-27,120.70999908447266,120.94999694824219,120.68000030517578,120.91000366210938,87.3735580444336
2017-10-30,120.70999908447266,121.3499984741211,120.70999908447266,121.30999755859375,87.66252899169922
2017-10-31,121.36000061035156,121.36000061035156,121.12000274658203,121.13999938964844,87.53974151611328
2017-11-01,121.05000305175781,121.1500015258789,120.8499984741211,121.01000213623047,87.67811584472656
2017-11-02,121.1500015258789,121.1500015258789,120.9000015258789,120.98999786376953,87.66364288330078
2017-11-03,121.0999984741211,121.19000244140625,120.91000366210938,121.12999725341797,87.76502227783203
2017-11-06,121.19000244140625,121.25,121.05000305175781,121.16000366210938,87.78682708740234
2017-11-07,121.0199966430664,121.11000061035156,120.95999908447266,121.05999755859375,87.71430969238281
2017-11-08,121.08000183105469,121.11000061035156,120.87999725341797,120.9000015258789,87.59840393066406
2017-11-09,120.61000061035156,120.75,120.51000213623047,120.58000183105469,87.36654663085938
2017-11-10,120.08999633789062,120.1500015258789,119.77999877929688,119.88999938964844,86.86662292480469
2017-11-13,120.0999984741211,120.12000274658203,119.91000366210938,119.91000366210938,86.8810806274414
2017-11-14,119.9800033569336,120.0999984741211,119.87999725341797,119.94000244140625,86.90283203125
2017-11-15,120.06999969482422,120.4800033569336,119.8499984741211,120.44999694824219,87.27236938476562
2017-11-16,120.36000061035156,120.5199966430664,120.2699966430664,120.30999755859375,87.17091369628906
2017-11-17,120.51000213623047,120.58000183105469,120.37999725341797,120.45999908447266,87.27958679199219
2017-11-20,120.41999816894531,120.5999984741211,120.37999725341797,120.45999908447266,87.27958679199219
2017-11-21,120.9000015258789,120.94000244140625,120.66999816894531,120.86000061035156,87.56939697265625
2017-11-22,121.05000305175781,121.37000274658203,120.9800033569336,121.33000183105469,87.90998840332031
2017-11-24,121.25,121.37000274658203,121.16999816894531,121.19000244140625,87.80847930908203
2017-11-27,121.16000366210938,121.26000213623047,121.04000091552734,121.12000274658203,87.75782012939453
2017-11-28,121.23999786376953,121.38999938964844,121.16999816894531,121.29000091552734,87.8809814453125
2017-11-29,120.80999755859375,120.87000274658203,120.62000274658203,120.80999755859375,87.5332260131836
2017-11-30,120.93000030517578,120.94000244140625,120.47000122070312,120.66999816894531,87.4317626953125
2017-12-01,120.80999755859375,121.37999725341797,120.4000015258789,120.72000122070312,87.70197296142578
2017-12-04,120.77999877929688,120.91999816894531,120.58000183105469,120.91000366210938,87.840087890625
2017-12-05,121.0,121.16999816894531,120.83000183105469,121.13999938964844,88.00714111328125
2017-12-06,121.4800033569336,121.54000091552734,121.33999633789062,121.37000274658203,88.17426300048828
2017-12-07,121.48999786376953,121.56999969482422,120.94000244140625,121.12999725341797,87.9998779296875
2017-12-08,121.0199966430664,121.11000061035156,120.91000366210938,120.9800033569336,87.89090728759766
2017-12-11,121.08999633789062,121.22000122070312,121.02999877929688,121.06999969482422,87.956298828125
2017-12-12,120.94999694824219,120.98999786376953,120.77999877929688,120.9800033569336,87.89090728759766
2017-12-13,121.18000030517578,121.54000091552734,121.08999633789062,121.4000015258789,88.1960220336914
2017-12-14,121.29000091552734,121.66000366210938,121.22000122070312,121.62000274658203,88.35584259033203
2017-12-15,121.69999694824219,121.8499984741211,121.48999786376953,121.79000091552734,88.47937774658203
2017-12-18,121.72000122070312,121.7699966430664,121.41000366210938,121.43000030517578,88.21784973144531
2017-12-19,121.16999816894531,121.19000244140625,120.6500015258789,120.80999755859375,87.7674331665039
2017-12-20,120.55000305175781,120.69999694824219,120.4000015258789,120.48999786376953,87.534912109375
2017-12-21,120.29000091552734,120.58999633789062,120.2699966430664,120.55999755859375,87.77082061767578
2017-12-22,120.56999969482422,120.66999816894531,120.48999786376953,120.6500015258789,87.83629608154297
2017-12-26,120.68000030517578,120.86000061035156,120.5999984741211,120.80999755859375,87.95283508300781
2017-12-27,121.08000183105469,121.48999786376953,120.94999694824219,121.4800033569336,88.44058990478516
2017-12-28,121.47000122070312,121.4800033569336,121.22000122070312,121.4000015258789,88.38233184814453
2017-12-29,121.26000213623047,121.62999725341797,121.26000213623047,121.55999755859375,88.49881744384766
2018-01-02,121.31999969482422,121.45999908447266,120.5,120.75,87.90909576416016
2018-01-03,120.94000244140625,121.05000305175781,120.69999694824219,120.97000122070312,88.06930541992188
2018-01-04,120.77999877929688,121.01000213623047,120.7300033569336,120.93000030517578,88.0401840209961
2018-01-05,121.08999633789062,121.08999633789062,120.76000213623047,120.88999938964844,88.01105499267578
2018-01-08,121.0199966430664,121.02999877929688,120.7699966430664,120.87999725341797,88.00374603271484
2018-01-09,120.7300033569336,120.7699966430664,120.41999816894531,120.44000244140625,87.68342590332031
2018-01-10,120.05000305175781,120.6500015258789,119.91000366210938,120.5199966430664,87.74166870117188
2018-01-11,120.48999786376953,120.94999694824219,120.48999786376953,120.80999755859375,87.95283508300781
2018-01-12,120.5999984741211,120.91000366210938,120.55000305175781,120.83000183105469,87.96736907958984
2018-01-16,121.18000030517578,121.18000030517578,120.81999969482422,120.94000244140625,88.04744720458984
2018-01-17,120.95999908447266,121.0199966430664,120.48999786376953,120.61000061035156,87.8072509765625
2018-01-18,120.16999816894531,120.41000366210938,120.01000213623047,120.13999938964844,87.46504211425781
2018-01-19,119.98999786376953,120.11000061035156,119.72000122070312,119.7699966430664,87.1956787109375
2018-01-22,119.7699966430664,120.0,119.62999725341797,119.66000366210938,87.11559295654297
2018-01-23,119.97000122070312,120.19000244140625,119.91000366210938,120.18000030517578,87.4941635131836
2018-01-24,119.94000244140625,120.12000274658203,119.83000183105469,120.0999984741211,87.43590545654297
2018-01-25,120.0199966430664,120.70999908447266,120.0,120.70999908447266,87.88003540039062
2018-01-26,120.62000274658203,120.62000274658203,120.33999633789062,120.55000305175781,87.76354217529297
2018-01-29,120.19999694824219,120.37999725341797,120.0,120.2300033569336,87.5305404663086
2018-01-30,120.0,120.08000183105469,119.69999694824219,119.81999969482422,87.2320327758789
2018-01-31,120.16999816894531,120.22000122070312,119.70999908447266,120.06999969482422,87.4140853881836
2018-02-01,119.91000366210938,119.95999908447266,119.13999938964844,119.22000122070312,87.02788543701172
2018-02-02,119.0,119.0,118.47000122070312,118.61000061035156,86.58263397216797
2018-02-05,118.23999786376953,119.33000183105469,118.22000122070312,118.68000030517578,86.63374328613281
2018-02-06,118.58999633789062,118.81999969482422,118.38999938964844,118.44000244140625,86.45851135253906
2018-02-07,118.80000305175781,118.8499984741211,118.08000183105469,118.11000061035156,86.21763610839844
2018-02-08,117.94000244140625,118.0999984741211,117.55999755859375,117.5999984741211,85.84532165527344
2018-02-09,117.44999694824219,117.47000122070312,117.19999694824219,117.22000122070312,85.56797790527344
2018-02-12,117.29000091552734,117.62000274658203,117.19999694824219,117.22000122070312,85.56797790527344
2018-02-13,117.08999633789062,117.20999908447266,116.79000091552734,117.18000030517578,85.53878784179688
2018-02-14,116.80999755859375,117.0,116.66000366210938,116.75,85.22486877441406
2018-02-15,117.18000030517578,117.45999908447266,117.05999755859375,117.30000305175781,85.62638092041016
2018-02-16,117.58000183105469,117.76000213623047,117.45999908447266,117.6500015258789,85.88184356689453
2018-02-20,117.3499984741211,117.41000366210938,117.12999725341797,117.1500015258789,85.51679992675781
2018-02-21,117.19999694824219,117.30999755859375,116.44000244140625,116.51000213623047,85.0496826171875
2018-02-22,116.83999633789062,117.06999969482422,116.63999938964844,116.66999816894531,85.16646575927734
2018-02-23,117.05000305175781,117.23999786376953,116.87999725341797,117.20999908447266,85.56066131591797
2018-02-26,117.58999633789062,117.75,117.33000183105469,117.36000061035156,85.67015075683594
2018-02-27,117.51000213623047,117.5199966430664,116.69999694824219,116.8499984741211,85.2978744506836
2018-02-28,117.01000213623047,117.16000366210938,116.94999694824219,117.06999969482422,85.45844268798828
2018-03-01,116.55999755859375,116.80999755859375,116.37000274658203,116.62000274658203,85.37061309814453
2018-03-02,116.36000061035156,116.48999786376953,116.19000244140625,116.25,85.09976196289062
2018-03-05,116.51000213623047,116.58000183105469,116.0999984741211,116.20999908447266,85.07048797607422
2018-03-06,116.63999938964844,116.68000030517578,116.29000091552734,116.30999755859375,85.14366149902344
2018-03-07,116.5,116.52999877929688,116.2300033569336,116.2699966430664,85.11441802978516
2018-03-08,116.48999786376953,116.69999694824219,116.33999633789062,116.5,85.28278350830078
2018-03-09,116.31999969482422,116.37000274658203,116.04000091552734,116.08999633789062,84.98262786865234
2018-03-12,116.19000244140625,116.27999877929688,116.0999984741211,116.23999786376953,85.0924301147461
2018-03-13,116.3499984741211,116.4000015258789,116.11000061035156,116.25,85.09976196289062
2018-03-14,116.2699966430664,116.69999694824219,116.26000213623047,116.51000213623047,85.29009246826172
2018-03-15,116.4800033569336,116.70999908447266,116.44000244140625,116.62999725341797,85.37789916992188
2018-03-16,116.41000366210938,116.83000183105469,116.36000061035156,116.76000213623047,85.47311401367188
2018-03-19,116.5,116.5999984741211,116.36000061035156,116.37000274658203,85.18761444091797
2018-03-20,116.02999877929688,116.19000244140625,115.91999816894531,115.95999908447266,84.88746643066406
2018-03-21,115.76000213623047,116.2300033569336,115.5199966430664,115.88999938964844,84.83621978759766
2018-03-22,116.19000244140625,116.29000091552734,115.98999786376953,116.08999633789062,84.98262786865234
2018-03-23,115.97000122070312,116.02999877929688,115.70999908447266,115.72000122070312,84.7117919921875
2018-03-26,116.05999755859375,116.19999694824219,116.0,116.12999725341797,85.01188659667969
2018-03-27,116.05999755859375,116.62000274658203,116.05999755859375,116.55000305175781,85.31936645507812
2018-03-28,116.77999877929688,116.9800033569336,116.66000366210938,116.86000061035156,85.5462875366211
2018-03-29,117.11000061035156,117.47000122070312,116.94999694824219,117.38999938964844,85.9343032836914
2018-04-02,116.9000015258789,117.06999969482422,116.72000122070312,116.98999786376953,85.88802337646484
2018-04-03,116.94000244140625,116.94000244140625,116.62999725341797,116.68000030517578,85.66045379638672
2018-04-04,116.7300033569336,116.86000061035156,116.63999938964844,116.68000030517578,85.66045379638672
2018-04-05,116.61000061035156,116.75,116.5,116.72000122070312,85.6897964477539
2018-04-06,116.93000030517578,117.06999969482422,116.80999755859375,117.06999969482422,85.94676971435547
2018-04-09,116.8499984741211,117.18000030517578,116.8499984741211,117.12999725341797,85.9908447265625
2018-04-10,117.20999908447266,117.44000244140625,117.01000213623047,117.16000366210938,86.01280975341797
2018-04-11,117.36000061035156,117.4000015258789,117.11000061035156,117.23999786376953,86.07154846191406
2018-04-12,117.12000274658203,117.19999694824219,116.9000015258789,116.91999816894531,85.83663177490234
2018-04-13,116.83999633789062,117.05999755859375,116.83999633789062,116.95999908447266,85.86602020263672
2018-04-16,116.75,116.98999786376953,116.70999908447266,116.97000122070312,85.87332916259766
2018-04-17,116.9800033569336,117.1500015258789,116.91000366210938,116.9800033569336,85.88069915771484
2018-04-18,116.94000244140625,116.94999694824219,116.36000061035156,116.37999725341797,85.44023895263672
2018-04-19,116.04000091552734,116.06999969482422,115.76000213623047,115.94000244140625,85.11717987060547
2018-04-20,115.79000091552734,115.83000183105469,115.45999908447266,115.47000122070312,84.77214050292969
2018-04-23,115.44000244140625,115.47000122070312,115.25,115.41999816894531,84.73544311523438
2018-04-24,115.30999755859375,115.44000244140625,114.98999786376953,115.08000183105469,84.48579406738281
2018-04-25,114.81999969482422,114.83999633789062,114.55000305175781,114.72000122070312,84.22154998779297
2018-04-26,115.0199966430664,115.18000030517578,114.91999816894531,115.05999755859375,84.47113800048828
2018-04-27,115.25,115.37000274658203,115.22000122070312,115.31999969482422,84.66200256347656
2018-04-30,115.37000274658203,115.45999908447266,115.16999816894531,115.22000122070312,84.58854675292969
2018-05-01,114.83000183105469,114.87000274658203,114.48999786376953,114.58000183105469,84.35962677001953
2018-05-02,114.7300033569336,114.75,114.48999786376953,114.48999786376953,84.29336547851562
2018-05-03,114.7699966430664,114.81999969482422,114.47000122070312,114.51000213623047,84.30810546875
2018-05-04,114.86000061035156,114.86000061035156,114.47000122070312,114.66999816894531,84.42588806152344
2018-05-07,114.70999908447266,114.75,114.5,114.54000091552734,84.33014678955078
2018-05-08,114.43000030517578,114.54000091552734,114.26000213623047,114.5,84.3007583618164
2018-05-09,114.31999969482422,114.62999725341797,114.27999877929688,114.4800033569336,84.28604888916016
2018-05-10,114.83999633789062,115.06999969482422,114.72000122070312,115.05999755859375,84.7130126953125
2018-05-11,115.2300033569336,115.27999877929688,115.08000183105469,115.26000213623047,84.86026763916016
2018-05-14,115.12999725341797,115.2699966430664,115.05000305175781,115.05000305175781,84.70567321777344
2018-05-15,114.51000213623047,114.76000213623047,114.0,114.18000030517578,84.06513977050781
2018-05-16,114.23999786376953,114.3499984741211,113.98999786376953,114.02999877929688,83.95466613769531
2018-05-17,114.0,114.05999755859375,113.72000122070312,113.80999755859375,83.79265594482422
2018-05-18,113.98999786376953,114.33000183105469,113.95999908447266,114.27999877929688,84.13872528076172
2018-05-21,114.1500015258789,114.3499984741211,114.0999984741211,114.3499984741211,84.19029998779297
2018-05-22,114.26000213623047,114.38999938964844,114.12999725341797,114.2300033569336,84.10194396972656
2018-05-23,114.41000366210938,114.80000305175781,114.33000183105469,114.72000122070312,84.46273040771484
2018-05-24,114.9800033569336,115.08000183105469,114.88999938964844,115.04000091552734,84.69828033447266
2018-05-25,115.37999725341797,115.41999816894531,115.2300033569336,115.37999725341797,84.94862365722656
2018-05-29,115.43000030517578,116.20999908447266,115.26000213623047,115.98999786376953,85.39775085449219
2018-05-30,115.61000061035156,115.81999969482422,115.2699966430664,115.54000091552734,85.06644439697266
2018-05-31,115.66000366210938,115.7699966430664,115.36000061035156,115.48999786376953,85.02961730957031
2018-06-01,114.87000274658203,115.13999938964844,114.80999755859375,114.91000366210938,84.86637878417969
2018-06-04,114.9000015258789,114.97000122070312,114.6500015258789,114.6500015258789,84.67436218261719
2018-06-05,114.93000030517578,114.94999694824219,114.69000244140625,114.7300033569336,84.73346710205078
2018-06-06,114.41000366210938,114.47000122070312,114.16000366210938,114.30999755859375,84.42325592041016
2018-06-07,114.25,115.05999755859375,114.25,114.69000244140625,84.70391845703125
2018-06-08,114.5999984741211,114.6500015258789,114.43000030517578,114.5,84.5636215209961
2018-06-11,114.30000305175781,114.4000015258789,114.2300033569336,114.38999938964844,84.48235321044922
2018-06-12,114.25,114.5,114.22000122070312,114.4000015258789,84.4897232055664
2018-06-13,114.44000244140625,114.58000183105469,113.9800033569336,114.29000091552734,84.40849304199219
2018-06-14,114.68000030517578,114.81999969482422,114.48999786376953,114.80999755859375,84.79254150390625
2018-06-15,114.9800033569336,115.05999755859375,114.58999633789062,114.6500015258789,84.67436218261719
2018-06-18,114.63999938964844,114.66000366210938,114.41999816894531,114.52999877929688,84.5857162475586
2018-06-19,114.55999755859375,114.66000366210938,114.47000122070312,114.58999633789062,84.63005065917969
2018-06-20,114.61000061035156,114.61000061035156,113.9000015258789,113.94999694824219,84.15740966796875
2018-06-21,113.9000015258789,114.08999633789062,113.86000061035156,113.86000061035156,84.09092712402344
2018-06-22,113.80000305175781,114.08999633789062,113.75,114.0,84.19429779052734
2018-06-25,114.04000091552734,114.11000061035156,113.87000274658203,113.88999938964844,84.11306762695312
2018-06-26,113.9800033569336,114.29000091552734,113.88999938964844,114.2699966430664,84.39375305175781
2018-06-27,114.58999633789062,114.66000366210938,114.4800033569336,114.66000366210938,84.68177032470703
2018-06-28,114.56999969482422,114.56999969482422,114.2699966430664,114.51000213623047,84.57098388671875
2018-06-29,114.63999938964844,114.83999633789062,114.51000213623047,114.56999969482422,84.6152572631836
2018-07-02,114.41000366210938,114.41000366210938,114.16000366210938,114.23999786376953,84.62639617919922
2018-07-03,114.30999755859375,114.7300033569336,114.30999755859375,114.66000366210938,84.93753814697266
2018-07-05,114.7699966430664,115.02999877929688,114.75,115.0199966430664,85.20420837402344
2018-07-06,115.23999786376953,115.27999877929688,115.08999633789062,115.18000030517578,85.32269287109375
2018-07-09,115.08999633789062,115.30000305175781,115.02999877929688,115.26000213623047,85.38198852539062
2018-07-10,115.23999786376953,115.37000274658203,115.11000061035156,115.12999725341797,85.28572082519531
2018-07-11,115.2699966430664,115.38999938964844,115.12000274658203,115.36000061035156,85.45608520507812
2018-07-12,115.4000015258789,115.61000061035156,115.31999969482422,115.61000061035156,85.64126586914062
2018-07-13,115.70999908447266,115.80999755859375,115.62999725341797,115.69999694824219,85.70794677734375
2018-07-16,115.5,115.62999725341797,115.29000091552734,115.51000213623047,85.56719970703125
2018-07-17,115.5199966430664,115.58000183105469,115.37999725341797,115.43000030517578,85.5079345703125
2018-07-18,115.54000091552734,115.54000091552734,115.3499984741211,115.41000366210938,85.49309539794922
2018-07-19,115.4000015258789,115.73999786376953,115.37000274658203,115.58999633789062,85.62642669677734
2018-07-20,115.33999633789062,115.38999938964844,115.12000274658203,115.25,85.37456512451172
2018-07-23,115.05000305175781,115.12000274658203,114.72000122070312,114.79000091552734,85.03380584716797
2018-07-24,114.80999755859375,115.16999816894531,114.80999755859375,115.1500015258789,85.30050659179688
2018-07-25,115.4000015258789,115.4000015258789,115.19999694824219,115.30000305175781,85.41162109375
2018-07-26,115.41999816894531,115.55000305175781,115.27999877929688,115.41000366210938,85.49309539794922
2018-07-27,115.75,115.75,115.45999908447266,115.55999755859375,85.60418701171875
2018-07-30,115.31999969482422,115.48999786376953,115.30999755859375,115.4000015258789,85.4857406616211
2018-07-31,115.70999908447266,115.86000061035156,115.63999938964844,115.76000213623047,85.75236511230469
2018-08-01,114.9000015258789,115.1500015258789,114.8499984741211,115.01000213623047,85.44995880126953
2018-08-02,115.05000305175781,115.16999816894531,114.87999725341797,115.1500015258789,85.55398559570312
2018-08-03,115.29000091552734,115.55000305175781,115.16000366210938,115.51000213623047,85.82147979736328
2018-08-06,115.58999633789062,115.76000213623047,115.58999633789062,115.62000274658203,85.90320587158203
2018-08-07,115.58999633789062,115.58999633789062,115.19999694824219,115.26000213623047,85.63574981689453
2018-08-08,115.16999816894531,115.2300033569336,115.08000183105469,115.08000183105469,85.50198364257812
2018-08-09,115.25,115.36000061035156,115.08999633789062,115.16999816894531,85.5688705444336
2018-08-10,115.0999984741211,115.5,115.02999877929688,115.36000061035156,85.71004486083984
2018-08-13,115.26000213623047,115.37999725341797,115.22000122070312,115.33000183105469,85.68775939941406
2018-08-14,115.48999786376953,115.52999877929688,115.41000366210938,115.4800033569336,85.79917907714844
2018-08-15,115.6500015258789,115.76000213623047,115.55000305175781,115.72000122070312,85.97750854492188
2018-08-16,115.81999969482422,115.88999938964844,115.69999694824219,115.87000274658203,86.08892059326172
2018-08-17,115.95999908447266,116.06999969482422,115.88999938964844,115.97000122070312,86.16326141357422
2018-08-20,116.25,116.37000274658203,116.18000030517578,116.2699966430664,86.38613891601562
2018-08-21,116.22000122070312,116.22000122070312,115.95999908447266,115.9800033569336,86.17066192626953
2018-08-22,116.22000122070312,116.23999786376953,115.94999694824219,115.97000122070312,86.16326141357422
2018-08-23,116.13999938964844,116.18000030517578,115.94000244140625,116.01000213623047,86.19297790527344
2018-08-24,115.88999938964844,116.29000091552734,115.8499984741211,116.23999786376953,86.36385345458984
2018-08-27,116.0199966430664,116.16000366210938,116.01000213623047,116.05999755859375,86.23013305664062
2018-08-28,115.87000274658203,115.9800033569336,115.5999984741211,115.62000274658203,85.90320587158203
2018-08-29,115.7300033569336,115.75,115.41000366210938,115.5,85.81402587890625
2018-08-30,115.73999786376953,115.80999755859375,115.5199966430664,115.61000061035156,85.89578247070312
2018-08-31,115.80999755859375,115.83999633789062,115.43000030517578,115.44000244140625,85.76946258544922
2018-09-04,114.86000061035156,114.98999786376953,114.68000030517578,114.87999725341797,85.61150360107422
2018-09-05,114.83999633789062,114.87999725341797,114.77999877929688,114.80999755859375,85.5593490600586
2018-09-06,114.98999786376953,115.20999908447266,114.94999694824219,115.12999725341797,85.79777526855469
2018-09-07,114.76000213623047,114.76000213623047,114.62999725341797,114.6500015258789,85.44007873535156
2018-09-10,114.73999786376953,115.02999877929688,114.73999786376953,115.02999877929688,85.72325897216797
2018-09-11,114.80000305175781,114.88999938964844,114.72000122070312,114.7699966430664,85.52949523925781
2018-09-12,114.97000122070312,115.12000274658203,114.95999908447266,115.0,85.70091247558594
2018-09-13,115.25,115.33000183105469,115.12999725341797,115.23999786376953,85.87974548339844
2018-09-14,115.01000213623047,115.16000366210938,114.94999694824219,115.0999984741211,85.77542114257812
2018-09-17,114.91000366210938,115.11000061035156,114.88999938964844,115.02999877929688,85.72325897216797
2018-09-18,114.80999755859375,114.80999755859375,114.5199966430664,114.55999755859375,85.373046875
2018-09-19,114.52999877929688,114.54000091552734,114.2300033569336,114.38999938964844,85.24633026123047
2018-09-20,114.41000366210938,114.80999755859375,114.38999938964844,114.69000244140625,85.4698715209961
2018-09-21,114.5999984741211,114.79000091552734,114.5999984741211,114.70999908447266,85.48481750488281
2018-09-24,114.4800033569336,114.5999984741211,114.37000274658203,114.44999694824219,85.29096984863281
2018-09-25,114.33000183105469,114.47000122070312,114.2300033569336,114.44999694824219,85.29096984863281
2018-09-26,114.6500015258789,114.93000030517578,114.52999877929688,114.86000061035156,85.59660339355469
2018-09-27,114.8499984741211,115.04000091552734,114.7699966430664,115.01000213623047,85.70834350585938
2018-09-28,115.13999938964844,115.13999938964844,114.9000015258789,114.93000030517578,85.64874267578125
2018-10-01,114.5,114.63999938964844,114.41999816894531,114.41999816894531,85.53062438964844
2018-10-02,114.55999755859375,114.75,114.5199966430664,114.5199966430664,85.60540008544922
2018-10-03,114.41000366210938,114.52999877929688,113.66000366210938,113.8499984741211,85.10453033447266
2018-10-04,113.55999755859375,113.66000366210938,113.2300033569336,113.37999725341797,84.75321960449219
2018-10-05,113.1500015258789,113.26000213623047,112.76000213623047,112.94000244140625,84.42434692382812
2018-10-08,113.0,113.01000213623047,112.80000305175781,112.81999969482422,84.33458709716797
2018-10-09,113.0,113.16999816894531,112.91000366210938,113.13999938964844,84.57379150390625
2018-10-10,112.86000061035156,113.01000213623047,112.58999633789062,112.83000183105469,84.34207153320312
2018-10-11,113.08000183105469,113.48999786376953,113.05000305175781,113.30000305175781,84.69341278076172
2018-10-12,113.33999633789062,113.52999877929688,113.16000366210938,113.31999969482422,84.7083511352539
2018-10-15,113.26000213623047,113.36000061035156,113.0999984741211,113.11000061035156,84.55140686035156
2018-10-16,113.16000366210938,113.4800033569336,113.05999755859375,113.4000015258789,84.76821899414062
2018-10-17,113.30999755859375,113.4000015258789,112.83999633789062,112.83999633789062,84.34956359863281
2018-10-18,112.7300033569336,112.9800033569336,112.5999984741211,112.83999633789062,84.34956359863281
2018-10-19,112.75,112.86000061035156,112.5999984741211,112.69999694824219,84.24491882324219
2018-10-22,112.83000183105469,112.8499984741211,112.52999877929688,112.55999755859375,84.14028930664062
2018-10-23,112.80999755859375,112.95999908447266,112.66000366210938,112.72000122070312,84.2598876953125
2018-10-24,112.94999694824219,113.05000305175781,112.81999969482422,112.87999725341797,84.37947082519531
2018-10-25,112.7300033569336,112.8499984741211,112.72000122070312,112.73999786376953,84.27482604980469
2018-10-26,112.97000122070312,113.08000183105469,112.91999816894531,112.93000030517578,84.41682434082031
2018-10-29,112.86000061035156,112.91999816894531,112.72000122070312,112.80000305175781,84.31966400146484
2018-10-30,112.58999633789062,112.66999816894531,112.44000244140625,112.55000305175781,84.13276672363281
2018-10-31,112.38999938964844,112.61000061035156,112.2300033569336,112.2300033569336,83.89358520507812
2018-11-01,111.70999908447266,112.20999908447266,111.66999816894531,112.19999694824219,84.14783477783203
2018-11-02,112.06999969482422,112.18000030517578,111.7300033569336,111.75,83.810302734375
2018-11-05,111.8499984741211,112.04000091552734,111.8499984741211,111.94999694824219,83.96033477783203
2018-11-06,112.02999877929688,112.18000030517578,112.01000213623047,112.13999938964844,84.10285186767578
2018-11-07,112.62999725341797,112.70999908447266,112.37999725341797,112.43000030517578,84.32030487060547
2018-11-08,112.41000366210938,112.45999908447266,112.0999984741211,112.0999984741211,84.07281494140625
2018-11-09,112.18000030517578,112.33000183105469,112.08999633789062,112.18000030517578,84.13285827636719
2018-11-12,112.41000366210938,112.41000366210938,112.08000183105469,112.16999816894531,84.12535858154297
2018-11-13,112.05999755859375,112.12000274658203,111.95999908447266,112.0199966430664,84.01284790039062
2018-11-14,111.7300033569336,111.94000244140625,111.68000030517578,111.72000122070312,83.78780364990234
2018-11-15,111.58999633789062,111.66999816894531,111.31999969482422,111.51000213623047,83.63032531738281
2018-11-16,111.47000122070312,111.76000213623047,111.41000366210938,111.7300033569336,83.79534912109375
2018-11-19,111.47000122070312,111.6500015258789,111.41999816894531,111.62000274658203,83.71284484863281
2018-11-20,111.37999725341797,111.5999984741211,111.33000183105469,111.3499984741211,83.51033782958984
2018-11-21,111.62000274658203,111.72000122070312,111.44999694824219,111.58999633789062,83.69031524658203
2018-11-23,111.94000244140625,111.9800033569336,111.62999725341797,111.63999938964844,83.72782897949219
2018-11-26,111.7699966430664,111.81999969482422,111.63999938964844,111.69000244140625,83.76531982421875
2018-11-27,111.61000061035156,111.66000366210938,111.5199966430664,111.55000305175781,83.66034698486328
2018-11-28,111.51000213623047,111.94999694824219,111.29000091552734,111.8499984741211,83.88531494140625
2018-11-29,111.75,111.87000274658203,111.41999816894531,111.52999877929688,83.6453628540039
2018-11-30,111.55000305175781,111.58000183105469,111.25,111.45999908447266,83.59282684326172
2018-12-03,111.30999755859375,111.5999984741211,111.25,111.5199966430664,83.903564453125
2018-12-04,111.72000122070312,111.9800033569336,111.52999877929688,111.54000091552734,83.91863250732422
2018-12-06,111.61000061035156,111.98999786376953,111.5999984741211,111.87999725341797,84.17440032958984
2018-12-07,112.0,112.05999755859375,111.73999786376953,111.88999938964844,84.1819076538086
2018-12-10,112.19999694824219,112.23999786376953,111.91000366210938,112.2300033569336,84.43775177001953
2018-12-11,112.37999725341797,112.55999755859375,112.26000213623047,112.43000030517578,84.58819580078125
2018-12-12,112.44999694824219,112.68000030517578,111.58999633789062,112.55000305175781,84.67847442626953
2018-12-13,112.73999786376953,112.91000366210938,112.7300033569336,112.8499984741211,84.90419006347656
2018-12-14,112.91000366210938,113.01000213623047,112.70999908447266,112.7300033569336,84.8139419555664
2018-12-17,112.7699966430664,112.98999786376953,112.7699966430664,112.8499984741211,84.90419006347656
2018-12-18,112.69999694824219,112.94000244140625,112.61000061035156,112.9000015258789,85.20760345458984
2018-12-19,113.05000305175781,113.30999755859375,112.80999755859375,112.80999755859375,85.1396713256836
2018-12-20,113.08000183105469,113.1500015258789,112.2699966430664,112.44000244140625,84.86044311523438
2018-12-21,112.58000183105469,112.68000030517578,112.13999938964844,112.33000183105469,84.77740478515625
2018-12-24,112.31999969482422,112.41000366210938,111.98999786376953,112.06999969482422,84.58118438720703
2018-12-26,112.08000183105469,112.20999908447266,111.79000091552734,111.9800033569336,84.51325988769531
2018-12-27,112.16000366210938,112.29000091552734,111.9800033569336,111.9800033569336,84.51325988769531
2018-12-28,112.0999984741211,112.52999877929688,112.0999984741211,112.51000213623047,84.91324615478516
2018-12-31,112.5199966430664,112.91999816894531,112.43000030517578,112.81999969482422,85.1471939086914
2019-01-02,112.81999969482422,113.19000244140625,112.77999877929688,113.16999816894531,85.41138458251953
2019-01-03,113.0,113.30000305175781,112.94999694824219,113.22000122070312,85.44912719726562
2019-01-04,112.87999725341797,113.19999694824219,112.80999755859375,113.1500015258789,85.39624786376953
2019-01-07,113.38999938964844,113.45999908447266,113.1500015258789,113.16000366210938,85.40384674072266
2019-01-08,113.20999908447266,113.44000244140625,113.20999908447266,113.41000366210938,85.59251403808594
2019-01-09,113.5,113.88999938964844,113.5,113.83999633789062,85.91706085205078
2019-01-10,113.7300033569336,113.7699966430664,113.43000030517578,113.54000091552734,85.69060516357422
2019-01-11,113.79000091552734,113.79000091552734,113.58999633789062,113.75,85.84912109375
2019-01-14,113.62000274658203,113.79000091552734,113.41999816894531,113.44999694824219,85.62267303466797
2019-01-15,113.54000091552734,113.68000030517578,113.44999694824219,113.5199966430664,85.67552947998047
2019-01-16,113.5199966430664,113.9000015258789,113.45999908447266,113.73999786376953,85.84156036376953
2019-01-17,113.66000366210938,113.9800033569336,113.66000366210938,113.97000122070312,86.01514434814453
2019-01-18,113.95999908447266,114.27999877929688,113.95999908447266,114.16999816894531,86.16609954833984
2019-01-22,114.31999969482422,114.58000183105469,114.31999969482422,114.36000061035156,86.30947875976562
2019-01-23,114.45999908447266,114.73999786376953,114.38999938964844,114.6500015258789,86.52836608886719
2019-01-24,115.05000305175781,115.11000061035156,114.86000061035156,114.94999694824219,86.75475311279297
2019-01-25,114.9000015258789,115.05000305175781,114.87999725341797,115.05000305175781,86.83026123046875
2019-01-28,114.94999694824219,115.12000274658203,114.88999938964844,115.02999877929688,86.81510162353516
2019-01-29,115.16999816894531,115.27999877929688,115.06999969482422,115.27999877929688,87.00386810302734
2019-01-30,115.31999969482422,115.80999755859375,115.16999816894531,115.80999755859375,87.40379333496094
2019-01-31,116.20999908447266,116.69999694824219,116.19000244140625,116.62000274658203,88.01515197753906
2019-02-01,116.12000274658203,116.30999755859375,115.91999816894531,115.98999786376953,87.80545806884766
2019-02-04,115.87000274658203,115.88999938964844,115.61000061035156,115.83000183105469,87.68434143066406
2019-02-05,116.0999984741211,116.4800033569336,116.08999633789062,116.30000305175781,88.04011535644531
2019-02-06,116.37999725341797,116.4000015258789,116.04000091552734,116.08000183105469,87.87360382080078
2019-02-07,116.0,116.08000183105469,115.77999877929688,116.05999755859375,87.85840606689453
2019-02-08,116.1500015258789,116.37999725341797,116.11000061035156,116.3499984741211,88.07798767089844
2019-02-11,116.27999877929688,116.27999877929688,116.0,116.08999633789062,87.88114929199219
2019-02-12,116.08000183105469,116.25,116.02999877929688,116.25,88.00227355957031
2019-02-13,116.01000213623047,116.0999984741211,115.88999938964844,115.94999694824219,87.77519226074219
2019-02-14,116.23999786376953,116.23999786376953,115.94000244140625,116.08000183105469,87.87360382080078
2019-02-15,116.02999877929688,116.26000213623047,116.02999877929688,116.22000122070312,87.97956085205078
2019-02-19,116.44000244140625,116.44000244140625,116.16999816894531,116.29000091552734,88.03257751464844
2019-02-20,116.19000244140625,116.2300033569336,115.98999786376953,116.19000244140625,87.95684814453125
2019-02-21,115.76000213623047,115.9800033569336,115.73999786376953,115.86000061035156,87.7070541381836
2019-02-22,115.97000122070312,116.4800033569336,115.97000122070312,116.37999725341797,88.1007080078125
2019-02-25,116.26000213623047,116.44999694824219,116.25,116.33999633789062,88.07037353515625
2019-02-26,116.51000213623047,116.58999633789062,116.41000366210938,116.5199966430664,88.20662689208984
2019-02-27,116.37000274658203,116.37000274658203,116.11000061035156,116.19000244140625,87.95684814453125
2019-02-28,116.25,116.37000274658203,115.95999908447266,116.02999877929688,87.83574676513672
2019-03-01,115.73999786376953,115.87999725341797,115.41999816894531,115.47000122070312,87.68234252929688
2019-03-04,115.80999755859375,115.86000061035156,115.68000030517578,115.7300033569336,87.87977600097656
2019-03-05,115.69000244140625,115.79000091552734,115.56999969482422,115.7699966430664,87.91016387939453
2019-03-06,115.80999755859375,115.95999908447266,115.73999786376953,115.87999725341797,87.99368286132812
2019-03-07,116.0999984741211,116.30000305175781,116.02999877929688,116.26000213623047,88.2822265625
2019-03-08,116.11000061035156,116.43000030517578,115.91000366210938,116.41000366210938,88.3961410522461
2019-03-11,116.38999938964844,116.54000091552734,116.30999755859375,116.54000091552734,88.49483489990234
2019-03-12,116.56999969482422,116.94000244140625,116.55999755859375,116.86000061035156,88.73783874511719
2019-03-13,116.54000091552734,116.70999908447266,116.54000091552734,116.66999816894531,88.59355926513672
2019-03-14,116.62999725341797,116.63999938964844,116.33999633789062,116.44000244140625,88.41893005371094
2019-03-15,116.76000213623047,117.0199966430664,116.69999694824219,116.86000061035156,88.73783874511719
2019-03-18,116.77999877929688,116.88999938964844,116.75,116.80000305175781,88.69226837158203
2019-03-19,116.62999725341797,116.93000030517578,116.62999725341797,116.81999969482422,88.70747375488281
2019-03-20,116.88999938964844,117.66000366210938,116.77999877929688,117.61000061035156,89.307373046875
2019-03-21,117.5199966430664,117.91000366210938,117.5199966430664,117.83000183105469,89.47441864013672
2019-03-22,118.20999908447266,118.63999938964844,118.20999908447266,118.55000305175781,90.02116394042969
2019-03-25,118.56999969482422,119.0,118.37000274658203,118.79000091552734,90.20339965820312
2019-03-26,118.73999786376953,118.93000030517578,118.58999633789062,118.83999633789062,90.24134063720703
2019-03-27,119.0,119.22000122070312,118.91999816894531,119.0,90.36283874511719
2019-03-28,119.02999877929688,119.1500015258789,118.91000366210938,119.1500015258789,90.47671508789062
2019-03-29,118.83000183105469,119.1500015258789,118.79000091552734,119.05999755859375,90.40839385986328
2019-04-01,118.44999694824219,118.62000274658203,118.19999694824219,118.26000213623047,90.07180786132812
2019-04-02,118.27999877929688,118.44999694824219,118.19000244140625,118.41999816894531,90.19364929199219
2019-04-03,118.1500015258789,118.29000091552734,118.11000061035156,118.16999816894531,90.00324249267578
2019-04-04,118.19999694824219,118.36000061035156,118.11000061035156,118.36000061035156,90.14794921875
2019-04-05,118.33999633789062,118.69000244140625,118.26000213623047,118.55000305175781,90.29267120361328
2019-04-08,118.5199966430664,118.56999969482422,118.3499984741211,118.37999725341797,90.16314697265625
2019-04-09,118.69000244140625,118.83000183105469,118.58000183105469,118.62999725341797,90.35359191894531
2019-04-10,118.87000274658203,119.2699966430664,118.86000061035156,119.20999908447266,90.79531860351562
2019-04-11,119.05999755859375,119.20999908447266,119.01000213623047,119.08999633789062,90.70396423339844
2019-04-12,118.98999786376953,119.12000274658203,118.88999938964844,119.0199966430664,90.6506118774414
2019-04-15,119.01000213623047,119.08000183105469,118.83000183105469,118.83000183105469,90.50592041015625
2019-04-16,118.79000091552734,118.79000091552734,118.48999786376953,118.5,90.2545394897461
2019-04-17,118.62000274658203,118.72000122070312,118.47000122070312,118.4800033569336,90.23931884765625
2019-04-18,118.75,118.80000305175781,118.55000305175781,118.58000183105469,90.31546783447266
2019-04-22,118.45999908447266,118.52999877929688,118.33999633789062,118.38999938964844,90.1707992553711
2019-04-23,118.55999755859375,118.87999725341797,118.54000091552734,118.87999725341797,90.54398345947266
2019-04-24,119.16000366210938,119.4000015258789,119.12999725341797,119.27999877929688,90.84864044189453
2019-04-25,119.16999816894531,119.2699966430664,119.02999877929688,119.22000122070312,90.8029556274414
2019-04-26,119.62000274658203,119.70999908447266,119.5,119.63999938964844,91.12286376953125
2019-04-29,119.37999725341797,119.43000030517578,119.11000061035156,119.16999816894531,90.76485443115234
2019-04-30,119.1500015258789,119.3499984741211,119.0999984741211,119.22000122070312,90.8029556274414
2019-05-01,119.0,119.56999969482422,118.83000183105469,118.83000183105469,90.77395629882812
2019-05-02,118.69999694824219,118.73999786376953,118.29000091552734,118.4000015258789,90.44541931152344
2019-05-03,118.6500015258789,118.97000122070312,118.6500015258789,118.93000030517578,90.85030364990234
2019-05-06,119.02999877929688,119.2300033569336,118.87999725341797,119.08999633789062,90.97251892089844
2019-05-07,119.27999877929688,119.29000091552734,119.0,119.08000183105469,90.96488952636719
2019-05-08,119.1500015258789,119.19999694824219,118.63999938964844,118.68000030517578,90.65931701660156
2019-05-09,118.93000030517578,118.94999694824219,118.61000061035156,118.79000091552734,90.74335479736328
2019-05-10,118.75,118.91999816894531,118.70999908447266,118.86000061035156,90.79682159423828
2019-05-13,118.86000061035156,119.12999725341797,118.77999877929688,118.93000030517578,90.85030364990234
2019-05-14,119.0,119.12000274658203,118.91999816894531,119.0999984741211,90.98017883300781
2019-05-15,119.41000366210938,119.44999694824219,119.18000030517578,119.43000030517578,91.23228454589844
2019-05-16,119.33999633789062,119.33999633789062,119.20999908447266,119.23999786376953,91.08712768554688
2019-05-17,119.37999725341797,119.44000244140625,119.2300033569336,119.25,91.09475708007812
2019-05-20,119.22000122070312,119.30999755859375,118.95999908447266,118.97000122070312,90.88086700439453
2019-05-21,119.08999633789062,119.11000061035156,118.93000030517578,119.06999969482422,90.95723724365234
2019-05-22,119.13999938964844,119.30999755859375,119.04000091552734,119.22000122070312,91.07183837890625
2019-05-23,119.2699966430664,119.61000061035156,119.19000244140625,119.4800033569336,91.27044677734375
2019-05-24,119.63999938964844,119.75,119.5199966430664,119.7300033569336,91.4614486694336
2019-05-28,119.93000030517578,120.0,119.7699966430664,119.80999755859375,91.52250671386719
2019-05-29,119.87999725341797,120.02999877929688,119.81999969482422,119.86000061035156,91.56072235107422
2019-05-30,120.0999984741211,120.58999633789062,120.01000213623047,120.55000305175781,92.08783721923828
2019-05-31,120.62000274658203,120.83999633789062,120.38999938964844,120.83000183105469,92.30172729492188
2019-06-03,120.75,120.91000366210938,120.41000366210938,120.83000183105469,92.58599090576172
2019-06-04,120.52999877929688,120.93000030517578,120.52999877929688,120.87000274658203,92.61663055419922
2019-06-05,120.97000122070312,121.18000030517578,120.68000030517578,120.79000091552734,92.55535888671875
2019-06-06,120.95999908447266,121.12000274658203,120.81999969482422,121.0199966430664,92.73155212402344
2019-06-07,121.5,121.8499984741211,121.43000030517578,121.55999755859375,93.14533996582031
2019-06-10,121.33999633789062,121.47000122070312,121.11000061035156,121.12000274658203,92.80818939208984
2019-06-11,121.19999694824219,121.31999969482422,121.02999877929688,121.2300033569336,92.89249420166016
2019-06-12,121.23999786376953,121.43000030517578,121.1500015258789,121.41000366210938,93.0304183959961
2019-06-13,121.44999694824219,121.75,121.44999694824219,121.72000122070312,93.26795959472656
2019-06-14,121.55000305175781,121.81999969482422,121.45999908447266,121.7699966430664,93.3062744140625
2019-06-17,121.69000244140625,121.93000030517578,121.62000274658203,121.83000183105469,93.35225677490234
2019-06-18,122.45999908447266,122.7699966430664,122.33999633789062,122.63999938964844,93.97288513183594
2019-06-19,122.3499984741211,123.44999694824219,122.2300033569336,123.41999816894531,94.57061004638672
2019-06-20,123.9000015258789,124.16000366210938,123.69999694824219,124.08999633789062,95.08399963378906
2019-06-21,123.68000030517578,123.88999938964844,123.4800033569336,123.63999938964844,94.73916625976562
2019-06-24,123.94999694824219,124.16999816894531,123.77999877929688,123.94999694824219,94.97671508789062
2019-06-25,123.94999694824219,123.98999786376953,123.47000122070312,123.58000183105469,94.69316101074219
2019-06-26,123.83999633789062,123.83999633789062,123.27999877929688,123.33000183105469,94.50164031982422
2019-06-27,123.63999938964844,124.13999938964844,123.54000091552734,124.05000305175781,95.05329895019531
2019-06-28,124.11000061035156,124.44000244140625,124.08999633789062,124.37000274658203,95.29853057861328
2019-07-01,124.20999908447266,124.54000091552734,123.94000244140625,124.25,95.4791030883789
2019-07-02,124.31999969482422,124.6500015258789,124.19999694824219,124.58999633789062,95.74037170410156
2019-07-03,124.6500015258789,124.95999908447266,124.58999633789062,124.93000030517578,96.00164794921875
2019-07-05,124.04000091552734,124.1500015258789,123.33999633789062,123.83000183105469,95.15634155273438
2019-07-08,124.0,124.05000305175781,123.66000366210938,123.66000366210938,95.02570343017578
2019-07-09,123.58999633789062,123.62000274658203,123.33999633789062,123.4000015258789,94.8259048461914
2019-07-10,123.55000305175781,123.83999633789062,123.4800033569336,123.68000030517578,95.04108428955078
2019-07-11,123.44999694824219,123.63999938964844,122.8499984741211,122.94999694824219,94.48014831542969
2019-07-12,122.9000015258789,123.13999938964844,122.83999633789062,123.06999969482422,94.57233428955078
2019-07-15,123.19999694824219,123.33999633789062,123.08999633789062,123.27999877929688,94.73369598388672
2019-07-16,122.8499984741211,123.04000091552734,122.70999908447266,123.0199966430664,94.53388977050781
2019-07-17,123.1500015258789,123.68000030517578,123.1500015258789,123.66999816894531,95.03338623046875
2019-07-18,123.61000061035156,124.08999633789062,123.36000061035156,123.95999908447266,95.25627899169922
2019-07-19,123.83000183105469,124.05999755859375,123.6500015258789,123.7699966430664,95.11026000976562
2019-07-22,124.25,124.2699966430664,124.08999633789062,124.1500015258789,95.40225982666016
2019-07-23,124.23999786376953,124.23999786376953,123.97000122070312,124.22000122070312,95.45606994628906
2019-07-24,124.38999938964844,124.58000183105469,124.22000122070312,124.56999969482422,95.72502136230469
2019-07-25,124.41000366210938,124.48999786376953,123.87000274658203,124.16999816894531,95.41763305664062
2019-07-26,124.43000030517578,124.48999786376953,124.16999816894531,124.33999633789062,95.54827117919922
2019-07-29,124.48999786376953,124.51000213623047,124.25,124.26000213623047,95.48680114746094
2019-07-30,124.22000122070312,124.30999755859375,123.91999816894531,124.22000122070312,95.45606994628906
2019-07-31,124.3499984741211,124.7300033569336,123.80999755859375,124.33000183105469,95.54058837890625
2019-08-01,124.30999755859375,125.30999755859375,124.22000122070312,124.98999786376953,96.31732177734375
2019-08-02,124.94999694824219,125.1500015258789,124.83999633789062,125.12000274658203,96.41751098632812
2019-08-05,125.51000213623047,125.51000213623047,125.12999725341797,125.20999908447266,96.48688507080078
2019-08-06,125.58000183105469,126.04000091552734,125.33000183105469,125.98999786376953,97.08792877197266
2019-08-07,126.47000122070312,126.66000366210938,125.86000061035156,125.97000122070312,97.07254791259766
2019-08-08,125.77999877929688,126.36000061035156,125.52999877929688,126.30999755859375,97.33454132080078
2019-08-09,126.30999755859375,126.3499984741211,125.88999938964844,125.94000244140625,97.0494155883789
2019-08-12,126.30000305175781,126.83000183105469,126.26000213623047,126.7300033569336,97.6581802368164
2019-08-13,126.81999969482422,126.94999694824219,126.44999694824219,126.62999725341797,97.58114624023438
2019-08-14,127.0999984741211,127.19999694824219,126.83000183105469,127.0,97.86627197265625
2019-08-15,127.1500015258789,128.0,127.05000305175781,127.62000274658203,98.34402465820312
2019-08-16,127.31999969482422,127.9000015258789,127.06999969482422,127.8499984741211,98.52124786376953
2019-08-19,127.16999816894531,127.62000274658203,127.0,127.43000030517578,98.19761657714844
2019-08-20,127.8499984741211,128.22000122070312,127.72000122070312,128.1699981689453,98.76788330078125
2019-08-21,127.87000274658203,128.72999572753906,127.87000274658203,128.39999389648438,98.94509887695312
2019-08-22,128.25,128.5,127.87999725341797,127.93000030517578,98.58287048339844
2019-08-23,127.79000091552734,128.7100067138672,127.7699966430664,128.39999389648438,98.94509887695312
2019-08-26,128.47999572753906,128.72000122070312,128.2100067138672,128.41000366210938,98.95278930664062
2019-08-27,128.75,129.1999969482422,128.75,129.10000610351562,99.4844970703125
2019-08-28,129.39999389648438,129.4600067138672,129.00999450683594,129.10000610351562,99.4844970703125
2019-08-29,129.05999755859375,129.10000610351562,128.35000610351562,128.82000732421875,99.26876068115234
2019-08-30,128.6699981689453,128.83999633789062,128.4199981689453,128.8000030517578,99.25332641601562
2019-09-03,128.3699951171875,128.72000122070312,127.94000244140625,128.3300018310547,99.15985870361328
2019-09-04,128.07000732421875,128.7100067138672,128.07000732421875,128.57000732421875,99.34526824951172
2019-09-05,127.94999694824219,128.24000549316406,127.41999816894531,127.62999725341797,98.61894226074219
2019-09-06,127.83999633789062,128.19000244140625,127.77999877929688,128.08999633789062,98.97439575195312
2019-09-09,127.47000122070312,127.55999755859375,127.1500015258789,127.1500015258789,98.2480697631836
2019-09-10,126.97000122070312,126.98999786376953,126.06999969482422,126.08000183105469,97.42127227783203
2019-09-11,126.0,126.31999969482422,125.91000366210938,125.9800033569336,97.34400177001953
2019-09-12,126.66000366210938,126.76000213623047,125.7300033569336,125.80999755859375,97.212646484375
2019-09-13,125.36000061035156,125.58999633789062,124.68000030517578,124.68000030517578,96.33951568603516
2019-09-16,125.12999725341797,125.43000030517578,124.93000030517578,125.30999755859375,96.8262939453125
2019-09-17,125.26000213623047,125.80999755859375,125.16000366210938,125.62999725341797,97.07353973388672
2019-09-18,126.06999969482422,126.45999908447266,125.52999877929688,125.94000244140625,97.31307983398438
2019-09-19,126.41000366210938,126.61000061035156,126.20999908447266,126.30000305175781,97.59127044677734
2019-09-20,126.69000244140625,127.2300033569336,126.55999755859375,127.16999816894531,98.26350402832031
2019-09-23,127.38999938964844,127.58000183105469,127.05000305175781,127.08000183105469,98.19396209716797
2019-09-24,127.41000366210938,127.6500015258789,127.29000091552734,127.4800033569336,98.50301361083984
2019-09-25,127.27999877929688,127.36000061035156,126.62999725341797,126.76000213623047,97.94670867919922
2019-09-26,127.19000244140625,127.2699966430664,127.0,127.02999877929688,98.15532684326172
2019-09-27,127.1500015258789,127.22000122070312,126.93000030517578,127.05999755859375,98.1784896850586
2019-09-30,126.95999908447266,127.51000213623047,126.86000061035156,127.4800033569336,98.50301361083984
2019-10-01,126.55999755859375,127.66000366210938,126.55999755859375,127.29000091552734,98.61614227294922
2019-10-02,127.25,127.3499984741211,126.97000122070312,127.23999786376953,98.57740783691406
2019-10-03,127.43000030517578,127.91999816894531,127.43000030517578,127.73999786376953,98.96477508544922
2019-10-04,128.02999877929688,128.27000427246094,127.94999694824219,128.27000427246094,99.37541198730469
2019-10-07,127.91000366210938,128.0,127.61000061035156,127.62000274658203,98.871826171875
2019-10-08,127.91000366210938,127.98999786376953,127.4800033569336,127.51000213623047,98.78661346435547
2019-10-09,127.77999877929688,127.77999877929688,127.27999877929688,127.55999755859375,98.82530975341797
2019-10-10,127.13999938964844,127.19999694824219,126.66000366210938,126.80999755859375,98.2442626953125
2019-10-11,126.48999786376953,126.7699966430664,126.05000305175781,126.58000183105469,98.06609344482422
2019-10-14,126.9000015258789,127.05000305175781,126.69999694824219,127.0,98.3915023803711
2019-10-15,127.05000305175781,127.05000305175781,126.56999969482422,126.66000366210938,98.12806701660156
2019-10-16,126.73999786376953,126.91000366210938,126.51000213623047,126.80000305175781,98.23651885986328
2019-10-17,126.81999969482422,127.19000244140625,126.70999908447266,126.9800033569336,98.37598419189453
2019-10-18,127.13999938964844,127.33999633789062,127.05000305175781,127.13999938964844,98.49995422363281
2019-10-21,126.9000015258789,127.0,126.80000305175781,126.8499984741211,98.27528381347656
2019-10-22,127.23999786376953,127.26000213623047,126.87999725341797,127.06999969482422,98.44573211669922
2019-10-23,127.30999755859375,127.37000274658203,127.08999633789062,127.13999938964844,98.49995422363281
2019-10-24,127.2699966430664,127.55999755859375,127.2699966430664,127.41999816894531,98.71686553955078
2019-10-25,127.4800033569336,127.4800033569336,127.02999877929688,127.19999694824219,98.54644775390625
2019-10-28,126.80000305175781,126.94000244140625,126.72000122070312,126.81999969482422,98.25202178955078
2019-10-29,126.7699966430664,126.87999725341797,126.4800033569336,126.48999786376953,97.99640655517578
2019-10-30,126.45999908447266,127.01000213623047,126.43000030517578,126.94000244140625,98.34500122070312
2019-10-31,127.41000366210938,127.79000091552734,127.26000213623047,127.70999908447266,98.94158935546875
2019-11-01,127.37999725341797,127.83000183105469,127.30000305175781,127.48999786376953,99.03865814208984
2019-11-04,127.1500015258789,127.18000030517578,126.8499984741211,126.88999938964844,98.5725326538086
2019-11-05,126.33999633789062,126.55999755859375,126.0199966430664,126.16000366210938,98.00546264648438
2019-11-06,126.51000213623047,126.9000015258789,126.5,126.87000274658203,98.5570297241211
2019-11-07,126.31999969482422,126.44000244140625,125.73999786376953,125.87999725341797,97.7879409790039
2019-11-08,125.86000061035156,126.16999816894531,125.70999908447266,125.70999908447266,97.65586853027344
2019-11-11,125.95999908447266,125.98999786376953,125.66000366210938,125.75,97.68697357177734
2019-11-12,125.86000061035156,125.97000122070312,125.61000061035156,125.87000274658203,97.78015899658203
2019-11-13,126.2300033569336,126.33999633789062,126.11000061035156,126.16999816894531,98.01321411132812
2019-11-14,126.63999938964844,126.91000366210938,126.63999938964844,126.83000183105469,98.52593231201172
2019-11-15,126.73999786376953,126.98999786376953,126.5999984741211,126.8499984741211,98.54145050048828
2019-11-18,127.04000091552734,127.16999816894531,126.91000366210938,126.98999786376953,98.65023040771484
2019-11-19,127.08000183105469,127.27999877929688,127.04000091552734,127.23999786376953,98.84447479248047
2019-11-20,127.41000366210938,127.55000305175781,127.30999755859375,127.41999816894531,98.98426055908203
2019-11-21,127.16999816894531,127.30000305175781,127.01000213623047,127.12000274658203,98.75125885009766
2019-11-22,127.41999816894531,127.51000213623047,127.2300033569336,127.47000122070312,99.02310943603516
2019-11-25,127.63999938964844,127.9800033569336,127.62999725341797,127.91000366210938,99.36491394042969
2019-11-26,128.0500030517578,128.3300018310547,128.02999877929688,128.24000549316406,99.62129974365234
2019-11-27,127.98999786376953,128.27999877929688,127.9800033569336,128.22999572753906,99.61348724365234
2019-11-29,128.17999267578125,128.25999450683594,127.83999633789062,127.97000122070312,99.41152954101562
2019-12-02,127.06999969482422,127.1500015258789,126.80000305175781,127.06999969482422,98.98003387451172
2019-12-03,127.63999938964844,128.1699981689453,127.51000213623047,128.0500030517578,99.74334716796875
2019-12-04,127.8499984741211,128.02000427246094,127.45999908447266,127.87999725341797,99.61093139648438
2019-12-05,127.68000030517578,127.8499984741211,127.47000122070312,127.73999786376953,99.50186920166016
2019-12-06,127.37000274658203,127.86000061035156,127.30000305175781,127.66999816894531,99.4473648071289
2019-12-09,127.9800033569336,127.98999786376953,127.62000274658203,127.6500015258789,99.43180084228516
2019-12-10,127.81999969482422,127.93000030517578,127.52999877929688,127.6500015258789,99.43180084228516
2019-12-11,127.87999725341797,128.2899932861328,127.83000183105469,128.14999389648438,99.82125854492188
2019-12-12,128.08999633789062,128.1300048828125,127.16999816894531,127.55999755859375,99.3616714477539
2019-12-13,128.0399932861328,128.4600067138672,127.69999694824219,128.38999938964844,100.00821685791016
2019-12-16,128.24000549316406,128.30999755859375,127.97000122070312,128.10000610351562,99.78231048583984
2019-12-17,128.22000122070312,128.35000610351562,127.97000122070312,128.0,99.70443725585938
2019-12-18,128.00999450683594,128.11000061035156,127.80999755859375,127.91000366210938,99.63426971435547
2019-12-19,127.56999969482422,127.83999633789062,127.5,127.69999694824219,99.7326889038086
2019-12-20,127.62999725341797,127.7300033569336,127.4800033569336,127.66000366210938,99.70148468017578
2019-12-23,127.80000305175781,127.86000061035156,127.47000122070312,127.72000122070312,99.74832916259766
2019-12-24,127.55999755859375,127.95999908447266,127.5,127.8499984741211,99.84986877441406
2019-12-26,128.0399932861328,128.10000610351562,127.80000305175781,128.0800018310547,100.02948760986328
2019-12-27,128.35000610351562,128.39999389648438,128.25999450683594,128.25999450683594,100.17011260986328
2019-12-30,127.9000015258789,128.5,127.77999877929688,128.49000549316406,100.34971618652344
2019-12-31,128.00999450683594,128.25,127.88999938964844,127.95999908447266,99.93579864501953
2020-01-02,128.33999633789062,128.57000732421875,128.05999755859375,128.22999572753906,100.14661407470703
2020-01-03,128.39999389648438,128.7100067138672,128.27000427246094,128.6699981689453,100.49027252197266
2020-01-06,128.69000244140625,128.86000061035156,128.13999938964844,128.24000549316406,100.15448760986328
2020-01-07,128.1699981689453,128.17999267578125,127.83999633789062,127.91000366210938,99.89669036865234
2020-01-08,128.00999450683594,128.32000732421875,127.66999816894531,127.7300033569336,99.75614929199219
2020-01-09,127.69999694824219,128.38999938964844,127.66000366210938,128.33999633789062,100.23258209228516
2020-01-10,128.47000122070312,128.85000610351562,128.41000366210938,128.6999969482422,100.51370239257812
2020-01-13,128.52000427246094,128.5500030517578,128.3300018310547,128.38999938964844,100.27162170410156
2020-01-14,128.36000061035156,128.57000732421875,128.32000732421875,128.5500030517578,100.39655303955078
2020-01-15,128.8000030517578,128.8699951171875,128.63999938964844,128.8300018310547,100.61524200439453
2020-01-16,128.89999389648438,129.11000061035156,128.75,129.00999450683594,100.75582885742188
2020-01-17,128.92999267578125,129.08999633789062,128.60000610351562,128.99000549316406,100.74020385742188
2020-01-21,129.36000061035156,129.6699981689453,129.07000732421875,129.61000061035156,101.22438049316406
2020-01-22,129.83999633789062,129.8800048828125,129.6699981689453,129.67999267578125,101.2790756225586
2020-01-23,129.91000366210938,130.0,129.74000549316406,129.85000610351562,101.4118881225586
2020-01-24,130.1300048828125,130.22000122070312,129.9600067138672,130.07000732421875,101.58368682861328
2020-01-27,130.19000244140625,130.4499969482422,130.13999938964844,130.32000732421875,101.7789077758789
2020-01-28,130.4499969482422,130.55999755859375,130.1199951171875,130.25,101.7242660522461
2020-01-29,130.60000610351562,130.8800048828125,130.58999633789062,130.6699981689453,102.05227661132812
2020-01-30,130.72000122070312,130.9499969482422,130.47000122070312,130.75,102.11474609375
2020-01-31,130.9600067138672,131.16000366210938,130.77000427246094,131.08999633789062,102.38027954101562
2020-02-03,130.5800018310547,130.80999755859375,130.4199981689453,130.64999389648438,102.29962921142578
2020-02-04,130.4199981689453,130.5,130.1300048828125,130.3300018310547,102.04906463623047
2020-02-05,130.1699981689453,130.30999755859375,130.08999633789062,130.25,101.98643493652344
2020-02-06,130.2899932861328,130.44000244140625,130.17999267578125,130.19000244140625,101.93943786621094
2020-02-07,130.72000122070312,130.88999938964844,130.5800018310547,130.69000244140625,102.33097076416016
2020-02-10,130.89999389648438,131.05999755859375,130.8000030517578,131.0,102.57365417480469
2020-02-11,130.88999938964844,131.07000732421875,130.7899932861328,130.80999755859375,102.42491149902344
2020-02-12,130.6999969482422,130.80999755859375,130.60000610351562,130.75,102.37793731689453
2020-02-13,130.75,130.91000366210938,130.63999938964844,130.66000366210938,102.30746459960938
2020-02-14,131.05999755859375,131.13999938964844,130.85000610351562,130.97999572753906,102.55802917480469
2020-02-18,131.1300048828125,131.35000610351562,131.02999877929688,131.22999572753906,102.7537612915039
2020-02-19,131.1199951171875,131.2899932861328,131.00999450683594,131.0500030517578,102.61283111572266
2020-02-20,131.16000366210938,131.49000549316406,131.13999938964844,131.49000549316406,102.95735931396484
2020-02-21,131.77999877929688,132.0500030517578,131.6699981689453,131.75,103.16091918945312
2020-02-24,132.02000427246094,132.16000366210938,131.75999450683594,131.77000427246094,103.17658996582031
2020-02-25,131.89999389648438,132.1999969482422,131.75,131.89999389648438,103.27838897705078
2020-02-26,131.5,132.0399932861328,131.39999389648438,131.41000366210938,102.89473724365234
2020-02-27,131.6300048828125,131.89999389648438,130.69000244140625,130.7100067138672,102.34663391113281
2020-02-28,131.00999450683594,132.2899932861328,130.75999450683594,132.17999267578125,103.49761199951172
2020-03-02,131.8699951171875,132.50999450683594,131.60000610351562,131.6999969482422,103.39479064941406
2020-03-03,131.8300018310547,133.99000549316406,131.75,133.1999969482422,104.5723876953125
2020-03-04,133.61000061035156,134.05999755859375,133.25,133.38999938964844,104.72154235839844
2020-03-05,133.72000122070312,133.8699951171875,133.05999755859375,133.33999633789062,104.68228912353516
2020-03-06,134.1999969482422,134.52999877929688,133.49000549316406,134.27000427246094,105.41242980957031
2020-03-09,131.2899932861328,133.22000122070312,130.35000610351562,131.00999450683594,102.85306549072266
2020-03-10,130.91000366210938,131.36000061035156,128.05999755859375,128.05999755859375,100.53711700439453
2020-03-11,128.0800018310547,128.27000427246094,123.19999694824219,123.8499984741211,97.2319107055664
2020-03-12,121.43000030517578,125.80000305175781,115.72000122070312,117.94000244140625,92.59211730957031
2020-03-13,121.48999786376953,124.0,119.23999786376953,123.05000305175781,96.6038818359375
2020-03-16,116.31999969482422,122.05000305175781,115.20999908447266,121.30000305175781,95.22996520996094
2020-03-17,119.44999694824219,121.05000305175781,115.38999938964844,116.33000183105469,91.32816314697266
2020-03-18,112.72000122070312,114.70999908447266,108.31999969482422,110.51000213623047,86.75898742675781
2020-03-19,109.08000183105469,110.0,104.94999694824219,105.05000305175781,82.4724349975586
2020-03-20,108.87000274658203,110.63999938964844,105.80000305175781,106.73999786376953,83.79922485351562
2020-03-23,111.06999969482422,115.13999938964844,110.83000183105469,114.62999725341797,89.99349975585938
2020-03-24,115.54000091552734,118.72000122070312,114.8499984741211,116.9800033569336,91.83842468261719
2020-03-25,117.88999938964844,123.5999984741211,117.19000244140625,122.58000183105469,96.23489379882812
2020-03-26,122.5,123.33000183105469,121.25,122.68000030517578,96.31340789794922
2020-03-27,121.58000183105469,122.62000274658203,120.55999755859375,122.43000030517578,96.11711120605469
2020-03-30,122.83999633789062,125.0,122.83999633789062,123.91999816894531,97.2868881225586
2020-03-31,124.08999633789062,124.91000366210938,122.98999786376953,123.51000213623047,96.96499633789062
2020-04-01,122.55000305175781,122.5999984741211,121.31999969482422,121.41000366210938,95.55614471435547
2020-04-02,121.66000366210938,123.5,121.51000213623047,121.7300033569336,95.80801391601562
2020-04-03,122.0199966430664,122.23999786376953,120.68000030517578,121.0999984741211,95.31220245361328
2020-04-06,122.62999725341797,123.5,122.2300033569336,123.48999786376953,97.19324493408203
2020-04-07,124.30000305175781,124.4800033569336,123.47000122070312,123.68000030517578,97.3427963256836
2020-04-08,124.33000183105469,126.01000213623047,123.87999725341797,125.91000366210938,99.09789276123047
2020-04-09,129.41000366210938,132.0,129.10000610351562,131.8300018310547,103.75732421875
2020-04-13,131.19000244140625,131.4600067138672,129.80999755859375,130.5500030517578,102.7498550415039
2020-04-14,131.39999389648438,131.5,129.83999633789062,129.91000366210938,102.24614715576172
2020-04-15,129.39999389648438,130.8800048828125,129.39999389648438,130.77999877929688,102.93087005615234
2020-04-16,130.6199951171875,131.07000732421875,130.0399932861328,130.1300048828125,102.41928100585938
2020-04-17,131.3300018310547,131.47000122070312,129.94000244140625,130.55999755859375,102.75770568847656
2020-04-20,130.02999877929688,130.1300048828125,129.22999572753906,129.82000732421875,102.17527770996094
2020-04-21,129.6999969482422,130.1300048828125,128.69000244140625,129.36000061035156,101.81324768066406
2020-04-22,129.36000061035156,129.60000610351562,128.91000366210938,129.44000244140625,101.87619018554688
2020-04-23,129.9199981689453,130.24000549316406,129.6999969482422,129.99000549316406,102.30911254882812
2020-04-24,129.77999877929688,130.1999969482422,129.2100067138672,129.89999389648438,102.23822784423828
2020-04-27,129.97999572753906,130.10000610351562,128.82000732421875,128.85000610351562,101.41185760498047
2020-04-28,129.39999389648438,129.55999755859375,129.07000732421875,129.1999969482422,101.68731689453125
2020-04-29,129.83999633789062,130.22999572753906,129.6999969482422,130.0500030517578,102.35628509521484
2020-04-30,129.72999572753906,130.14999389648438,129.11000061035156,129.1699981689453,101.66370391845703
2020-05-01,128.6999969482422,128.94000244140625,127.83000183105469,128.33999633789062,101.2613296508789
2020-05-04,128.52999877929688,128.9499969482422,128.36000061035156,128.5399932861328,101.41915130615234
2020-05-05,128.38999938964844,128.72000122070312,128.16000366210938,128.3699951171875,101.28497314453125
2020-05-06,127.88999938964844,127.94999694824219,126.70999908447266,126.93000030517578,100.14881134033203
2020-05-07,127.29000091552734,127.5,126.88999938964844,127.2699966430664,100.41707611083984
2020-05-08,126.81999969482422,127.08000183105469,126.37000274658203,126.66000366210938,99.93578338623047
2020-05-11,126.37999725341797,126.52999877929688,125.5199966430664,125.55000305175781,99.05997467041016
2020-05-12,127.16999816894531,127.19999694824219,126.19000244140625,126.76000213623047,100.01467895507812
2020-05-13,127.29000091552734,127.55999755859375,126.94000244140625,127.05000305175781,100.24346923828125
2020-05-14,127.5,128.1199951171875,127.0,128.10000610351562,101.07195281982422
2020-05-15,128.10000610351562,128.61000061035156,127.97000122070312,128.5500030517578,101.42699432373047
2020-05-18,128.86000061035156,130.0,128.86000061035156,129.27999877929688,102.00293731689453
2020-05-19,129.3300018310547,129.66000366210938,128.89999389648438,129.3800048828125,102.0819091796875
2020-05-20,129.75999450683594,130.86000061035156,129.64999389648438,130.8000030517578,103.20226287841797
2020-05-21,130.99000549316406,131.0,130.5500030517578,130.6999969482422,103.12339782714844
2020-05-22,130.72000122070312,130.97999572753906,130.52000427246094,130.6999969482422,103.12339782714844
2020-05-26,130.9199981689453,131.14999389648438,130.47000122070312,130.52000427246094,102.98135375976562
2020-05-27,130.92999267578125,131.11000061035156,130.6999969482422,131.05999755859375,103.40740203857422
2020-05-28,130.92999267578125,131.3800048828125,130.60000610351562,131.1699981689453,103.49418640136719
2020-05-29,131.36000061035156,132.0399932861328,131.16000366210938,132.02000427246094,104.16484069824219
2020-06-01,131.39999389648438,131.64999389648438,131.25,131.63999938964844,104.1189956665039
2020-06-02,131.82000732421875,132.30999755859375,131.72999572753906,132.05999755859375,104.451171875
2020-06-03,132.07000732421875,132.27999877929688,131.60000610351562,131.97999572753906,104.38793182373047
2020-06-04,132.13999938964844,132.3000030517578,131.5,131.5800018310547,104.07156372070312
2020-06-05,132.08999633789062,132.4499969482422,131.5,132.25999450683594,104.60934448242188
2020-06-08,132.49000549316406,132.9199981689453,132.30999755859375,132.6999969482422,104.95735931396484
2020-06-09,132.77000427246094,132.85000610351562,132.35000610351562,132.4199981689453,104.73590087890625
2020-06-10,132.66000366210938,133.50999450683594,132.10000610351562,133.2899932861328,105.42403411865234
2020-06-11,132.58999633789062,132.80999755859375,131.1300048828125,131.6999969482422,104.16645812988281
2020-06-12,132.72999572753906,132.97000122070312,131.7899932861328,132.33999633789062,104.6726303100586
2020-06-15,131.88999938964844,134.8300018310547,131.82000732421875,134.22000122070312,106.15961456298828
2020-06-16,134.88999938964844,134.89999389648438,133.47999572753906,133.85000610351562,105.86695098876953
2020-06-17,134.0,134.11000061035156,132.80999755859375,133.58999633789062,105.6612548828125
2020-06-18,133.6199951171875,133.9199981689453,133.36000061035156,133.88999938964844,105.89859771728516
2020-06-19,133.9600067138672,134.1999969482422,133.6300048828125,133.99000549316406,105.97764587402344
2020-06-22,133.99000549316406,134.30999755859375,133.60000610351562,133.86000061035156,105.87488555908203
2020-06-23,133.6999969482422,134.07000732421875,133.55999755859375,133.61000061035156,105.67713928222656
2020-06-24,133.33999633789062,133.39999389648438,132.6999969482422,133.24000549316406,105.38447570800781
2020-06-25,133.3699951171875,133.49000549316406,133.0800018310547,133.3800048828125,105.49523162841797
2020-06-26,133.39999389648438,133.60000610351562,133.14999389648438,133.5,105.59014129638672
2020-06-29,133.50999450683594,134.1199951171875,133.17999267578125,134.1199951171875,106.08049011230469
2020-06-30,134.30999755859375,134.52999877929688,133.82000732421875,134.5,106.38105773925781
2020-07-01,134.14999389648438,134.94000244140625,133.8800048828125,134.72000122070312,106.80123901367188
2020-07-02,134.9600067138672,135.11000061035156,134.7899932861328,135.0500030517578,107.06282806396484
2020-07-06,135.16000366210938,135.50999450683594,134.9600067138672,135.39999389648438,107.3403091430664
2020-07-07,135.39999389648438,135.67999267578125,135.22999572753906,135.5800018310547,107.48304748535156
2020-07-08,135.6699981689453,135.7100067138672,135.22999572753906,135.36000061035156,107.30860137939453
2020-07-09,135.63999938964844,136.25,135.4199981689453,136.1199951171875,107.91110229492188
2020-07-10,136.30999755859375,136.4199981689453,135.67999267578125,135.8699951171875,107.71289825439453
2020-07-13,135.88999938964844,136.0800018310547,135.42999267578125,135.50999450683594,107.42752075195312
2020-07-14,135.85000610351562,136.44000244140625,135.8000030517578,136.3000030517578,108.05380249023438
2020-07-15,136.47999572753906,136.5800018310547,136.24000549316406,136.57000732421875,108.26789093017578
2020-07-16,136.72000122070312,137.02999877929688,136.60000610351562,136.9499969482422,108.56908416748047
2020-07-17,137.32000732421875,137.41000366210938,136.94000244140625,137.32000732421875,108.8624267578125
2020-07-20,137.6199951171875,137.6999969482422,137.39999389648438,137.6999969482422,109.16364288330078
2020-07-21,137.9199981689453,138.10000610351562,137.77999877929688,137.8800048828125,109.30635833740234
2020-07-22,138.27999877929688,138.33999633789062,138.10000610351562,138.3300018310547,109.6631088256836
2020-07-23,138.47000122070312,138.52000427246094,138.1699981689453,138.42999267578125,109.74239349365234
2020-07-24,138.1699981689453,138.38999938964844,137.9499969482422,138.1199951171875,109.4966049194336
2020-07-27,138.19000244140625,138.2899932861328,137.61000061035156,137.6999969482422,109.16364288330078
2020-07-28,137.9199981689453,137.99000549316406,137.50999450683594,137.55999755859375,109.05269622802734
2020-07-29,137.69000244140625,138.30999755859375,137.57000732421875,138.30999755859375,109.64727020263672
2020-07-30,138.22999572753906,138.30999755859375,137.9600067138672,138.16000366210938,109.5283203125
2020-07-31,138.13999938964844,138.4600067138672,137.92999267578125,138.35000610351562,109.67900085449219
2020-08-03,137.9499969482422,138.33999633789062,137.80999755859375,138.24000549316406,109.8259506225586
2020-08-04,138.49000549316406,138.75,138.41000366210938,138.75,110.23110961914062
2020-08-05,138.5399932861328,138.8000030517578,138.42999267578125,138.55999755859375,110.0801773071289
2020-08-06,138.99000549316406,139.25999450683594,138.92999267578125,139.14999389648438,110.54891967773438
2020-08-07,139.2899932861328,139.3800048828125,138.72000122070312,138.75999450683594,110.23908233642578
2020-08-10,138.97999572753906,138.99000549316406,138.41000366210938,138.4600067138672,110.0007095336914
2020-08-11,138.0,138.08999633789062,137.49000549316406,137.58999633789062,109.30951690673828
2020-08-12,137.5,137.72999572753906,137.10000610351562,137.25,109.03948974609375
2020-08-13,137.14999389648438,137.22999572753906,135.75,136.00999450683594,108.05431365966797
2020-08-14,135.85000610351562,136.1199951171875,135.27999877929688,135.41000366210938,107.57759094238281
2020-08-17,135.75,135.9199981689453,135.57000732421875,135.69000244140625,107.80009460449219
2020-08-18,135.86000061035156,136.24000549316406,135.74000549316406,136.0800018310547,108.10987091064453
2020-08-19,136.27999877929688,136.35000610351562,135.60000610351562,135.72000122070312,107.82389068603516
2020-08-20,136.24000549316406,136.35000610351562,136.02000427246094,136.1999969482422,108.20523071289062
2020-08-21,136.27999877929688,136.49000549316406,135.97999572753906,136.4499969482422,108.40386199951172
2020-08-24,136.4600067138672,136.6699981689453,136.1199951171875,136.2100067138672,108.21321105957031
2020-08-25,135.7100067138672,136.0,135.22999572753906,135.6199951171875,107.74445343017578
2020-08-26,135.39999389648438,135.67999267578125,135.1300048828125,135.6699981689453,107.78414916992188
2020-08-27,135.86000061035156,135.88999938964844,134.55999755859375,134.58999633789062,106.9261703491211
2020-08-28,134.8300018310547,135.07000732421875,134.6199951171875,135.0,107.25188446044922
2020-08-31,135.1199951171875,135.7899932861328,135.05999755859375,135.60000610351562,107.72857666015625
2020-09-01,135.25,136.1999969482422,135.10000610351562,136.16000366210938,108.40931701660156
2020-09-02,136.0500030517578,136.80999755859375,136.0,136.6999969482422,108.8392562866211
2020-09-03,136.8699951171875,136.89999389648438,136.3300018310547,136.39999389648438,108.60037994384766
2020-09-04,136.00999450683594,136.1199951171875,134.8699951171875,134.9499969482422,107.44593048095703
2020-09-08,135.13999938964844,135.42999267578125,134.99000549316406,135.0800018310547,107.54940795898438
2020-09-09,135.11000061035156,135.69000244140625,135.00999450683594,135.1699981689453,107.6210708618164
2020-09-10,135.0500030517578,135.4199981689453,134.8800048828125,135.27000427246094,107.7007064819336
2020-09-11,135.3300018310547,135.60000610351562,135.17999267578125,135.3699951171875,107.78034973144531
2020-09-14,135.60000610351562,135.97999572753906,135.5800018310547,135.7100067138672,108.05104064941406
2020-09-15,135.74000549316406,135.99000549316406,135.72999572753906,135.86000061035156,108.1704330444336
2020-09-16,136.1699981689453,136.27000427246094,135.75999450683594,135.9499969482422,108.24213409423828
2020-09-17,136.27000427246094,136.3000030517578,135.7899932861328,135.97999572753906,108.26597595214844
2020-09-18,136.05999755859375,136.1199951171875,135.69000244140625,135.72999572753906,108.06697082519531
2020-09-21,135.97000122070312,135.97000122070312,135.47000122070312,135.60000610351562,107.96346282958984
2020-09-22,135.7100067138672,135.8000030517578,135.52000427246094,135.67999267578125,108.02715301513672
2020-09-23,135.66000366210938,135.72999572753906,134.6199951171875,134.6999969482422,107.24689483642578
2020-09-24,134.67999267578125,134.80999755859375,134.22999572753906,134.36000061035156,106.97612762451172
2020-09-25,134.27999877929688,134.4499969482422,134.0399932861328,134.22000122070312,106.86473083496094
2020-09-28,134.52000427246094,134.9199981689453,134.38999938964844,134.89999389648438,107.40611267089844
2020-09-29,135.05999755859375,135.17999267578125,134.7100067138672,134.72999572753906,107.27079772949219
2020-09-30,134.64999389648438,134.7899932861328,134.4199981689453,134.7100067138672,107.25484466552734
2020-10-01,134.25999450683594,134.92999267578125,134.2100067138672,134.7899932861328,107.5532455444336
2020-10-02,134.66000366210938,134.88999938964844,134.39999389648438,134.80999755859375,107.56925201416016
2020-10-05,134.49000549316406,134.75999450683594,134.32000732421875,134.36000061035156,107.21011352539062
2020-10-06,134.4499969482422,134.9499969482422,133.9499969482422,134.25,107.12238311767578
2020-10-07,134.25999450683594,134.74000549316406,134.11000061035156,134.2899932861328,107.15431213378906
2020-10-08,134.66000366210938,134.85000610351562,134.50999450683594,134.6199951171875,107.41761779785156
2020-10-09,134.52000427246094,134.97999572753906,134.4499969482422,134.92999267578125,107.6649398803711
2020-10-12,135.11000061035156,135.75,135.10000610351562,135.7100067138672,108.28736877441406
2020-10-13,135.6699981689453,135.7899932861328,135.38999938964844,135.5800018310547,108.18366241455078
2020-10-14,135.7899932861328,135.89999389648438,135.5,135.7100067138672,108.28736877441406
2020-10-15,135.6999969482422,135.75999450683594,135.49000549316406,135.57000732421875,108.17566680908203
2020-10-16,135.50999450683594,135.8699951171875,135.32000732421875,135.33999633789062,107.99214172363281
2020-10-19,135.25,135.32000732421875,135.00999450683594,135.0800018310547,107.7846450805664
2020-10-20,134.97999572753906,135.00999450683594,134.77000427246094,134.8000030517578,107.56122589111328
2020-10-21,134.58999633789062,134.8800048828125,134.5399932861328,134.5800018310547,107.38571166992188
2020-10-22,134.5,134.5399932861328,134.16000366210938,134.27999877929688,107.1463623046875
2020-10-23,134.30999755859375,134.72999572753906,134.2899932861328,134.6199951171875,107.41761779785156
2020-10-26,134.77999877929688,135.00999450683594,134.72000122070312,134.89999389648438,107.64104461669922
2020-10-27,135.07000732421875,135.4600067138672,135.00999450683594,135.4499969482422,108.07991027832031
2020-10-28,135.41000366210938,135.47999572753906,134.74000549316406,134.77999877929688,107.54529571533203
2020-10-29,134.8000030517578,134.8000030517578,134.0800018310547,134.42999267578125,107.2660140991211
2020-10-30,134.27000427246094,134.5399932861328,133.72000122070312,133.72999572753906,106.70746612548828
2020-11-02,133.9600067138672,134.25,133.8800048828125,133.97000122070312,107.12570190429688
2020-11-03,133.91000366210938,134.13999938964844,133.77999877929688,134.10000610351562,107.22962188720703
2020-11-04,135.61000061035156,136.22999572753906,135.55999755859375,136.11000061035156,108.83686828613281
2020-11-05,136.5399932861328,136.82000732421875,136.35000610351562,136.6199951171875,109.24469757080078
2020-11-06,136.27000427246094,136.3300018310547,135.94000244140625,136.19000244140625,108.9008560180664
2020-11-09,136.19000244140625,136.3000030517578,135.13999938964844,135.16000366210938,108.07722473144531
2020-11-10,134.82000732421875,135.3699951171875,134.77000427246094,134.80999755859375,107.79737091064453
2020-11-11,135.0,135.08999633789062,134.7100067138672,135.05999755859375,107.9972915649414
2020-11-12,135.17999267578125,135.60000610351562,135.07000732421875,135.60000610351562,108.42906951904297
2020-11-13,135.77000427246094,135.94000244140625,135.6199951171875,135.75999450683594,108.55697631835938
2020-11-16,135.8000030517578,136.25,135.72999572753906,136.1999969482422,108.90882110595703
2020-11-17,136.38999938964844,136.75999450683594,136.25999450683594,136.63999938964844,109.26066589355469
2020-11-18,136.83999633789062,137.0800018310547,136.77999877929688,136.92999267578125,109.49251556396484
2020-11-19,137.1999969482422,137.85000610351562,137.11000061035156,137.69000244140625,110.10027313232422
2020-11-20,137.39999389648438,137.75,137.1699981689453,137.57000732421875,110.00428771972656
2020-11-23,137.6699981689453,137.80999755859375,137.5500030517578,137.74000549316406,110.14027404785156
2020-11-24,137.6999969482422,137.77999877929688,137.39999389648438,137.42999267578125,109.89237976074219
2020-11-25,137.60000610351562,137.6300048828125,137.3800048828125,137.50999450683594,109.95633697509766
2020-11-27,137.82000732421875,138.07000732421875,137.75,138.0,110.3481674194336
2020-11-30,138.10000610351562,138.52000427246094,137.9499969482422,138.47999572753906,110.73194885253906
2020-12-01,138.0500030517578,138.27000427246094,137.47999572753906,137.67999267578125,110.31211853027344
2020-12-02,137.4600067138672,137.5,136.97999572753906,137.22000122070312,109.94353485107422
2020-12-03,137.64999389648438,138.02999877929688,137.47999572753906,137.75999450683594,110.37620544433594
2020-12-04,137.13999938964844,137.33999633789062,136.83999633789062,137.0,109.76732635498047
2020-12-07,137.33999633789062,137.49000549316406,137.07000732421875,137.1199951171875,109.86343383789062
2020-12-08,137.3699951171875,137.4499969482422,136.89999389648438,136.9600067138672,109.7352523803711
2020-12-09,136.60000610351562,136.60000610351562,136.1199951171875,136.4600067138672,109.33467102050781
2020-12-10,136.57000732421875,137.16000366210938,136.55999755859375,137.13999938964844,109.87944030761719
2020-12-11,137.13999938964844,137.30999755859375,136.9199981689453,137.27999877929688,109.99164581298828
2020-12-14,136.97999572753906,137.32000732421875,136.8699951171875,137.17999267578125,109.91149139404297
2020-12-15,137.1699981689453,137.47999572753906,137.08999633789062,137.4499969482422,110.12779998779297
2020-12-16,137.1699981689453,137.61000061035156,136.8800048828125,137.33999633789062,110.0396957397461
2020-12-17,137.52000427246094,137.5800018310547,136.97000122070312,137.25999450683594,110.2002944946289
2020-12-18,137.47999572753906,137.52000427246094,137.00999450683594,137.16000366210938,110.11994934082031
2020-12-21,137.1300048828125,137.13999938964844,136.6699981689453,136.88999938964844,109.90321350097656
2020-12-22,137.19000244140625,137.2899932861328,136.99000549316406,137.27000427246094,110.20834350585938
2020-12-23,136.9199981689453,137.32000732421875,136.64999389648438,137.3000030517578,110.23238372802734
2020-12-24,137.47999572753906,137.8300018310547,137.47999572753906,137.77000427246094,110.60975646972656
2020-12-28,137.57000732421875,137.89999389648438,137.5,137.86000061035156,110.6820297241211
2020-12-29,137.61000061035156,137.92999267578125,137.60000610351562,137.9199981689453,110.7301254272461
2020-12-30,137.88999938964844,138.11000061035156,137.7899932861328,138.10000610351562,110.87471771240234
2020-12-31,138.0399932861328,138.22000122070312,137.9600067138672,138.1300048828125,110.89875030517578
2021-01-04,137.88999938964844,137.88999938964844,137.3800048828125,137.42999267578125,110.33676147460938
2021-01-05,137.05999755859375,137.05999755859375,136.5500030517578,136.99000549316406,109.98350524902344
2021-01-06,135.77999877929688,135.97999572753906,135.39999389648438,135.8800048828125,109.09237670898438
2021-01-07,135.55999755859375,135.9499969482422,135.5399932861328,135.86000061035156,109.07630920410156
2021-01-08,135.77999877929688,135.88999938964844,135.4499969482422,135.75999450683594,108.99601745605469
2021-01-11,135.49000549316406,135.49000549316406,135.1699981689453,135.17999267578125,108.53031921386719
2021-01-12,135.11000061035156,135.5399932861328,134.74000549316406,135.47000122070312,108.76314544677734
2021-01-13,135.75999450683594,136.63999938964844,135.72999572753906,136.52000427246094,109.6061782836914
2021-01-14,136.5500030517578,136.6300048828125,135.83999633789062,135.92999267578125,109.13245391845703
2021-01-15,136.24000549316406,136.50999450683594,136.0399932861328,136.13999938964844,109.30106353759766
2021-01-19,136.08999633789062,136.47999572753906,136.0500030517578,136.3800048828125,109.49378204345703
2021-01-20,136.35000610351562,136.50999450683594,136.27000427246094,136.33999633789062,109.4616470336914
2021-01-21,135.77000427246094,135.92999267578125,135.60000610351562,135.8000030517578,109.02814483642578
2021-01-22,135.75999450683594,135.91000366210938,135.60000610351562,135.6999969482422,108.94779205322266
2021-01-25,135.9499969482422,136.3699951171875,135.92999267578125,136.27999877929688,109.4134750366211
2021-01-26,136.02000427246094,136.4499969482422,135.9600067138672,136.27000427246094,109.40544891357422
2021-01-27,136.4199981689453,136.44000244140625,135.97999572753906,136.02999877929688,109.21273040771484
2021-01-28,136.0399932861328,136.17999267578125,135.75999450683594,135.80999755859375,109.0361328125
2021-01-29,135.4199981689453,135.89999389648438,134.9600067138672,135.60000610351562,108.8675537109375
2021-02-01,135.3699951171875,135.6999969482422,135.30999755859375,135.60000610351562,109.08232116699219
2021-02-02,135.2100067138672,135.36000061035156,135.0399932861328,135.24000549316406,108.79276275634766
2021-02-03,135.0,135.0800018310547,134.8699951171875,134.9199981689453,108.53528594970703
2021-02-04,134.80999755859375,135.22000122070312,134.6300048828125,135.14999389648438,108.72032165527344
2021-02-05,135.24000549316406,135.3800048828125,134.72000122070312,134.7899932861328,108.43070983886719
2021-02-08,134.92999267578125,135.41000366210938,134.8699951171875,135.3699951171875,108.89732360839844
2021-02-09,135.47000122070312,135.49000549316406,134.8800048828125,135.16000366210938,108.72837829589844
2021-02-10,135.3800048828125,135.5500030517578,135.2899932861328,135.47999572753906,108.98579406738281
2021-02-11,135.5399932861328,135.55999755859375,135.0399932861328,135.1199951171875,108.69617462158203
2021-02-12,134.61000061035156,134.94000244140625,134.57000732421875,134.67999267578125,108.34221649169922
2021-02-16,134.02000427246094,134.2899932861328,133.7100067138672,133.72999572753906,107.57801055908203
2021-02-17,134.33999633789062,134.42999267578125,134.02999877929688,134.39999389648438,108.11700439453125
2021-02-18,134.1300048828125,134.35000610351562,133.83999633789062,134.13999938964844,107.9078598022461
2021-02-19,133.7899932861328,133.89999389648438,133.14999389648438,133.1699981689453,107.12749481201172
2021-02-22,132.94000244140625,133.22000122070312,132.25,132.33999633789062,106.45983123779297
2021-02-23,131.91000366210938,132.47000122070312,131.75999450683594,132.44000244140625,106.54027557373047
2021-02-24,131.63999938964844,132.6699981689453,131.35000610351562,132.63999938964844,106.70118713378906
2021-02-25,131.72999572753906,131.91000366210938,129.77999877929688,130.5399932861328,105.01189422607422
2021-02-26,131.44000244140625,132.32000732421875,130.99000549316406,132.27000427246094,106.40353393554688
2021-03-01,131.63999938964844,132.1699981689453,131.63999938964844,132.1300048828125,106.50753021240234
2021-03-02,132.10000610351562,132.11000061035156,131.77000427246094,131.97999572753906,106.3865966796875
2021-03-03,131.2899932861328,131.85000610351562,130.94000244140625,131.0,105.59663391113281
2021-03-04,131.0500030517578,131.16000366210938,129.80999755859375,129.92999267578125,104.73409271240234
2021-03-05,129.58999633789062,129.92999267578125,129.27000427246094,129.75999450683594,104.59709930419922
2021-03-08,129.52999877929688,129.6199951171875,128.52999877929688,128.5500030517578,103.62175750732422
2021-03-09,129.2100067138672,129.6199951171875,129.16000366210938,129.52000427246094,104.40361785888672
2021-03-10,129.7100067138672,130.2899932861328,129.7100067138672,130.1300048828125,104.89534759521484
2021-03-11,130.2899932861328,130.5500030517578,130.05999755859375,130.2100067138672,104.95983123779297
2021-03-12,129.1300048828125,129.2899932861328,128.66000366210938,128.7100067138672,103.75074768066406
2021-03-15,128.8300018310547,129.27999877929688,128.8300018310547,129.14999389648438,104.1053466796875
2021-03-16,129.2100067138672,129.38999938964844,128.8699951171875,129.05999755859375,104.03285217285156
2021-03-17,128.47999572753906,129.4600067138672,128.30999755859375,129.17999267578125,104.12957763671875
2021-03-18,128.00999450683594,128.6199951171875,127.91000366210938,128.44000244140625,103.53309631347656
2021-03-19,128.42999267578125,128.72000122070312,128.24000549316406,128.6300048828125,103.68620300292969
2021-03-22,129.05999755859375,129.4600067138672,128.92999267578125,129.08999633789062,104.05702209472656
2021-03-23,129.08999633789062,129.58999633789062,129.08999633789062,129.47000122070312,104.36335754394531
2021-03-24,129.2100067138672,129.9199981689453,129.2100067138672,129.86000061035156,104.6777114868164
2021-03-25,129.92999267578125,130.02000427246094,129.4499969482422,129.7100067138672,104.55679321289062
2021-03-26,129.4499969482422,129.82000732421875,129.3300018310547,129.6199951171875,104.4842300415039
2021-03-29,129.6699981689453,129.7100067138672,129.11000061035156,129.30999755859375,104.234375
2021-03-30,129.25999450683594,129.7899932861328,128.97999572753906,129.7100067138672,104.55679321289062
2021-03-31,129.91000366210938,130.3800048828125,129.8300018310547,130.0500030517578,104.83087921142578
2021-04-01,130.4600067138672,130.64999389648438,130.14999389648438,130.61000061035156,105.48826599121094
2021-04-05,130.19000244140625,130.3000030517578,129.9199981689453,129.97000122070312,104.97138977050781
2021-04-06,130.16000366210938,130.8800048828125,130.16000366210938,130.83999633789062,105.6740493774414
2021-04-07,130.7899932861328,130.9199981689453,130.41000366210938,130.5800018310547,105.46409606933594
2021-04-08,130.75,131.0800018310547,130.6699981689453,131.05999755859375,105.85174560546875
2021-04-09,130.63999938964844,131.10000610351562,130.5399932861328,130.7899932861328,105.63370513916016
2021-04-12,130.6999969482422,130.77000427246094,130.52000427246094,130.75999450683594,105.60946655273438
2021-04-13,130.61000061035156,131.35000610351562,130.55999755859375,131.33999633789062,106.07789611816406
2021-04-14,131.16000366210938,131.2899932861328,130.94000244140625,131.16000366210938,105.93252563476562
2021-04-15,131.66000366210938,132.32000732421875,131.64999389648438,131.97000122070312,106.58672332763672
2021-04-16,131.27999877929688,131.67999267578125,131.0500030517578,131.07000732421875,105.8598403930664
2021-04-19,130.77999877929688,130.89999389648438,130.6300048828125,130.72999572753906,105.58521270751953
2021-04-20,130.69000244140625,131.19000244140625,130.64999389648438,130.97999572753906,105.78713989257812
2021-04-21,131.05999755859375,131.42999267578125,130.89999389648438,131.42999267578125,106.15055847167969
2021-04-22,131.5500030517578,131.6699981689453,131.25999450683594,131.55999755859375,106.25557708740234
2021-04-23,131.72000122070312,131.88999938964844,131.49000549316406,131.6699981689453,106.34442901611328
2021-04-26,131.6999969482422,131.8800048828125,131.58999633789062,131.61000061035156,106.29592895507812
2021-04-27,131.60000610351562,131.63999938964844,131.02000427246094,131.02000427246094,105.81941223144531
2021-04-28,131.00999450683594,131.11000061035156,130.5800018310547,131.0399932861328,105.83558654785156
2021-04-29,130.6699981689453,130.92999267578125,130.36000061035156,130.8800048828125,105.70638275146484
2021-04-30,130.9600067138672,131.24000549316406,130.8699951171875,131.14999389648438,105.92443084716797
2021-05-03,131.1300048828125,131.42999267578125,130.8699951171875,131.2100067138672,106.17938232421875
2021-05-04,131.47999572753906,131.61000061035156,131.08999633789062,131.2899932861328,106.24408721923828
2021-05-05,131.1199951171875,131.5,131.1199951171875,131.4499969482422,106.37355041503906
2021-05-06,131.5,131.75999450683594,131.3699951171875,131.6999969482422,106.57586669921875
2021-05-07,132.0800018310547,132.33999633789062,131.52999877929688,131.75,106.61632537841797
2021-05-10,131.52000427246094,131.77000427246094,131.02999877929688,131.0399932861328,106.04178619384766
2021-05-11,130.5399932861328,130.7899932861328,130.4199981689453,130.55999755859375,105.65333557128906
2021-05-12,130.1300048828125,130.30999755859375,129.77999877929688,129.85000610351562,105.07878875732422
2021-05-13,130.1300048828125,130.5399932861328,130.1300048828125,130.33999633789062,105.47530364990234
2021-05-14,130.82000732421875,131.0800018310547,130.6699981689453,131.0500030517578,106.04988861083984
2021-05-17,131.0500030517578,131.05999755859375,130.82000732421875,130.89999389648438,105.92849731445312
2021-05-18,130.6699981689453,130.72999572753906,130.4499969482422,130.47000122070312,105.58051300048828
2021-05-19,130.36000061035156,130.67999267578125,129.97999572753906,130.24000549316406,105.3943862915039
2021-05-20,130.63999938964844,131.1699981689453,130.63999938964844,131.1300048828125,106.1146240234375
2021-05-21,131.32000732421875,131.4199981689453,131.08999633789062,131.22000122070312,106.18741607666016
2021-05-24,131.5,131.64999389648438,131.36000061035156,131.5800018310547,106.47876739501953
2021-05-25,131.67999267578125,132.11000061035156,131.66000366210938,132.07000732421875,106.87528228759766
2021-05-26,131.8800048828125,132.1300048828125,131.74000549316406,132.0,106.81864929199219
2021-05-27,131.80999755859375,131.82000732421875,131.02000427246094,131.60000610351562,106.49496459960938
2021-05-28,131.69000244140625,132.05999755859375,131.66000366210938,131.7100067138672,106.5839614868164
2021-06-01,131.44000244140625,131.5,131.11000061035156,131.47000122070312,106.5977554321289
2021-06-02,131.55999755859375,131.75999450683594,131.5500030517578,131.67999267578125,106.76803588867188
2021-06-03,131.3000030517578,131.38999938964844,131.1300048828125,131.16000366210938,106.34642028808594
2021-06-04,131.58999633789062,132.10000610351562,131.5399932861328,132.08999633789062,107.10047912597656
2021-06-07,131.97000122070312,132.0500030517578,131.86000061035156,131.97999572753906,107.01126861572266
2021-06-08,132.32000732421875,132.52999877929688,132.32000732421875,132.47999572753906,107.41665649414062
2021-06-09,132.97999572753906,133.16000366210938,132.77999877929688,132.9600067138672,107.80586242675781
2021-06-10,132.74000549316406,133.57000732421875,132.63999938964844,133.55999755859375,108.29235076904297
2021-06-11,133.6699981689453,133.8000030517578,133.42999267578125,133.6699981689453,108.38154602050781
2021-06-14,133.49000549316406,133.50999450683594,133.0,133.17999267578125,107.98424530029297
2021-06-15,133.05999755859375,133.32000732421875,132.9600067138672,133.27999877929688,108.06532287597656
2021-06-16,133.44000244140625,133.7100067138672,132.52999877929688,132.89999389648438,107.75719451904297
2021-06-17,133.22000122070312,134.25999450683594,133.22000122070312,133.63999938964844,108.35718536376953
2021-06-18,133.88999938964844,134.57000732421875,133.77000427246094,134.33999633789062,108.92477416992188
2021-06-21,133.75,133.9199981689453,133.47000122070312,133.55999755859375,108.29235076904297
2021-06-22,133.1300048828125,133.7899932861328,133.11000061035156,133.77999877929688,108.47073364257812
2021-06-23,133.58999633789062,133.8000030517578,133.4499969482422,133.57000732421875,108.30045318603516
2021-06-24,133.6999969482422,133.8800048828125,133.63999938964844,133.8300018310547,108.51128387451172
2021-06-25,133.83999633789062,133.92999267578125,133.13999938964844,133.47999572753906,108.22749328613281
2021-06-28,133.8000030517578,134.1199951171875,133.75999450683594,134.0500030517578,108.68965911865234
2021-06-29,133.80999755859375,134.22000122070312,133.77000427246094,134.2100067138672,108.81937408447266
2021-06-30,134.42999267578125,134.6199951171875,134.27000427246094,134.36000061035156,108.94100189208984
2021-07-01,134.0500030517578,134.16000366210938,133.74000549316406,133.99000549316406,108.8459243774414
2021-07-02,134.02999877929688,134.3800048828125,133.9499969482422,134.3699951171875,109.15463256835938
2021-07-06,134.52999877929688,135.17999267578125,134.52999877929688,134.86000061035156,109.552734375
2021-07-07,135.1300048828125,135.5,134.97999572753906,135.32000732421875,109.9263916015625
2021-07-08,135.27000427246094,135.60000610351562,135.16000366210938,135.38999938964844,109.98321533203125
2021-07-09,134.8000030517578,134.8800048828125,134.72000122070312,134.82000732421875,109.52018737792969
2021-07-12,134.9499969482422,135.00999450683594,134.64999389648438,134.75,109.4633560180664
2021-07-13,134.89999389648438,134.9600067138672,134.02999877929688,134.25,109.05715942382812
2021-07-14,134.6300048828125,134.89999389648438,134.6199951171875,134.8699951171875,109.56082916259766
2021-07-15,135.22000122070312,135.2899932861328,134.77000427246094,135.16000366210938,109.7964096069336
2021-07-16,134.8000030517578,135.1300048828125,134.8000030517578,134.97000122070312,109.64205169677734
2021-07-19,135.64999389648438,136.0800018310547,135.58999633789062,135.94000244140625,110.4300308227539
2021-07-20,136.3699951171875,136.5399932861328,135.57000732421875,135.75,110.27572631835938
2021-07-21,135.24000549316406,135.44000244140625,135.02999877929688,135.27000427246094,109.88578033447266
2021-07-22,135.3800048828125,135.89999389648438,135.27000427246094,135.8300018310547,110.3406753540039
2021-07-23,135.3000030517578,135.77999877929688,135.25,135.77000427246094,110.29192352294922
2021-07-26,135.88999938964844,135.88999938964844,135.3800048828125,135.47000122070312,110.04821014404297
2021-07-27,135.94000244140625,136.0500030517578,135.6699981689453,136.0500030517578,110.51937866210938
2021-07-28,135.75999450683594,136.3000030517578,135.6300048828125,136.2899932861328,110.71435546875
2021-07-29,135.8800048828125,136.00999450683594,135.77000427246094,135.89999389648438,110.39752197265625
2021-07-30,135.9600067138672,136.17999267578125,135.92999267578125,136.00999450683594,110.48690795898438
2021-08-02,135.9199981689453,136.50999450683594,135.85000610351562,136.16000366210938,110.80669403076172
2021-08-03,136.19000244140625,136.39999389648438,136.13999938964844,136.3000030517578,110.920654296875
2021-08-04,136.6199951171875,136.77999877929688,135.72000122070312,136.3300018310547,110.94506072998047
2021-08-05,136.11000061035156,136.13999938964844,135.74000549316406,135.77000427246094,110.48932647705078
2021-08-06,134.99000549316406,135.16000366210938,134.63999938964844,134.66000366210938,109.5860366821289
2021-08-09,134.69000244140625,134.80999755859375,134.0800018310547,134.0800018310547,109.11399841308594
2021-08-10,134.24000549316406,134.25,133.77999877929688,133.77999877929688,108.86988830566406
2021-08-11,133.77999877929688,134.3300018310547,133.57000732421875,133.99000549316406,109.04076385498047
2021-08-12,134.0,134.2100067138672,133.8699951171875,134.17999267578125,109.19538879394531
2021-08-13,134.50999450683594,135.1199951171875,134.39999389648438,135.0800018310547,109.92781066894531
2021-08-16,135.41000366210938,135.66000366210938,135.1300048828125,135.16000366210938,109.9929428100586
2021-08-17,134.94000244140625,135.1300048828125,134.82000732421875,134.9199981689453,109.7976303100586
2021-08-18,134.92999267578125,135.11000061035156,134.60000610351562,134.8300018310547,109.72435760498047
2021-08-19,135.0399932861328,135.25,134.83999633789062,135.13999938964844,109.97662353515625
2021-08-20,135.2899932861328,135.38999938964844,135.0500030517578,135.22999572753906,110.04991149902344
2021-08-23,135.3300018310547,135.4600067138672,135.1999969482422,135.3300018310547,110.13127136230469
2021-08-24,135.1999969482422,135.3000030517578,134.91000366210938,135.02000427246094,109.87897491455078
2021-08-25,135.02000427246094,135.1300048828125,134.50999450683594,134.6699981689453,109.59415435791016
2021-08-26,134.8300018310547,134.85000610351562,134.4499969482422,134.6300048828125,109.56159210205078
2021-08-27,134.77999877929688,135.42999267578125,134.57000732421875,135.3800048828125,110.17196655273438
2021-08-30,135.25,135.66000366210938,135.22000122070312,135.61000061035156,110.35912322998047
2021-08-31,135.57000732421875,135.77999877929688,135.1999969482422,135.3000030517578,110.10684967041016
2021-09-01,135.3300018310547,135.38999938964844,134.8800048828125,135.24000549316406,110.24871826171875
2021-09-02,135.3699951171875,135.47999572753906,135.1999969482422,135.47999572753906,110.44437408447266
2021-09-03,134.91000366210938,135.08999633789062,134.82000732421875,134.99000549316406,110.04489135742188
2021-09-07,134.5,134.5,134.1199951171875,134.35000610351562,109.523193359375
2021-09-08,134.5800018310547,134.8800048828125,134.39999389648438,134.77999877929688,109.87371826171875
2021-09-09,134.9600067138672,135.72999572753906,134.83999633789062,135.66000366210938,110.59111022949219
2021-09-10,135.52000427246094,135.60000610351562,135.08999633789062,135.27000427246094,110.27317810058594
2021-09-13,135.57000732421875,135.77999877929688,135.5399932861328,135.60000610351562,110.54216766357422
2021-09-14,135.77000427246094,136.25999450683594,135.67999267578125,136.00999450683594,110.87638092041016
2021-09-15,135.9600067138672,136.0,135.63999938964844,135.85000610351562,110.74600219726562
2021-09-16,135.4499969482422,135.74000549316406,135.3699951171875,135.66000366210938,110.59111022949219
2021-09-17,135.2899932861328,135.39999389648438,135.10000610351562,135.36000061035156,110.34652709960938
2021-09-20,135.3800048828125,135.8300018310547,135.3800048828125,135.77999877929688,110.68890380859375
2021-09-21,135.8000030517578,135.88999938964844,135.6699981689453,135.77000427246094,110.68075561523438
2021-09-22,135.77999877929688,136.2100067138672,135.6300048828125,136.14999389648438,110.99056243896484
2021-09-23,135.7100067138672,135.7100067138672,135.0,135.2100067138672,110.22425079345703
2021-09-24,135.05999755859375,135.14999389648438,134.77999877929688,134.9199981689453,109.98783874511719
2021-09-27,134.6300048828125,134.9600067138672,134.5399932861328,134.85000610351562,109.9307632446289
2021-09-28,134.0500030517578,134.0500030517578,133.38999938964844,133.41000366210938,108.7568588256836
2021-09-29,133.77999877929688,134.07000732421875,133.25,133.3800048828125,108.73243713378906
2021-09-30,133.30999755859375,133.3800048828125,132.97000122070312,133.02999877929688,108.44706726074219
2021-10-01,133.22999572753906,133.94000244140625,133.17999267578125,133.74000549316406,109.23529052734375
2021-10-04,133.42999267578125,133.6699981689453,133.25,133.52000427246094,109.05561828613281
2021-10-05,133.39999389648438,133.50999450683594,132.97000122070312,132.97000122070312,108.60635375976562
2021-10-06,133.0,133.1300048828125,132.77999877929688,133.00999450683594,108.63900756835938
2021-10-07,132.72000122070312,132.82000732421875,132.3800048828125,132.4199981689453,108.15711975097656
2021-10-08,132.27999877929688,132.30999755859375,131.7100067138672,131.80999755859375,107.65885925292969
2021-10-11,131.5800018310547,131.83999633789062,131.5399932861328,131.55999755859375,107.45472717285156
2021-10-12,132.08999633789062,132.4499969482422,131.83999633789062,132.39999389648438,108.14080047607422
2021-10-13,132.61000061035156,133.11000061035156,132.55999755859375,133.07000732421875,108.68803405761719
2021-10-14,133.30999755859375,133.6999969482422,133.22000122070312,133.6999969482422,109.2026138305664
2021-10-15,133.2100067138672,133.27999877929688,133.0,133.22000122070312,108.81053924560547
2021-10-18,133.0,133.2899932861328,132.7100067138672,133.11000061035156,108.72069549560547
2021-10-19,132.77999877929688,132.8300018310547,132.3800048828125,132.3800048828125,108.12447357177734
2021-10-20,132.30999755859375,132.50999450683594,132.02999877929688,132.05999755859375,107.86309814453125
2021-10-21,132.0,132.05999755859375,131.66000366210938,131.77999877929688,107.63440704345703
2021-10-22,132.08999633789062,132.44000244140625,131.97999572753906,132.30999755859375,108.06729888916016
2021-10-25,132.3000030517578,132.63999938964844,132.25999450683594,132.3699951171875,108.11629486083984
2021-10-26,132.72000122070312,132.9600067138672,132.39999389648438,132.94000244140625,108.58186340332031
2021-10-27,133.52999877929688,134.05999755859375,133.24000549316406,133.75,109.2434310913086
2021-10-28,133.7100067138672,133.8800048828125,133.2899932861328,133.5500030517578,109.08008575439453
2021-10-29,133.00999450683594,133.72000122070312,132.9499969482422,133.47999572753906,109.02291870117188
2021-11-01,132.61000061035156,133.07000732421875,132.61000061035156,132.97999572753906,108.82817077636719
2021-11-02,132.97999572753906,133.57000732421875,132.97999572753906,133.49000549316406,109.24552154541016
2021-11-03,133.6300048828125,133.74000549316406,132.91000366210938,133.14999389648438,108.96729278564453
2021-11-04,133.3000030517578,134.02999877929688,133.3000030517578,133.85000610351562,109.5401611328125
2021-11-05,134.33999633789062,135.0,134.22000122070312,134.8300018310547,110.3421630859375
2021-11-08,134.69000244140625,134.7100067138672,134.33999633789062,134.52000427246094,110.0884780883789
2021-11-09,135.2100067138672,135.30999755859375,134.86000061035156,134.8800048828125,110.383056640625
2021-11-10,134.6699981689453,134.69000244140625,133.25,133.5,109.25370788574219
2021-11-11,133.5399932861328,133.67999267578125,133.0500030517578,133.1199951171875,108.94271850585938
2021-11-12,133.3000030517578,133.4199981689453,132.7899932861328,132.97999572753906,108.82817077636719
2021-11-15,132.85000610351562,132.89999389648438,131.9600067138672,131.97000122070312,108.00157928466797
2021-11-16,131.88999938964844,132.35000610351562,131.67999267578125,131.75,107.8215560913086
2021-11-17,131.60000610351562,132.32000732421875,131.49000549316406,132.27999877929688,108.25528717041016
2021-11-18,132.19000244140625,132.69000244140625,132.19000244140625,132.5800018310547,108.50080871582031
2021-11-19,132.89999389648438,133.2100067138672,132.88999938964844,133.0800018310547,108.91000366210938
2021-11-22,132.5500030517578,132.75999450683594,131.8699951171875,131.9199981689453,107.96064758300781
2021-11-23,131.61000061035156,131.6999969482422,130.97999572753906,130.97999572753906,107.19137573242188
2021-11-24,130.9600067138672,131.6300048828125,130.80999755859375,131.61000061035156,107.70697784423828
2021-11-26,132.02000427246094,132.74000549316406,131.80999755859375,132.67999267578125,108.58262634277344
2021-11-29,132.13999938964844,132.8699951171875,132.0500030517578,132.77000427246094,108.65629577636719
2021-11-30,133.22999572753906,133.72999572753906,132.77000427246094,133.05999755859375,108.89361572265625
2021-12-01,132.77000427246094,132.9600067138672,132.35000610351562,132.83999633789062,108.90923309326172
2021-12-02,132.8699951171875,133.22999572753906,132.60000610351562,133.14999389648438,109.1633529663086
2021-12-03,133.1199951171875,134.55999755859375,133.07000732421875,134.25999450683594,110.07335662841797
2021-12-06,134.2100067138672,134.24000549316406,133.50999450683594,133.5800018310547,109.51590728759766
2021-12-07,133.63999938964844,134.07000732421875,133.47999572753906,133.63999938964844,109.56505584716797
2021-12-08,133.3000030517578,133.36000061035156,132.5399932861328,132.75,108.83539581298828
2021-12-09,132.94000244140625,133.16000366210938,132.58999633789062,132.63999938964844,108.74520111083984
2021-12-10,133.2899932861328,133.3300018310547,132.72999572753906,132.7899932861328,108.86820220947266
2021-12-13,133.32000732421875,133.6999969482422,133.27999877929688,133.38999938964844,109.36012268066406
2021-12-14,133.02999877929688,133.1699981689453,132.61000061035156,132.7899932861328,108.86820220947266
2021-12-15,132.3699951171875,133.02999877929688,132.32000732421875,132.9600067138672,109.0075912475586
2021-12-16,132.77999877929688,133.10000610351562,132.52000427246094,132.6999969482422,109.00428771972656
2021-12-17,132.85000610351562,133.13999938964844,132.85000610351562,133.00999450683594,109.25889587402344
2021-12-20,132.77000427246094,132.91000366210938,132.35000610351562,132.42999267578125,108.782470703125
2021-12-21,131.47999572753906,132.6999969482422,131.47999572753906,132.69000244140625,108.9960708618164
2021-12-22,132.8699951171875,132.91000366210938,132.55999755859375,132.89999389648438,109.1685562133789
2021-12-23,132.77000427246094,132.82000732421875,132.4199981689453,132.6999969482422,109.00428771972656
2021-12-27,132.74000549316406,133.1999969482422,132.67999267578125,133.08999633789062,109.32465362548828
2021-12-28,133.36000061035156,133.41000366210938,132.75,132.9199981689453,109.18500518798828
2021-12-29,132.3800048828125,132.50999450683594,132.0,132.19000244140625,108.58538055419922
2021-12-30,132.3800048828125,132.75,132.10000610351562,132.72000122070312,109.02074432373047
2021-12-31,132.72999572753906,133.02999877929688,132.4499969482422,132.52000427246094,108.8564224243164
2022-01-03,131.77999877929688,131.7899932861328,131.11000061035156,131.11000061035156,107.69819641113281
2022-01-04,130.94000244140625,131.24000549316406,130.69000244140625,131.22000122070312,107.78855895996094
2022-01-05,131.47999572753906,131.47999572753906,130.4199981689453,130.4499969482422,107.15604400634766
2022-01-06,130.17999267578125,130.47999572753906,130.0,130.27999877929688,107.01642608642578
2022-01-07,130.11000061035156,130.1999969482422,129.47000122070312,129.72000122070312,106.55638122558594
2022-01-10,129.39999389648438,129.67999267578125,129.02999877929688,129.60000610351562,106.4578628540039
2022-01-11,129.61000061035156,130.07000732421875,129.47999572753906,129.99000549316406,106.77821350097656
2022-01-12,130.22999572753906,130.3800048828125,129.88999938964844,129.89999389648438,106.70428466796875
2022-01-13,130.11000061035156,130.32000732421875,129.69000244140625,130.30999755859375,107.04105377197266
2022-01-14,129.7100067138672,129.72999572753906,129.10000610351562,129.16000366210938,106.09642028808594
2022-01-18,128.4199981689453,128.49000549316406,127.87000274658203,127.93000030517578,105.0860595703125
2022-01-19,128.27000427246094,128.69000244140625,128.10000610351562,128.1300048828125,105.25035095214844
2022-01-20,128.2899932861328,128.5,127.93000030517578,128.05999755859375,105.1928482055664
2022-01-21,128.67999267578125,129.11000061035156,128.6199951171875,128.89999389648438,105.88284301757812
2022-01-24,128.94000244140625,129.0,128.41000366210938,128.5,105.55426788330078
2022-01-25,128.47999572753906,128.7899932861328,128.08999633789062,128.13999938964844,105.258544921875
2022-01-26,128.47999572753906,128.6199951171875,127.1500015258789,127.2699966430664,104.54391479492188
2022-01-27,127.70999908447266,128.05999755859375,127.31999969482422,127.55999755859375,104.78208923339844
2022-01-28,126.86000061035156,127.75,126.8499984741211,127.69999694824219,104.89710235595703
2022-01-31,127.54000091552734,127.87999725341797,127.26000213623047,127.76000213623047,104.94641876220703
2022-02-01,127.58999633789062,127.81999969482422,127.05000305175781,127.7300033569336,105.12088012695312
2022-02-02,127.94000244140625,128.3000030517578,127.61000061035156,127.73999786376953,105.12910461425781
2022-02-03,126.81999969482422,126.93000030517578,126.45999908447266,126.70999908447266,104.28141021728516
2022-02-04,125.68000030517578,125.80000305175781,125.11000061035156,125.44999694824219,103.24446105957031
2022-02-07,125.33000183105469,125.80999755859375,125.19999694824219,125.68000030517578,103.43373107910156
2022-02-08,125.54000091552734,125.68000030517578,125.20999908447266,125.20999908447266,103.04695892333984
2022-02-09,125.72000122070312,126.08000183105469,125.5999984741211,125.62999725341797,103.392578125
2022-02-10,124.95999908447266,125.19000244140625,123.9000015258789,123.91999816894531,101.98526763916016
2022-02-11,124.19000244140625,124.95999908447266,123.69999694824219,124.83999633789062,102.74242401123047
2022-02-14,124.1500015258789,124.30000305175781,123.66000366210938,123.7300033569336,101.82890319824219
2022-02-15,123.58999633789062,123.8499984741211,123.11000061035156,123.11000061035156,101.31867218017578
2022-02-16,123.47000122070312,123.48999786376953,122.62000274658203,123.29000091552734,101.46678161621094
2022-02-17,123.44000244140625,123.7699966430664,123.08999633789062,123.37999725341797,101.54087829589844
2022-02-18,123.76000213623047,124.13999938964844,123.26000213623047,123.68000030517578,101.78775024414062
2022-02-22,123.25,123.52999877929688,123.12000274658203,123.5199966430664,101.65606689453125
2022-02-23,123.2300033569336,123.3499984741211,122.37000274658203,122.4000015258789,100.73433685302734
2022-02-24,122.47000122070312,123.08000183105469,122.22000122070312,122.9800033569336,101.211669921875
2022-02-25,123.31999969482422,124.08000183105469,123.0199966430664,123.4800033569336,101.6231918334961
2022-02-28,123.94000244140625,125.0,123.94000244140625,124.80000305175781,102.7094955444336
2022-03-01,124.83999633789062,125.83999633789062,124.80000305175781,124.97000122070312,103.06084442138672
2022-03-02,124.12999725341797,124.30000305175781,123.04000091552734,123.06999969482422,101.49394226074219
2022-03-03,123.52999877929688,123.86000061035156,123.23999786376953,123.5199966430664,101.86502838134766
2022-03-04,124.33000183105469,124.44999694824219,123.56999969482422,123.63999938964844,101.96402740478516
2022-03-07,122.88999938964844,123.29000091552734,122.0,122.13999938964844,100.72697448730469
2022-03-08,121.31999969482422,121.83000183105469,120.80999755859375,121.41000366210938,100.12494659423828
2022-03-09,121.55999755859375,122.0,121.41999816894531,121.62000274658203,100.29811096191406
2022-03-10,120.87999725341797,120.93000030517578,119.79000091552734,120.2300033569336,99.1518325805664
2022-03-11,120.30000305175781,120.41999816894531,120.06999969482422,120.18000030517578,99.1105728149414
2022-03-14,119.11000061035156,119.56999969482422,118.4000015258789,118.44000244140625,97.67560577392578
2022-03-15,119.01000213623047,119.47000122070312,118.81999969482422,119.37000274658203,98.44264221191406
2022-03-16,119.9000015258789,120.44999694824219,118.66999816894531,120.38999938964844,99.28378295898438
2022-03-17,121.01000213623047,121.87999725341797,120.83000183105469,121.56999969482422,100.25692749023438
2022-03-18,121.1500015258789,121.98999786376953,121.1500015258789,121.80999755859375,100.45484924316406
2022-03-21,120.88999938964844,121.16000366210938,119.95999908447266,120.12000274658203,99.06111907958984
2022-03-22,119.73999786376953,119.98999786376953,119.58999633789062,119.83000183105469,98.82194519042969
2022-03-23,120.05000305175781,120.33000183105469,119.6500015258789,120.16999816894531,99.10233306884766
2022-03-24,119.4000015258789,120.4000015258789,118.83999633789062,120.22000122070312,99.14358520507812
2022-03-25,119.77999877929688,119.80999755859375,118.83999633789062,119.2699966430664,98.36013793945312
2022-03-28,119.4800033569336,120.12000274658203,119.33000183105469,119.93000030517578,98.90445709228516
2022-03-29,120.55000305175781,121.01000213623047,120.29000091552734,120.94000244140625,99.7373275756836
2022-03-30,120.48999786376953,121.3499984741211,120.43000030517578,121.22000122070312,99.96825408935547
2022-03-31,121.2699966430664,121.55999755859375,120.72000122070312,120.94000244140625,99.7373275756836
2022-04-01,120.05999755859375,121.4000015258789,119.94999694824219,121.08999633789062,100.07206726074219
2022-04-04,121.16999816894531,121.55000305175781,120.77999877929688,121.51000213623047,100.41918182373047
2022-04-05,121.13999938964844,121.19000244140625,119.36000061035156,119.37999725341797,98.65884399414062
2022-04-06,118.11000061035156,119.23999786376953,117.80000305175781,118.68000030517578,98.08033752441406
2022-04-07,118.52999877929688,118.62000274658203,117.91000366210938,118.12999725341797,97.62580871582031
2022-04-08,117.25,117.55999755859375,116.8499984741211,117.19999694824219,96.85723876953125
2022-04-11,116.5,116.58999633789062,115.77999877929688,116.05999755859375,95.91513061523438
2022-04-12,116.83999633789062,117.16999816894531,116.12999725341797,116.13999938964844,95.98123931884766
2022-04-13,116.1500015258789,116.80999755859375,116.0999984741211,116.73999786376953,96.47706604003906
2022-04-14,116.66999816894531,116.69999694824219,115.2699966430664,115.37999725341797,95.35314178466797
2022-04-18,115.13999938964844,115.33000183105469,114.38999938964844,114.5,94.62590789794922
2022-04-19,113.93000030517578,114.16999816894531,113.5199966430664,113.58999633789062,93.87384033203125
2022-04-20,114.33000183105469,115.08999633789062,114.30999755859375,114.7699966430664,94.8490219116211
2022-04-21,114.5,114.58000183105469,113.22000122070312,113.55000305175781,93.84080505371094
2022-04-22,113.11000061035156,113.70999908447266,112.80999755859375,113.41999816894531,93.73333740234375
2022-04-25,114.02999877929688,114.86000061035156,114.0199966430664,114.68000030517578,94.774658203125
2022-04-26,115.23999786376953,115.2699966430664,114.4800033569336,114.62000274658203,94.72505950927734
2022-04-27,114.4000015258789,114.80999755859375,113.47000122070312,113.5199966430664,93.81598663330078
2022-04-28,113.2699966430664,113.87000274658203,113.0199966430664,113.86000061035156,94.09699249267578
2022-04-29,112.91000366210938,113.5199966430664,112.37999725341797,112.5999984741211,93.05570220947266
2022-05-02,111.69000244140625,111.91999816894531,111.30000305175781,111.68000030517578,92.5040512084961
2022-05-03,112.77999877929688,113.33999633789062,112.29000091552734,112.4000015258789,93.10039520263672
2022-05-04,112.38999938964844,113.86000061035156,111.77999877929688,113.5,94.01154327392578
2022-05-05,112.44000244140625,112.48999786376953,110.88999938964844,111.76000213623047,92.57032012939453
2022-05-06,110.8499984741211,111.5199966430664,110.66000366210938,110.80999755859375,91.7834243774414
2022-05-09,110.41999816894531,111.31999969482422,110.19000244140625,111.19999694824219,92.1064453125
2022-05-10,112.08000183105469,112.36000061035156,111.56999969482422,111.66999816894531,92.49575805664062
2022-05-11,111.19999694824219,112.45999908447266,111.04000091552734,112.19000244140625,92.92646026611328
2022-05-12,112.45999908447266,112.87999725341797,112.16000366210938,112.23999786376953,92.96788024902344
2022-05-13,112.06999969482422,112.16000366210938,111.41999816894531,111.6500015258789,92.47918701171875
2022-05-16,111.8499984741211,112.30999755859375,111.73999786376953,111.80000305175781,92.60342407226562
2022-05-17,111.16999816894531,111.4000015258789,110.94999694824219,111.16000366210938,92.07330322265625
2022-05-18,110.88999938964844,111.62000274658203,110.88999938964844,111.56999969482422,92.41293334960938
2022-05-19,112.2699966430664,112.62000274658203,111.70999908447266,111.87000274658203,92.66143798828125
2022-05-20,112.18000030517578,112.45999908447266,111.9800033569336,112.41999816894531,93.11695861816406
2022-05-23,112.06999969482422,112.51000213623047,111.77999877929688,112.0199966430664,92.78570556640625
2022-05-24,112.48999786376953,113.61000061035156,112.41000366210938,113.48999786376953,94.00324249267578
2022-05-25,114.0199966430664,114.68000030517578,113.91999816894531,114.66000366210938,94.97237396240234
2022-05-26,114.83000183105469,115.2699966430664,114.43000030517578,114.69000244140625,94.9972152709961
2022-05-27,115.16999816894531,115.66000366210938,114.87000274658203,115.29000091552734,95.49418640136719
2022-05-31,114.26000213623047,114.66000366210938,113.70999908447266,114.44000244140625,94.7901382446289
2022-06-01,114.66000366210938,114.9000015258789,113.08999633789062,113.5,94.23717498779297
2022-06-02,113.66000366210938,113.79000091552734,112.88999938964844,113.55000305175781,94.27869415283203
2022-06-03,112.73999786376953,113.19999694824219,112.73999786376953,113.19000244140625,93.97979736328125
2022-06-06,113.11000061035156,113.19000244140625,112.30999755859375,112.38999938964844,93.3155517578125
2022-06-07,112.69000244140625,113.29000091552734,112.61000061035156,112.98999786376953,93.81376647949219
2022-06-08,112.76000213623047,113.08999633789062,112.33000183105469,112.33999633789062,93.27401733398438
2022-06-09,112.05999755859375,112.33999633789062,111.54000091552734,111.5999984741211,92.65965270996094
2022-06-10,111.01000213623047,111.13999938964844,109.86000061035156,110.5199966430664,91.76293182373047
2022-06-13,108.37000274658203,108.8499984741211,107.0999984741211,107.97000122070312,89.64572143554688
2022-06-14,108.45999908447266,108.81999969482422,107.16000366210938,107.41000366210938,89.18074035644531
2022-06-15,108.66000366210938,109.19000244140625,107.73999786376953,109.08999633789062,90.57563018798828
2022-06-16,107.58999633789062,109.4800033569336,107.29000091552734,109.20999908447266,90.67526245117188
2022-06-17,109.5199966430664,109.70999908447266,108.7699966430664,109.43000030517578,90.85790252685547
2022-06-21,108.94000244140625,109.41999816894531,108.20999908447266,108.33000183105469,89.944580078125
2022-06-22,109.45999908447266,109.66999816894531,109.05999755859375,109.12000274658203,90.60054016113281
2022-06-23,109.63999938964844,110.81999969482422,109.58999633789062,109.95999908447266,91.29798126220703
2022-06-24,109.87999725341797,110.66999816894531,109.8499984741211,110.08999633789062,91.4058837890625
2022-06-27,109.4800033569336,109.70999908447266,109.0199966430664,109.08000183105469,90.56732177734375
2022-06-28,108.9000015258789,109.11000061035156,108.5199966430664,109.05000305175781,90.54243469238281
2022-06-29,109.0999984741211,109.70999908447266,109.0199966430664,109.69999694824219,91.08207702636719
2022-06-30,109.7699966430664,110.9000015258789,109.7699966430664,110.02999877929688,91.3560791015625
2022-07-01,110.66000366210938,111.45999908447266,110.47000122070312,111.12000274658203,92.51082611083984
2022-07-05,111.19999694824219,111.30000305175781,110.83999633789062,111.08999633789062,92.48580932617188
2022-07-06,111.41000366210938,111.58000183105469,110.43000030517578,110.54000091552734,92.0279541015625
2022-07-07,110.95999908447266,111.13999938964844,110.33000183105469,110.52999877929688,92.01961517333984
2022-07-08,110.12000274658203,110.41000366210938,109.94999694824219,110.3499984741211,91.8697509765625
2022-07-11,110.81999969482422,111.16000366210938,110.5,110.66000366210938,92.1278305053711
2022-07-12,111.11000061035156,111.58000183105469,110.77999877929688,110.81999969482422,92.26107025146484
2022-07-13,109.72000122070312,111.77999877929688,109.70999908447266,111.6500015258789,92.95206451416016
2022-07-14,110.44000244140625,111.22000122070312,110.08999633789062,110.94000244140625,92.36093139648438
2022-07-15,110.86000061035156,112.05000305175781,110.86000061035156,111.83000183105469,93.1019058227539
2022-07-18,111.66000366210938,111.66999816894531,110.97000122070312,111.05000305175781,92.45255279541016
2022-07-19,111.20999908447266,111.47000122070312,110.81999969482422,111.36000061035156,92.71062469482422
2022-07-20,111.8499984741211,111.94000244140625,111.16000366210938,111.23999786376953,92.61071014404297
2022-07-21,111.51000213623047,112.7699966430664,111.51000213623047,112.76000213623047,93.87616729736328
2022-07-22,113.70999908447266,114.23999786376953,113.13999938964844,113.62999725341797,94.60045623779297
2022-07-25,112.83999633789062,113.01000213623047,112.4000015258789,112.66999816894531,93.80123138427734
2022-07-26,113.01000213623047,113.12000274658203,112.5999984741211,112.6500015258789,93.78457641601562
2022-07-27,113.16000366210938,114.05000305175781,113.12999725341797,113.4000015258789,94.40899658203125
2022-07-28,114.2300033569336,114.51000213623047,113.98999786376953,114.33999633789062,95.19153594970703
2022-07-29,114.27999877929688,115.08000183105469,114.13999938964844,114.61000061035156,95.41632843017578
2022-08-01,114.37999725341797,114.91000366210938,114.26000213623047,114.55999755859375,95.6049575805664
2022-08-02,114.52999877929688,114.68000030517578,113.06999969482422,113.16000366210938,94.43657684326172
2022-08-03,113.2300033569336,114.41999816894531,112.87000274658203,114.38999938964844,95.46307373046875
2022-08-04,114.26000213623047,114.62999725341797,113.91000366210938,114.56999969482422,95.61326599121094
2022-08-05,112.94999694824219,113.0999984741211,112.30999755859375,113.0199966430664,94.31977081298828
2022-08-08,113.58000183105469,113.94000244140625,113.41000366210938,113.47000122070312,94.69529724121094
2022-08-09,113.0199966430664,113.20999908447266,112.83000183105469,112.95999908447266,94.26969146728516
2022-08-10,113.55999755859375,114.30999755859375,113.54000091552734,114.02999877929688,95.16262817382812
2022-08-11,114.47000122070312,114.9800033569336,112.87999725341797,112.93000030517578,94.2446517944336
2022-08-12,113.54000091552734,114.26000213623047,113.2699966430664,114.23999786376953,95.337890625
2022-08-15,114.44000244140625,114.61000061035156,114.13999938964844,114.16000366210938,95.27111053466797
2022-08-16,113.80999755859375,113.87000274658203,113.12999725341797,113.72000122070312,94.90392303466797
2022-08-17,112.95999908447266,113.18000030517578,112.4000015258789,112.6500015258789,94.01097106933594
2022-08-18,113.01000213623047,113.31999969482422,112.87999725341797,112.94000244140625,94.25297546386719
2022-08-19,111.94000244140625,111.94000244140625,111.3499984741211,111.5999984741211,93.13470458984375
2022-08-22,111.29000091552734,111.30000305175781,110.7300033569336,110.8499984741211,92.5088119506836
2022-08-23,110.72000122070312,111.48999786376953,110.61000061035156,110.97000122070312,92.60894775390625
2022-08-24,110.7300033569336,110.80000305175781,110.43000030517578,110.63999938964844,92.3335189819336
2022-08-25,111.2300033569336,112.04000091552734,110.75,111.77999877929688,93.284912109375
2022-08-26,111.44999694824219,111.73999786376953,111.01000213623047,111.11000061035156,92.72576904296875
2022-08-29,110.62000274658203,110.62000274658203,110.1500015258789,110.29000091552734,92.04143524169922
2022-08-30,110.58000183105469,110.80000305175781,109.8499984741211,110.43000030517578,92.15827178955078
2022-08-31,110.19999694824219,110.37000274658203,109.20999908447266,109.2699966430664,91.19022369384766
2022-09-01,108.19000244140625,108.41999816894531,107.3499984741211,108.30999755859375,90.64122772216797
2022-09-02,108.8499984741211,109.25,108.37999725341797,108.38999938964844,90.70816040039062
2022-09-06,107.86000061035156,107.94000244140625,106.91999816894531,106.91999816894531,89.47798156738281
2022-09-07,107.41000366210938,108.48999786376953,107.38999938964844,108.37999725341797,90.69983673095703
2022-09-08,108.33999633789062,108.66999816894531,108.05000305175781,108.12999725341797,90.4906234741211
2022-09-09,108.55000305175781,108.98999786376953,108.3499984741211,108.37999725341797,90.69983673095703
2022-09-12,108.80000305175781,109.0199966430664,107.91999816894531,108.13999938964844,90.49897003173828
2022-09-13,107.05999755859375,107.5199966430664,106.91000366210938,107.36000061035156,89.8462142944336
2022-09-14,107.33000183105469,108.05999755859375,107.30000305175781,107.87000274658203,90.27301025390625
2022-09-15,107.62000274658203,107.76000213623047,107.19999694824219,107.3499984741211,89.83781433105469
2022-09-16,106.75,108.16000366210938,106.7300033569336,107.0999984741211,89.62862396240234
2022-09-19,106.62000274658203,107.38999938964844,106.52999877929688,107.27999877929688,89.77925109863281
2022-09-20,106.33999633789062,106.6500015258789,106.05999755859375,106.20999908447266,88.88380432128906
2022-09-21,106.62999725341797,106.9000015258789,105.5999984741211,106.61000061035156,89.21856689453125
2022-09-22,105.62000274658203,105.62999725341797,104.80999755859375,105.11000061035156,87.9632568359375
2022-09-23,104.87999725341797,105.06999969482422,104.33000183105469,104.80999755859375,87.71224212646484
2022-09-26,104.38999938964844,104.58999633789062,102.94000244140625,102.98999786376953,86.18907928466797
2022-09-27,103.05999755859375,103.2699966430664,101.4000015258789,101.44000244140625,84.8919677734375
2022-09-28,102.48999786376953,103.56999969482422,102.2699966430664,103.4800033569336,86.59918975830078
2022-09-29,102.5199966430664,102.77999877929688,101.73999786376953,102.70999908447266,85.95480346679688
2022-09-30,103.05999755859375,103.56999969482422,102.44000244140625,102.44999694824219,85.73716735839844
2022-10-03,103.61000061035156,104.83999633789062,103.38999938964844,104.0,87.32328796386719
2022-10-04,104.80999755859375,105.12000274658203,104.36000061035156,104.4800033569336,87.72631072998047
2022-10-05,103.66999816894531,103.88999938964844,102.94999694824219,103.69000244140625,87.06300354003906
2022-10-06,103.68000030517578,103.94000244140625,103.19999694824219,103.44999694824219,86.86146545410156
2022-10-07,102.83999633789062,102.91000366210938,102.37000274658203,102.41999816894531,85.99663543701172
2022-10-10,102.38999938964844,102.44999694824219,101.08999633789062,101.5,85.22417449951172
2022-10-11,101.7699966430664,102.16999816894531,101.04000091552734,101.29000091552734,85.04780578613281
2022-10-12,101.16999816894531,101.4800033569336,100.83000183105469,101.16999816894531,84.94709014892578
2022-10-13,99.19999694824219,101.63999938964844,99.18000030517578,101.3499984741211,85.09821319580078
2022-10-14,101.98999786376953,101.98999786376953,100.2699966430664,100.37999725341797,84.28376770019531
2022-10-17,101.26000213623047,101.66999816894531,100.79000091552734,100.86000061035156,84.68677520751953
2022-10-18,101.47000122070312,101.61000061035156,100.51000213623047,101.45999908447266,85.1905746459961
2022-10-19,100.54000091552734,100.83999633789062,99.94000244140625,100.06999969482422,84.02348327636719
2022-10-20,99.81999969482422,100.37000274658203,99.0999984741211,99.19999694824219,83.29299926757812
2022-10-21,98.7300033569336,99.63999938964844,98.41000366210938,99.4800033569336,83.528076171875
2022-10-24,99.37999725341797,99.9800033569336,98.83000183105469,99.43000030517578,83.48609161376953
2022-10-25,100.29000091552734,101.19000244140625,100.29000091552734,100.76000213623047,84.60279083251953
2022-10-26,101.01000213623047,101.72000122070312,100.91000366210938,101.22000122070312,84.98905944824219
2022-10-27,101.56999969482422,102.08999633789062,101.19999694824219,101.69000244140625,85.38372039794922
2022-10-28,101.29000091552734,102.05000305175781,101.23999786376953,101.9000015258789,85.56004333496094
2022-10-31,101.54000091552734,101.68000030517578,100.97000122070312,101.3499984741211,85.09821319580078
2022-11-01,102.0999984741211,102.19000244140625,101.19000244140625,101.7699966430664,85.71046447753906
2022-11-02,101.91000366210938,102.91999816894531,101.0199966430664,101.27999877929688,85.29782104492188
2022-11-03,100.33000183105469,101.18000030517578,100.01000213623047,100.91999816894531,84.99462890625
2022-11-04,101.20999908447266,101.55000305175781,100.66000366210938,101.12000274658203,85.16307067871094
2022-11-07,101.16999816894531,101.2300033569336,100.54000091552734,100.75,84.85144805908203
2022-11-08,101.0,101.48999786376953,100.8499984741211,101.16999816894531,85.20514678955078
2022-11-09,100.86000061035156,101.41999816894531,100.6500015258789,100.91000366210938,84.9862060546875
2022-11-10,103.0999984741211,104.38999938964844,103.06999969482422,104.29000091552734,87.83281707763672
2022-11-11,104.12000274658203,104.73999786376953,103.9800033569336,104.56999969482422,88.06864929199219
2022-11-14,104.20999908447266,104.44999694824219,104.01000213623047,104.04000091552734,87.62226104736328
2022-11-15,105.12000274658203,105.52999877929688,104.81999969482422,105.48999786376953,88.8434829711914
2022-11-16,105.80000305175781,106.5999984741211,105.58000183105469,106.38999938964844,89.60143280029297
2022-11-17,105.5199966430664,105.91000366210938,105.22000122070312,105.81999969482422,89.12139892578125
2022-11-18,106.12999725341797,106.29000091552734,105.61000061035156,105.80999755859375,89.11298370361328
2022-11-21,106.19999694824219,106.36000061035156,105.63999938964844,105.6500015258789,88.97822570800781
2022-11-22,106.19000244140625,106.7300033569336,106.05999755859375,106.58999633789062,89.76988220214844
2022-11-23,106.95999908447266,107.69999694824219,106.91999816894531,107.66000366210938,90.67105865478516
2022-11-25,107.72000122070312,107.79000091552734,107.5,107.7699966430664,90.7636947631836
2022-11-28,107.8499984741211,107.87999725341797,106.88999938964844,106.98999786376953,90.10679626464844
2022-11-29,106.51000213623047,106.80999755859375,106.23999786376953,106.45999908447266,89.66041564941406
2022-11-30,106.4000015258789,107.77999877929688,105.98999786376953,107.76000213623047,90.75527954101562
2022-12-01,107.91999816894531,108.80999755859375,107.61000061035156,108.76000213623047,91.89077758789062
2022-12-02,108.0,109.41999816894531,107.79000091552734,109.41999816894531,92.44842529296875
2022-12-05,108.70999908447266,108.70999908447266,108.0199966430664,108.48999786376953,91.66268157958984
2022-12-06,108.87000274658203,108.9800033569336,108.52999877929688,108.81999969482422,91.94153594970703
2022-12-07,109.38999938964844,110.08000183105469,109.27999877929688,110.02999877929688,92.9638442993164
2022-12-08,109.73999786376953,110.02999877929688,109.41000366210938,109.68000030517578,92.6681137084961
2022-12-09,109.30000305175781,109.4000015258789,108.81999969482422,108.86000061035156,91.97531127929688
2022-12-12,109.62000274658203,109.73999786376953,108.6500015258789,108.72000122070312,91.85702514648438
2022-12-13,110.76000213623047,110.88999938964844,109.4800033569336,109.66999816894531,92.6596908569336
2022-12-14,109.66000366210938,109.93000030517578,108.7699966430664,109.7699966430664,92.74413299560547
2022-12-15,109.52999877929688,109.72000122070312,109.16000366210938,109.52999877929688,92.82210540771484
2022-12-16,108.4800033569336,109.19999694824219,108.4800033569336,109.05999755859375,92.4238052368164
2022-12-19,108.43000030517578,108.44999694824219,107.69999694824219,107.95999908447266,91.49161529541016
2022-12-20,106.93000030517578,107.0199966430664,106.5199966430664,106.69000244140625,90.41531372070312
2022-12-21,107.37000274658203,107.5199966430664,107.01000213623047,107.41999816894531,91.0339584350586
2022-12-22,107.37000274658203,107.54000091552734,107.13999938964844,107.38999938964844,91.00855255126953
2022-12-23,106.95999908447266,107.30999755859375,106.83000183105469,107.05999755859375,90.7288818359375
2022-12-27,106.31999969482422,106.54000091552734,105.63999938964844,105.68000030517578,89.55938720703125
2022-12-28,106.06999969482422,106.2300033569336,105.3499984741211,105.3499984741211,89.27973937988281
2022-12-29,105.7300033569336,106.13999938964844,105.66000366210938,106.0999984741211,89.91533660888672
2022-12-30,105.80999755859375,105.94000244140625,105.16999816894531,105.43000030517578,89.3475570678711
2023-01-03,106.94999694824219,106.98999786376953,105.8499984741211,106.16000366210938,89.96617889404297
2023-01-04,107.02999877929688,107.0999984741211,106.5199966430664,106.93000030517578,90.61872863769531
2023-01-05,106.08999633789062,106.95999908447266,106.08999633789062,106.8499984741211,90.55091857910156
2023-01-06,107.02999877929688,108.7699966430664,106.88999938964844,108.5999984741211,92.03397369384766
2023-01-09,108.44000244140625,109.29000091552734,108.33999633789062,109.02999877929688,92.39837646484375
2023-01-10,108.51000213623047,108.83000183105469,108.25,108.66000366210938,92.08483123779297
2023-01-11,109.31999969482422,109.63999938964844,109.16999816894531,109.58999633789062,92.8729476928711
2023-01-12,109.87999725341797,110.8499984741211,109.23999786376953,110.83000183105469,93.92379760742188
2023-01-13,110.44999694824219,110.88999938964844,110.30999755859375,110.47000122070312,93.61873626708984
2023-01-17,110.01000213623047,110.41000366210938,109.91999816894531,110.06999969482422,93.27971649169922
2023-01-18,111.68000030517578,111.94999694824219,110.87000274658203,111.36000061035156,94.37298583984375
2023-01-19,110.87000274658203,111.2300033569336,110.76000213623047,111.12999725341797,94.17805480957031
2023-01-20,110.58000183105469,110.68000030517578,110.12000274658203,110.55000305175781,93.6865234375
2023-01-23,110.1500015258789,110.5199966430664,110.08000183105469,110.2300033569336,93.41534423828125
2023-01-24,110.29000091552734,110.94000244140625,109.91999816894531,110.80999755859375,93.9068603515625
2023-01-25,110.70999908447266,110.95999908447266,110.33000183105469,110.86000061035156,93.94923400878906
2023-01-26,110.93000030517578,111.08000183105469,110.37000274658203,110.81999969482422,93.9153060913086
2023-01-27,110.37000274658203,110.66000366210938,110.27999877929688,110.5,93.6441650390625
2023-01-30,110.16000366210938,110.62000274658203,110.01000213623047,110.08000183105469,93.28821563720703
2023-01-31,110.66999816894531,110.97000122070312,110.08000183105469,110.87000274658203,93.95772552490234
2023-02-01,110.87000274658203,111.9000015258789,110.27999877929688,111.6500015258789,94.91146850585938
2023-02-02,112.36000061035156,112.51000213623047,111.69999694824219,111.80999755859375,95.04751586914062
2023-02-03,110.69999694824219,110.9000015258789,110.29000091552734,110.54000091552734,93.9679183959961
2023-02-06,109.9800033569336,110.01000213623047,109.62000274658203,109.69000244140625,93.2453384399414
2023-02-07,109.5,110.12000274658203,109.19000244140625,109.33000183105469,92.93931579589844
2023-02-08,109.43000030517578,109.63999938964844,108.94999694824219,109.44000244140625,93.03282928466797
2023-02-09,109.95999908447266,109.97000122070312,108.45999908447266,108.5199966430664,92.25076293945312
2023-02-10,108.37999725341797,108.44999694824219,107.72000122070312,107.76000213623047,91.60470581054688
2023-02-13,107.86000061035156,108.16000366210938,107.7699966430664,108.16000366210938,91.94474029541016
2023-02-14,108.11000061035156,108.3499984741211,107.22000122070312,107.88999938964844,91.71520233154297
2023-02-15,107.72000122070312,107.79000091552734,107.20999908447266,107.4800033569336,91.3666763305664
2023-02-16,106.95999908447266,107.18000030517578,106.55999755859375,106.62000274658203,90.63560485839844
2023-02-17,106.2699966430664,107.04000091552734,106.22000122070312,107.04000091552734,90.99264526367188
2023-02-21,106.18000030517578,106.25,105.4800033569336,105.5199966430664,89.70049285888672
2023-02-22,105.94000244140625,106.2699966430664,105.7699966430664,105.81999969482422,89.95555114746094
2023-02-23,106.12999725341797,106.69000244140625,106.05000305175781,106.6500015258789,90.6611099243164
2023-02-24,105.8499984741211,106.05000305175781,105.58000183105469,105.8499984741211,89.98103332519531
2023-02-27,106.12999725341797,106.29000091552734,105.80000305175781,105.87999725341797,90.00653076171875
2023-02-28,105.44000244140625,106.0,105.2699966430664,105.91999816894531,90.04053497314453
2023-03-01,105.26000213623047,105.36000061035156,104.76000213623047,104.88999938964844,89.47920989990234
2023-03-02,104.43000030517578,104.9800033569336,104.33000183105469,104.9800033569336,89.55599975585938
2023-03-03,105.61000061035156,106.2300033569336,105.44000244140625,106.16999816894531,90.57117462158203
2023-03-06,106.5,106.54000091552734,105.81999969482422,105.87999725341797,90.3237533569336
2023-03-07,106.08999633789062,106.19999694824219,105.33999633789062,105.58000183105469,90.06783294677734
2023-03-08,105.9000015258789,106.16999816894531,105.1500015258789,105.41000366210938,89.92280578613281
2023-03-09,105.48999786376953,105.83000183105469,105.16000366210938,105.30999755859375,89.83747863769531
2023-03-10,106.5,107.13999938964844,106.25,106.81999969482422,91.12567138671875
2023-03-13,107.41000366210938,108.26000213623047,106.4800033569336,106.91000366210938,91.2024154663086
2023-03-14,106.83999633789062,107.56999969482422,106.43000030517578,106.58999633789062,90.929443359375
2023-03-15,107.30000305175781,108.0999984741211,106.98999786376953,107.61000061035156,91.79957580566406
2023-03-16,108.05999755859375,108.30000305175781,107.12999725341797,107.44999694824219,91.66307830810547
2023-03-17,107.77999877929688,108.41999816894531,107.61000061035156,107.98999786376953,92.1237564086914
2023-03-20,108.08000183105469,108.27999877929688,107.55999755859375,107.66999816894531,91.85076904296875
2023-03-21,108.12000274658203,108.25,107.69999694824219,108.19000244140625,92.29437255859375
2023-03-22,108.11000061035156,109.58999633789062,107.80999755859375,108.81999969482422,92.83180236816406
2023-03-23,108.70999908447266,109.22000122070312,108.37999725341797,109.12999725341797,93.09626770019531
2023-03-24,109.43000030517578,109.69000244140625,109.18000030517578,109.47000122070312,93.38631439208984
2023-03-27,108.4800033569336,108.98999786376953,108.12999725341797,108.16000366210938,92.26879119873047
2023-03-28,108.04000091552734,108.20999908447266,107.73999786376953,107.9800033569336,92.11522674560547
2023-03-29,107.76000213623047,108.5199966430664,107.72000122070312,108.4800033569336,92.5417709350586
2023-03-30,108.4800033569336,108.8499984741211,108.45999908447266,108.62999725341797,92.66971588134766
2023-03-31,109.0999984741211,109.69000244140625,108.86000061035156,109.61000061035156,93.50572204589844
2023-04-03,109.16999816894531,110.0199966430664,109.0,109.93000030517578,94.07052612304688
2023-04-04,109.41999816894531,110.19999694824219,109.29000091552734,110.06999969482422,94.19029998779297
2023-04-05,110.22000122070312,110.58000183105469,110.05000305175781,110.43000030517578,94.49838256835938
2023-04-06,110.48999786376953,110.5999984741211,110.2300033569336,110.33000183105469,94.4128189086914
2023-04-10,109.77999877929688,109.88999938964844,109.3499984741211,109.81999969482422,93.97637176513672
2023-04-11,109.83999633789062,109.94999694824219,109.55000305175781,109.79000091552734,93.95072937011719
2023-04-12,110.26000213623047,110.30999755859375,109.38999938964844,109.55999755859375,93.75392150878906
2023-04-13,109.9000015258789,110.05000305175781,109.55000305175781,109.75,93.91650390625
2023-04-14,109.44000244140625,109.56999969482422,109.02999877929688,109.38999938964844,93.60840606689453
2023-04-17,109.05999755859375,109.16999816894531,108.58000183105469,108.69999694824219,93.01798248291016
2023-04-18,108.91000366210938,109.2300033569336,108.9000015258789,109.05999755859375,93.32601928710938
2023-04-19,108.77999877929688,108.80000305175781,108.45999908447266,108.5199966430664,92.86393737792969
2023-04-20,108.7699966430664,109.0999984741211,108.75,108.93000030517578,93.21478271484375
2023-04-21,109.3499984741211,109.4000015258789,108.6500015258789,109.0,93.27468872070312
2023-04-24,109.0999984741211,109.51000213623047,109.0999984741211,109.4800033569336,93.68544006347656
2023-04-25,109.94999694824219,110.2300033569336,109.91000366210938,109.95999908447266,94.09619140625
2023-04-26,110.06999969482422,110.12999725341797,109.37999725341797,109.4800033569336,93.68544006347656
2023-04-27,109.30000305175781,109.38999938964844,109.02999877929688,109.08000183105469,93.3431625366211
2023-04-28,109.81999969482422,109.98999786376953,109.51000213623047,109.93000030517578,94.07052612304688
2023-05-01,108.94000244140625,108.9800033569336,107.61000061035156,107.79000091552734,92.55244445800781
2023-05-02,108.18000030517578,109.11000061035156,108.05999755859375,109.08999633789062,93.66867065429688
2023-05-03,109.30000305175781,109.55000305175781,108.83999633789062,109.2699966430664,93.82322692871094
2023-05-04,108.66000366210938,109.26000213623047,108.55000305175781,108.97000122070312,93.56565856933594
2023-05-05,108.68000030517578,108.81999969482422,108.33999633789062,108.54000091552734,93.1964340209961
2023-05-08,107.94000244140625,108.02999877929688,107.62000274658203,107.76000213623047,92.5267105102539
2023-05-09,107.77999877929688,107.98999786376953,107.69000244140625,107.72000122070312,92.49236297607422
2023-05-10,108.41999816894531,108.58999633789062,108.25,108.56999969482422,93.22217559814453
2023-05-11,109.23999786376953,109.25,108.86000061035156,108.98999786376953,93.58283996582031
2023-05-12,108.98999786376953,109.06999969482422,108.30000305175781,108.31999969482422,93.00750732421875
2023-05-15,107.7699966430664,107.8499984741211,107.5999984741211,107.73999786376953,92.50951385498047
2023-05-16,107.27999877929688,107.38999938964844,107.08999633789062,107.19999694824219,92.04586029052734
2023-05-17,107.4000015258789,107.4800033569336,107.08000183105469,107.19000244140625,92.03724670410156
2023-05-18,106.93000030517578,106.93000030517578,106.58999633789062,106.73999786376953,91.65089416503906
2023-05-19,106.7300033569336,106.9000015258789,106.5,106.61000061035156,91.53926849365234
2023-05-22,106.68000030517578,106.93000030517578,106.5,106.56999969482422,91.5049057006836
2023-05-23,106.44999694824219,106.88999938964844,106.29000091552734,106.79000091552734,91.6938247680664
2023-05-24,106.8499984741211,106.88999938964844,106.30999755859375,106.37000274658203,91.33317565917969
2023-05-25,106.48999786376953,106.55999755859375,105.9800033569336,106.0199966430664,91.03266906738281
2023-05-26,106.04000091552734,106.51000213623047,105.95999908447266,106.47000122070312,91.41905975341797
2023-05-30,106.94000244140625,107.2699966430664,106.87999725341797,107.2699966430664,92.10597229003906
2023-05-31,107.23999786376953,107.73999786376953,107.06999969482422,107.62000274658203,92.40647888183594
2023-06-01,107.61000061035156,107.86000061035156,107.44000244140625,107.5999984741211,92.68990325927734
2023-06-02,107.69000244140625,107.76000213623047,107.22000122070312,107.30999755859375,92.44004821777344
2023-06-05,106.97000122070312,107.48999786376953,106.8499984741211,107.08000183105469,92.2419662475586
2023-06-06,107.11000061035156,107.31999969482422,106.81999969482422,107.29000091552734,92.42285919189453
2023-06-07,107.20999908447266,107.31999969482422,106.2699966430664,106.33000183105469,91.59588623046875
2023-06-08,106.44000244140625,107.0999984741211,106.41000366210938,107.04000091552734,92.20751190185547
2023-06-09,106.80999755859375,106.91999816894531,106.58000183105469,106.76000213623047,91.96630859375
2023-06-12,106.98999786376953,107.11000061035156,106.41999816894531,107.0999984741211,92.25919342041016
2023-06-13,107.2699966430664,107.38999938964844,106.44999694824219,106.62000274658203,91.845703125
2023-06-14,106.93000030517578,107.22000122070312,106.43000030517578,106.94999694824219,92.12994384765625
2023-06-15,107.51000213623047,107.9000015258789,107.2699966430664,107.87999725341797,92.93109893798828
2023-06-16,107.54000091552734,107.79000091552734,107.30000305175781,107.69000244140625,92.76744079589844
2023-06-20,107.8499984741211,108.19999694824219,107.8499984741211,108.08000183105469,93.10337829589844
2023-06-21,107.62999725341797,108.08999633789062,107.30999755859375,107.95999908447266,93.00000762939453
2023-06-22,107.55999755859375,107.80000305175781,107.22000122070312,107.4000015258789,92.51760864257812
2023-06-23,108.12000274658203,108.12000274658203,107.5,107.69999694824219,92.77603149414062
2023-06-26,107.9800033569336,108.0199966430664,107.76000213623047,107.81999969482422,92.8794174194336
2023-06-27,107.93000030517578,108.12999725341797,107.45999908447266,107.69999694824219,92.77603149414062
2023-06-28,107.8499984741211,108.19000244140625,107.62999725341797,108.16999816894531,93.18090057373047
2023-06-29,107.37000274658203,107.45999908447266,107.01000213623047,107.3499984741211,92.47452545166016
2023-06-30,107.62999725341797,108.20999908447266,107.44000244140625,108.13999938964844,93.15503692626953
2023-07-03,107.87000274658203,108.16000366210938,107.48999786376953,107.48999786376953,92.89408111572266
2023-07-05,107.30999755859375,107.37999725341797,106.58999633789062,106.72000122070312,92.22863006591797
2023-07-06,105.87999725341797,105.94000244140625,105.3499984741211,105.63999938964844,91.29528045654297
2023-07-07,105.66999816894531,105.98999786376953,105.5199966430664,105.54000091552734,91.2088623046875
2023-07-10,105.68000030517578,106.19000244140625,105.58000183105469,106.08999633789062,91.68417358398438
2023-07-11,106.33999633789062,106.66000366210938,106.20999908447266,106.58999633789062,92.11629486083984
2023-07-12,107.12000274658203,107.68000030517578,107.12000274658203,107.52999877929688,92.92863464355469
2023-07-13,107.98999786376953,108.33000183105469,107.87000274658203,108.29000091552734,93.58545684814453
2023-07-14,108.12000274658203,108.23999786376953,107.41999816894531,107.44999694824219,92.8595199584961
2023-07-17,107.43000030517578,107.72000122070312,107.3499984741211,107.62999725341797,93.01507568359375
2023-07-18,108.06999969482422,108.18000030517578,107.86000061035156,107.9000015258789,93.24840545654297
2023-07-19,108.26000213623047,108.5199966430664,108.08000183105469,108.51000213623047,93.77557373046875
2023-07-20,108.06999969482422,108.0999984741211,107.48999786376953,107.77999877929688,93.14470672607422
2023-07-21,108.18000030517578,108.20999908447266,107.87999725341797,107.97000122070312,93.30889892578125
2023-07-24,108.16000366210938,108.30000305175781,107.80999755859375,107.83999633789062,93.19651794433594
2023-07-25,107.55999755859375,107.88999938964844,107.54000091552734,107.66999816894531,93.04963684082031
2023-07-26,108.05999755859375,108.26000213623047,107.69000244140625,108.16999816894531,93.48173522949219
2023-07-27,108.04000091552734,108.12999725341797,106.72000122070312,106.8499984741211,92.34098815917969
2023-07-28,107.33000183105469,107.5999984741211,107.13999938964844,107.55000305175781,92.94593048095703
2023-07-31,107.58000183105469,108.02999877929688,107.58000183105469,107.8499984741211,93.20519256591797
2023-08-01,106.80000305175781,106.97000122070312,106.31999969482422,106.41000366210938,92.27645874023438
2023-08-02,105.80000305175781,105.87999725341797,105.38999938964844,105.76000213623047,91.71278381347656
2023-08-03,104.91000366210938,104.94999694824219,104.55999755859375,104.80999755859375,90.88894653320312
2023-08-04,105.19000244140625,106.04000091552734,105.18000030517578,105.9000015258789,91.83416748046875
2023-08-07,105.80999755859375,105.86000061035156,105.5,105.63999938964844,91.60872650146484
2023-08-08,106.12999725341797,106.30000305175781,105.91999816894531,106.05999755859375,91.97293853759766
2023-08-09,106.19999694824219,106.30999755859375,106.05999755859375,106.16000366210938,92.05963897705078
2023-08-10,106.29000091552734,106.55999755859375,105.37999725341797,105.41000366210938,91.40927124023438
2023-08-11,105.04000091552734,105.41000366210938,104.9800033569336,105.05000305175781,91.09708404541016
2023-08-14,105.0199966430664,105.30000305175781,104.70999908447266,105.01000213623047,91.06238555908203
2023-08-15,104.7699966430664,104.94999694824219,104.45999908447266,104.45999908447266,90.58544921875
2023-08-16,104.37000274658203,104.66000366210938,103.86000061035156,103.98999786376953,90.1778564453125
2023-08-17,103.86000061035156,103.94999694824219,103.4000015258789,103.70999908447266,89.93508911132812
2023-08-18,103.7300033569336,104.20999908447266,103.62000274658203,104.0999984741211,90.27325439453125
2023-08-21,103.63999938964844,103.70999908447266,103.26000213623047,103.4800033569336,89.735595703125
2023-08-22,103.58000183105469,103.87000274658203,103.43000030517578,103.80000305175781,90.01310729980469
2023-08-23,104.4800033569336,105.27999877929688,104.4800033569336,105.26000213623047,91.2791976928711
2023-08-24,105.08000183105469,105.22000122070312,104.87999725341797,104.9000015258789,90.96701049804688
2023-08-25,104.86000061035156,105.29000091552734,104.51000213623047,104.95999908447266,91.01903533935547
2023-08-28,105.44000244140625,105.44999694824219,105.04000091552734,105.29000091552734,91.30519104003906
2023-08-29,105.2300033569336,106.16999816894531,105.1500015258789,106.12999725341797,92.03364562988281
2023-08-30,106.18000030517578,106.26000213623047,105.94000244140625,105.9800033569336,91.9035415649414
2023-08-31,106.16000366210938,106.4000015258789,106.06999969482422,106.16000366210938,92.05963897705078
2023-09-01,105.77999877929688,105.80999755859375,104.91000366210938,105.02999877929688,91.4043197631836
2023-09-05,104.70999908447266,104.75,104.25,104.27999877929688,90.75164031982422
2023-09-06,104.41999816894531,104.44999694824219,103.94999694824219,104.18000030517578,90.66458892822266
2023-09-07,104.30999755859375,104.6500015258789,104.20999908447266,104.63999938964844,91.06494140625
2023-09-08,104.91000366210938,105.18000030517578,104.72000122070312,104.72000122070312,91.13455200195312
2023-09-11,104.58999633789062,104.63999938964844,104.38999938964844,104.5199966430664,90.96049499511719
2023-09-12,104.52999877929688,104.55000305175781,104.30999755859375,104.48999786376953,90.93438720703125
2023-09-13,104.37999725341797,104.81999969482422,104.31999969482422,104.72000122070312,91.13455200195312
2023-09-14,104.80000305175781,104.9000015258789,104.47000122070312,104.52999877929688,90.96920013427734
2023-09-15,104.43000030517578,104.4800033569336,104.1500015258789,104.37000274658203,90.82994079589844
2023-09-18,104.16999816894531,104.5999984741211,104.16999816894531,104.56999969482422,91.00399017333984
2023-09-19,104.31999969482422,104.43000030517578,104.18000030517578,104.22000122070312,90.69940185546875
2023-09-20,104.55999755859375,104.77999877929688,104.23999786376953,104.26000213623047,90.7342529296875
2023-09-21,103.41000366210938,103.43000030517578,103.12999725341797,103.20999908447266,89.82046508789062
2023-09-22,103.44999694824219,103.94000244140625,103.31999969482422,103.83999633789062,90.36870574951172
2023-09-25,103.05999755859375,103.36000061035156,102.80000305175781,102.83000183105469,89.48973083496094
2023-09-26,103.05000305175781,103.12000274658203,102.4000015258789,102.54000091552734,89.23738098144531
2023-09-27,103.0199966430664,103.11000061035156,101.69999694824219,102.05999755859375,88.81963348388672
2023-09-28,101.62000274658203,102.26000213623047,101.30000305175781,102.23999786376953,88.97628784179688
2023-09-29,102.77999877929688,102.91999816894531,101.77999877929688,102.0199966430664,88.78482818603516
2023-10-02,101.12999725341797,101.30000305175781,100.5999984741211,100.69000244140625,87.97142791748047
2023-10-03,100.37000274658203,100.52999877929688,99.38999938964844,99.52999877929688,86.95793914794922
2023-10-04,100.08999633789062,100.44999694824219,99.66999816894531,100.4000015258789,87.71807098388672
2023-10-05,100.54000091552734,100.75,100.12000274658203,100.27999877929688,87.61321258544922
2023-10-06,99.31999969482422,100.19999694824219,99.16999816894531,99.9800033569336,87.35110473632812
2023-10-09,100.4800033569336,101.25,100.30999755859375,101.22000122070312,88.43447875976562
2023-10-10,100.76000213623047,101.66000366210938,100.56999969482422,101.26000213623047,88.46944427490234
2023-10-11,101.86000061035156,101.94000244140625,101.43000030517578,101.87999725341797,89.01111602783203
2023-10-12,101.7300033569336,101.83999633789062,100.5999984741211,100.81999969482422,88.08499145507812
2023-10-13,101.6500015258789,101.7300033569336,101.18000030517578,101.37999725341797,88.57425689697266
2023-10-16,100.81999969482422,100.94999694824219,100.62999725341797,100.68000030517578,87.96268463134766
2023-10-17,99.80000305175781,100.22000122070312,99.55999755859375,99.87999725341797,87.26375579833984
2023-10-18,99.51000213623047,99.56999969482422,98.94999694824219,99.08000183105469,86.56480407714844
2023-10-19,98.91999816894531,99.2300033569336,98.2699966430664,98.27999877929688,85.86585235595703
2023-10-20,98.36000061035156,98.76000213623047,98.36000061035156,98.66999816894531,86.20658111572266
2023-10-23,98.37999725341797,99.70999908447266,98.23999786376953,99.44000244140625,86.87933349609375
2023-10-24,99.58999633789062,100.05999755859375,99.41999816894531,100.0,87.36856079101562
2023-10-25,99.44000244140625,99.5,98.86000061035156,99.08999633789062,86.57351684570312
2023-10-26,99.18000030517578,99.87000274658203,99.02999877929688,99.80999755859375,87.20256805419922
2023-10-27,99.69000244140625,99.81999969482422,99.30999755859375,99.61000061035156,87.02783203125
2023-10-30,99.33000183105469,99.52999877929688,99.01000213623047,99.30999755859375,86.76573944091797
2023-10-31,99.44000244140625,99.9000015258789,99.13999938964844,99.16999816894531,86.64340209960938
2023-11-01,99.2699966430664,100.26000213623047,99.22000122070312,100.22000122070312,87.88338470458984
2023-11-02,101.19999694824219,101.48999786376953,101.02999877929688,101.41000366210938,88.9268798828125
2023-11-03,102.58000183105469,102.9000015258789,101.87999725341797,101.91000366210938,89.36534118652344
2023-11-06,101.7300033569336,101.7300033569336,101.25,101.37000274658203,88.89179229736328
2023-11-07,101.75,102.4000015258789,101.68000030517578,102.18000030517578,89.60211181640625
2023-11-08,102.33999633789062,102.79000091552734,102.33000183105469,102.69999694824219,90.05806732177734
2023-11-09,102.55999755859375,102.55999755859375,101.4800033569336,101.66000366210938,89.14612579345703
2023-11-10,102.30999755859375,102.33999633789062,101.97000122070312,102.16999816894531,89.59333038330078
2023-11-13,101.83000183105469,102.25,101.6500015258789,102.18000030517578,89.60211181640625
2023-11-14,103.80999755859375,104.05000305175781,103.66000366210938,103.77999877929688,91.00514221191406
2023-11-15,103.41999816894531,103.44999694824219,102.97000122070312,103.23999786376953,90.53160858154297
2023-11-16,103.7699966430664,104.13999938964844,103.69000244140625,104.08999633789062,91.2770004272461
2023-11-17,104.44999694824219,104.58000183105469,104.1500015258789,104.38999938964844,91.54006958007812
2023-11-20,104.26000213623047,104.87999725341797,104.23999786376953,104.80999755859375,91.90835571289062
2023-11-21,104.83000183105469,104.97000122070312,104.55000305175781,104.83999633789062,91.93464660644531
2023-11-22,105.23999786376953,105.37999725341797,104.8499984741211,105.26000213623047,92.302978515625
2023-11-24,104.86000061035156,105.0199966430664,104.69999694824219,104.72000122070312,91.82942199707031
2023-11-27,105.05999755859375,105.58999633789062,104.87999725341797,105.56999969482422,92.57479095458984
2023-11-28,105.38999938964844,106.02999877929688,105.29000091552734,105.98999786376953,92.94309997558594
2023-11-29,106.54000091552734,106.91000366210938,106.4000015258789,106.8499984741211,93.6972427368164
2023-11-30,106.61000061035156,106.63999938964844,106.08000183105469,106.29000091552734,93.20618438720703
2023-12-01,106.04000091552734,107.22000122070312,105.9000015258789,107.16999816894531,94.32839965820312
2023-12-04,106.80999755859375,106.94999694824219,106.44999694824219,106.68000030517578,93.89714050292969
2023-12-05,107.16000366210938,107.66999816894531,107.02999877929688,107.52999877929688,94.645263671875
2023-12-06,107.8499984741211,108.19000244140625,107.72000122070312,107.93000030517578,94.9973373413086
2023-12-07,107.79000091552734,108.2300033569336,107.68000030517578,107.94000244140625,95.00614166259766
2023-12-08,107.33999633789062,107.62999725341797,107.18000030517578,107.36000061035156,94.4956283569336
2023-12-11,107.22000122070312,107.36000061035156,106.77999877929688,107.33000183105469,94.46923828125
2023-12-12,107.31999969482422,107.9800033569336,107.13999938964844,107.94000244140625,95.00614166259766
2023-12-13,108.3499984741211,109.94999694824219,108.12999725341797,109.75,96.59927368164062
2023-12-14,110.23999786376953,110.87000274658203,110.12000274658203,110.5199966430664,97.62655639648438
2023-12-15,110.41999816894531,110.56999969482422,110.13999938964844,110.36000061035156,97.48524475097656
2023-12-18,110.04000091552734,110.16000366210938,109.83999633789062,109.9000015258789,97.07892608642578
2023-12-19,110.11000061035156,110.37000274658203,109.95999908447266,110.04000091552734,97.20259094238281
2023-12-20,110.25,110.41999816894531,109.91000366210938,110.33000183105469,97.45872497558594
2023-12-21,110.58999633789062,110.70999908447266,110.02999877929688,110.29000091552734,97.42340850830078
2023-12-22,110.44000244140625,110.5,109.94000244140625,110.0999984741211,97.25556182861328
2023-12-26,110.13999938964844,110.4000015258789,110.08999633789062,110.33000183105469,97.45872497558594
2023-12-27,110.88999938964844,111.4000015258789,110.72000122070312,111.36000061035156,98.36857604980469
2023-12-28,111.20999908447266,111.38999938964844,110.91999816894531,111.06999969482422,98.11243438720703
2023-12-29,110.69999694824219,111.01000213623047,110.55999755859375,110.66000366210938,97.75023651123047
2024-01-02,109.94000244140625,110.16999816894531,109.79000091552734,109.91000366210938,97.0877456665039
2024-01-03,109.0999984741211,109.7699966430664,108.91999816894531,109.66000366210938,96.86692810058594
2024-01-04,109.0,109.25,108.87000274658203,109.05000305175781,96.32806396484375
2024-01-05,108.72000122070312,109.56999969482422,108.58000183105469,108.66000366210938,95.98358154296875
2024-01-08,108.76000213623047,109.55000305175781,108.73999786376953,109.48999786376953,96.71670532226562
2024-01-09,109.31999969482422,109.79000091552734,109.2699966430664,109.68000030517578,96.88458251953125
2024-01-10,110.05000305175781,110.16000366210938,109.47000122070312,109.54000091552734,96.76091003417969
2024-01-11,109.7300033569336,110.33999633789062,109.38999938964844,110.19999694824219,97.3438949584961
2024-01-12,110.55000305175781,110.8499984741211,110.12999725341797,110.44000244140625,97.55590057373047
2024-01-16,109.8499984741211,109.98999786376953,109.0999984741211,109.31999969482422,96.56658172607422
2024-01-17,109.06999969482422,109.25,108.69999694824219,109.08999633789062,96.3634033203125
2024-01-18,109.26000213623047,109.33000183105469,108.76000213623047,108.87999725341797,96.17790985107422
2024-01-19,108.83999633789062,109.0199966430664,108.44999694824219,108.98999786376953,96.27508544921875
2024-01-22,109.48999786376953,109.56999969482422,109.16000366210938,109.29000091552734,96.54008483886719
2024-01-23,109.04000091552734,109.04000091552734,108.66999816894531,108.88999938964844,96.18672180175781
2024-01-24,109.38999938964844,109.44999694824219,108.58999633789062,108.68000030517578,96.00122833251953
2024-01-25,109.26000213623047,109.44000244140625,109.05000305175781,109.4000015258789,96.63723754882812
2024-01-26,109.44000244140625,109.44999694824219,109.05999755859375,109.08999633789062,96.3634033203125
2024-01-29,109.52999877929688,109.77999877929688,109.31999969482422,109.54000091552734,96.76091003417969
2024-01-30,109.81999969482422,109.91000366210938,109.33999633789062,109.88999938964844,97.070068359375
2024-01-31,110.36000061035156,110.63999938964844,109.87000274658203,110.16999816894531,97.31739807128906
2024-02-01,110.51000213623047,110.91000366210938,110.0999984741211,110.62999725341797,98.07001495361328
2024-02-02,109.47000122070312,109.70999908447266,109.22000122070312,109.62000274658203,97.17467498779297
2024-02-05,108.8499984741211,108.86000061035156,108.31999969482422,108.56999969482422,96.24388885498047
2024-02-06,108.75,109.36000061035156,108.72000122070312,109.18000030517578,96.78462982177734
2024-02-07,108.91999816894531,109.30999755859375,108.76000213623047,108.86000061035156,96.50096130371094
2024-02-08,108.54000091552734,108.58000183105469,108.19000244140625,108.30000305175781,96.00455474853516
2024-02-09,108.0199966430664,108.23999786376953,108.0,108.16000366210938,95.88043975830078
2024-02-12,108.22000122070312,108.2699966430664,107.86000061035156,108.16999816894531,95.88929748535156
2024-02-13,107.19999694824219,107.38999938964844,106.87000274658203,106.9800033569336,94.83438873291016
2024-02-14,107.0999984741211,107.5199966430664,107.08000183105469,107.4800033569336,95.27764892578125
2024-02-15,108.08000183105469,108.0999984741211,107.62000274658203,107.87000274658203,95.6233901977539
2024-02-16,107.36000061035156,107.58999633789062,107.23999786376953,107.4800033569336,95.27764892578125
2024-02-20,107.83999633789062,107.94999694824219,107.62000274658203,107.83999633789062,95.59677124023438
2024-02-21,107.91999816894531,107.91999816894531,107.41999816894531,107.56999969482422,95.35745239257812
2024-02-22,107.7300033569336,107.93000030517578,107.5999984741211,107.73999786376953,95.50813293457031
2024-02-23,107.79000091552734,108.22000122070312,107.7300033569336,108.05999755859375,95.7917709350586
2024-02-26,108.08999633789062,108.08999633789062,107.4800033569336,107.72000122070312,95.49038696289062
2024-02-27,107.6500015258789,107.83999633789062,107.51000213623047,107.56999969482422,95.35745239257812
2024-02-28,107.44000244140625,107.62999725341797,107.4000015258789,107.55999755859375,95.34854888916016
2024-02-29,107.72000122070312,108.1500015258789,107.5199966430664,107.66000366210938,95.43721008300781
2024-03-01,107.04000091552734,108.02999877929688,106.75,107.91999816894531,96.0181884765625
2024-03-04,107.62999725341797,107.87000274658203,107.55000305175781,107.72000122070312,95.84024047851562
2024-03-05,108.29000091552734,108.5999984741211,108.13999938964844,108.30999755859375,96.36518859863281
2024-03-06,108.55000305175781,108.95999908447266,108.5199966430664,108.5999984741211,96.62319946289062
2024-03-07,108.98999786376953,109.02999877929688,108.5999984741211,108.87000274658203,96.86341094970703
2024-03-08,109.08999633789062,109.30000305175781,108.91999816894531,109.0199966430664,96.99687194824219
2024-03-11,109.04000091552734,109.29000091552734,108.87000274658203,109.04000091552734,97.01467895507812
2024-03-12,108.87000274658203,108.95999908447266,108.58999633789062,108.69000244140625,96.70328521728516
2024-03-13,108.72000122070312,108.94000244140625,108.54000091552734,108.58000183105469,96.60541534423828
2024-03-14,108.25,108.25,107.69999694824219,107.77999877929688,95.89363098144531
2024-03-15,107.83000183105469,107.95999908447266,107.62999725341797,107.80999755859375,95.92034149169922
2024-03-18,107.87000274658203,107.91999816894531,107.61000061035156,107.62999725341797,95.7601547241211
2024-03-19,107.80999755859375,108.18000030517578,107.75,107.94000244140625,96.03599548339844
2024-03-20,107.9800033569336,108.33000183105469,107.52999877929688,108.13999938964844,96.21392822265625
2024-03-21,108.47000122070312,108.55000305175781,108.12999725341797,108.30000305175781,96.35629272460938
2024-03-22,108.88999938964844,108.91999816894531,108.62000274658203,108.66999816894531,96.68549346923828
2024-03-25,108.66000366210938,108.66000366210938,108.23999786376953,108.30000305175781,96.35629272460938
2024-03-26,108.48999786376953,108.48999786376953,108.12999725341797,108.2699966430664,96.32959747314453
2024-03-27,108.41999816894531,109.0199966430664,108.3499984741211,109.0199966430664,96.99687194824219
2024-03-28,108.88999938964844,109.19000244140625,108.80000305175781,108.91999816894531,96.90791320800781
2024-04-01,108.0199966430664,108.02999877929688,107.37999725341797,107.47000122070312,95.97998809814453
2024-04-02,106.93000030517578,107.36000061035156,106.68000030517578,107.30999755859375,95.83708953857422
2024-04-03,106.91999816894531,107.55999755859375,106.75,107.37999725341797,95.89961242675781
2024-04-04,107.77999877929688,107.77999877929688,107.29000091552734,107.5,96.00677490234375
2024-04-05,107.08000183105469,107.37999725341797,106.9800033569336,107.02999877929688,95.58702850341797
2024-04-08,106.93000030517578,107.22000122070312,106.86000061035156,107.0199966430664,95.57810974121094
2024-04-09,107.44999694824219,107.62999725341797,107.38999938964844,107.56999969482422,96.06930541992188
2024-04-10,106.73999786376953,106.73999786376953,105.87999725341797,106.04000091552734,94.702880859375
2024-04-11,106.30999755859375,106.4000015258789,105.61000061035156,105.81999969482422,94.50640869140625
2024-04-12,106.29000091552734,106.33000183105469,106.0199966430664,106.05999755859375,94.72073364257812
2024-04-15,105.48999786376953,105.48999786376953,104.75,104.88999938964844,93.67582702636719
2024-04-16,104.45999908447266,104.66000366210938,104.18000030517578,104.54000091552734,93.3632583618164
2024-04-17,105.04000091552734,105.27999877929688,104.80999755859375,105.11000061035156,93.87232208251953
2024-04-18,105.18000030517578,105.20999908447266,104.7300033569336,104.9000015258789,93.68476104736328
2024-04-19,105.2699966430664,105.29000091552734,104.91000366210938,105.01000213623047,93.78301239013672
2024-04-22,104.97000122070312,105.30999755859375,104.91999816894531,105.2699966430664,94.01520538330078
2024-04-23,105.16999816894531,105.87000274658203,105.0199966430664,105.44999694824219,94.17594146728516
2024-04-24,105.22000122070312,105.27999877929688,104.73999786376953,105.04000091552734,93.8097915649414
2024-04-25,104.30000305175781,104.77999877929688,104.13999938964844,104.7300033569336,93.53292846679688
2024-04-26,105.12999725341797,105.31999969482422,105.05999755859375,105.12999725341797,93.89018249511719
2024-04-29,105.43000030517578,105.66999816894531,105.30000305175781,105.56999969482422,94.28311920166016
2024-04-30,105.13999938964844,105.4000015258789,104.9000015258789,104.98999786376953,93.76513671875
2024-05-01,104.87999725341797,105.55000305175781,104.6500015258789,105.01000213623047,94.1551742553711
2024-05-02,105.08999633789062,105.72000122070312,104.93000030517578,105.66000366210938,94.73798370361328
2024-05-03,106.43000030517578,106.79000091552734,106.0,106.4000015258789,95.40147399902344
2024-05-06,106.5199966430664,106.70999908447266,106.44999694824219,106.69999694824219,95.67047882080078
2024-05-07,107.0,107.16000366210938,106.6500015258789,106.75,95.7153091430664
2024-05-08,106.5,106.6500015258789,106.41000366210938,106.4800033569336,95.47321319580078
2024-05-09,106.4000015258789,106.7699966430664,106.29000091552734,106.6500015258789,95.62564849853516
2024-05-10,106.44000244140625,106.5199966430664,106.19000244140625,106.30999755859375,95.32077026367188
2024-05-13,106.55999755859375,106.6500015258789,106.31999969482422,106.3499984741211,95.35664367675781
2024-05-14,106.62999725341797,106.77999877929688,106.5,106.66000366210938,95.63462829589844
2024-05-15,107.5,107.77999877929688,107.25,107.61000061035156,96.48640441894531
2024-05-16,107.76000213623047,107.77999877929688,107.38999938964844,107.44000244140625,96.33396911621094
2024-05-17,107.25,107.44999694824219,107.16000366210938,107.19000244140625,96.10980224609375
2024-05-20,107.11000061035156,107.2300033569336,107.05999755859375,107.13999938964844,96.06500244140625
2024-05-21,107.44000244140625,107.4800033569336,107.26000213623047,107.31999969482422,96.22635650634766
2024-05-22,107.01000213623047,107.31999969482422,107.0,107.16000366210938,96.08293151855469
2024-05-23,107.30000305175781,107.33000183105469,106.56999969482422,106.69000244140625,95.66152954101562
2024-05-24,106.70999908447266,106.98999786376953,106.62000274658203,106.9800033569336,95.9215316772461
2024-05-28,107.12999725341797,107.12999725341797,106.2699966430664,106.33999633789062,95.34767150878906
2024-05-29,105.95999908447266,105.97000122070312,105.55000305175781,105.7699966430664,94.83660888671875
2024-05-30,106.19999694824219,106.44999694824219,106.12999725341797,106.41999816894531,95.41942596435547
2024-05-31,106.83999633789062,107.0199966430664,106.66999816894531,106.88999938964844,95.84083557128906
2024-06-03,106.80999755859375,107.23999786376953,106.76000213623047,107.22000122070312,96.50237274169922
2024-06-04,107.5199966430664,107.80000305175781,107.3499984741211,107.63999938964844,96.88037109375
2024-06-05,107.81999969482422,108.02999877929688,107.43000030517578,108.0,97.20439147949219
2024-06-06,107.83000183105469,108.02999877929688,107.79000091552734,107.93000030517578,97.1413803100586
2024-06-07,107.02999877929688,107.19999694824219,106.87000274658203,106.95999908447266,96.26832580566406
2024-06-10,106.75,106.83999633789062,106.6500015258789,106.73999786376953,96.0703353881836
2024-06-11,106.80000305175781,107.2699966430664,106.7300033569336,107.19999694824219,96.48435974121094
2024-06-12,108.27999877929688,108.55999755859375,107.81999969482422,107.86000061035156,97.0783920288086
2024-06-13,108.3499984741211,108.55000305175781,108.05999755859375,108.37000274658203,97.53741455078125
2024-06-14,108.43000030517578,108.58000183105469,108.25,108.45999908447266,97.61842346191406
2024-06-17,107.81999969482422,108.01000213623047,107.7300033569336,107.94999694824219,97.15939331054688
2024-06-18,108.18000030517578,108.55000305175781,108.13999938964844,108.44999694824219,97.60942840576172
2024-06-20,107.83999633789062,108.11000061035156,107.77999877929688,108.08999633789062,97.285400390625
2024-06-21,108.19000244140625,108.3499984741211,107.86000061035156,108.12000274658203,97.31241607666016
2024-06-24,108.2300033569336,108.41999816894531,108.16999816894531,108.2300033569336,97.41142272949219
2024-06-25,108.1500015258789,108.29000091552734,108.0199966430664,108.19000244140625,97.37540435791016
2024-06-26,107.5,107.69999694824219,107.38999938964844,107.5999984741211,96.84436798095703
2024-06-27,107.93000030517578,107.9800033569336,107.77999877929688,107.80999755859375,97.03338623046875
2024-06-28,108.08000183105469,108.11000061035156,107.08999633789062,107.12000274658203,96.4123764038086
2024-07-01,106.33999633789062,106.69999694824219,106.05000305175781,106.11000061035156,95.8397445678711
2024-07-02,106.6500015258789,106.81999969482422,106.41000366210938,106.79000091552734,96.45391845703125
2024-07-03,107.1500015258789,107.58000183105469,107.04000091552734,107.58000183105469,97.16747283935547
2024-07-05,107.98999786376953,108.19999694824219,107.69999694824219,108.13999938964844,97.6732406616211
2024-07-08,108.22000122070312,108.30999755859375,107.9800033569336,108.12999725341797,97.66421508789062
2024-07-09,107.94999694824219,108.12000274658203,107.69000244140625,107.93000030517578,97.48356628417969
2024-07-10,108.05999755859375,108.20999908447266,107.9000015258789,108.19000244140625,97.7184066772461
2024-07-11,108.86000061035156,109.0199966430664,108.68000030517578,108.7699966430664,98.24227142333984
2024-07-12,108.83000183105469,109.16999816894531,108.7300033569336,109.16999816894531,98.6035385131836
2024-07-15,108.80000305175781,108.95999908447266,108.55000305175781,108.56999969482422,98.0616226196289
2024-07-16,108.83000183105469,109.22000122070312,108.73999786376953,109.19999694824219,98.63065338134766
2024-07-17,108.9000015258789,109.30000305175781,108.83999633789062,109.25,98.67579650878906
2024-07-18,108.98999786376953,109.23999786376953,108.73999786376953,108.77999877929688,98.25130462646484
2024-07-19,108.56999969482422,108.58000183105469,108.30999755859375,108.37999725341797,97.88998413085938
2024-07-22,108.72000122070312,108.76000213623047,108.19999694824219,108.31999969482422,97.83582305908203
2024-07-23,108.45999908447266,108.56999969482422,108.23999786376953,108.23999786376953,97.7635498046875
2024-07-24,108.37000274658203,108.47000122070312,107.58000183105469,107.58000183105469,97.16747283935547
2024-07-25,107.79000091552734,108.27999877929688,107.7699966430664,108.01000213623047,97.55583190917969
2024-07-26,108.61000061035156,108.66000366210938,108.3499984741211,108.61000061035156,98.09776306152344
2024-07-29,108.93000030517578,108.97000122070312,108.62000274658203,108.83999633789062,98.30550384521484
2024-07-30,108.91999816894531,108.98999786376953,108.69000244140625,108.93000030517578,98.38678741455078
2024-07-31,109.38999938964844,109.58999633789062,109.08999633789062,109.55999755859375,98.95580291748047
2024-08-01,109.55999755859375,109.83999633789062,109.44999694824219,109.52999877929688,99.28395080566406
2024-08-02,110.11000061035156,110.69000244140625,110.11000061035156,110.5999984741211,100.25381469726562
2024-08-05,110.55999755859375,110.66000366210938,110.01000213623047,110.31999969482422,100.00003814697266
2024-08-06,110.19999694824219,110.23999786376953,109.58000183105469,109.5999984741211,99.3473892211914
2024-08-07,109.54000091552734,109.7699966430664,108.94000244140625,109.0999984741211,98.89415740966797
2024-08-08,109.04000091552734,109.22000122070312,108.83999633789062,109.1500015258789,98.93949890136719
2024-08-09,109.88999938964844,109.91999816894531,109.61000061035156,109.70999908447266,99.44710540771484
2024-08-12,109.66000366210938,110.05999755859375,109.55000305175781,109.94000244140625,99.65557861328125
2024-08-13,110.45999908447266,110.70999908447266,110.30000305175781,110.70999908447266,100.35354614257812
2024-08-14,110.83999633789062,111.33999633789062,110.83000183105469,111.19999694824219,100.7977066040039
2024-08-15,110.51000213623047,111.01000213623047,110.44000244140625,110.86000061035156,100.4895248413086
2024-08-16,110.9800033569336,111.26000213623047,110.41999816894531,111.19000244140625,100.78865051269531
2024-08-19,111.16999816894531,111.56999969482422,111.1500015258789,111.44999694824219,101.02432250976562
2024-08-20,111.63999938964844,111.80000305175781,111.44999694824219,111.73999786376953,101.28717803955078
2024-08-21,111.83000183105469,112.27999877929688,111.66999816894531,111.98999786376953,101.51382446289062
2024-08-22,111.73999786376953,111.81999969482422,111.29000091552734,111.52999877929688,101.09684753417969
2024-08-23,111.8499984741211,112.30000305175781,111.70999908447266,112.16999816894531,101.67697143554688
2024-08-26,112.4000015258789,112.4000015258789,111.98999786376953,112.02999877929688,101.55005645751953
2024-08-27,111.58000183105469,111.98999786376953,111.54000091552734,111.94000244140625,101.46849822998047
2024-08-28,111.87000274658203,111.95999908447266,111.63999938964844,111.70999908447266,101.2600326538086
2024-08-29,111.48999786376953,111.63999938964844,111.33999633789062,111.5199966430664,101.08776092529297
2024-08-30,111.66000366210938,111.80999755859375,111.16999816894531,111.20999908447266,100.80679321289062
2024-09-03,111.29000091552734,111.5199966430664,110.97000122070312,111.13999938964844,101.11156463623047
2024-09-04,111.20999908447266,111.87000274658203,111.19000244140625,111.83000183105469,101.73928833007812
2024-09-05,112.16000366210938,112.41000366210938,111.73999786376953,112.37999725341797,102.23966979980469
2024-09-06,112.4000015258789,113.05999755859375,112.12999725341797,112.33000183105469,102.19416809082031
2024-09-09,112.30999755859375,112.69000244140625,112.18000030517578,112.58000183105469,102.42161560058594
2024-09-10,112.62999725341797,112.91000366210938,112.51000213623047,112.88999938964844,102.70365142822266
2024-09-11,112.66000366210938,113.11000061035156,112.56999969482422,112.94000244140625,102.7491226196289
2024-09-12,112.86000061035156,112.94999694824219,112.55999755859375,112.86000061035156,102.67636108398438
2024-09-13,113.22000122070312,113.37000274658203,113.0999984741211,113.20999908447266,102.99475860595703
2024-09-16,113.3499984741211,113.79000091552734,113.22000122070312,113.70999908447266,103.44963836669922
2024-09-17,113.9000015258789,113.91999816894531,113.54000091552734,113.72000122070312,103.45877075195312
2024-09-18,113.44000244140625,114.06999969482422,113.22000122070312,113.25,103.03115844726562
2024-09-19,113.30000305175781,113.55999755859375,113.13999938964844,113.3499984741211,103.12213897705078
2024-09-20,113.18000030517578,113.5,112.98999786376953,113.44999694824219,103.21311950683594
2024-09-23,113.0999984741211,113.5199966430664,112.95999908447266,113.29000091552734,103.06756591796875
2024-09-24,113.0,113.56999969482422,112.9000015258789,113.4800033569336,103.24042510986328
2024-09-25,113.16000366210938,113.19999694824219,112.77999877929688,112.80999755859375,102.63087463378906
2024-09-26,113.01000213623047,113.08999633789062,112.5199966430664,112.80999755859375,102.63087463378906
2024-09-27,113.12999725341797,113.3499984741211,113.05000305175781,113.26000213623047,103.0402603149414
2024-09-30,113.19999694824219,113.31999969482422,112.83000183105469,112.9800033569336,102.78553009033203
2024-10-01,113.0999984741211,113.29000091552734,112.87000274658203,113.11000061035156,103.27951049804688
2024-10-02,112.44000244140625,112.87999725341797,112.38999938964844,112.86000061035156,103.0512466430664
2024-10-03,112.58000183105469,112.62999725341797,112.12999725341797,112.12999725341797,102.3846664428711
2024-10-04,111.55000305175781,111.63999938964844,111.38999938964844,111.5199966430664,101.82767486572266
2024-10-07,111.12000274658203,111.33000183105469,110.87999725341797,110.94999694824219,101.30724334716797
2024-10-08,110.81999969482422,111.16999816894531,110.66999816894531,111.16999816894531,101.50809478759766
2024-10-09,110.93000030517578,111.06999969482422,110.75,110.94999694824219,101.30724334716797
2024-10-10,110.7300033569336,110.88999938964844,110.5,110.83000183105469,101.19766998291016
2024-10-11,110.66999816894531,111.0199966430664,110.56999969482422,110.80999755859375,101.17940521240234
2024-10-14,110.5,110.83999633789062,110.37000274658203,110.81999969482422,101.18852996826172
2024-10-15,111.05000305175781,111.47000122070312,111.05000305175781,111.36000061035156,101.68160247802734
2024-10-16,111.66999816894531,111.79000091552734,111.48999786376953,111.70999908447266,102.00119018554688
2024-10-17,111.27999877929688,111.31999969482422,110.83000183105469,110.87999725341797,101.24330139160156
2024-10-18,111.05999755859375,111.1500015258789,110.7300033569336,110.75,101.12461853027344
2024-10-21,110.20999908447266,110.27999877929688,109.58000183105469,109.62000274658203,100.09281921386719
2024-10-22,109.72000122070312,109.73999786376953,109.3499984741211,109.61000061035156,100.08369445800781
2024-10-23,109.23999786376953,109.45999908447266,109.08000183105469,109.23999786376953,99.74585723876953
2024-10-24,109.41000366210938,109.7699966430664,109.2699966430664,109.56999969482422,100.04715728759766
2024-10-25,109.87999725341797,109.94000244140625,109.25,109.30999755859375,99.80977630615234
2024-10-28,109.43000030517578,109.48999786376953,108.97000122070312,109.22000122070312,99.72759246826172
2024-10-29,108.73999786376953,109.37999725341797,108.66000366210938,109.3499984741211,99.8462905883789
2024-10-30,109.68000030517578,109.94999694824219,109.16000366210938,109.20999908447266,99.71846008300781
2024-10-31,109.02999877929688,109.31999969482422,108.72000122070312,108.98999786376953,99.5176010131836
2024-11-01,108.9000015258789,109.06999969482422,107.95999908447266,108.01000213623047,98.97237396240234
2024-11-04,108.9000015258789,109.08000183105469,108.5199966430664,108.80999755859375,99.7054214477539
2024-11-05,108.76000213623047,109.3499984741211,108.5,109.33000183105469,100.1819076538086
2024-11-06,108.06999969482422,108.6500015258789,107.91000366210938,108.19000244140625,99.13729095458984
2024-11-07,108.83000183105469,109.58999633789062,108.72000122070312,109.47000122070312,100.31019592285156
2024-11-08,109.70999908447266,110.08000183105469,109.58999633789062,109.8499984741211,100.65837860107422
2024-11-11,109.6500015258789,109.7300033569336,109.45999908447266,109.63999938964844,100.46597290039062
2024-11-12,109.16999816894531,109.4000015258789,108.55999755859375,108.6500015258789,99.55880737304688
2024-11-13,109.23999786376953,109.25,108.16999816894531,108.23999786376953,99.1831283569336
2024-11-14,108.52999877929688,108.72000122070312,108.0999984741211,108.20999908447266,99.1556167602539
2024-11-15,107.91000366210938,108.5199966430664,107.5999984741211,108.26000213623047,99.20144653320312
2024-11-18,108.12999725341797,108.63999938964844,108.04000091552734,108.45999908447266,99.38472747802734
2024-11-19,108.72000122070312,108.91000366210938,108.61000061035156,108.69000244140625,99.595458984375
2024-11-20,108.30999755859375,108.5999984741211,108.2699966430664,108.43000030517578,99.35722351074219
2024-11-21,108.47000122070312,108.75,108.20999908447266,108.30000305175781,99.23809814453125
2024-11-22,108.4800033569336,108.58999633789062,108.22000122070312,108.4000015258789,99.32971954345703
2024-11-25,109.55999755859375,109.80999755859375,109.41999816894531,109.75,100.5667724609375
2024-11-26,109.48999786376953,109.5199966430664,109.11000061035156,109.47000122070312,100.31019592285156
2024-11-27,109.79000091552734,109.9800033569336,109.55999755859375,109.87000274658203,100.67671966552734
2024-11-29,110.33999633789062,110.56999969482422,110.29000091552734,110.55000305175781,101.29983520507812
2024-12-02,110.3499984741211,110.43000030517578,109.80999755859375,110.33999633789062,101.45890808105469
2024-12-03,110.45999908447266,110.54000091552734,109.88999938964844,109.94999694824219,101.10029602050781
2024-12-04,109.75,110.58999633789062,109.69999694824219,110.4800033569336,101.58763885498047
2024-12-05,110.20999908447266,110.54000091552734,110.16999816894531,110.44999694824219,101.56005859375
2024-12-06,110.91999816894531,110.93000030517578,110.44000244140625,110.69999694824219,101.78993225097656
2024-12-09,110.54000091552734,110.5999984741211,110.33000183105469,110.41999816894531,101.53246307373047
2024-12-10,110.16999816894531,110.4000015258789,110.11000061035156,110.25,101.37615203857422
2024-12-11,110.44999694824219,110.58999633789062,109.93000030517578,109.94999694824219,101.10029602050781
2024-12-12,109.69000244140625,109.72000122070312,109.25,109.33000183105469,100.53020477294922
2024-12-13,109.18000030517578,109.19000244140625,108.6500015258789,108.72000122070312,99.96929168701172
2024-12-16,109.02999877929688,109.05999755859375,108.69999694824219,108.86000061035156,100.09803009033203
2024-12-17,108.83999633789062,109.0199966430664,108.75,108.87000274658203,100.10723876953125
2024-12-18,108.36000061035156,108.58999633789062,107.05000305175781,107.13999938964844,98.8660888671875
2024-12-19,106.86000061035156,107.0,106.33000183105469,106.55999755859375,98.33087921142578
2024-12-20,107.08999633789062,107.47000122070312,106.80999755859375,106.9800033569336,98.71843719482422
2024-12-23,107.01000213623047,107.08000183105469,106.55000305175781,106.66999816894531,98.43238067626953
2024-12-24,106.45999908447266,107.01000213623047,106.41999816894531,107.0,98.73690032958984
2024-12-26,106.5,107.13999938964844,106.5,107.0999984741211,98.82919311523438
2024-12-27,106.91000366210938,107.04000091552734,106.61000061035156,106.6500015258789,98.41393280029297
2024-12-30,107.02999877929688,107.18000030517578,106.97000122070312,107.11000061035156,98.8384017944336
2024-12-31,107.29000091552734,107.38999938964844,106.66999816894531,106.83999633789062,98.58927154541016
2025-01-02,107.12000274658203,107.30999755859375,106.62000274658203,106.8499984741211,98.59849548339844
2025-01-03,107.0,107.05999755859375,106.54000091552734,106.5999984741211,98.3677749633789
2025-01-06,106.5199966430664,106.58999633789062,106.2699966430664,106.33000183105469,98.11864471435547
2025-01-07,106.19000244140625,106.30999755859375,105.66999816894531,105.83999633789062,97.66649627685547
2025-01-08,105.70999908447266,106.11000061035156,105.62999725341797,106.01000213623047,97.82333374023438
2025-01-10,105.3499984741211,105.73999786376953,105.22000122070312,105.4000015258789,97.26048278808594
2025-01-13,105.3499984741211,105.37000274658203,105.02999877929688,105.0999984741211,96.98362731933594
2025-01-14,105.19999694824219,105.27999877929688,104.94000244140625,105.22000122070312,97.0943603515625
2025-01-15,106.41999816894531,106.63999938964844,106.22000122070312,106.4800033569336,98.2570571899414
2025-01-16,106.43000030517578,106.91000366210938,106.20999908447266,106.69000244140625,98.45084381103516
2025-01-17,106.9800033569336,107.01000213623047,106.70999908447266,106.77999877929688,98.53388977050781
2025-01-21,107.2300033569336,107.41999816894531,107.12000274658203,107.4000015258789,99.10603332519531
2025-01-22,107.4000015258789,107.51000213623047,107.05000305175781,107.05999755859375,98.79226684570312
2025-01-23,106.58999633789062,106.91999816894531,106.56999969482422,106.91000366210938,98.65384674072266
2025-01-24,106.87000274658203,107.23999786376953,106.76000213623047,107.12000274658203,98.84764862060547
2025-01-27,107.6500015258789,107.88999938964844,107.51000213623047,107.86000061035156,99.53050994873047
2025-01-28,107.58000183105469,107.7699966430664,107.4800033569336,107.70999908447266,99.3920669555664
2025-01-29,107.88999938964844,107.91999816894531,107.2300033569336,107.56999969482422,99.26288604736328
2025-01-30,107.86000061035156,108.01000213623047,107.66000366210938,107.80999755859375,99.48434448242188
2025-01-31,107.9000015258789,108.0199966430664,107.23999786376953,107.45999908447266,99.1613998413086
2025-02-03,107.36000061035156,107.68000030517578,107.0199966430664,107.23999786376953,99.31790161132812
2025-02-04,106.9800033569336,107.56999969482422,106.94000244140625,107.44999694824219,99.51239013671875
2025-02-05,108.04000091552734,108.43000030517578,107.7699966430664,108.19999694824219,100.20698547363281
2025-02-06,108.12999725341797,108.29000091552734,107.88999938964844,108.0,100.021728515625
2025-02-07,107.63999938964844,107.72000122070312,107.4000015258789,107.52999877929688,99.58647155761719
2025-02-10,107.62999725341797,107.8499984741211,107.44999694824219,107.55999755859375,99.61425018310547
2025-02-11,107.2300033569336,107.4000015258789,107.19999694824219,107.31999969482422,99.3919906616211
2025-02-12,106.56999969482422,106.87000274658203,106.36000061035156,106.73999786376953,98.85482788085938
2025-02-13,107.31999969482422,107.76000213623047,107.27999877929688,107.56999969482422,99.62353515625
2025-02-14,108.12999725341797,108.3499984741211,107.98999786376953,107.98999786376953,100.01249694824219
2025-02-18,107.8499984741211,107.95999908447266,107.47000122070312,107.55000305175781,99.6050033569336
2025-02-19,107.51000213623047,107.7699966430664,107.4000015258789,107.61000061035156,99.66056823730469
2025-02-20,107.77999877929688,107.94999694824219,107.70999908447266,107.87000274658203,99.90135955810547
2025-02-21,108.0199966430664,108.58000183105469,107.98999786376953,108.25,100.2532958984375
2025-02-24,108.30999755859375,108.68000030517578,108.18000030517578,108.52999877929688,100.51261901855469
2025-02-25,109.20999908447266,109.4000015258789,109.05999755859375,109.36000061035156,101.28129577636719
2025-02-26,109.4000015258789,109.63999938964844,109.19000244140625,109.58999633789062,101.49430847167969
2025-02-27,109.27999877929688,109.44999694824219,109.06999969482422,109.12999725341797,101.06829071044922
2025-02-28,109.51000213623047,109.66000366210938,109.1500015258789,109.61000061035156,101.51282501220703
2025-03-03,108.94000244140625,109.54000091552734,108.87000274658203,109.54000091552734,101.83354949951172
2025-03-04,109.36000061035156,109.55000305175781,109.05000305175781,109.18000030517578,101.4988784790039
2025-03-05,109.33000183105469,109.44999694824219,108.7300033569336,108.83000183105469,101.17350006103516
2025-03-06,108.69000244140625,108.83999633789062,108.29000091552734,108.48999786376953,100.85740661621094
2025-03-07,109.02999877929688,109.02999877929688,108.19999694824219,108.31999969482422,100.69937133789062
2025-03-10,108.81999969482422,109.05999755859375,108.55000305175781,108.69000244140625,101.04336547851562
2025-03-11,108.61000061035156,108.68000030517578,107.94999694824219,107.9800033569336,100.38329315185547
2025-03-12,108.02999877929688,108.05999755859375,107.62000274658203,107.66000366210938,100.08580780029297
2025-03-13,107.29000091552734,108.02999877929688,107.18000030517578,108.0,100.4018783569336
2025-03-14,108.0,108.20999908447266,107.87000274658203,107.94999694824219,100.35538482666016
2025-03-17,108.3499984741211,108.55999755859375,108.12000274658203,108.16999816894531,100.5599365234375
2025-03-18,108.13999938964844,108.66000366210938,108.0199966430664,108.43000030517578,100.80165100097656
2025-03-19,108.44999694824219,109.18000030517578,108.27999877929688,109.06999969482422,101.39662170410156
2025-03-20,109.63999938964844,109.6500015258789,108.9000015258789,108.91000366210938,101.24788665771484
2025-03-21,108.9800033569336,109.0999984741211,108.69000244140625,108.76000213623047,101.10842895507812
2025-03-24,108.63999938964844,108.63999938964844,108.20999908447266,108.29000091552734,100.6714859008789
2025-03-25,108.29000091552734,108.62000274658203,108.19000244140625,108.4000015258789,100.77376556396484
2025-03-26,108.22000122070312,108.22000122070312,107.91000366210938,107.95999908447266,100.36470794677734
2025-03-27,107.7699966430664,107.87000274658203,107.63999938964844,107.83000183105469,100.24384307861328
2025-03-28,108.30000305175781,108.52999877929688,108.1500015258789,108.4800033569336,100.84811401367188
2025-03-31,108.75,108.81999969482422,108.30000305175781,108.69000244140625,101.04336547851562
2025-04-01,108.52999877929688,108.9000015258789,108.4800033569336,108.66000366210938,101.40451049804688
2025-04-02,109.01000213623047,109.01000213623047,108.3499984741211,108.91000366210938,101.6378173828125
2025-04-03,109.11000061035156,109.54000091552734,108.75,108.9000015258789,101.62849426269531
2025-04-04,109.12999725341797,109.47000122070312,108.5,108.77999877929688,101.51648712158203
2025-04-07,107.7699966430664,108.2699966430664,106.36000061035156,106.66000366210938,99.53805541992188
2025-04-08,106.83999633789062,106.91000366210938,104.97000122070312,105.30999755859375,98.27819061279297
2025-04-09,104.08999633789062,107.11000061035156,103.7699966430664,107.06999969482422,99.92066955566406
2025-04-10,105.95999908447266,106.3499984741211,105.05999755859375,105.25,98.2221908569336
2025-04-11,104.52999877929688,105.43000030517578,103.44999694824219,105.2300033569336,98.20354461669922
2025-04-14,105.98999786376953,106.08999633789062,105.4800033569336,105.87999725341797,98.81011199951172
2025-04-15,105.93000030517578,106.61000061035156,105.87999725341797,106.44999694824219,99.34207153320312
2025-04-16,106.55000305175781,106.91000366210938,106.27999877929688,106.9000015258789,99.76204681396484
2025-04-17,106.91000366210938,107.0,106.56999969482422,106.75,99.62203979492188
2025-04-21,106.20999908447266,106.37999725341797,105.51000213623047,105.5999984741211,98.548828125
2025-04-22,106.18000030517578,106.2300033569336,105.81999969482422,105.86000061035156,98.79147338867188
2025-04-23,107.55000305175781,107.66999816894531,106.30999755859375,106.33000183105469,99.2301025390625
2025-04-24,107.05999755859375,107.4800033569336,106.87000274658203,107.41999816894531,100.247314453125
2025-04-25,107.83000183105469,108.04000091552734,107.6500015258789,107.98999786376953,100.77923583984375
2025-04-28,107.88999938964844,108.3499984741211,107.87999725341797,108.23999786376953,101.01256561279297
2025-04-29,108.05999755859375,108.5,108.05000305175781,108.48999786376953,101.24585723876953
2025-04-30,108.12999725341797,108.29000091552734,107.80999755859375,107.9800033569336,100.76991271972656
2025-05-01,107.76000213623047,107.76000213623047,107.08999633789062,107.16999816894531,100.41573333740234
2025-05-02,106.83999633789062,107.04000091552734,106.69999694824219,106.91000366210938,100.17212677001953
2025-05-05,106.63999938964844,106.80999755859375,106.30000305175781,106.76000213623047,100.03157043457031
2025-05-06,106.45999908447266,106.9800033569336,106.37000274658203,106.97000122070312,100.22834014892578
2025-05-07,107.19000244140625,107.30000305175781,107.0,107.19000244140625,100.4344711303711
2025-05-08,107.3499984741211,107.43000030517578,106.6500015258789,106.6500015258789,99.92850494384766
2025-05-09,106.93000030517578,107.02999877929688,106.58000183105469,106.61000061035156,99.89102172851562
2025-05-12,106.58999633789062,106.83000183105469,106.48999786376953,106.58999633789062,99.87228393554688
2025-05-13,106.69000244140625,106.81999969482422,106.47000122070312,106.68000030517578,99.95661926269531
2025-05-14,106.58000183105469,106.70999908447266,106.0999984741211,106.13999938964844,99.45063781738281
2025-05-15,106.38999938964844,106.95999908447266,106.31999969482422,106.9000015258789,100.16276550292969
2025-05-16,107.38999938964844,107.4000015258789,106.94999694824219,107.0999984741211,100.35014343261719
2025-05-19,106.16000366210938,107.16999816894531,106.05999755859375,107.11000061035156,100.3595199584961
2025-05-20,106.80000305175781,106.9800033569336,106.61000061035156,106.8499984741211,100.11588287353516
2025-05-21,106.36000061035156,106.54000091552734,105.56999969482422,105.66000366210938,99.00090789794922
2025-05-22,105.54000091552734,106.25,105.38999938964844,106.19999694824219,99.5068588256836
2025-05-23,106.41000366210938,106.56999969482422,106.08999633789062,106.27999877929688,99.58184051513672
2025-05-27,106.91999816894531,107.33000183105469,106.5199966430664,107.23999786376953,100.48131561279297
2025-05-28,107.02999877929688,107.0999984741211,106.66999816894531,106.9800033569336,100.23770904541016
2025-05-29,107.33000183105469,107.55999755859375,107.19999694824219,107.45999908447266,100.68746185302734
2025-05-30,107.44999694824219,107.7699966430664,107.3499984741211,107.7699966430664,100.9779052734375
2025-06-02,106.98999786376953,107.08000183105469,106.69000244140625,107.06999969482422,100.69202423095703
2025-06-03,107.23999786376953,107.41000366210938,106.98999786376953,107.12000274658203,100.73905944824219
2025-06-04,107.62999725341797,108.05000305175781,107.5199966430664,107.9000015258789,101.47258758544922
2025-06-05,107.94000244140625,107.98999786376953,107.51000213623047,107.56999969482422,101.16224670410156
2025-06-06,107.22000122070312,107.3499984741211,106.91000366210938,106.91999816894531,100.55094909667969
2025-06-09,106.98999786376953,107.37999725341797,106.94000244140625,107.23999786376953,100.85189819335938
2025-06-10,107.6500015258789,107.69000244140625,107.26000213623047,107.5,101.09640502929688
2025-06-11,107.68000030517578,107.97000122070312,107.55999755859375,107.83999633789062,101.4161605834961
2025-06-12,108.2300033569336,108.44000244140625,108.08000183105469,108.44000244140625,101.98042297363281
2025-06-13,108.12000274658203,108.19000244140625,107.5,107.79000091552734,101.369140625
2025-06-16,107.80000305175781,108.12000274658203,107.58000183105469,107.5999984741211,101.19043731689453
2025-06-17,107.87999725341797,108.04000091552734,107.6500015258789,107.97000122070312,101.53842163085938
2025-06-18,108.22000122070312,108.41999816894531,107.8499984741211,108.05000305175781,101.61365509033203
2025-06-20,107.86000061035156,108.30999755859375,107.72000122070312,108.13999938964844,101.69829559326172
2025-06-23,108.38999938964844,108.69999694824219,108.30999755859375,108.41000366210938,101.95220947265625
2025-06-24,108.27999877929688,109.0199966430664,108.2699966430664,108.91999816894531,102.43183898925781
2025-06-25,108.70999908447266,108.8499984741211,108.52999877929688,108.79000091552734,102.30958557128906
2025-06-26,108.91000366210938,109.19999694824219,108.69000244140625,109.19000244140625,102.68574523925781
2025-06-27,109.0,109.4000015258789,108.87999725341797,109.01000213623047,102.51649475097656
2025-06-30,109.37000274658203,109.72000122070312,109.23999786376953,109.61000061035156,103.08073425292969
2025-07-01,109.26000213623047,109.41000366210938,109.02999877929688,109.33999633789062,103.20530700683594
2025-07-02,108.9800033569336,109.31999969482422,108.9000015258789,109.31999969482422,103.18643951416016
2025-07-03,109.1500015258789,109.27999877929688,108.9800033569336,109.05999755859375,102.9410400390625
2025-07-07,108.86000061035156,108.86000061035156,108.29000091552734,108.41000366210938,102.32749938964844
2025-07-08,108.16000366210938,108.19000244140625,108.01000213623047,108.0999984741211,102.03487396240234
2025-07-09,108.3499984741211,108.73999786376953,108.25,108.72000122070312,102.6201171875
2025-07-10,108.68000030517578,108.83999633789062,108.47000122070312,108.73999786376953,102.63899230957031
2025-07-11,108.26000213623047,108.29000091552734,108.0,108.08000183105469,102.01600646972656
2025-07-14,108.0199966430664,108.19000244140625,107.86000061035156,108.05000305175781,101.98770141601562
2025-07-15,108.27999877929688,108.27999877929688,107.62000274658203,107.66000366210938,101.61959838867188
2025-07-16,107.91000366210938,108.0999984741211,107.33999633789062,107.83000183105469,101.78003692626953
2025-07-17,108.04000091552734,108.20999908447266,107.94999694824219,108.08999633789062,102.02544403076172
2025-07-18,108.38999938964844,108.43000030517578,108.16000366210938,108.29000091552734,102.21422576904297
2025-07-21,108.86000061035156,108.98999786376953,108.68000030517578,108.70999908447266,102.61064910888672
2025-07-22,108.76000213623047,109.02999877929688,108.72000122070312,108.97000122070312,102.8560791015625
2025-07-23,108.76000213623047,108.87999725341797,108.6500015258789,108.80000305175781,102.69563293457031
2025-07-24,108.44000244140625,108.86000061035156,108.41999816894531,108.63999938964844,102.54460144042969
2025-07-25,108.69000244140625,109.04000091552734,108.5999984741211,108.98999786376953,102.87495422363281
2025-07-28,108.86000061035156,108.94000244140625,108.7300033569336,108.7699966430664,102.66730499267578
2025-07-29,108.94999694824219,109.5,108.93000030517578,109.48999786376953,103.34689331054688
2025-07-30,109.08999633789062,109.44999694824219,108.9800033569336,109.08000183105469,102.95989990234375
2025-07-31,109.41000366210938,109.5,109.08999633789062,109.11000061035156,102.98822784423828
2025-08-01,109.31999969482422,109.69999694824219,109.12000274658203,109.62999725341797,103.90185546875
2025-08-04,109.77999877929688,109.88999938964844,109.58000183105469,109.81999969482422,104.0819320678711
2025-08-05,109.62999725341797,109.93000030517578,109.61000061035156,109.9000015258789,104.15775299072266
2025-08-06,109.6500015258789,109.91999816894531,109.2300033569336,109.87000274658203,104.12931823730469
2025-08-07,109.91000366210938,110.08000183105469,109.69000244140625,109.76000213623047,104.02505493164062
2025-08-08,109.63999938964844,109.63999938964844,109.38999938964844,109.41000366210938,103.6933364868164
2025-08-11,109.56999969482422,109.72000122070312,109.44999694824219,109.58000183105469,103.8544692993164
2025-08-12,109.38999938964844,109.69999694824219,109.2699966430664,109.68000030517578,103.94923400878906
2025-08-13,110.05999755859375,110.31999969482422,110.05000305175781,110.26000213623047,104.49893951416016
2025-08-14,110.0,110.05999755859375,109.75,109.87999725341797,104.1387939453125
2025-08-15,109.83999633789062,109.93000030517578,109.62999725341797,109.73999786376953,104.00611114501953
2025-08-18,109.81999969482422,109.83999633789062,109.44000244140625,109.54000091552734,103.81654357910156
2025-08-19,109.68000030517578,109.77999877929688,109.61000061035156,109.70999908447266,103.9776611328125
2025-08-20,109.66999816894531,109.87000274658203,109.58999633789062,109.76000213623047,104.02505493164062
2025-08-21,109.55999755859375,109.56999969482422,109.19000244140625,109.33999633789062,103.62700653076172
2025-08-22,109.6500015258789,110.30999755859375,109.55999755859375,110.19999694824219,104.44207000732422
2025-08-25,109.97000122070312,110.13999938964844,109.87999725341797,109.91000366210938,104.16722869873047
2025-08-26,109.88999938964844,110.01000213623047,109.66000366210938,109.98999786376953,104.2430419921875
2025-08-27,109.68000030517578,110.05999755859375,109.58999633789062,110.02999877929688,104.28095245361328
2025-08-28,110.08000183105469,110.30999755859375,110.0,110.19999694824219,104.44207000732422
2025-08-29,109.98999786376953,110.01000213623047,109.75,109.80000305175781,104.06298065185547
2025-09-02,108.87999725341797,109.08999633789062,108.80999755859375,109.05000305175781,103.71488189697266
2025-09-03,109.26000213623047,109.83000183105469,109.23999786376953,109.69999694824219,104.33308410644531
2025-09-04,110.08000183105469,110.45999908447266,109.97000122070312,110.44999694824219,105.04637145996094
2025-09-05,111.20999908447266,111.30999755859375,111.05999755859375,111.16999816894531,105.73114776611328
2025-09-08,111.51000213623047,111.62999725341797,111.41999816894531,111.55999755859375,106.10205841064453
2025-09-09,111.44000244140625,111.55000305175781,111.12000274658203,111.36000061035156,105.91184997558594
2025-09-10,111.58000183105469,111.98999786376953,111.55000305175781,111.69000244140625,106.22571563720703
2025-09-11,111.88999938964844,112.33000183105469,111.87000274658203,112.20999908447266,106.72028350830078
2025-09-12,111.97000122070312,112.04000091552734,111.70999908447266,112.01000213623047,106.53005981445312
2025-09-15,112.2300033569336,112.41999816894531,112.2300033569336,112.36000061035156,106.8629379272461
2025-09-16,112.29000091552734,112.4000015258789,112.16000366210938,112.26000213623047,106.76782989501953
2025-09-17,112.45999908447266,112.63999938964844,111.81999969482422,112.05999755859375,106.5776138305664
2025-09-18,111.72000122070312,111.87999725341797,111.5199966430664,111.83000183105469,106.3588638305664
2025-09-19,111.73999786376953,111.83999633789062,111.55999755859375,111.73999786376953,106.27325439453125
2025-09-22,111.63999938964844,111.69999694824219,111.43000030517578,111.48999786376953,106.03549194335938
2025-09-23,111.6500015258789,111.75,111.48999786376953,111.70999908447266,106.2447280883789
2025-09-24,111.48999786376953,111.5199966430664,111.16999816894531,111.26000213623047,105.81675720214844
2025-09-25,111.0,111.08000183105469,110.68000030517578,111.05999755859375,105.62651824951172
2025-09-26,111.1500015258789,111.38999938964844,110.98999786376953,111.20999908447266,105.76919555664062
2025-09-29,111.45999908447266,111.69999694824219,111.41999816894531,111.58000183105469,106.12110137939453
2025-09-30,111.6500015258789,111.86000061035156,111.37999725341797,111.47000122070312,106.01649475097656
2025-10-01,111.44000244140625,111.51000213623047,111.2300033569336,111.51000213623047,106.44221496582031
2025-10-02,111.48999786376953,111.7300033569336,111.41000366210938,111.69000244140625,106.6140365600586
2025-10-03,111.69000244140625,111.7699966430664,111.4800033569336,111.55000305175781,106.48040008544922
2025-10-06,111.23999786376953,111.47000122070312,111.16000366210938,111.19000244140625,106.1367416381836
2025-10-07,111.33999633789062,111.48999786376953,111.16999816894531,111.4000015258789,106.33721160888672
2025-10-08,111.61000061035156,111.62000274658203,111.25,111.26000213623047,106.2035903930664
2025-10-09,111.16999816894531,111.20999908447266,110.94999694824219,111.04000091552734,105.99356079101562
2025-10-10,111.4800033569336,111.55000305175781,111.27999877929688,111.3499984741211,106.28948211669922
2025-10-13,111.4000015258789,111.80000305175781,111.33000183105469,111.7300033569336,106.65221405029297
2025-10-14,111.5199966430664,112.12999725341797,111.4800033569336,112.0999984741211,107.0053939819336
2025-10-15,112.26000213623047,112.5,111.91000366210938,112.0999984741211,107.0053939819336
2025-10-16,112.05000305175781,112.44000244140625,111.9800033569336,112.41999816894531,107.31084442138672
2025-10-17,112.29000091552734,112.31999969482422,112.11000061035156,112.19999694824219,107.1008529663086
2025-10-20,112.45999908447266,112.55999755859375,112.41999816894531,112.54000091552734,107.4253921508789
2025-10-21,112.81999969482422,112.88999938964844,112.55000305175781,112.55999755859375,107.44449615478516
2025-10-22,112.55000305175781,112.68000030517578,112.41000366210938,112.66999816894531,107.54949188232422
2025-10-23,112.5199966430664,112.69000244140625,112.45999908447266,112.52999877929688,107.41585540771484
2025-10-24,112.77999877929688,112.79000091552734,112.55000305175781,112.72000122070312,107.59722137451172
2025-10-27,112.70999908447266,112.93000030517578,112.55000305175781,112.91000366210938,107.77859497070312
2025-10-28,112.8499984741211,112.93000030517578,112.69999694824219,112.91999816894531,107.78813171386719
2025-10-29,112.86000061035156,112.88999938964844,112.19000244140625,112.27999877929688,107.17720794677734
2025-10-30,111.62000274658203,112.01000213623047,111.5199966430664,111.68000030517578,106.6044692993164
2025-10-31,111.77999877929688,111.77999877929688,111.19000244140625,111.2300033569336,106.17493438720703
2025-11-03,110.58999633789062,110.62000274658203,110.4000015258789,110.52999877929688,105.88944244384766
2025-11-04,110.45999908447266,110.95999908447266,110.44999694824219,110.68000030517578,106.03314208984375
2025-11-05,110.6500015258789,110.72000122070312,110.33000183105469,110.3499984741211,105.71700286865234
2025-11-06,110.80000305175781,110.93000030517578,110.7300033569336,110.93000030517578,106.27266693115234
2025-11-07,110.6500015258789,110.83999633789062,110.58999633789062,110.70999908447266,106.06189727783203
2025-11-10,110.7699966430664,110.9000015258789,110.70999908447266,110.7699966430664,106.11936950683594
2025-11-11,111.05000305175781,111.29000091552734,110.9800033569336,111.20999908447266,106.5408935546875
2025-11-12,111.13999938964844,111.19000244140625,111.0,111.0999984741211,106.43551635742188
2025-11-13,110.79000091552734,110.91000366210938,110.55000305175781,110.55000305175781,105.90862274169922
2025-11-14,110.63999938964844,110.7300033569336,110.23999786376953,110.25,105.62120819091797
2025-11-17,110.30999755859375,110.58000183105469,110.25,110.31999969482422,105.68826293945312
2025-11-18,110.51000213623047,110.58000183105469,110.26000213623047,110.37000274658203,105.73616790771484
2025-11-19,110.5999984741211,110.66999816894531,110.31999969482422,110.37999725341797,105.7457504272461
2025-11-20,110.66999816894531,110.80999755859375,110.43000030517578,110.52999877929688,105.88944244384766
2025-11-21,110.9000015258789,110.95999908447266,110.61000061035156,110.91999816894531,106.2630615234375
2025-11-24,111.18000030517578,111.36000061035156,111.08999633789062,111.36000061035156,106.6845932006836
2025-11-25,111.43000030517578,111.9000015258789,111.4000015258789,111.66999816894531,106.98159790039062
2025-11-26,111.66999816894531,112.05999755859375,111.54000091552734,112.05000305175781,107.34563446044922
2025-11-28,111.9800033569336,112.0199966430664,111.68000030517578,111.86000061035156,107.16360473632812
2025-12-01,110.7699966430664,110.88999938964844,110.66000366210938,110.8499984741211,106.58956146240234
2025-12-02,110.83999633789062,111.05000305175781,110.75,110.91999816894531,106.65685272216797
2025-12-03,111.0,111.2699966430664,110.94999694824219,111.16999816894531,106.89725494384766
2025-12-04,111.04000091552734,111.05999755859375,110.86000061035156,110.97000122070312,106.70494842529297
2025-12-05,111.0199966430664,111.02999877929688,110.69999694824219,110.86000061035156,106.59916687011719
2025-12-08,110.87999725341797,110.88999938964844,110.41000366210938,110.62999725341797,106.37799835205078
2025-12-09,110.86000061035156,110.87999725341797,110.4000015258789,110.48999786376953,106.24337768554688
2025-12-10,110.45999908447266,111.05999755859375,110.43000030517578,111.0,106.7337875366211
2025-12-11,111.19000244140625,111.30999755859375,110.79000091552734,110.83999633789062,106.5799331665039
2025-12-12,110.30000305175781,110.41000366210938,110.0999984741211,110.16999816894531,105.93568420410156
2025-12-15,110.52999877929688,110.61000061035156,110.22000122070312,110.30000305175781,106.0606918334961
2025-12-16,110.18000030517578,110.58999633789062,110.12000274658203,110.55000305175781,106.30108642578125
2025-12-17,110.43000030517578,110.58000183105469,110.3499984741211,110.43000030517578,106.18568420410156
2025-12-18,110.8499984741211,110.94000244140625,110.63999938964844,110.8499984741211,106.58956146240234
2025-12-19,110.27999877929688,110.33999633789062,110.0999984741211,110.12999725341797,106.31538391113281
2025-12-22,110.18000030517578,110.20999908447266,110.01000213623047,110.11000061035156,106.29608917236328
2025-12-23,109.91000366210938,110.2699966430664,109.8499984741211,110.22000122070312,106.40226745605469
2025-12-24,110.43000030517578,110.6500015258789,110.33999633789062,110.6500015258789,106.81736755371094
2025-12-26,110.75,110.80000305175781,110.47000122070312,110.63999938964844,106.8077163696289
2025-12-29,110.69000244140625,110.79000091552734,110.58999633789062,110.79000091552734,106.95252227783203
2025-12-30,110.56999969482422,110.76000213623047,110.4800033569336,110.66000366210938,106.8270492553711
2025-12-31,110.52999877929688,110.62999725341797,110.19000244140625,110.19000244140625,106.37330627441406
2026-01-02,110.31999969482422,110.4000015258789,110.04000091552734,110.16000366210938,106.3443603515625
2026-01-05,110.30000305175781,110.51000213623047,110.16999816894531,110.47000122070312,106.64362335205078
2026-01-06,110.30999755859375,110.4800033569336,110.12999725341797,110.47000122070312,106.64362335205078
2026-01-07,110.75,110.80000305175781,110.52999877929688,110.55000305175781,106.7208480834961
2026-01-08,110.19999694824219,110.38999938964844,110.19000244140625,110.23999786376953,106.42157745361328
2026-01-09,110.31999969482422,110.68000030517578,110.22000122070312,110.63999938964844,106.8077163696289
2026-01-12,110.37000274658203,110.6500015258789,110.31999969482422,110.51000213623047,106.68222045898438
2026-01-13,110.70999908447266,110.79000091552734,110.52999877929688,110.75,106.91390228271484
2026-01-14,110.80000305175781,111.04000091552734,110.7699966430664,111.02999877929688,107.1842041015625
2026-01-15,111.18000030517578,111.19999694824219,110.83999633789062,110.88999938964844,107.0490493774414
2026-01-16,110.81999969482422,110.87000274658203,110.55000305175781,110.56999969482422,106.74014282226562
2026-01-20,109.8499984741211,110.1500015258789,109.80999755859375,109.9000015258789,106.09335327148438
2026-01-21,110.12999725341797,110.66000366210938,110.02999877929688,110.55999755859375,106.7304916381836
2026-01-22,110.58000183105469,110.87000274658203,110.4800033569336,110.7699966430664,106.93321228027344
2026-01-23,110.76000213623047,110.86000061035156,110.51000213623047,110.83999633789062,107.00078582763672
2026-01-26,111.05000305175781,111.12000274658203,110.88999938964844,110.93000030517578,107.08768463134766
2026-01-27,110.83999633789062,111.0,110.73999786376953,110.80999755859375,106.97183227539062
2026-01-28,110.70999908447266,110.73999786376953,110.45999908447266,110.6500015258789,106.81736755371094
2026-01-29,110.43000030517578,110.70999908447266,110.31999969482422,110.68000030517578,106.84634399414062
2026-01-30,110.5999984741211,110.73999786376953,110.5199966430664,110.56999969482422,106.74014282226562
2026-02-02,110.1500015258789,110.31999969482422,110.02999877929688,110.05999755859375,106.64131927490234
2026-02-03,110.04000091552734,110.13999938964844,109.9000015258789,110.11000061035156,106.68975830078125
2026-02-04,109.97000122070312,110.05000305175781,109.83000183105469,109.97000122070312,106.55410766601562
2026-02-05,110.19000244140625,110.54000091552734,110.12000274658203,110.5,107.06764221191406
2026-02-06,110.47000122070312,110.5999984741211,110.30999755859375,110.55999755859375,107.12577819824219
2026-02-09,110.37000274658203,110.61000061035156,110.29000091552734,110.55999755859375,107.12577819824219
2026-02-10,110.9000015258789,111.04000091552734,110.7699966430664,110.81999969482422,107.37771606445312
2026-02-11,110.62999725341797,110.91000366210938,110.5999984741211,110.69999694824219,107.26142883300781
2026-02-12,110.98999786376953,111.29000091552734,110.97000122070312,111.22000122070312,107.76527404785156
2026-02-13,111.55000305175781,111.5999984741211,111.41999816894531,111.58999633789062,108.12378692626953
2026-02-17,111.56999969482422,111.73999786376953,111.48999786376953,111.69999694824219,108.2303695678711
2026-02-18,111.56999969482422,111.7300033569336,111.51000213623047,111.58999633789062,108.12378692626953
2026-02-19,111.41000366210938,111.68000030517578,111.4000015258789,111.68000030517578,108.21099090576172
2026-02-20,111.62000274658203,111.69000244140625,111.4000015258789,111.58999633789062,108.12378692626953
2026-02-23,111.62000274658203,111.83000183105469,111.58000183105469,111.70999908447266,108.24005889892578
2026-02-24,111.62999725341797,111.73999786376953,111.47000122070312,111.68000030517578,108.21099090576172
2026-02-25,111.5999984741211,111.7699966430664,111.56999969482422,111.6500015258789,108.18193054199219
2026-02-26,111.63999938964844,111.73999786376953,111.54000091552734,111.72000122070312,108.249755859375
2026-02-27,111.69999694824219,111.93000030517578,111.66000366210938,111.68000030517578,108.21099090576172
2026-03-02,110.83999633789062,110.9800033569336,110.68000030517578,110.91999816894531,107.84443664550781
2026-03-03,110.16999816894531,111.12999725341797,110.16999816894531,110.87000274658203,107.79582977294922
2026-03-04,110.93000030517578,111.16999816894531,110.83000183105469,110.97000122070312,107.89305877685547
2026-03-05,110.41999816894531,110.5999984741211,110.29000091552734,110.52999877929688,107.46525573730469
2026-03-06,109.95999908447266,110.5199966430664,109.7699966430664,110.16000366210938,107.10551452636719
2026-03-09,109.83999633789062,110.87000274658203,109.83999633789062,110.81999969482422,107.74722290039062
2026-03-10,110.4000015258789,110.69999694824219,110.05000305175781,110.05999755859375,107.00829315185547
2026-03-11,109.63999938964844,109.76000213623047,109.01000213623047,109.16000366210938,106.13324737548828
2026-03-12,108.95999908447266,108.9800033569336,108.3499984741211,108.56999969482422,105.55960845947266
2026-03-13,108.79000091552734,108.98999786376953,108.0199966430664,108.16999816894531,105.17069244384766
2026-03-16,108.9000015258789,109.02999877929688,108.55999755859375,108.69000244140625,105.67627716064453
2026-03-17,109.01000213623047,109.33000183105469,108.98999786376953,109.30000305175781,106.26937103271484
2026-03-18,109.12999725341797,109.31999969482422,108.70999908447266,108.70999908447266,105.69572448730469
2026-03-19,108.30999755859375,109.3499984741211,108.30999755859375,109.19000244140625,106.16241455078125
2026-03-20,108.69000244140625,108.80000305175781,107.75,107.8499984741211,104.85956573486328
2026-03-23,108.19999694824219,108.91000366210938,108.05000305175781,108.55999755859375,105.54987335205078
2026-03-24,108.06999969482422,108.62999725341797,107.94999694824219,108.33999633789062,105.33597564697266
2026-03-25,109.0,109.05000305175781,108.69000244140625,108.7300033569336,105.71517181396484
2026-03-26,108.27999877929688,108.58000183105469,107.83999633789062,107.87999725341797,104.88873291015625
2026-03-27,107.47000122070312,107.87000274658203,107.36000061035156,107.62000274658203,104.63594818115234
2026-03-30,108.44000244140625,108.58999633789062,108.19999694824219,108.30999755859375,105.30680847167969
2026-03-31,108.72000122070312,109.19999694824219,108.5999984741211,108.98999786376953,105.96796417236328
2026-04-01,108.48999786376953,108.94999694824219,108.48999786376953,108.66000366210938,106.08120727539062
2026-04-02,108.41000366210938,109.25,108.37000274658203,109.12000274658203,106.5302963256836
2026-04-06,108.87000274658203,109.26000213623047,108.87000274658203,108.94999694824219,106.36431884765625
2026-04-07,108.86000061035156,109.1500015258789,108.2699966430664,109.06999969482422,106.4814682006836
2026-04-08,109.9800033569336,110.0,109.29000091552734,109.48999786376953,106.89151000976562
2026-04-09,109.30999755859375,109.79000091552734,109.16000366210938,109.48999786376953,106.89151000976562
2026-04-10,109.47000122070312,109.55000305175781,109.1500015258789,109.19999694824219,106.60838317871094
2026-04-13,109.13999938964844,109.68000030517578,109.11000061035156,109.62000274658203,107.01841735839844
2026-04-14,109.72000122070312,110.08000183105469,109.66999816894531,109.9800033569336,107.36988067626953
2026-04-15,109.8499984741211,109.95999908447266,109.76000213623047,109.94000244140625,107.33081817626953
2026-04-16,110.01000213623047,110.0199966430664,109.41000366210938,109.43000030517578,106.83292388916016
2026-04-17,110.12999725341797,110.29000091552734,109.97000122070312,110.04000091552734,107.42845153808594
2026-04-20,110.04000091552734,110.12000274658203,109.80000305175781,110.02999877929688,107.41868591308594
2026-04-21,109.94000244140625,110.02999877929688,109.58000183105469,109.61000061035156,107.00865936279297
2026-04-22,109.95999908447266,110.11000061035156,109.77999877929688,109.81999969482422,107.21368408203125
2026-04-23,109.80000305175781,109.94999694824219,109.26000213623047,109.5199966430664,106.92079162597656
2026-04-24,109.5,109.7300033569336,109.31999969482422,109.5999984741211,106.99889373779297
2026-04-27,109.5199966430664,109.58999633789062,109.19999694824219,109.29000091552734,106.69625854492188
2026-04-28,109.06999969482422,109.33999633789062,108.94999694824219,109.33999633789062,106.74507141113281
2026-04-29,109.04000091552734,109.04000091552734,108.56999969482422,108.7300033569336,106.14954376220703
2026-04-30,108.88999938964844,109.06999969482422,108.73999786376953,108.8499984741211,106.26669311523438
2026-05-01,108.55000305175781,109.01000213623047,108.45999908447266,108.5999984741211,106.4382095336914
2026-05-04,108.45999908447266,108.47000122070312,107.91999816894531,108.25,106.09517669677734
2026-05-05,108.47000122070312,108.79000091552734,108.41000366210938,108.6500015258789,106.48722076416016
2026-05-06,109.18000030517578,109.31999969482422,109.0999984741211,109.19000244140625,107.01647186279297
2026-05-07,109.37000274658203,109.38999938964844,108.68000030517578,108.73999786376953,106.57542419433594
2026-05-08,109.1500015258789,109.29000091552734,109.08999633789062,109.19999694824219,107.02626037597656
2026-05-11,109.04000091552734,109.18000030517578,108.88999938964844,108.93000030517578,106.76164245605469
2026-05-12,108.61000061035156,108.66000366210938,108.44999694824219,108.55999755859375,106.39900970458984
2026-05-13,108.52999877929688,108.62999725341797,108.30000305175781,108.62000274658203,106.45781707763672
2026-05-14,108.88999938964844,108.94000244140625,108.52999877929688,108.55000305175781,106.38919830322266
2026-05-15,107.87000274658203,107.94999694824219,107.69000244140625,107.86000061035156,105.71294403076172
2026-05-18,107.95999908447266,108.11000061035156,107.5,107.66000366210938,105.51692199707031
2026-05-19,107.22000122070312,107.4000015258789,106.93000030517578,107.12000274658203,104.9876708984375
2026-05-20,107.16999816894531,108.08000183105469,107.16999816894531,107.94999694824219,105.8011474609375
2026-05-21,107.6500015258789,108.18000030517578,107.45999908447266,108.16999816894531,106.01676177978516
2026-05-22,108.52999877929688,108.52999877929688,108.0999984741211,108.37000274658203,106.2127914428711
2026-05-26,108.97000122070312,109.0,108.68000030517578,108.77999877929688,106.61461639404297
2026-05-27,108.91000366210938,109.06999969482422,108.81999969482422,108.93000030517578,106.76164245605469
2026-05-28,108.98999786376953,109.41000366210938,108.87000274658203,109.26000213623047,107.08507537841797
2026-05-29,109.38999938964844,109.5999984741211,109.29000091552734,109.36000061035156,107.1830825805664
2026-06-01,108.55999755859375,108.95999908447266,108.43000030517578,108.93000030517578,107.1663589477539
2026-06-02,109.05999755859375,109.13999938964844,108.88999938964844,108.91999816894531,107.1565170288086
2026-06-03,108.58999633789062,108.69999694824219,108.47000122070312,108.62000274658203,106.86138153076172
2026-06-04,108.87999725341797,108.97000122070312,108.80000305175781,108.8499984741211,107.087646484375
2026-06-05,108.41000366210938,108.47000122070312,108.13999938964844,108.16999816894531,106.41866302490234
2026-06-08,108.43000030517578,108.48999786376953,108.02999877929688,108.05999755859375,106.31044006347656
2026-06-09,108.31999969482422,108.44999694824219,108.05000305175781,108.41000366210938,106.65477752685547
2026-06-10,108.3499984741211,108.51000213623047,108.08000183105469,108.16000366210938,106.40882873535156
2026-06-11,108.43000030517578,109.1500015258789,108.25,109.08000183105469,107.31392669677734
2026-06-12,108.87999725341797,109.06999969482422,108.63999938964844,109.01000213623047,107.24506378173828
2026-06-15,109.27999877929688,109.33999633789062,108.9800033569336,108.98999786376953,107.22537231445312
2026-06-16,109.11000061035156,109.33000183105469,109.05000305175781,109.12000274658203,107.35327911376953
2026-06-17,109.08000183105469,109.30999755859375,108.70999908447266,108.7699966430664,107.0089340209961
2026-06-18,109.44000244140625,109.45999908447266,109.02999877929688,109.06999969482422,107.30408477783203
2026-06-22,108.7300033569336,108.80999755859375,108.58999633789062,108.77999877929688,107.0187759399414
2026-06-23,108.77999877929688,109.12000274658203,108.72000122070312,108.91000366210938,107.14668273925781
2026-06-24,109.38999938964844,109.61000061035156,109.30999755859375,109.41000366210938,107.63858795166016
2026-06-25,109.58000183105469,109.70999908447266,109.41999816894531,109.5,107.72711944580078
2026-06-26,109.29000091552734,109.6500015258789,109.26000213623047,109.5,107.72711944580078
2026-06-29,109.62000274658203,109.73999786376953,109.54000091552734,109.69999694824219,107.92388153076172
2026-06-30,109.5,109.55999755859375,109.05000305175781,109.06999969482422,107.30408477783203
2026-07-01,108.33999633789062,108.66000366210938,108.26000213623047,108.45999908447266,107.07898712158203
2026-07-02,108.56999969482422,108.72000122070312,108.41999816894531,108.63999938964844,107.2566909790039
2026-07-06,108.61000061035156,108.68000030517578,108.44000244140625,108.66999816894531,107.28630828857422
2026-07-07,108.29000091552734,108.33999633789062,107.7699966430664,107.87999725341797,106.5063705444336
2026-07-08,107.68000030517578,107.75,107.38999938964844,107.66999816894531,106.29904174804688
2026-07-09,107.70999908447266,108.01000213623047,107.63999938964844,107.70999908447266,106.33853149414062
2026-07-10,107.72000122070312,107.72000122070312,107.31999969482422,107.45999908447266,106.09172058105469
2026-07-13,107.3499984741211,107.43000030517578,106.94000244140625,106.95999908447266,105.59808349609375
2026-07-14,107.16000366210938,107.38999938964844,107.0199966430664,107.20999908447266,105.84490966796875
2026-07-15,107.2699966430664,107.66000366210938,107.2699966430664,107.58000183105469,106.21018981933594
2026-07-16,107.3499984741211,107.56999969482422,107.26000213623047,107.5,106.1312026977539
2026-07-17,107.66999816894531,107.79000091552734,107.52999877929688,107.55999755859375,106.19044494628906
2026-07-20,107.52999877929688,107.55999755859375,107.11000061035156,107.1500015258789,105.7856674194336
2026-07-21,107.01000213623047,107.05000305175781,106.7699966430664,106.8499984741211,105.48948669433594
2026-07-22,106.76000213623047,106.83000183105469,106.62000274658203,106.66999816894531,105.31177520751953
2026-07-23,106.12999725341797,106.31999969482422,106.06999969482422,106.26000213623047,104.9070053100586
2026-07-24,106.08000183105469,106.48999786376953,106.08000183105469,106.2300033569336,104.87738037109375
2026-07-27,106.55999755859375,106.62000274658203,106.43000030517578,106.51000213623047,105.15381622314453
2026-07-28,106.62000274658203,106.94000244140625,106.56999969482422,106.83000183105469,105.46974182128906
2026-07-29,106.72000122070312,106.80000305175781,106.1500015258789,106.22000122070312,104.86751556396484
2026-07-30,106.3499984741211,106.55000305175781,106.30000305175781,106.41000366210938,105.05509948730469
2026-07-31,106.23999786376953,106.3499984741211,106.0,106.25,104.89712524414062
2026-08-03,106.01000213623047,106.25,105.95999908447266,106.11000061035156,105.21244049072266
2026-08-04,106.52999877929688,106.77999877929688,106.4800033569336,106.76000213623047,105.85694122314453
2026-08-05,106.76000213623047,106.94000244140625,106.62000274658203,106.73999786376953,105.83710479736328
2026-08-06,106.41999816894531,106.51000213623047,106.25,106.36000061035156,105.4603271484375
2026-08-07,106.69999694824219,106.73999786376953,106.41000366210938,106.55000305175781,105.64871978759766
2026-08-10,106.2699966430664,106.33000183105469,105.93000030517578,105.95999908447266,105.06370544433594
2026-08-11,106.16999816894531,106.27999877929688,105.95999908447266,105.98999786376953,105.09345245361328
2026-08-12,106.3499984741211,106.38999938964844,106.08999633789062,106.12000274658203,105.22235870361328
2026-08-13,106.5999984741211,106.86000061035156,106.51000213623047,106.55000305175781,105.64871978759766
2026-08-14,106.38999938964844,106.44000244140625,106.0199966430664,106.12000274658203,105.22235870361328
2026-08-17,105.95999908447266,106.0199966430664,105.66999816894531,105.69999694824219,104.805908203125
2026-08-18,105.48999786376953,105.91000366210938,105.41999816894531,105.83999633789062,104.94471740722656
2026-08-19,106.54000091552734,106.62999725341797,106.29000091552734,106.56999969482422,105.66854858398438
2026-08-20,106.02999877929688,106.30000305175781,105.95999908447266,106.05999755859375,105.16285705566406
2026-08-21,105.97000122070312,106.0199966430664,105.81999969482422,105.91999816894531,105.0240478515625
2026-08-24,106.12000274658203,106.33000183105469,106.0999984741211,106.18000030517578,105.28185272216797
2026-08-25,106.61000061035156,106.88999938964844,106.51000213623047,106.86000061035156,105.95610046386719
2026-08-26,106.69999694824219,106.80000305175781,106.58999633789062,106.77999877929688,105.87677001953125
2026-08-27,106.77999877929688,106.86000061035156,106.62999725341797,106.7300033569336,105.82720184326172
2026-08-28,106.75,106.94999694824219,106.30999755859375,106.3499984741211,105.45040893554688
2026-08-31,106.19999694824219,106.23999786376953,106.01000213623047,106.20999908447266,105.31159210205078
2026-09-01,105.5199966430664,105.72000122070312,105.20999908447266,105.22000122070312,104.76793670654297
2026-09-02,105.37999725341797,105.41999816894531,105.19999694824219,105.3499984741211,104.89737701416016
2026-09-03,105.69999694824219,105.7699966430664,105.47000122070312,105.5,105.0467300415039
2026-09-04,105.55999755859375,105.68000030517578,105.47000122070312,105.4800033569336,105.02682495117188
2026-09-08,105.7300033569336,105.7300033569336,105.31999969482422,105.4800033569336,105.02682495117188
2026-09-09,105.41999816894531,105.52999877929688,105.08000183105469,105.30999755859375,104.8575439453125
2026-09-10,104.73999786376953,104.83000183105469,104.33000183105469,104.36000061035156,103.91162872314453
2026-09-11,104.80000305175781,104.87000274658203,104.30999755859375,104.31999969482422,103.8718032836914
2026-09-14,104.25,104.6500015258789,104.05000305175781,104.30000305175781,103.85189056396484
2026-09-15,104.19999694824219,104.33999633789062,104.1500015258789,104.27999877929688,103.83197784423828
2026-09-16,104.61000061035156,105.06999969482422,104.38999938964844,104.44999694824219,104.0012435913086
2026-09-17,105.01000213623047,105.16000366210938,104.9000015258789,105.16000366210938,104.70819854736328
2026-09-18,104.79000091552734,104.81999969482422,104.54000091552734,104.69999694824219,104.25016784667969
2026-09-21,105.04000091552734,105.11000061035156,104.88999938964844,105.08999633789062,104.63848876953125
2026-09-22,105.12000274658203,105.19000244140625,104.88999938964844,105.08999633789062,104.63848876953125
2026-09-23,104.86000061035156,104.91000366210938,103.68000030517578,103.88999938964844,103.44364929199219
2026-09-24,103.8499984741211,103.98999786376953,103.11000061035156,103.1500015258789,102.70683288574219
2026-09-25,103.16999816894531,103.2699966430664,102.73999786376953,103.20999908447266,102.76657104492188
2026-09-28,102.54000091552734,102.69999694824219,102.18000030517578,102.47000122070312,102.02975463867188
2026-09-29,102.5999984741211,102.5999984741211,102.04000091552734,102.41000366210938,101.97001647949219
2026-09-30,102.5199966430664,102.55999755859375,102.05999755859375,102.18000030517578,101.74099731445312
2026-10-01,101.43000030517578,102.2300033569336,101.19999694824219,102.02999877929688,102.02999877929688
2026-10-02,102.37000274658203,102.55000305175781,101.69999694824219,101.83000183105469,101.83000183105469
2026-10-05,101.66999816894531,101.88999938964844,101.48999786376953,101.83000183105469,101.83000183105469
2026-10-06,102.0199966430664,102.33000183105469,101.95999908447266,102.13999938964844,102.13999938964844
2026-10-07,101.37999725341797,102.2300033569336,101.33999633789062,102.0999984741211,102.0999984741211
2026-10-08,102.06999969482422,102.54000091552734,101.98999786376953,102.47000122070312,102.47000122070312
