date,open,high,low,close,adj
2006-06-21,1.1401560306549072,1.140625,1.127344012260437,1.128906011581421,0.9824457764625549
2006-06-22,1.125,1.1270309686660767,1.0903129577636719,1.102344036102295,0.9593297243118286
2006-06-23,1.097656011581421,1.1181249618530273,1.0856250524520874,1.0990630388259888,0.9564744830131531
2006-06-26,1.1015629768371582,1.109375,1.09375,1.103124976158142,0.9600092768669128
2006-06-27,1.104688048362732,1.104688048362732,1.0618749856948853,1.0618749856948853,0.9241113066673279
2006-06-28,1.066406011581421,1.0771880149841309,1.0534379482269287,1.0748440027236938,0.9353973865509033
2006-06-29,1.0882810354232788,1.1398439407348633,1.0832810401916504,1.1398439407348633,0.9919645190238953
2006-06-30,1.1484379768371582,1.1484379768371582,1.1278129816055298,1.128906011581421,0.9824457764625549
2006-07-03,1.1375000476837158,1.142969012260437,1.1353130340576172,1.142030954360962,0.9938677549362183
2006-07-05,1.121093988418579,1.1215629577636719,1.093906044960022,1.0970309972763062,0.9547059535980225
2006-07-06,1.102344036102295,1.1109379529953003,1.086719036102295,1.0906250476837158,0.949131190776825
2006-07-07,1.071094036102295,1.0921880006790161,1.060155987739563,1.0667190551757812,0.9283265471458435
2006-07-10,1.0765630006790161,1.0807809829711914,1.039687991142273,1.049062967300415,0.9129613041877747
2006-07-11,1.0412499904632568,1.0692189931869507,1.033750057220459,1.066249966621399,0.9279184937477112
2006-07-12,1.0596879720687866,1.0625,1.0187499523162842,1.024062991142273,0.8912047743797302
2006-07-13,1.028905987739563,1.028905987739563,0.989063024520874,0.9914060235023499,0.8627844452857971
2006-07-14,0.987500011920929,0.989844024181366,0.9609379768371582,0.971094012260437,0.8451077342033386
2006-07-17,0.978905975818634,0.984375,0.9631249904632568,0.9757810235023499,0.8491866588592529
2006-07-18,0.984375,0.987500011920929,0.9484379887580872,0.981249988079071,0.8539462685585022
2006-07-19,0.978905975818634,1.0167189836502075,0.9782810211181641,1.002500057220459,0.8724391460418701
2006-07-20,1.0140630006790161,1.0140630006790161,0.974219024181366,0.9751560091972351,0.8486425280570984
2006-07-21,0.9582809805870056,0.96875,0.9518749713897705,0.953125,0.8294698596000671
2006-07-24,0.9607809782028198,0.9915630221366882,0.9607809782028198,0.9882810115814209,0.8600649237632751
2006-07-25,0.9929689764976501,1.009374976158142,0.9807810187339783,0.9979689717292786,0.8684958815574646
2006-07-26,0.9937499761581421,1.015468955039978,0.981249988079071,1.0,0.8702633380889893
2006-07-27,1.0210939645767212,1.0234379768371582,0.981249988079071,0.989844024181366,0.8614249229431152
2006-07-28,1.0007810592651367,1.0293749570846558,0.994530975818634,1.0293749570846558,0.8958274126052856
2006-07-31,1.021875023841858,1.038280963897705,1.0148439407348633,1.027343988418579,0.8940598964691162
2006-08-01,1.008594036102295,1.008594036102295,0.981249988079071,0.9921879768371582,0.8634649515151978
2006-08-02,1.003906011581421,1.026563048362732,1.0015629529953003,1.0104689598083496,0.8793743848800659
2006-08-03,0.9929689764976501,1.037500023841858,0.9921879768371582,1.027343988418579,0.8940598964691162
2006-08-04,1.0464060306549072,1.0546879768371582,0.9985939860343933,1.017969012260437,0.8859012126922607
2006-08-07,1.010938048362732,1.0148439407348633,0.9960939884185791,1.0056250095367432,0.8751586675643921
2006-08-08,1.009374976158142,1.015625,0.9828130006790161,0.9929689764976501,0.8641446828842163
2006-08-09,1.0064059495925903,1.0343749523162842,0.989063024520874,0.9925000071525574,0.8637365698814392
2006-08-10,0.9932810068130493,1.0128129720687866,0.9828130006790161,1.0051560401916504,0.8747506141662598
2006-08-11,0.9953129887580872,1.0007810592651367,0.9851559996604919,0.9953129887580872,0.8661845922470093
2006-08-14,1.0076559782028198,1.03125,1.0018750429153442,1.0043749809265137,0.8740708231925964
2006-08-15,1.037343978881836,1.0703129768371582,1.0232809782028198,1.0567189455032349,0.9196240305900574
2006-08-16,1.0703129768371582,1.1081249713897705,1.0640629529953003,1.107030987739563,0.9634086489677429
2006-08-17,1.1085939407348633,1.129688024520874,1.100000023841858,1.114063024520874,0.9695284366607666
2006-08-18,1.1101560592651367,1.117812991142273,1.089843988418579,1.1124999523162842,0.9681680202484131
2006-08-21,1.0943750143051147,1.1029690504074097,1.086719036102295,1.0921880006790161,0.9504913091659546
2006-08-22,1.1035939455032349,1.1168750524520874,1.0857809782028198,1.0950000286102295,0.9529387950897217
2006-08-23,1.0978130102157593,1.1087499856948853,1.068750023841858,1.0765630006790161,0.9368935227394104
2006-08-24,1.089063048362732,1.089843988418579,1.067188024520874,1.0848439931869507,0.9440999627113342
2006-08-25,1.073438048362732,1.1060940027236938,1.073438048362732,1.089063048362732,0.9477717876434326
2006-08-28,1.0859379768371582,1.1109379529953003,1.0859379768371582,1.104688048362732,0.9613698720932007
2006-08-29,1.103124976158142,1.113281011581421,1.0807809829711914,1.111719012260437,0.9674884080886841
2006-08-30,1.1128129959106445,1.122655987739563,1.103124976158142,1.1215629577636719,0.9760555028915405
2006-08-31,1.121093988418579,1.127187967300415,1.113281011581421,1.120313048362732,0.9749676585197449
2006-09-01,1.135938048362732,1.136718988418579,1.1201560497283936,1.1304689645767212,0.9838058352470398
2006-09-05,1.1318750381469727,1.1526559591293335,1.115625023841858,1.1507810354232788,1.001482605934143
2006-09-06,1.129688024520874,1.1356250047683716,1.1015629768371582,1.1059379577636719,0.9624576568603516
2006-09-07,1.100000023841858,1.1176559925079346,1.087499976158142,1.096094012260437,0.9538905620574951
2006-09-08,1.1015629768371582,1.1139060258865356,1.09375,1.107030987739563,0.9634086489677429
2006-09-11,1.0910940170288086,1.1323440074920654,1.084375023841858,1.1218750476837158,0.9763268828392029
2006-09-12,1.1257810592651367,1.1715630292892456,1.1234380006790161,1.1654690504074097,1.0142650604248047
2006-09-13,1.1687500476837158,1.1820310354232788,1.158594012260437,1.178905963897705,1.02595853805542
2006-09-14,1.1678129434585571,1.184999942779541,1.1678129434585571,1.1776560544967651,1.0248706340789795
2006-09-15,1.205469012260437,1.2754689455032349,1.1823439598083496,1.1890629529953003,1.0347981452941895
2006-09-18,1.191406011581421,1.2048439979553223,1.176563024520874,1.1881250143051147,1.0339816808700562
2006-09-19,1.1875,1.192188024520874,1.1543749570846558,1.1737500429153442,1.021471619606018
2006-09-20,1.1996879577636719,1.214843988418579,1.1932810544967651,1.2085939645767212,1.0517953634262085
2006-09-21,1.2156250476837158,1.221094012260437,1.1875,1.1929689645767212,1.0381971597671509
2006-09-22,1.1890629529953003,1.1890629529953003,1.1640629768371582,1.1723439693450928,1.0202480554580688
2006-09-25,1.1856249570846558,1.21875,1.1629689931869507,1.2156250476837158,1.0579140186309814
2006-09-26,1.212499976158142,1.2289060354232788,1.2051559686660767,1.2256250381469727,1.0666167736053467
2006-09-27,1.2237499952316284,1.2348439693450928,1.2085939645767212,1.2193750143051147,1.061177372932434
2006-09-28,1.2293750047683716,1.232030987739563,1.2037500143051147,1.2265629768371582,1.0674328804016113
2006-09-29,1.2328130006790161,1.2332810163497925,1.2156250476837158,1.2171880006790161,1.0592743158340454
2006-10-02,1.211719036102295,1.219688057899475,1.1821880340576172,1.1875,1.0334380865097046
2006-10-03,1.176563024520874,1.205469012260437,1.169374942779541,1.195937991142273,1.0407812595367432
2006-10-04,1.193750023841858,1.253906011581421,1.186094045639038,1.2507810592651367,1.088509202003479
2006-10-05,1.253906011581421,1.269531011581421,1.2478129863739014,1.2671879529953003,1.1027876138687134
2006-10-06,1.2520309686660767,1.269531011581421,1.2504689693450928,1.2601560354232788,1.0966675281524658
2006-10-09,1.259531021118164,1.2796880006790161,1.254688024520874,1.2664060592651367,1.1021071672439575
2006-10-10,1.270313024520874,1.2804689407348633,1.2542190551757812,1.2734379768371582,1.1082264184951782
2006-10-11,1.259374976158142,1.2843749523162842,1.240468978881836,1.2687499523162842,1.1041470766067505
2006-10-12,1.2828129529953003,1.3109380006790161,1.2779690027236938,1.3109380006790161,1.1408616304397583
2006-10-13,1.3109380006790161,1.3273439407348633,1.303905963897705,1.320937991142273,1.1495643854141235
2006-10-16,1.324218988418579,1.3335939645767212,1.3206249475479126,1.323438048362732,1.1517398357391357
2006-10-17,1.3115630149841309,1.3115630149841309,1.2796880006790161,1.2976560592651367,1.1293026208877563
2006-10-18,1.3120310306549072,1.313438057899475,1.2725000381469727,1.2796880006790161,1.1136658191680908
2006-10-19,1.2737499475479126,1.300781011581421,1.2687499523162842,1.290624976158142,1.1231838464736938
2006-10-20,1.2917189598083496,1.2939059734344482,1.2728129625320435,1.2937500476837158,1.1259034872055054
2006-10-23,1.2843749523162842,1.3287500143051147,1.2828129529953003,1.3168749809265137,1.1460285186767578
2006-10-24,1.3132810592651367,1.3200000524520874,1.2876559495925903,1.3043750524520874,1.1351497173309326
2006-10-25,1.3035939931869507,1.3237500190734863,1.2953130006790161,1.3203129768371582,1.1490201950073242
2006-10-26,1.3265630006790161,1.3485939502716064,1.305469036102295,1.341405987739563,1.1673766374588013
2006-10-27,1.3360940217971802,1.3409379720687866,1.2953130006790161,1.3034379482269287,1.1343345642089844
2006-10-30,1.301563024520874,1.3296879529953003,1.2937500476837158,1.318750023841858,1.1476600170135498
2006-10-31,1.332031011581421,1.3359379768371582,1.308750033378601,1.3265630006790161,1.1544593572616577
2006-11-01,1.3359379768371582,1.337656021118164,1.278749942779541,1.290624976158142,1.1231838464736938
2006-11-02,1.287500023841858,1.2979689836502075,1.2745310068130493,1.2918750047683716,1.1242715120315552
2006-11-03,1.301563024520874,1.301563024520874,1.2649999856948853,1.2843749523162842,1.1177444458007812
2006-11-06,1.2976560592651367,1.330312967300415,1.295469045639038,1.3132810592651367,1.1429005861282349
2006-11-07,1.3250000476837158,1.3548439741134644,1.317188024520874,1.339843988418579,1.1660174131393433
2006-11-08,1.3231250047683716,1.363281011581421,1.3159379959106445,1.357969045639038,1.181790828704834
2006-11-09,1.367969036102295,1.371093988418579,1.3289060592651367,1.339063048362732,1.1653378009796143
2006-11-10,1.3410940170288086,1.3539060354232788,1.3296879529953003,1.3539060354232788,1.1782550811767578
2006-11-13,1.3524999618530273,1.3826559782028198,1.3493750095367432,1.3757810592651367,1.1972919702529907
2006-11-14,1.3781249523162842,1.410938024520874,1.3645310401916504,1.410938024520874,1.2278879880905151
2006-11-15,1.4098440408706665,1.4375,1.4078129529953003,1.4198440313339233,1.2356386184692383
2006-11-16,1.426563024520874,1.4379689693450928,1.4140629768371582,1.4343750476837158,1.2482842206954956
2006-11-17,1.415624976158142,1.431249976158142,1.408750057220459,1.431249976158142,1.245564579963684
2006-11-20,1.419530987739563,1.4424999952316284,1.4134379625320435,1.4367189407348633,1.2503241300582886
2006-11-21,1.4382810592651367,1.4426560401916504,1.4278130531311035,1.4406249523162842,1.253722906112671
2006-11-22,1.4462499618530273,1.460155963897705,1.427968978881836,1.4587500095367432,1.2694969177246094
2006-11-24,1.435155987739563,1.464843988418579,1.435155987739563,1.4495309591293335,1.2614736557006836
2006-11-27,1.435155987739563,1.4476560354232788,1.3828129768371582,1.3842190504074097,1.2046353816986084
2006-11-28,1.375,1.396718978881836,1.3648439645767212,1.388280987739563,1.2081702947616577
2006-11-29,1.412500023841858,1.4192190170288086,1.3856250047683716,1.410938024520874,1.2278879880905151
2006-11-30,1.412500023841858,1.4234379529953003,1.3946880102157593,1.4065630435943604,1.2240803241729736
2006-12-01,1.4098440408706665,1.413280963897705,1.359531044960022,1.3878129720687866,1.2077630758285522
2006-12-04,1.3934379816055298,1.433593988418579,1.386875033378601,1.4226560592651367,1.2380857467651367
2006-12-05,1.4309380054473877,1.4395309686660767,1.417188048362732,1.4295309782028198,1.2440686225891113
2006-12-06,1.426563024520874,1.4292190074920654,1.4096879959106445,1.4190629720687866,1.2349590063095093
2006-12-07,1.426563024520874,1.433593988418579,1.383594036102295,1.384374976158142,1.2047712802886963
2006-12-08,1.3757810592651367,1.419530987739563,1.3701560497283936,1.3984379768371582,1.2170095443725586
2006-12-11,1.392969012260437,1.425624966621399,1.3878129720687866,1.4093749523162842,1.2265273332595825
2006-12-12,1.40625,1.4104690551757812,1.375,1.3909380435943604,1.2104825973510742
2006-12-13,1.4081250429153442,1.408594012260437,1.379688024520874,1.394531011581421,1.2136093378067017
2006-12-14,1.4021879434585571,1.4382810592651367,1.4007810354232788,1.424219012260437,1.2394455671310425
2006-12-15,1.4489059448242188,1.454063057899475,1.428905963897705,1.433593988418579,1.2476043701171875
2006-12-18,1.4439059495925903,1.453125,1.393125057220459,1.4007810354232788,1.2190487384796143
2006-12-19,1.3815629482269287,1.4089059829711914,1.3653130531311035,1.395313024520874,1.2142900228500366
2006-12-20,1.34375,1.34375,1.3003129959106445,1.301563024520874,1.2059080600738525
2006-12-21,1.3023439645767212,1.305469036102295,1.2712500095367432,1.283594012260437,1.1892595291137695
2006-12-22,1.2801560163497925,1.2804689407348633,1.256250023841858,1.259374976158142,1.1668201684951782
2006-12-26,1.256250023841858,1.2667189836502075,1.2515629529953003,1.265625,1.172611117362976
2006-12-27,1.2660939693450928,1.281093955039978,1.2623440027236938,1.2779690027236938,1.184048056602478
2006-12-28,1.274219036102295,1.2781250476837158,1.2581249475479126,1.2671879529953003,1.1740590333938599
2006-12-29,1.2671879529953003,1.2937500476837158,1.263280987739563,1.2662500143051147,1.1731899976730347
2007-01-03,1.293125033378601,1.3165630102157593,1.2312500476837158,1.270313024520874,1.1769542694091797
2007-01-04,1.2710939645767212,1.3251559734344482,1.261718988418579,1.3159379959106445,1.2192264795303345
2007-01-05,1.3021880388259888,1.307813048362732,1.282655954360962,1.296875,1.2015645503997803
2007-01-08,1.307813048362732,1.319530963897705,1.2890629768371582,1.3049999475479126,1.2090924978256226
2007-01-09,1.3128130435943604,1.330469012260437,1.2909380197525024,1.320937991142273,1.2238588333129883
2007-01-10,1.3117189407348633,1.355468988418579,1.303905963897705,1.355468988418579,1.2558523416519165
2007-01-11,1.355468988418579,1.3875000476837158,1.354688048362732,1.3781249523162842,1.2768429517745972
2007-01-12,1.3754689693450928,1.395313024520874,1.3717190027236938,1.3921879529953003,1.2898725271224976
2007-01-16,1.3921879529953003,1.3971879482269287,1.3807810544967651,1.3921879529953003,1.2898725271224976
2007-01-17,1.3909380435943604,1.3909380435943604,1.361875057220459,1.3668750524520874,1.2664202451705933
2007-01-18,1.360313057899475,1.3614059686660767,1.3071880340576172,1.3109380006790161,1.2145940065383911
2007-01-19,1.3067189455032349,1.3250000476837158,1.303905963897705,1.314844012260437,1.2182127237319946
2007-01-22,1.321874976158142,1.321874976158142,1.2796880006790161,1.2890629768371582,1.1943265199661255
2007-01-23,1.2923439741134644,1.3070310354232788,1.278905987739563,1.2829689979553223,1.1886804103851318
2007-01-24,1.2985939979553223,1.325780987739563,1.2937500476837158,1.321874976158142,1.2247270345687866
2007-01-25,1.3293750286102295,1.335155963897705,1.2825000286102295,1.285938024520874,1.1914312839508057
2007-01-26,1.2959380149841309,1.2959380149841309,1.2671879529953003,1.2770309448242188,1.183178424835205
2007-01-29,1.2757810354232788,1.3017189502716064,1.271718978881836,1.2845309972763062,1.1901276111602783
2007-01-30,1.2868750095367432,1.2934379577636719,1.278905987739563,1.2879689931869507,1.1933127641677856
2007-01-31,1.2817189693450928,1.3157809972763062,1.2676559686660767,1.303905963897705,1.2080786228179932
2007-02-01,1.3198440074920654,1.329530954360962,1.296875,1.305469036102295,1.209526538848877
2007-02-02,1.312656044960022,1.3196879625320435,1.3004690408706665,1.3167190551757812,1.2199498414993286
2007-02-05,1.312343955039978,1.3240629434585571,1.3032809495925903,1.3121880292892456,1.2157520055770874
2007-02-06,1.3151559829711914,1.3179689645767212,1.2815630435943604,1.306249976158142,1.2102503776550293
2007-02-07,1.3240629434585571,1.3428130149841309,1.3118749856948853,1.3373440504074097,1.239059567451477
2007-02-08,1.328281044960022,1.3393750190734863,1.3170310258865356,1.3378130197525024,1.2394938468933105
2007-02-09,1.3378130197525024,1.3464059829711914,1.288280963897705,1.2960939407348633,1.200840950012207
2007-02-12,1.2948440313339233,1.2960939407348633,1.2796880006790161,1.2857810258865356,1.191285490989685
2007-02-13,1.2946879863739014,1.3028130531311035,1.2862499952316284,1.2998440265655518,1.204315185546875
2007-02-14,1.305469036102295,1.3445310592651367,1.3049999475479126,1.3387500047683716,1.2403619289398193
2007-02-15,1.3404690027236938,1.3529690504074097,1.3354690074920654,1.3529690504074097,1.2535358667373657
2007-02-16,1.3424999713897705,1.3504689931869507,1.3359379768371582,1.348438024520874,1.249338150024414
2007-02-20,1.3421880006790161,1.3685940504074097,1.3265630006790161,1.364063024520874,1.2638145685195923
2007-02-21,1.3539060354232788,1.3742189407348633,1.3504689931869507,1.3729690313339233,1.2720658779144287
2007-02-22,1.3826559782028198,1.3926559686660767,1.3642189502716064,1.3875000476837158,1.2855290174484253
2007-02-23,1.384374976158142,1.384374976158142,1.363281011581421,1.375,1.2739477157592773
2007-02-26,1.3887499570846558,1.3887499570846558,1.3445310592651367,1.3624999523162842,1.2623660564422607
2007-02-27,1.312656044960022,1.3264060020446777,1.2293750047683716,1.2312500476837158,1.1407620906829834
2007-02-28,1.247655987739563,1.2820310592651367,1.2265629768371582,1.2576559782028198,1.1652275323867798
2007-03-01,1.2195310592651367,1.2714060544967651,1.1934380531311035,1.2445310354232788,1.1530673503875732
2007-03-02,1.2348439693450928,1.2451560497283936,1.2009379863739014,1.2009379863739014,1.1126776933670044
2007-03-05,1.187343955039978,1.2237499952316284,1.1832809448242188,1.1843750476837158,1.0973320007324219
2007-03-06,1.203125,1.2337499856948853,1.203125,1.2276560068130493,1.137432336807251
2007-03-07,1.225780963897705,1.2335939407348633,1.2151559591293335,1.216405987739563,1.1270092725753784
2007-03-08,1.2420309782028198,1.2482810020446777,1.2254689931869507,1.239063024520874,1.1480010747909546
2007-03-09,1.252344012260437,1.2531249523162842,1.2156250476837158,1.2346880435943604,1.143947958946228
2007-03-12,1.2270309925079346,1.2495310306549072,1.2270309925079346,1.246093988418579,1.1545155048370361
2007-03-13,1.2315629720687866,1.246093988418579,1.191406011581421,1.1989059448242188,1.1107953786849976
2007-03-14,1.2004690170288086,1.2321879863739014,1.1817189455032349,1.2321879863739014,1.1416311264038086
2007-03-15,1.2251559495925903,1.2350000143051147,1.2171880006790161,1.2287499904632568,1.1384464502334595
2007-03-16,1.2289060354232788,1.2348439693450928,1.2110940217971802,1.2242189645767212,1.1342484951019287
2007-03-19,1.2374999523162842,1.254688024520874,1.2300000190734863,1.2489060163497925,1.157120704650879
2007-03-20,1.2468750476837158,1.265781044960022,1.2450000047683716,1.265625,1.172611117362976
2007-03-21,1.2671879529953003,1.316249966621399,1.252344012260437,1.3125,1.2160407304763794
2007-03-22,1.3140629529953003,1.3140629529953003,1.2956249713897705,1.3046879768371582,1.2088030576705933
2007-03-23,1.3010940551757812,1.3109380006790161,1.2920310497283936,1.2932809591293335,1.1982342004776
2007-03-26,1.297031044960022,1.3082809448242188,1.2673439979553223,1.3032809495925903,1.2074995040893555
2007-03-27,1.2999999523162842,1.300624966621399,1.2860939502716064,1.2892190217971802,1.1946436166763306
2007-03-28,1.2768750190734863,1.2892190217971802,1.2599999904632568,1.2625000476837158,1.1698848009109497
2007-03-29,1.2782809734344482,1.2782809734344482,1.2362500429153442,1.260938048362732,1.1684370040893555
2007-03-30,1.2648439407348633,1.2793749570846558,1.2421879768371582,1.2653130292892456,1.172491431236267
2007-04-02,1.269531011581421,1.272655963897705,1.247499942779541,1.2606250047683716,1.168147087097168
2007-04-03,1.2764060497283936,1.3037500381469727,1.2743749618530273,1.297031044960022,1.2018824815750122
2007-04-04,1.2939059734344482,1.3076560497283936,1.2937500476837158,1.3046879768371582,1.208977460861206
2007-04-05,1.300624966621399,1.320937991142273,1.2984379529953003,1.318750023841858,1.2220081090927124
2007-04-09,1.328125,1.328125,1.3067189455032349,1.312343955039978,1.2160720825195312
2007-04-10,1.311094045639038,1.3239059448242188,1.3109380006790161,1.3224999904632568,1.225482702255249
2007-04-11,1.319530963897705,1.319530963897705,1.2884379625320435,1.295469045639038,1.200434923171997
2007-04-12,1.2951560020446777,1.3200000524520874,1.2815630435943604,1.3179689645767212,1.22128427028656
2007-04-13,1.314844012260437,1.3253129720687866,1.2999999523162842,1.3226560354232788,1.2256274223327637
2007-04-16,1.332031011581421,1.350000023841858,1.332031011581421,1.3457809686660767,1.2470561265945435
2007-04-17,1.3485939502716064,1.3534380197525024,1.339063048362732,1.3512500524520874,1.2521237134933472
2007-04-18,1.3404690027236938,1.3542189598083496,1.3310940265655518,1.346094012260437,1.2473459243774414
2007-04-19,1.3298439979553223,1.3553129434585571,1.324218988418579,1.3471879959106445,1.2483596801757812
2007-04-20,1.363124966621399,1.3779690265655518,1.3526560068130493,1.3674999475479126,1.267181396484375
2007-04-23,1.3674999475479126,1.375,1.360780954360962,1.3681249618530273,1.2677606344223022
2007-04-24,1.3760939836502075,1.3898439407348633,1.359375,1.3790630102157593,1.2778964042663574
2007-04-25,1.3896880149841309,1.419374942779541,1.3817189931869507,1.4187500476837158,1.3146716356277466
2007-04-26,1.435155987739563,1.4390629529953003,1.4198440313339233,1.433593988418579,1.3284271955490112
2007-04-27,1.422031044960022,1.4362499713897705,1.4178129434585571,1.435155987739563,1.3298747539520264
2007-04-30,1.4267189502716064,1.4310940504074097,1.3935940265655518,1.397655963897705,1.2951256036758423
2007-05-01,1.3984379768371582,1.40625,1.3778129816055298,1.40625,1.3030891418457031
2007-05-02,1.4035940170288086,1.4334379434585571,1.4035940170288086,1.424219012260437,1.3197399377822876
2007-05-03,1.4296879768371582,1.4410940408706665,1.4235939979553223,1.435155987739563,1.3298747539520264
2007-05-04,1.4440629482269287,1.4509379863739014,1.4235939979553223,1.4385939836502075,1.3330602645874023
2007-05-07,1.4368749856948853,1.443750023841858,1.4315630197525024,1.4353129863739014,1.3300201892852783
2007-05-08,1.4225000143051147,1.4429689645767212,1.414687991142273,1.4345309734344482,1.32929527759552
2007-05-09,1.426563024520874,1.4546879529953003,1.4249999523162842,1.4451559782028198,1.3391410112380981
2007-05-10,1.4367189407348633,1.4432810544967651,1.399999976158142,1.4089059829711914,1.3055500984191895
2007-05-11,1.408594012260437,1.4424999952316284,1.4068750143051147,1.4420310258865356,1.3362449407577515
2007-05-14,1.4426560401916504,1.4482810497283936,1.4067189693450928,1.4212499856948853,1.316988468170166
2007-05-15,1.4198440313339233,1.4370310306549072,1.392969012260437,1.4007810354232788,1.2980211973190308
2007-05-16,1.4065630435943604,1.428125023841858,1.3887499570846558,1.4268749952316284,1.322200894355774
2007-05-17,1.421718955039978,1.4278130531311035,1.4106249809265137,1.4115630388259888,1.3080122470855713
2007-05-18,1.421875,1.434999942779541,1.4154690504074097,1.4346879720687866,1.3294408321380615
2007-05-21,1.4371880292892456,1.4670310020446777,1.433750033378601,1.4546879529953003,1.3479737043380737
2007-05-22,1.4539060592651367,1.4704689979553223,1.4454690217971802,1.4564059972763062,1.3495656251907349
2007-05-23,1.4654690027236938,1.4759379625320435,1.4410940408706665,1.443593978881836,1.337693452835083
2007-05-24,1.439844012260437,1.4559379816055298,1.3903130292892456,1.4028129577636719,1.299904227256775
2007-05-25,1.407655954360962,1.424375057220459,1.4021879434585571,1.4178129434585571,1.3138035535812378
2007-05-29,1.421718955039978,1.4418749809265137,1.4145309925079346,1.4359380006790161,1.3305991888046265
2007-05-30,1.415781021118164,1.4628130197525024,1.409999966621399,1.4614059925079346,1.354198932647705
2007-05-31,1.4682810306549072,1.4815629720687866,1.4628130197525024,1.4798439741134644,1.371284008026123
2007-06-01,1.4854689836502075,1.4959379434585571,1.472499966621399,1.4785939455032349,1.3701261281967163
2007-06-04,1.4671880006790161,1.4879690408706665,1.4639060497283936,1.4828130006790161,1.374035358428955
2007-06-05,1.475000023841858,1.4848439693450928,1.4564059972763062,1.4848439693450928,1.3759174346923828
2007-06-06,1.4698439836502075,1.471094012260437,1.445937991142273,1.4509379863739014,1.3444987535476685
2007-06-07,1.444530963897705,1.4634380340576172,1.402500033378601,1.402500033378601,1.299614429473877
2007-06-08,1.4075000286102295,1.4426560401916504,1.3960939645767212,1.4401559829711914,1.334507703781128
2007-06-11,1.4404690265655518,1.4574999809265137,1.4318749904632568,1.4343750476837158,1.3291507959365845
2007-06-12,1.4184379577636719,1.447031021118164,1.4126559495925903,1.4149999618530273,1.31119704246521
2007-06-13,1.426563024520874,1.450780987739563,1.4190629720687866,1.4429689645767212,1.3371142148971558
2007-06-14,1.4542189836502075,1.475000023841858,1.4542189836502075,1.4684380292892456,1.3607150316238403
2007-06-15,1.4812500476837158,1.5007810592651367,1.4812500476837158,1.496093988418579,1.3863422870635986
2007-06-18,1.4993749856948853,1.501405954360962,1.4885940551757812,1.4945310354232788,1.3848942518234253
2007-06-19,1.4856250286102295,1.5004689693450928,1.4789060354232788,1.4926559925079346,1.383156418800354
2007-06-20,1.4940630197525024,1.5032809972763062,1.462499976158142,1.4659379720687866,1.3583980798721313
2007-06-21,1.466405987739563,1.4956250190734863,1.4518749713897705,1.4934380054473877,1.3838807344436646
2007-06-22,1.4824999570846558,1.4900000095367432,1.454530954360962,1.4642189741134644,1.356805443763733
2007-06-25,1.4660940170288086,1.4801559448242188,1.4348440170288086,1.457031011581421,1.3501447439193726
2007-06-26,1.4635939598083496,1.4635939598083496,1.4296879768371582,1.4406249523162842,1.3349419832229614
2007-06-27,1.4293750524520874,1.4784380197525024,1.4273439645767212,1.473438024520874,1.3653481006622314
2007-06-28,1.4742189645767212,1.4957809448242188,1.472656011581421,1.477187991142273,1.3688229322433472
2007-06-29,1.491405963897705,1.4979690313339233,1.4571880102157593,1.4864059686660767,1.377364993095398
2007-07-02,1.486719012260437,1.5068750381469727,1.4850000143051147,1.5053130388259888,1.3948849439620972
2007-07-03,1.5107810497283936,1.5228129625320435,1.5067189931869507,1.522655963897705,1.4109554290771484
2007-07-05,1.5228129625320435,1.5512499809265137,1.5214060544967651,1.5399999618530273,1.4270272254943848
2007-07-06,1.5484379529953003,1.5596879720687866,1.5345309972763062,1.558593988418579,1.4442576169967651
2007-07-09,1.557813048362732,1.565000057220459,1.548280954360962,1.559999942779541,1.445560097694397
2007-07-10,1.5453130006790161,1.5596879720687866,1.5309380292892456,1.5345309972763062,1.4219598770141602
2007-07-11,1.5264060497283936,1.5604690313339233,1.5231250524520874,1.5604690313339233,1.4459952116012573
2007-07-12,1.562656044960022,1.607030987739563,1.5604690313339233,1.600780963897705,1.4833494424819946
2007-07-13,1.6043750047683716,1.6265629529953003,1.6015629768371582,1.6243749856948853,1.505212664604187
2007-07-16,1.621093988418579,1.634531021118164,1.6129690408706665,1.622655987739563,1.5036197900772095
2007-07-17,1.6254689693450928,1.6471879482269287,1.6228129863739014,1.6389060020446777,1.5186779499053955
2007-07-18,1.6242189407348633,1.640625,1.6040630340576172,1.640625,1.5202709436416626
2007-07-19,1.6551560163497925,1.6696879863739014,1.6454689502716064,1.6478129625320435,1.5269314050674438
2007-07-20,1.6459380388259888,1.6503130197525024,1.6106250286102295,1.6339060068130493,1.5140445232391357
2007-07-23,1.6390630006790161,1.645313024520874,1.621093988418579,1.631250023841858,1.5115833282470703
2007-07-24,1.6060940027236938,1.632030963897705,1.564687967300415,1.5868749618530273,1.470463752746582
2007-07-25,1.597656011581421,1.603281021118164,1.5657809972763062,1.589063048362732,1.4724911451339722
2007-07-26,1.580469012260437,1.5893750190734863,1.5004689693450928,1.553905963897705,1.4399131536483765
2007-07-27,1.5528130531311035,1.5682810544967651,1.4920309782028198,1.4920309782028198,1.3825774192810059
2007-07-30,1.5112500190734863,1.5420310497283936,1.4948439598083496,1.5340629816055298,1.4215258359909058
2007-07-31,1.555469036102295,1.5571880340576172,1.4612499475479126,1.46875,1.36100435256958
2007-08-01,1.4582810401916504,1.4895310401916504,1.4329689741134644,1.486562967300415,1.3775103092193604
2007-08-02,1.4921879768371582,1.519531011581421,1.480625033378601,1.5159380435943604,1.4047304391860962
2007-08-03,1.509374976158142,1.5134379863739014,1.4375,1.4557809829711914,1.348986268043518
2007-08-06,1.459218978881836,1.4918750524520874,1.432813048362732,1.484375,1.3754827976226807
2007-08-07,1.4807809591293335,1.5078129768371582,1.4590630531311035,1.5026559829711914,1.3924227952957153
2007-08-08,1.5235940217971802,1.556249976158142,1.515625,1.546718955039978,1.4332534074783325
2007-08-09,1.528905987739563,1.550624966621399,1.4600000381469727,1.4695310592651367,1.3617281913757324
2007-08-10,1.4410940408706665,1.4785939455032349,1.4056249856948853,1.4418749809265137,1.336100697517395
2007-08-13,1.4714059829711914,1.4807809591293335,1.457031011581421,1.4606250524520874,1.3534749746322632
2007-08-14,1.465000033378601,1.4723440408706665,1.412500023841858,1.4140629768371582,1.310328722000122
2007-08-15,1.4065630435943604,1.4315630197525024,1.356874942779541,1.361719012260437,1.261824369430542
2007-08-16,1.3501559495925903,1.3606250286102295,1.2715630531311035,1.330469012260437,1.232866883277893
2007-08-17,1.3609379529953003,1.3995310068130493,1.3407809734344482,1.3778129816055298,1.2767384052276611
2007-08-20,1.392969012260437,1.4046880006790161,1.3673440217971802,1.386718988418579,1.284990668296814
2007-08-21,1.3926559686660767,1.4287500381469727,1.3849999904632568,1.425781011581421,1.3211872577667236
2007-08-22,1.4401559829711914,1.4629689455032349,1.4378130435943604,1.4590630531311035,1.3520280122756958
2007-08-23,1.46875,1.4740630388259888,1.4353129863739014,1.453125,1.3465255498886108
2007-08-24,1.4462499618530273,1.4968750476837158,1.441406011581421,1.496093988418579,1.3863422870635986
2007-08-27,1.485780954360962,1.493749976158142,1.4659379720687866,1.4667190313339233,1.3591222763061523
2007-08-28,1.459375023841858,1.4684380292892456,1.4034379720687866,1.403905987739563,1.3009170293807983
2007-08-29,1.4226560592651367,1.484531044960022,1.4215630292892456,1.4810940027236938,1.372442603111267
2007-08-30,1.4760940074920654,1.5231250524520874,1.461719036102295,1.503906011581421,1.3935810327529907
2007-08-31,1.53125,1.5437500476837158,1.5160939693450928,1.5301560163497925,1.417905330657959
2007-09-04,1.5387500524520874,1.602344036102295,1.5387500524520874,1.5835939645767212,1.467423439025879
2007-09-05,1.5835939645767212,1.5835939645767212,1.5307810306549072,1.5509380102157593,1.4371631145477295
2007-09-06,1.5557810068130493,1.5607810020446777,1.527500033378601,1.546875,1.433397650718689
2007-09-07,1.5110939741134644,1.5139060020446777,1.4721879959106445,1.4957809448242188,1.386051893234253
2007-09-10,1.5137499570846558,1.5209380388259888,1.4635939598083496,1.4934380054473877,1.3838807344436646
2007-09-11,1.5054689645767212,1.5348440408706665,1.5015629529953003,1.53125,1.4189190864562988
2007-09-12,1.5257810354232788,1.5579689741134644,1.521718978881836,1.5379689931869507,1.4251455068588257
2007-09-13,1.553905963897705,1.5557810068130493,1.53125,1.5446879863739014,1.4313714504241943
2007-09-14,1.5234379768371582,1.5535939931869507,1.5175000429153442,1.544530987739563,1.4312257766723633
2007-09-17,1.5323439836502075,1.5401560068130493,1.509374976158142,1.5185940265655518,1.4071918725967407
2007-09-18,1.5390629768371582,1.600780963897705,1.524062991142273,1.5978130102157593,1.4805994033813477
2007-09-19,1.6165629625320435,1.6332809925079346,1.5948439836502075,1.6073440313339233,1.4894310235977173
2007-09-20,1.5996880531311035,1.611875057220459,1.5901559591293335,1.5970309972763062,1.4798743724822998
2007-09-21,1.6142189502716064,1.6293749809265137,1.6087499856948853,1.616405963897705,1.4978281259536743
2007-09-24,1.6254689693450928,1.6570310592651367,1.6176559925079346,1.6339060068130493,1.5140445232391357
2007-09-25,1.6195310354232788,1.6649999618530273,1.6184380054473877,1.662343978881836,1.5403962135314941
2007-09-26,1.6799999475479126,1.6929689645767212,1.6670310497283936,1.6771880388259888,1.5541512966156006
2007-09-27,1.700780987739563,1.7009379863739014,1.6832809448242188,1.699218988418579,1.57456636428833
2007-09-28,1.6964060068130493,1.7034380435943604,1.6707810163497925,1.6890629529953003,1.565155029296875
2007-10-01,1.6917190551757812,1.734218955039978,1.6915630102157593,1.7179689407348633,1.5919406414031982
2007-10-02,1.722656011581421,1.7268749475479126,1.705625057220459,1.7218749523162842,1.5955599546432495
2007-10-03,1.714843988418579,1.7276560068130493,1.6906249523162842,1.6953129768371582,1.5709465742111206
2007-10-04,1.706874966621399,1.7104690074920654,1.6799999475479126,1.703125,1.5781859159469604
2007-10-05,1.7323440313339233,1.7818750143051147,1.7270309925079346,1.7818750143051147,1.6511586904525757
2007-10-08,1.7743749618530273,1.7981250286102295,1.7689059972763062,1.7953130006790161,1.663610816001892
2007-10-09,1.806406021118164,1.8184380531311035,1.7910939455032349,1.8156249523162842,1.6824326515197754
2007-10-10,1.8129689693450928,1.825780987739563,1.801563024520874,1.825780987739563,1.691843867301941
2007-10-11,1.841405987739563,1.8501559495925903,1.7376559972763062,1.772655963897705,1.6426160335540771
2007-10-12,1.7804689407348633,1.8239059448242188,1.7723439931869507,1.8239059448242188,1.6901062726974487
2007-10-15,1.8248440027236938,1.8310940265655518,1.7646880149841309,1.7934379577636719,1.6618731021881104
2007-10-16,1.772655963897705,1.8032809495925903,1.764219045639038,1.785156011581421,1.6541990041732788
2007-10-17,1.8250000476837158,1.828281044960022,1.763124942779541,1.8232810497283936,1.689527153968811
2007-10-18,1.806249976158142,1.8431249856948853,1.792188048362732,1.8356250524520874,1.7009657621383667
2007-10-19,1.8356250524520874,1.8357809782028198,1.7420309782028198,1.7478129863739014,1.6195951700210571
2007-10-22,1.7215629816055298,1.7881250381469727,1.7167190313339233,1.7846879959106445,1.6537652015686035
2007-10-23,1.8206249475479126,1.8609379529953003,1.8037500381469727,1.8465629816055298,1.7111012935638428
2007-10-24,1.828281044960022,1.8428130149841309,1.752500057220459,1.835155963897705,1.7005311250686646
2007-10-25,1.8359379768371582,1.844688057899475,1.761718988418579,1.8143750429153442,1.681274652481079
2007-10-26,1.8509379625320435,1.8601560592651367,1.8082809448242188,1.8371880054473877,1.7024140357971191
2007-10-29,1.8565629720687866,1.8670309782028198,1.8359379768371582,1.8551559448242188,1.7190639972686768
2007-10-30,1.8431249856948853,1.8821879625320435,1.8387500047683716,1.855468988418579,1.7193536758422852
2007-10-31,1.8718750476837158,1.917968988418579,1.8426560163497925,1.9135940074920654,1.7732150554656982
2007-11-01,1.890625,1.901563048362732,1.842344045639038,1.8562500476837158,1.720077395439148
2007-11-02,1.8692189455032349,1.878749966621399,1.816406011581421,1.875938057899475,1.738321304321289
2007-11-05,1.8520309925079346,1.8690630197525024,1.8143750429153442,1.853124976158142,1.7171818017959595
2007-11-06,1.875938057899475,1.8879690170288086,1.8278130292892456,1.883594036102295,1.7454156875610352
2007-11-07,1.8409379720687866,1.8804689645767212,1.7901560068130493,1.795469045639038,1.6637552976608276
2007-11-08,1.801563024520874,1.801563024520874,1.6262500286102295,1.667188048362732,1.5448849201202393
2007-11-09,1.620313048362732,1.651563048362732,1.5703129768371582,1.5723439455032349,1.4569984674453735
2007-11-12,1.566406011581421,1.587499976158142,1.4874999523162842,1.4898439645767212,1.3805506229400635
2007-11-13,1.5384379625320435,1.618749976158142,1.531093955039978,1.6104689836502075,1.4923266172409058
2007-11-14,1.660156011581421,1.660156011581421,1.5612499713897705,1.5885939598083496,1.4720569849014282
2007-11-15,1.566249966621399,1.6020309925079346,1.5284379720687866,1.558593988418579,1.4442576169967651
2007-11-16,1.578125,1.5970309972763062,1.526563048362732,1.5892189741134644,1.4726359844207764
2007-11-19,1.5707809925079346,1.5950000286102295,1.5304689407348633,1.5487500429153442,1.4351352453231812
2007-11-20,1.5703129768371582,1.6145310401916504,1.4995310306549072,1.5603129863739014,1.445850133895874
2007-11-21,1.5340629816055298,1.5759379863739014,1.4943749904632568,1.5125000476837158,1.4015446901321411
2007-11-23,1.546875,1.5615630149841309,1.5257810354232788,1.549375057220459,1.435714602470398
2007-11-26,1.5701559782028198,1.587656021118164,1.496093988418579,1.5078129768371582,1.3972015380859375
2007-11-27,1.5295310020446777,1.5654690265655518,1.5081249475479126,1.5543750524520874,1.4403480291366577
2007-11-28,1.6009379625320435,1.6676559448242188,1.5940630435943604,1.647655963897705,1.5267858505249023
2007-11-29,1.640625,1.6795309782028198,1.6325000524520874,1.660156011581421,1.538368821144104
2007-11-30,1.732030987739563,1.732030987739563,1.6206250190734863,1.6478129625320435,1.5269314050674438
2007-12-03,1.6290630102157593,1.6570310592651367,1.6120309829711914,1.6176559925079346,1.4989867210388184
2007-12-04,1.5907809734344482,1.618906021118164,1.5840630531311035,1.602187991142273,1.484653115272522
2007-12-05,1.645313024520874,1.6707810163497925,1.6326559782028198,1.6589059829711914,1.5372103452682495
2007-12-06,1.6706249713897705,1.7090630531311035,1.660938024520874,1.695937991142273,1.5715258121490479
2007-12-07,1.7265629768371582,1.7265629768371582,1.689844012260437,1.7073440551757812,1.5820955038070679
2007-12-10,1.7100000381469727,1.7293750047683716,1.7060940265655518,1.717344045639038,1.59136164188385
2007-12-11,1.722656011581421,1.7407809495925903,1.634374976158142,1.6432809829711914,1.5227315425872803
2007-12-12,1.6879689693450928,1.7096879482269287,1.6124999523162842,1.6653130054473877,1.5431475639343262
2007-12-13,1.640468955039978,1.658750057220459,1.617812991142273,1.640781044960022,1.5204150676727295
2007-12-14,1.6256250143051147,1.6570310592651367,1.6142189502716064,1.615625023841858,1.4971047639846802
2007-12-17,1.6084380149841309,1.6135940551757812,1.5367189645767212,1.5415630340576172,1.4284753799438477
2007-12-18,1.570937991142273,1.570937991142273,1.503749966621399,1.544374942779541,1.4310808181762695
2007-12-19,1.545469045639038,1.564844012260437,1.529844045639038,1.558593988418579,1.4442576169967651
2007-12-20,1.511718988418579,1.5415630340576172,1.4859379529953003,1.5403130054473877,1.504034399986267
2007-12-21,1.5723439455032349,1.59375,1.5657809972763062,1.59375,1.5562125444412231
2007-12-24,1.5881249904632568,1.622499942779541,1.5881249904632568,1.6124999523162842,1.5745211839675903
2007-12-26,1.6082810163497925,1.6349999904632568,1.5948439836502075,1.628906011581421,1.5905405282974243
2007-12-27,1.6176559925079346,1.626405954360962,1.5778130292892456,1.5835939645767212,1.5462957620620728
2007-12-28,1.5981249809265137,1.604688048362732,1.5609380006790161,1.5792189836502075,1.5420241355895996
2007-12-31,1.562656044960022,1.5810940265655518,1.5462499856948853,1.5503129959106445,1.5137991905212402
2008-01-02,1.553125023841858,1.5625,1.4815629720687866,1.5007810592651367,1.4654332399368286
2008-01-03,1.497655987739563,1.518125057220459,1.4823440313339233,1.509374976158142,1.4738250970840454
2008-01-04,1.460155963897705,1.4620310068130493,1.367969036102295,1.378749966621399,1.3462764024734497
2008-01-07,1.3795310258865356,1.3885940313339233,1.322031021118164,1.3609379529953003,1.3288843631744385
2008-01-08,1.3681249618530273,1.3970309495925903,1.2940629720687866,1.298280954360962,1.2677026987075806
2008-01-09,1.3004690408706665,1.3506250381469727,1.2684379816055298,1.339843988418579,1.3082869052886963
2008-01-10,1.321094036102295,1.3743749856948853,1.3129689693450928,1.3406250476837158,1.30905020236969
2008-01-11,1.3406250476837158,1.3406250476837158,1.278905987739563,1.3035939931869507,1.2728906869888306
2008-01-14,1.3284380435943604,1.350000023841858,1.3125,1.337656021118164,1.3061506748199463
2008-01-15,1.3132810592651367,1.3224999904632568,1.2581249475479126,1.276563048362732,1.2464964389801025
2008-01-16,1.249843955039978,1.288280963897705,1.209375023841858,1.239063024520874,1.209879755973816
2008-01-17,1.252500057220459,1.2698440551757812,1.1956249475479126,1.2050000429153442,1.1766188144683838
2008-01-18,1.221250057220459,1.2450000047683716,1.1829689741134644,1.198438048362732,1.1702117919921875
2008-01-22,1.0712499618530273,1.1714060306549072,1.0523439645767212,1.1332809925079346,1.1065890789031982
2008-01-23,1.0575000047683716,1.1462500095367432,1.0082809925079346,1.1432809829711914,1.1163532733917236
2008-01-24,1.144374966621399,1.1790629625320435,1.1337499618530273,1.176563024520874,1.1488516330718994
2008-01-25,1.227187991142273,1.227187991142273,1.123594045639038,1.125,1.0985031127929688
2008-01-28,1.1279690265655518,1.151563048362732,1.107969045639038,1.1421879529953003,1.1152859926223755
2008-01-29,1.1590629816055298,1.1635940074920654,1.1309380531311035,1.1475000381469727,1.1204731464385986
2008-01-30,1.140625,1.196874976158142,1.1376559734344482,1.1460939645767212,1.1191002130508423
2008-01-31,1.1198439598083496,1.209375023841858,1.117812991142273,1.1726560592651367,1.145037055015564
2008-02-01,1.203281044960022,1.224843978881836,1.1735939979553223,1.2109379768371582,1.1824170351028442
2008-02-04,1.2096879482269287,1.2118749618530273,1.165624976158142,1.1685940027236938,1.1410703659057617
2008-02-05,1.134531021118164,1.158437967300415,1.107030987739563,1.1129690408706665,1.0867555141448975
2008-02-06,1.1214059591293335,1.1351560354232788,1.0575000047683716,1.0656249523162842,1.0405268669128418
2008-02-07,1.040781021118164,1.1139060258865356,1.0332809686660767,1.087499976158142,1.061886191368103
2008-02-08,1.084375023841858,1.113281011581421,1.0717190504074097,1.1015629768371582,1.0756179094314575
2008-02-11,1.1159379482269287,1.1360939741134644,1.1017190217971802,1.1262500286102295,1.0997236967086792
2008-02-12,1.140781044960022,1.1551560163497925,1.0993750095367432,1.117969036102295,1.0916378498077393
2008-02-13,1.1410939693450928,1.167968988418579,1.1318750381469727,1.1578129529953003,1.1305432319641113
2008-02-14,1.1662499904632568,1.1662499904632568,1.1176559925079346,1.121250033378601,1.094841480255127
2008-02-15,1.1100000143051147,1.1214059591293335,1.0956250429153442,1.1171879768371582,1.0908747911453247
2008-02-19,1.142969012260437,1.146875023841858,1.0857809782028198,1.1065629720687866,1.0805004835128784
2008-02-20,1.085155963897705,1.126405954360962,1.0846879482269287,1.1167190074920654,1.0904172658920288
2008-02-21,1.1390630006790161,1.1442190408706665,1.0889060497283936,1.0996880531311035,1.0737874507904053
2008-02-22,1.1048439741134644,1.109375,1.0603129863739014,1.109375,1.0832463502883911
2008-02-25,1.1028130054473877,1.1245310306549072,1.0881249904632568,1.1139060258865356,1.0876705646514893
2008-02-26,1.1029690504074097,1.1457810401916504,1.089843988418579,1.1242189407348633,1.0977402925491333
2008-02-27,1.109218955039978,1.1437499523162842,1.1043750047683716,1.1314059495925903,1.1047581434249878
2008-02-28,1.1265629529953003,1.146718978881836,1.107030987739563,1.107030987739563,1.0809571743011475
2008-02-29,1.1014059782028198,1.107969045639038,1.0618749856948853,1.0740629434585571,1.048766016960144
2008-03-03,1.0651559829711914,1.0682810544967651,1.032188057899475,1.050781011581421,1.0260324478149414
2008-03-04,1.0385940074920654,1.0698440074920654,1.0207810401916504,1.0593750476837158,1.034424066543579
2008-03-05,1.0684380531311035,1.09375,1.0567189455032349,1.0796879529953003,1.0542582273483276
2008-03-06,1.0726560354232788,1.0815629959106445,1.0221879482269287,1.0246880054473877,1.0005537271499634
2008-03-07,1.0140630006790161,1.049062967300415,0.989063024520874,1.0192190408706665,0.995213508605957
2008-03-10,1.0192190408706665,1.0248440504074097,0.9784380197525024,0.9785940051078796,0.9555455446243286
2008-03-11,1.0112500190734863,1.068750023841858,0.9946879744529724,1.0673439502716064,1.0422049760818481
2008-03-12,1.0665630102157593,1.0859379768371582,1.044530987739563,1.0465630292892456,1.0219134092330933
2008-03-13,1.0262500047683716,1.0793750286102295,1.0064059495925903,1.063438057899475,1.0383909940719604
2008-03-14,1.0824999809265137,1.082813024520874,1.002187967300415,1.0206249952316284,0.9965867400169373
2008-03-17,0.9792190194129944,1.015468955039978,0.9689059853553772,0.9943749904632568,0.9709545373916626
2008-03-18,1.025156021118164,1.082813024520874,1.0176559686660767,1.080469012260437,1.055021047592163
2008-03-19,1.0862499475479126,1.0917190313339233,1.0234379768371582,1.026563048362732,1.0023847818374634
2008-03-20,1.0318750143051147,1.066406011581421,1.0192190408706665,1.0556249618530273,1.0307621955871582
2008-03-24,1.0754690170288086,1.1481250524520874,1.0748440027236938,1.1421879529953003,1.1152859926223755
2008-03-25,1.1440629959106445,1.163280963897705,1.1239060163497925,1.1507810354232788,1.1236768960952759
2008-03-26,1.1442190408706665,1.152500033378601,1.1200000047683716,1.1281249523162842,1.1015546321868896
2008-03-27,1.131093978881836,1.1354689598083496,1.09375,1.1050000190734863,1.078973650932312
2008-03-28,1.114063024520874,1.127500057220459,1.0754690170288086,1.0882810354232788,1.062648892402649
2008-03-31,1.0893750190734863,1.109375,1.0823440551757812,1.0929689407348633,1.067226529121399
2008-04-01,1.132030963897705,1.1906249523162842,1.128906011581421,1.1848440170288086,1.156937599182129
2008-04-02,1.1918749809265137,1.2104690074920654,1.1665630340576172,1.1929689645767212,1.1648709774017334
2008-04-03,1.1675000190734863,1.204063057899475,1.1645309925079346,1.1950000524520874,1.1668545007705688
2008-04-04,1.2010940313339233,1.2265629768371582,1.177968978881836,1.2009379863739014,1.1726526021957397
2008-04-07,1.2145309448242188,1.2295310497283936,1.1904690265655518,1.1942189931869507,1.166091799736023
2008-04-08,1.1785939931869507,1.1939059495925903,1.165781021118164,1.183593988418579,1.155717134475708
2008-04-09,1.1792190074920654,1.181406021118164,1.1375000476837158,1.1578129529953003,1.1305432319641113
2008-04-10,1.1534379720687866,1.199218988418579,1.1534379720687866,1.1853129863739014,1.1573954820632935
2008-04-11,1.1565630435943604,1.1607810258865356,1.110780954360962,1.1217190027236938,1.0952993631362915
2008-04-14,1.115468978881836,1.1279690265655518,1.1026560068130493,1.105468988418579,1.079432487487793
2008-04-15,1.117969036102295,1.121093988418579,1.0879689455032349,1.107030987739563,1.0809571743011475
2008-04-16,1.1385940313339233,1.1895309686660767,1.136718988418579,1.188905954360962,1.1609041690826416
2008-04-17,1.1751559972763062,1.196874976158142,1.1528129577636719,1.191406011581421,1.1633450984954834
2008-04-18,1.2317190170288086,1.252344012260437,1.216249942779541,1.2389060258865356,1.209726333618164
2008-04-21,1.2351560592651367,1.2601560354232788,1.2298439741134644,1.2554689645767212,1.2258992195129395
2008-04-22,1.240625023841858,1.2445310354232788,1.199218988418579,1.2312500476837158,1.202250599861145
2008-04-23,1.2384380102157593,1.2582809925079346,1.225780963897705,1.2443749904632568,1.2150664329528809
2008-04-24,1.250938057899475,1.2973439693450928,1.2231249809265137,1.2612500190734863,1.2315441370010376
2008-04-25,1.2728129625320435,1.2737499475479126,1.232030987739563,1.2625000476837158,1.232764720916748
2008-04-28,1.2690629959106445,1.2878129482269287,1.2623440027236938,1.2668750286102295,1.2370365858078003
2008-04-29,1.2615629434585571,1.2956249713897705,1.258437991142273,1.2825000286102295,1.2522937059402466
2008-04-30,1.2928129434585571,1.3115630149841309,1.2559380531311035,1.263280987739563,1.233527421951294
2008-05-01,1.2646880149841309,1.346250057220459,1.2646880149841309,1.342344045639038,1.3107281923294067
2008-05-02,1.3715629577636719,1.3715629577636719,1.3254690170288086,1.357030987739563,1.3250693082809448
2008-05-05,1.3465629816055298,1.363281011581421,1.328281044960022,1.3395309448242188,1.3079816102981567
2008-05-06,1.3321880102157593,1.368906021118164,1.3143750429153442,1.368906021118164,1.3366645574569702
2008-05-07,1.3582810163497925,1.3734380006790161,1.2987500429153442,1.3156249523162842,1.284638524055481
2008-05-08,1.3190629482269287,1.34375,1.3095309734344482,1.3173439502716064,1.2863168716430664
2008-05-09,1.3056249618530273,1.3300000429153442,1.2995309829711914,1.3165630102157593,1.28555428981781
2008-05-12,1.3203129768371582,1.3696880340576172,1.3159379959106445,1.3657809495925903,1.3336129188537598
2008-05-13,1.3665629625320435,1.377344012260437,1.3457809686660767,1.3737499713897705,1.3413946628570557
2008-05-14,1.382030963897705,1.410156011581421,1.3606250286102295,1.3623440265655518,1.3302570581436157
2008-05-15,1.3651560544967651,1.415624976158142,1.3578130006790161,1.415624976158142,1.382283091545105
2008-05-16,1.4187500476837158,1.4201560020446777,1.3832809925079346,1.415624976158142,1.382283091545105
2008-05-19,1.4168750047683716,1.4404690265655518,1.3770309686660767,1.4018750190734863,1.3688569068908691
2008-05-20,1.383437991142273,1.3842190504074097,1.352344036102295,1.376405954360962,1.3439879417419434
2008-05-21,1.375938057899475,1.3917189836502075,1.303905963897705,1.3198440074920654,1.2887581586837769
2008-05-22,1.3184380531311035,1.339063048362732,1.308750033378601,1.317188024520874,1.286164402961731
2008-05-23,1.3117189407348633,1.3212499618530273,1.292188048362732,1.3128130435943604,1.2818926572799683
2008-05-27,1.3181250095367432,1.3621879816055298,1.3174999952316284,1.3571879863739014,1.325222134590149
2008-05-28,1.372499942779541,1.375938057899475,1.3432810306549072,1.3729690313339233,1.3406318426132202
2008-05-29,1.3709379434585571,1.4093749523162842,1.3698439598083496,1.3979690074920654,1.365042805671692
2008-05-30,1.4046880006790161,1.424219012260437,1.3975000381469727,1.4140629768371582,1.3807580471038818
2008-06-02,1.4057810306549072,1.40625,1.3524999618530273,1.3823440074920654,1.3497861623764038
2008-06-03,1.3873440027236938,1.4046880006790161,1.336719036102295,1.365468978881836,1.3333088159561157
2008-06-04,1.353281021118164,1.415624976158142,1.3518749475479126,1.3887499570846558,1.3560409545898438
2008-06-05,1.4021879434585571,1.446094036102295,1.3937499523162842,1.441249966621399,1.4073048830032349
2008-06-06,1.4167189598083496,1.422813057899475,1.3457809686660767,1.3457809686660767,1.3140842914581299
2008-06-09,1.3581249713897705,1.3623440265655518,1.294374942779541,1.3431249856948853,1.311490535736084
2008-06-10,1.3135939836502075,1.3485939502716064,1.3071880340576172,1.325624942779541,1.2944031953811646
2008-06-11,1.3221880197525024,1.3259379863739014,1.261718988418579,1.2648439407348633,1.2350530624389648
2008-06-12,1.28125,1.3026560544967651,1.2426559925079346,1.2671879529953003,1.237342119216919
2008-06-13,1.2807810306549072,1.3203129768371582,1.2671879529953003,1.314687967300415,1.2837233543395996
2008-06-16,1.302968978881836,1.3506250381469727,1.2996879816055298,1.3335939645767212,1.3021843433380127
2008-06-17,1.3471879959106445,1.3529690504074097,1.3204690217971802,1.3270310163497925,1.2957757711410522
2008-06-18,1.3089059591293335,1.319530963897705,1.2853130102157593,1.2976560592651367,1.2670927047729492
2008-06-19,1.290781021118164,1.3495310544967651,1.2737499475479126,1.334375023841858,1.3029471635818481
2008-06-20,1.314687967300415,1.315000057220459,1.252344012260437,1.2687499523162842,1.2388676404953003
2008-06-23,1.2743749618530273,1.2817189693450928,1.239063024520874,1.240468978881836,1.2112524509429932
2008-06-24,1.2323440313339233,1.2606250047683716,1.2103129625320435,1.2321879863739014,1.2036672830581665
2008-06-25,1.2417190074920654,1.293125033378601,1.2378129959106445,1.2587499618530273,1.229614496231079
2008-06-26,1.2221879959106445,1.2242189645767212,1.1664060354232788,1.1696879863739014,1.1426141262054443
2008-06-27,1.1665630340576172,1.1799999475479126,1.1328129768371582,1.1729689836502075,1.1458189487457275
2008-06-30,1.160938024520874,1.1771880388259888,1.1421879529953003,1.1460939645767212,1.1195658445358276
2008-07-01,1.1254689693450928,1.1773439645767212,1.117969036102295,1.1760940551757812,1.1488714218139648
2008-07-02,1.1815630197525024,1.1918749809265137,1.1150000095367432,1.1184380054473877,1.0925498008728027
2008-07-03,1.1321879625320435,1.1360939741134644,1.0964059829711914,1.1124999523162842,1.086749792098999
2008-07-07,1.1360939741134644,1.1553130149841309,1.094688057899475,1.1293749809265137,1.1032342910766602
2008-07-08,1.131250023841858,1.1826560497283936,1.121250033378601,1.169374942779541,1.1423081159591675
2008-07-09,1.1795309782028198,1.1846879720687866,1.1174999475479126,1.124843955039978,1.0988080501556396
2008-07-10,1.1221879720687866,1.1514060497283936,1.0993750095367432,1.1442190408706665,1.1177345514297485
2008-07-11,1.121250033378601,1.1439059972763062,1.0731250047683716,1.1089060306549072,1.0832390785217285
2008-07-14,1.1375000476837158,1.1393749713897705,1.084375023841858,1.0928130149841309,1.0675183534622192
2008-07-15,1.0798439979553223,1.1260939836502075,1.0459380149841309,1.0881249904632568,1.0629390478134155
2008-07-16,1.0967190265655518,1.1475000381469727,1.0768749713897705,1.1401560306549072,1.1137657165527344
2008-07-17,1.1578129529953003,1.1703130006790161,1.1278129816055298,1.1353130340576172,1.1090344190597534
2008-07-18,1.1364059448242188,1.1364059448242188,1.1123440265655518,1.1209379434585571,1.0949923992156982
2008-07-21,1.1290630102157593,1.1385940313339233,1.1037499904632568,1.1218750476837158,1.0959078073501587
2008-07-22,1.080312967300415,1.1209379434585571,1.0724999904632568,1.1209379434585571,1.0949923992156982
2008-07-23,1.1198439598083496,1.172031044960022,1.114063024520874,1.1465630531311035,1.1200244426727295
2008-07-24,1.1575000286102295,1.157655954360962,1.1015629768371582,1.1073440313339233,1.0817129611968994
2008-07-25,1.1257810592651367,1.1507810354232788,1.1151560544967651,1.1370309591293335,1.1107127666473389
2008-07-28,1.140781044960022,1.1520309448242188,1.0871880054473877,1.1024999618530273,1.0769809484481812
2008-07-29,1.1074999570846558,1.1520309448242188,1.105468988418579,1.1354689598083496,1.1091868877410889
2008-07-30,1.1484379768371582,1.1662499904632568,1.1190630197525024,1.1549999713897705,1.1282658576965332
2008-07-31,1.1315629482269287,1.1815630197525024,1.1262500286102295,1.1510939598083496,1.1244503259658813
2008-08-01,1.151563048362732,1.1529690027236938,1.0950000286102295,1.1232810020446777,1.0972810983657837
2008-08-04,1.1200000047683716,1.1207809448242188,1.0901559591293335,1.100780963897705,1.0753018856048584
2008-08-05,1.1193749904632568,1.1726560592651367,1.1165629625320435,1.1684379577636719,1.1413929462432861
2008-08-06,1.169530987739563,1.214843988418579,1.1520309448242188,1.2034380435943604,1.175582766532898
2008-08-07,1.1904690265655518,1.216405987739563,1.1770310401916504,1.1909379959106445,1.1633718013763428
2008-08-08,1.1859380006790161,1.246093988418579,1.1809380054473877,1.2376559972763062,1.2090089321136475
2008-08-11,1.2396880388259888,1.2904690504074097,1.2309379577636719,1.260938048362732,1.2317516803741455
2008-08-12,1.2629690170288086,1.2839059829711914,1.25,1.2659380435943604,1.2366359233856201
2008-08-13,1.2612500190734863,1.2820310592651367,1.2362500429153442,1.2598439455032349,1.2306832075119019
2008-08-14,1.2507810592651367,1.3001559972763062,1.2489060163497925,1.2899999618530273,1.260141372680664
2008-08-15,1.2937500476837158,1.305469036102295,1.2732809782028198,1.290781021118164,1.2609039545059204
2008-08-18,1.290781021118164,1.292188048362732,1.2360939979553223,1.2628129720687866,1.233583688735962
2008-08-19,1.2420309782028198,1.2534379959106445,1.2089060544967651,1.2312500476837158,1.2027510404586792
2008-08-20,1.2409379482269287,1.2506250143051147,1.2087500095367432,1.2242189645767212,1.19588303565979
2008-08-21,1.207813024520874,1.2264059782028198,1.1903129816055298,1.2096879482269287,1.1816880702972412
2008-08-22,1.2267190217971802,1.257030963897705,1.2253129482269287,1.243749976158142,1.2149618864059448
2008-08-25,1.2289060354232788,1.2328130006790161,1.1892189979553223,1.1974999904632568,1.1697821617126465
2008-08-26,1.1962499618530273,1.2095309495925903,1.1759380102157593,1.1926560401916504,1.1650501489639282
2008-08-27,1.192188024520874,1.224843978881836,1.1832809448242188,1.204530954360962,1.1766507625579834
2008-08-28,1.2154690027236938,1.234531044960022,1.2095309495925903,1.2110940217971802,1.1830617189407349
2008-08-29,1.1995309591293335,1.2064059972763062,1.1642190217971802,1.1731250286102295,1.145971417427063
2008-09-02,1.2120310068130493,1.2220309972763062,1.134374976158142,1.1435940265655518,1.117124080657959
2008-09-03,1.1395310163497925,1.1493749618530273,1.107030987739563,1.122655987739563,1.0966706275939941
2008-09-04,1.109218955039978,1.113281011581421,1.0473439693450928,1.0503129959106445,1.0260018110275269
2008-09-05,1.0329689979553223,1.0565630197525024,1.0092190504074097,1.046718955039978,1.0224910974502563
2008-09-08,1.0717190504074097,1.0765630006790161,1.0031249523162842,1.0348440408706665,1.010891079902649
2008-09-09,1.0343749523162842,1.0559380054473877,0.9862499833106995,0.9959380030632019,0.9728855490684509
2008-09-10,1.0110939741134644,1.0260939598083496,0.9920309782028198,1.0049999952316284,0.9817380309104919
2008-09-11,0.9790629744529724,1.0495309829711914,0.9781249761581421,1.0456249713897705,1.0214226245880127
2008-09-12,1.027343988418579,1.050624966621399,1.0125000476837158,1.0496879816055298,1.025391697883606
2008-09-15,0.9900000095367432,1.0306249856948853,0.9695309996604919,0.9810940027236938,0.958385169506073
2008-09-16,0.9460939764976501,1.007030963897705,0.9439060091972351,0.987500011920929,0.9646428823471069
2008-09-17,0.963280975818634,0.971875011920929,0.885155975818634,0.8890630006790161,0.868484377861023
2008-09-18,0.9248440265655518,0.9609379768371582,0.8543750047683716,0.9532809853553772,0.9312159419059753
2008-09-19,1.0434379577636719,1.046875,0.9704689979553223,0.989687979221344,0.966780424118042
2008-09-22,0.997655987739563,1.0007810592651367,0.9140629768371582,0.9148439764976501,0.8936687707901001
2008-09-23,0.9292190074920654,0.9504690170288086,0.8931249976158142,0.8968750238418579,0.8761157989501953
2008-09-24,0.9070309996604919,0.9289060235023499,0.895937979221344,0.9154689908027649,0.8942791223526001
2008-09-25,0.926563024520874,0.9631249904632568,0.9189059734344482,0.9248440265655518,0.9034371972084045
2008-09-26,0.8840630054473877,0.9293749928474426,0.8814060091972351,0.918749988079071,0.897484302520752
2008-09-29,0.8845310211181641,0.8909379839897156,0.731249988079071,0.7414060235023499,0.7242450714111328
2008-09-30,0.7651559710502625,0.824999988079071,0.760155975818634,0.8184379935264587,0.7994941473007202
2008-10-01,0.8062499761581421,0.8135939836502075,0.7753130197525024,0.7970309853553772,0.7785826921463013
2008-10-02,0.7837499976158142,0.7846879959106445,0.7170310020446777,0.7328130006790161,0.7158510088920593
2008-10-03,0.7410939931869507,0.7793750166893005,0.6946880221366882,0.6992189884185791,0.6830345988273621
2008-10-06,0.6654689908027649,0.6696879863739014,0.5729690194129944,0.6337500214576721,0.6190810799598694
2008-10-07,0.6581249833106995,0.6610940098762512,0.5693749785423279,0.5703129768371582,0.5571122765541077
2008-10-08,0.5451560020446777,0.6187499761581421,0.5387499928474426,0.5557810068130493,0.5429168343544006
2008-10-09,0.582813024520874,0.6026560068130493,0.5060939788818359,0.5128129720687866,0.5009432435035706
2008-10-10,0.49265599250793457,0.5592190027236938,0.455469012260437,0.5204690098762512,0.5084221363067627
2008-10-13,0.5684379935264587,0.6484379768371582,0.5537499785423279,0.6484379768371582,0.6334290504455566
2008-10-14,0.6779689788818359,0.6798440217971802,0.5739060044288635,0.588280975818634,0.5746643543243408
2008-10-15,0.5742189884185791,0.5792189836502075,0.4807809889316559,0.4807809889316559,0.46965262293815613
2008-10-16,0.4906249940395355,0.5354689955711365,0.4417189955711365,0.5354689955711365,0.523074746131897
2008-10-17,0.515625,0.581250011920929,0.5089060068130493,0.534375011920929,0.5220062136650085
2008-10-20,0.5543749928474426,0.5703129768371582,0.5165629982948303,0.5703129768371582,0.5571122765541077
2008-10-21,0.5459380149841309,0.567812979221344,0.5087500214576721,0.5129690170288086,0.5010955929756165
2008-10-22,0.503125011920929,0.5114060044288635,0.450780987739563,0.4782809913158417,0.46721044182777405
2008-10-23,0.4753130078315735,0.49421900510787964,0.42656299471855164,0.473906010389328,0.46293675899505615
2008-10-24,0.3996880054473877,0.4676559865474701,0.39906299114227295,0.4465630054473877,0.4362267255783081
2008-10-27,0.4337500035762787,0.46562498807907104,0.41187500953674316,0.4204689860343933,0.41073665022850037
2008-10-28,0.4489060044288635,0.5140630006790161,0.4246880114078522,0.508437991142273,0.4966694414615631
2008-10-29,0.5145310163497925,0.5518749952316284,0.49265599250793457,0.5139060020446777,0.5020108222961426
2008-10-30,0.5392190217971802,0.5514060258865356,0.5167189836502075,0.5406249761581421,0.5281113982200623
2008-10-31,0.5279690027236938,0.5639060139656067,0.5193750262260437,0.5434380173683167,0.5308592915534973
2008-11-03,0.5428130030632019,0.5535939931869507,0.5332810282707214,0.5459380149841309,0.533301591873169
2008-11-04,0.5657809972763062,0.5826560258865356,0.5490630269050598,0.5770310163497925,0.5636746883392334
2008-11-05,0.5653129816055298,0.5687500238418579,0.5117189884185791,0.5140630006790161,0.5021641850471497
2008-11-06,0.49828100204467773,0.5093749761581421,0.46281298995018005,0.46546900272369385,0.45469510555267334
2008-11-07,0.4793750047683716,0.4959380030632019,0.46906301379203796,0.4857810139656067,0.4745369553565979
2008-11-10,0.5107809901237488,0.5115630030632019,0.4621880054473877,0.4776560068130493,0.4665999710559845
2008-11-11,0.463593989610672,0.47328099608421326,0.4414060115814209,0.45875000953674316,0.44813165068626404
2008-11-12,0.4396879971027374,0.44453099370002747,0.40968799591064453,0.4123440086841583,0.4027997553348541
2008-11-13,0.40921899676322937,0.4625000059604645,0.3701559901237488,0.4606249928474426,0.44996321201324463
2008-11-14,0.44093799591064453,0.4596880078315735,0.4124999940395355,0.4153130054473877,0.40570002794265747
2008-11-17,0.40156298875808716,0.4229690134525299,0.3946880102157593,0.39921900629997253,0.3899784982204437
2008-11-18,0.4035939872264862,0.4089060127735138,0.3710939884185791,0.3956249952316284,0.38646772503852844
2008-11-19,0.3984380066394806,0.40937501192092896,0.35249999165534973,0.35468798875808716,0.34647825360298157
2008-11-20,0.3465630114078522,0.3710939884185791,0.31828099489212036,0.32234400510787964,0.31488287448883057
2008-11-21,0.33140599727630615,0.3518750071525574,0.30812498927116394,0.3476560115814209,0.33960890769958496
2008-11-24,0.3621880114078522,0.3996880054473877,0.35624998807907104,0.3890630006790161,0.38005760312080383
2008-11-25,0.39937499165534973,0.4000000059604645,0.36921900510787964,0.3864060044288635,0.37746214866638184
2008-11-26,0.3799999952316284,0.41999998688697815,0.377344012260437,0.4182809889316559,0.408599317073822
2008-11-28,0.4110940098762512,0.4154689908027649,0.40531298518180847,0.41312500834465027,0.4035626947879791
2008-12-01,0.395781010389328,0.395781010389328,0.3503130078315735,0.3517189919948578,0.3435779809951782
2008-12-02,0.36015599966049194,0.37562501430511475,0.3485940098762512,0.37421900033950806,0.3655572235584259
2008-12-03,0.35499998927116394,0.3970310091972351,0.3532809913158417,0.392969012260437,0.38387322425842285
2008-12-04,0.3812499940395355,0.39906299114227295,0.3590629994869232,0.37187498807907104,0.3632674515247345
2008-12-05,0.3646880090236664,0.40531298518180847,0.34968799352645874,0.40171900391578674,0.3924206793308258
2008-12-08,0.419530987739563,0.4449999928474426,0.4165630042552948,0.4335939884185791,0.42355790734291077
2008-12-09,0.42218801379203796,0.4557810127735138,0.4192189872264862,0.43015599250793457,0.42019954323768616
2008-12-10,0.43531298637390137,0.4449999928474426,0.42109400033950806,0.4296880066394806,0.41974225640296936
2008-12-11,0.42656299471855164,0.43953099846839905,0.40171900391578674,0.4059379994869232,0.3965420424938202
2008-12-12,0.3946880102157593,0.427031010389328,0.38843798637390137,0.4217190146446228,0.4119578003883362
2008-12-15,0.42359399795532227,0.4246880114078522,0.39500001072883606,0.40703099966049194,0.3976095914840698
2008-12-16,0.4453130066394806,0.44874998927116394,0.4140630066394806,0.4453130066394806,0.43500563502311707
2008-12-17,0.43703100085258484,0.44718798995018005,0.4246880114078522,0.4348439872264862,0.42477893829345703
2008-12-18,0.43562498688697815,0.4410940110683441,0.411406010389328,0.4207809865474701,0.4110414385795593
2008-12-19,0.4293749928474426,0.4410940110683441,0.42375001311302185,0.4254690110683441,0.415620893239975
2008-12-22,0.4267190098762512,0.42875000834465027,0.3942190110683441,0.4089060127735138,0.39944133162498474
2008-12-23,0.4101560115814209,0.4192189872264862,0.3985939919948578,0.4037500023841858,0.39440467953681946
2008-12-24,0.4074999988079071,0.40781301259994507,0.4014059901237488,0.4048439860343933,0.39547330141067505
2008-12-26,0.40828099846839905,0.40828099846839905,0.4012500047683716,0.4051559865474701,0.3957780599594116
2008-12-29,0.4074999988079071,0.4084379971027374,0.3867189884185791,0.3948439955711365,0.38570475578308105
2008-12-30,0.3998439908027649,0.4168750047683716,0.39906299114227295,0.4128130078315735,0.4032578766345978
2008-12-31,0.41328099370002747,0.4310939908027649,0.4128130078315735,0.42015600204467773,0.4104309380054474
2009-01-02,0.4231249988079071,0.4606249928474426,0.4204689860343933,0.4571880102157593,0.44660577178001404
2009-01-05,0.45234400033950806,0.4676559865474701,0.44593799114227295,0.4571880102157593,0.44660577178001404
2009-01-06,0.465938001871109,0.47578099370002747,0.4609380066394806,0.46656298637390137,0.45576369762420654
2009-01-07,0.4515630006790161,0.4542190134525299,0.4335939884185791,0.44046899676322937,0.4302738308906555
2009-01-08,0.4373440146446228,0.450780987739563,0.43062499165534973,0.44999998807907104,0.4395841062068939
2009-01-09,0.45109400153160095,0.45124998688697815,0.4259380102157593,0.4300000071525574,0.4200471043586731
2009-01-12,0.4309380054473877,0.43171900510787964,0.40562498569488525,0.4140630066394806,0.4044789969921112
2009-01-13,0.4142189919948578,0.42656299471855164,0.40421900153160095,0.41359400749206543,0.4040207862854004
2009-01-14,0.40312498807907104,0.40703099966049194,0.3843750059604645,0.38874998688697815,0.3797518312931061
2009-01-15,0.3867189884185791,0.40781301259994507,0.3739059865474701,0.4001559913158417,0.3908937871456146
2009-01-16,0.41312500834465027,0.4151560068130493,0.3907809853553772,0.4101560115814209,0.40066245198249817
2009-01-20,0.4064059853553772,0.4099999964237213,0.36937499046325684,0.3710939884185791,0.3625045120716095
2009-01-21,0.3812499940395355,0.4012500047683716,0.37281298637390137,0.3995310068130493,0.39028337597846985
2009-01-22,0.38328099250793457,0.4023439884185791,0.3762499988079071,0.39109399914741516,0.3820415139198303
2009-01-23,0.3778130114078522,0.40546900033950806,0.37296900153160095,0.39265599846839905,0.3835674524307251
2009-01-26,0.39531299471855164,0.4123440086841583,0.3895309865474701,0.3985939919948578,0.3893680274486542
2009-01-27,0.3996880054473877,0.4115630090236664,0.39921900629997253,0.4051559865474701,0.3957780599594116
2009-01-28,0.419063001871109,0.4414060115814209,0.41843798756599426,0.4321880042552948,0.42218443751335144
2009-01-29,0.42234399914741516,0.4245310127735138,0.408594012260437,0.411406010389328,0.40188342332839966
2009-01-30,0.4176560044288635,0.4207809865474701,0.3934380114078522,0.395781010389328,0.3866201341152191
2009-02-02,0.38843798637390137,0.4117189943790436,0.3879689872264862,0.4060940146446228,0.3966943919658661
2009-02-03,0.4076560139656067,0.421875,0.3960939943790436,0.419063001871109,0.40936318039894104
2009-02-04,0.4203130006790161,0.43953099846839905,0.416718989610672,0.4193750023841858,0.40966805815696716
2009-02-05,0.40703099966049194,0.4440630078315735,0.40703099966049194,0.4384379982948303,0.4282897412776947
2009-02-06,0.4428130090236664,0.46546900272369385,0.43906301259994507,0.4607810080051422,0.45011550188064575
2009-02-09,0.4620310068130493,0.47031301259994507,0.45625001192092896,0.465938001871109,0.4551531672477722
2009-02-10,0.4593749940395355,0.47046899795532227,0.4243749976158142,0.4309380054473877,0.4209633767604828
2009-02-11,0.4307810068130493,0.4360939860343933,0.4140630066394806,0.42781299352645874,0.41791072487831116
2009-02-12,0.4168750047683716,0.43828099966049194,0.4112499952316284,0.4375,0.42737340927124023
2009-02-13,0.43437498807907104,0.44328099489212036,0.4296880066394806,0.43281298875808716,0.422794908285141
2009-02-17,0.4059379994869232,0.4117189943790436,0.3946880102157593,0.4000000059604645,0.3907414674758911
2009-02-18,0.40453100204467773,0.4110940098762512,0.3893750011920929,0.39890599250793457,0.38967278599739075
2009-02-19,0.40421900153160095,0.40937501192092896,0.3851560056209564,0.38749998807907104,0.37853071093559265
2009-02-20,0.37828099727630615,0.3970310091972351,0.37656301259994507,0.38859400153160095,0.37959951162338257
2009-02-23,0.39375001192092896,0.3942190110683441,0.35859400033950806,0.3618749976158142,0.3534989058971405
2009-02-24,0.3657810091972351,0.39093801379203796,0.3646880090236664,0.3843750059604645,0.3754781186580658
2009-02-25,0.3817189931869507,0.3959380090236664,0.3685939908027649,0.3799999952316284,0.3712042272090912
2009-02-26,0.38468798995018005,0.38984400033950806,0.3590629994869232,0.359375,0.3510567545890808
2009-02-27,0.3517189919948578,0.36406299471855164,0.3487499952316284,0.3518750071525574,0.3437303304672241
2009-03-02,0.34171900153160095,0.3515630066394806,0.32515600323677063,0.32968801259994507,0.32205694913864136
2009-03-03,0.33515599370002747,0.3425000011920929,0.3240630030632019,0.3290629982948303,0.32144641876220703
2009-03-04,0.338593989610672,0.3557809889316559,0.33656299114227295,0.34578099846839905,0.33777743577957153
2009-03-05,0.338593989610672,0.34421899914741516,0.32343798875808716,0.325780987739563,0.31824034452438354
2009-03-06,0.3292190134525299,0.3334380090236664,0.3062500059604645,0.32078099250793457,0.31335607171058655
2009-03-09,0.31453099846839905,0.33265599608421326,0.30406299233436584,0.3062500059604645,0.29916146397590637
2009-03-10,0.3190630078315735,0.34531301259994507,0.3165630102157593,0.3435940146446228,0.3356410562992096
2009-03-11,0.3529689908027649,0.36093801259994507,0.34312498569488525,0.3539060056209564,0.3457143306732178
2009-03-12,0.3545309901237488,0.3803130090236664,0.34703099727630615,0.3778130114078522,0.3690679371356964
2009-03-13,0.3789060115814209,0.3829689919948578,0.36906298995018005,0.38062500953674316,0.37181487679481506
2009-03-16,0.3842189908027649,0.3865630030632019,0.36515599489212036,0.36671900749206543,0.3582308292388916
2009-03-17,0.37156298756599426,0.3946880102157593,0.3684380054473877,0.3943749964237213,0.3852466642856598
2009-03-18,0.39218801259994507,0.41859400272369385,0.38843798637390137,0.40437498688697815,0.3950152099132538
2009-03-19,0.4170309901237488,0.41718798875808716,0.3987500071525574,0.40421900153160095,0.3948627710342407
2009-03-20,0.40531298518180847,0.4153130054473877,0.3867189884185791,0.39250001311302185,0.3834151029586792
2009-03-23,0.41062501072883606,0.4389060139656067,0.40406298637390137,0.4387499988079071,0.4285944700241089
2009-03-24,0.4314059913158417,0.43781301379203796,0.421875,0.4232810139656067,0.413483589887619
2009-03-25,0.42906299233436584,0.4417189955711365,0.4037500023841858,0.4260939955711365,0.4162314832210541
2009-03-26,0.43812501430511475,0.453125,0.4339059889316559,0.4528129994869232,0.4423319399356842
2009-03-27,0.4423440098762512,0.4453130066394806,0.43187499046325684,0.434688001871109,0.42462658882141113
2009-03-30,0.42015600204467773,0.4206250011920929,0.40171900391578674,0.4126560091972351,0.4031045734882355
2009-03-31,0.42109400033950806,0.43828099966049194,0.41968798637390137,0.4220309853553772,0.41226252913475037
2009-04-01,0.4101560115814209,0.4359380006790161,0.40625,0.4337500035762787,0.42371025681495667
2009-04-02,0.4492189884185791,0.4751560091972351,0.44609400629997253,0.46156299114227295,0.4508794844150543
2009-04-03,0.46953099966049194,0.479218989610672,0.46296900510787964,0.47843798995018005,0.4673638343811035
2009-04-06,0.46656298637390137,0.47749999165534973,0.45750001072883606,0.47562500834465027,0.46461597084999084
2009-04-07,0.4650000035762787,0.4650000035762787,0.44453099370002747,0.4495309889316559,0.4391259551048279
2009-04-08,0.4593749940395355,0.471094012260437,0.4528129994869232,0.46656298637390137,0.45576369762420654
2009-04-09,0.4829689860343933,0.49656298756599426,0.4801560044288635,0.4945310056209564,0.48308438062667847
2009-04-13,0.4898439943790436,0.4984380006790161,0.48234400153160095,0.4932810068130493,0.4818633198738098
2009-04-14,0.4870310127735138,0.49265599250793457,0.4748440086841583,0.4806250035762787,0.4695003628730774
2009-04-15,0.473906010389328,0.47999998927116394,0.4625000059604645,0.47999998927116394,0.4688897430896759
2009-04-16,0.4909380078315735,0.5085939764976501,0.482030987739563,0.5037500262260437,0.49208998680114746
2009-04-17,0.5006250143051147,0.5106250047683716,0.4937500059604645,0.5040630102157593,0.49239566922187805
2009-04-20,0.48625001311302185,0.49015599489212036,0.4671880006790161,0.4715630114078522,0.4606480300426483
2009-04-21,0.46796900033950806,0.4870310127735138,0.4671880006790161,0.48515599966049194,0.4739264249801636
2009-04-22,0.47999998927116394,0.5106250047683716,0.4768750071525574,0.489531010389328,0.47820013761520386
2009-04-23,0.49531298875808716,0.4996879994869232,0.47984400391578674,0.4996879994869232,0.48812204599380493
2009-04-24,0.5056250095367432,0.5226560235023499,0.497188001871109,0.5162500143051147,0.5043006539344788
2009-04-27,0.5068749785423279,0.5268750190734863,0.505469024181366,0.5167189836502075,0.5047587752342224
2009-04-28,0.5099999904632568,0.5224999785423279,0.505312979221344,0.5095310211181641,0.49773719906806946
2009-04-29,0.5170310139656067,0.5371879935264587,0.515625,0.5231249928474426,0.511016309261322
2009-04-30,0.536719024181366,0.5526559948921204,0.5260940194129944,0.5331249833106995,0.5207851529121399
2009-05-01,0.5337499976158142,0.5412499904632568,0.5249999761581421,0.535938024520874,0.5235329866409302
2009-05-04,0.5462499856948853,0.5590630173683167,0.5410940051078796,0.5585939884185791,0.5456644296646118
2009-05-05,0.5557810068130493,0.5575000047683716,0.5440629720687866,0.5568749904632568,0.5439852476119995
2009-05-06,0.565625011920929,0.5664060115814209,0.5389059782028198,0.5567190051078796,0.5438329577445984
2009-05-07,0.5635939836502075,0.5645310282707214,0.5206249952316284,0.5301560163497925,0.5178848505020142
2009-05-08,0.5356249809265137,0.546875,0.5207809805870056,0.5320309996604919,0.5197164416313171
2009-05-11,0.5168750286102295,0.5460940003395081,0.5140630006790161,0.5353130102157593,0.5229223370552063
2009-05-12,0.5378130078315735,0.5390629768371582,0.5090630054473877,0.5220310091972351,0.5099479556083679
2009-05-13,0.5129690170288086,0.5134379863739014,0.4925000071525574,0.49312499165534973,0.4817110300064087
2009-05-14,0.4962500035762787,0.5139060020446777,0.49562498927116394,0.5037500262260437,0.49208998680114746
2009-05-15,0.503125011920929,0.5174999833106995,0.4998440146446228,0.5026559829711914,0.4910213053226471
2009-05-18,0.5107809901237488,0.5310940146446228,0.5048440098762512,0.5293750166893005,0.5171219706535339
2009-05-19,0.5270310044288635,0.5454689860343933,0.5214059948921204,0.5354689955711365,0.523074746131897
2009-05-20,0.5395309925079346,0.5551559925079346,0.5284379720687866,0.5310940146446228,0.518801212310791
2009-05-21,0.524062991142273,0.5301560163497925,0.5015630125999451,0.5117189884185791,0.49987438321113586
2009-05-22,0.5159379839897156,0.5215629935264587,0.5017189979553223,0.5078129768371582,0.4960589110851288
2009-05-26,0.4975000023841858,0.5473440289497375,0.4973439872264862,0.5465630292892456,0.533911943435669
2009-05-27,0.5429689884185791,0.5585939884185791,0.5350000262260437,0.5375000238418579,0.5250587463378906
2009-05-28,0.5459380149841309,0.5548440217971802,0.5284379720687866,0.5520309805870056,0.5392534732818604
2009-05-29,0.552344024181366,0.5651559829711914,0.5451560020446777,0.5640630125999451,0.551007091999054
2009-06-01,0.5762500166893005,0.6007810235023499,0.572655975818634,0.5981249809265137,0.5842806100845337
2009-06-02,0.5903130173683167,0.6101559996604919,0.588280975818634,0.5981249809265137,0.5842806100845337
2009-06-03,0.5942190289497375,0.5965629816055298,0.5820310115814209,0.5965629816055298,0.582754909992218
2009-06-04,0.5976560115814209,0.6095309853553772,0.5956249833106995,0.6085940003395081,0.594507098197937
2009-06-05,0.6157810091972351,0.6196879744529724,0.5976560115814209,0.6101559996604919,0.5960332751274109
2009-06-08,0.6018750071525574,0.6150000095367432,0.5879690051078796,0.6054689884185791,0.5914545655250549
2009-06-09,0.6118749976158142,0.6225000023841858,0.6059380173683167,0.6156250238418579,0.6013755202293396
2009-06-10,0.6228129863739014,0.6232810020446777,0.5934380292892456,0.6107810139656067,0.5966436862945557
2009-06-11,0.6087499856948853,0.6246880292892456,0.6087499856948853,0.6101559996604919,0.5960332751274109
2009-06-12,0.6057810187339783,0.6073439717292786,0.5904690027236938,0.6057810187339783,0.591759443283081
2009-06-15,0.5939059853553772,0.5945309996604919,0.5703129768371582,0.5796880125999451,0.5662701725959778
2009-06-16,0.5856249928474426,0.5896880030632019,0.5682809948921204,0.5695310235023499,0.5563483238220215
2009-06-17,0.5728129744529724,0.5903130173683167,0.5657809972763062,0.5790629982948303,0.565659761428833
2009-06-18,0.5778130292892456,0.5853130221366882,0.5698440074920654,0.5760939717292786,0.5627593994140625
2009-06-19,0.5851560235023499,0.5962499976158142,0.5820310115814209,0.5890629887580872,0.5754284262657166
2009-06-22,0.578125,0.5810940265655518,0.5526559948921204,0.5557810068130493,0.5429168343544006
2009-06-23,0.5589060187339783,0.5604689717292786,0.5450000166893005,0.5526559948921204,0.5398640036582947
2009-06-24,0.5617190003395081,0.5793750286102295,0.5609380006790161,0.5706250071525574,0.557417094707489
2009-06-25,0.5642189979553223,0.5953130125999451,0.5609380006790161,0.5939059853553772,0.5801591873168945
2009-06-26,0.5873439908027649,0.5995309948921204,0.5854690074920654,0.596094012260437,0.58229660987854
2009-06-29,0.5976560115814209,0.6078130006790161,0.5876560211181641,0.5978130102157593,0.5839757323265076
2009-06-30,0.6018750071525574,0.6076560020446777,0.5870310068130493,0.5953130125999451,0.5815337300300598
2009-07-01,0.6009380221366882,0.6110939979553223,0.596094012260437,0.5962499976158142,0.5824488401412964
2009-07-02,0.586562991142273,0.586562991142273,0.567188024520874,0.5706250071525574,0.557417094707489
2009-07-06,0.5637500286102295,0.5684379935264587,0.5526559948921204,0.5653129816055298,0.5522280335426331
2009-07-07,0.5645310282707214,0.5667189955711365,0.5360940098762512,0.5370309948921204,0.5246008038520813
2009-07-08,0.5423439741134644,0.5465630292892456,0.5293750166893005,0.5418750047683716,0.5293327569961548
2009-07-09,0.5448439717292786,0.5510939955711365,0.5400000214576721,0.5429689884185791,0.5304011106491089
2009-07-10,0.5398439764976501,0.5548440217971802,0.5373439788818359,0.5484380125999451,0.5357437133789062
2009-07-13,0.5496879816055298,0.5693749785423279,0.5345309972763062,0.5687500238418579,0.555585503578186
2009-07-14,0.567188024520874,0.5756250023841858,0.5634379982948303,0.5728129744529724,0.5595544576644897
2009-07-15,0.5923439860343933,0.6121879816055298,0.5870310068130493,0.6109380125999451,0.596796989440918
2009-07-16,0.6060940027236938,0.6287500262260437,0.6056249737739563,0.6256250143051147,0.6111440658569336
2009-07-17,0.6260939836502075,0.633437991142273,0.6201559901237488,0.6323440074920654,0.6177074909210205
2009-07-20,0.6392189860343933,0.6481249928474426,0.6349999904632568,0.6446880102157593,0.6297657489776611
2009-07-21,0.6503130197525024,0.6546880006790161,0.6356250047683716,0.6546880006790161,0.6395342350006104
2009-07-22,0.6554690003395081,0.6715630292892456,0.6523439884185791,0.6640629768371582,0.6486923098564148
2009-07-23,0.6626560091972351,0.6992189884185791,0.6612499952316284,0.6940630078315735,0.6779980063438416
2009-07-24,0.6795309782028198,0.6946880221366882,0.6740630269050598,0.6934379935264587,0.6773873567581177
2009-07-27,0.6932809948921204,0.6967189908027649,0.6776559948921204,0.6945310235023499,0.6784551739692688
2009-07-28,0.6879690289497375,0.7026559710502625,0.6795309782028198,0.6990630030632019,0.6828822493553162
2009-07-29,0.6926559805870056,0.6967189908027649,0.6818749904632568,0.6934379935264587,0.6773873567581177
2009-07-30,0.7081249952316284,0.723438024520874,0.6998440027236938,0.7014060020446777,0.6851710677146912
2009-07-31,0.7018749713897705,0.7117189764976501,0.6960939764976501,0.6965630054473877,0.6804400086402893
2009-08-03,0.7129690051078796,0.7192190289497375,0.7046880125999451,0.7176560163497925,0.7010449767112732
2009-08-04,0.7121880054473877,0.723438024520874,0.7087500095367432,0.7171880006790161,0.7005876898765564
2009-08-05,0.7215629816055298,0.721875011920929,0.697655975818634,0.7073439955711365,0.6909715533256531
2009-08-06,0.7098439931869507,0.7145310044288635,0.6899999976158142,0.6949999928474426,0.6789131760597229
2009-08-07,0.7139059901237488,0.7190629839897156,0.7023440003395081,0.7109379768371582,0.6944823861122131
2009-08-10,0.7068750262260437,0.7109379768371582,0.6932809948921204,0.7032809853553772,0.687002420425415
2009-08-11,0.6957809925079346,0.6989060044288635,0.6828129887580872,0.690625011920929,0.6746398210525513
2009-08-12,0.6890630125999451,0.7239059805870056,0.6882809996604919,0.7118750214576721,0.6953977346420288
2009-08-13,0.7198439836502075,0.7220309972763062,0.7032809853553772,0.7190629839897156,0.7024192810058594
2009-08-14,0.7129690051078796,0.7151560187339783,0.6904690265655518,0.7026559710502625,0.6863918900489807
2009-08-17,0.6804689764976501,0.6804689764976501,0.6614059805870056,0.661719024181366,0.6464025974273682
2009-08-18,0.6700000166893005,0.6834380030632019,0.6667190194129944,0.680312991142273,0.6645660996437073
2009-08-19,0.6656249761581421,0.6935939788818359,0.6637499928474426,0.689844012260437,0.6738766431808472
2009-08-20,0.6895310282707214,0.7092189788818359,0.6870309710502625,0.7065629959106445,0.6902086734771729
2009-08-21,0.7153130173683167,0.7279689908027649,0.706250011920929,0.724062979221344,0.7073036432266235
2009-08-24,0.7278130054473877,0.7353129982948303,0.71875,0.7229689955711365,0.7062349319458008
2009-08-25,0.7278130054473877,0.7418749928474426,0.7239059805870056,0.7278130054473877,0.7109667062759399
2009-08-26,0.7254689931869507,0.7365630269050598,0.7178130149841309,0.7259380221366882,0.7091351747512817
2009-08-27,0.7259380221366882,0.7314059734344482,0.7029690146446228,0.728905975818634,0.7120344042778015
2009-08-28,0.7462499737739563,0.7537500262260437,0.7207810282707214,0.7306249737739563,0.7137134075164795
2009-08-31,0.7198439836502075,0.721875011920929,0.7071880102157593,0.7151560187339783,0.6986026763916016
2009-09-01,0.7101560235023499,0.7357810139656067,0.6850000023841858,0.6885939836502075,0.672655463218689
2009-09-02,0.6825000047683716,0.6954690217971802,0.6806250214576721,0.6871880292892456,0.6712821125984192
2009-09-03,0.6942189931869507,0.6989060044288635,0.6800000071525574,0.6965630054473877,0.6804400086402893
2009-09-04,0.6990630030632019,0.7276560068130493,0.6973440051078796,0.7259380221366882,0.7091351747512817
2009-09-08,0.7378129959106445,0.7417190074920654,0.7304689884185791,0.7404689788818359,0.7233297824859619
2009-09-09,0.7406250238418579,0.7603129744529724,0.7351559996604919,0.7528129816055298,0.7353881001472473
2009-09-10,0.7539060115814209,0.768750011920929,0.7498440146446228,0.7668750286102295,0.7491246461868286
2009-09-11,0.7689059972763062,0.7721880078315735,0.7576559782028198,0.7681249976158142,0.7503455877304077
2009-09-14,0.7579690217971802,0.7754690051078796,0.7573440074920654,0.7742189764976501,0.7562986612319946
2009-09-15,0.7739059925079346,0.7848439812660217,0.7707809805870056,0.7793750166893005,0.7613352537155151
2009-09-16,0.7857810258865356,0.8045309782028198,0.7807809710502625,0.802187979221344,0.7836204171180725
2009-09-17,0.7985939979553223,0.8114060163497925,0.794530987739563,0.801563024520874,0.7830096483230591
2009-09-18,0.8092190027236938,0.8109380006790161,0.7962499856948853,0.8054689764976501,0.7868253588676453
2009-09-21,0.7965630292892456,0.8140630125999451,0.793749988079071,0.8089060187339783,0.7901827692985535
2009-09-22,0.8187500238418579,0.8192189931869507,0.8065630197525024,0.8123440146446228,0.7935411930084229
2009-09-23,0.8190630078315735,0.8323439955711365,0.8020309805870056,0.8039060235023499,0.7852985262870789
2009-09-24,0.8110939860343933,0.8139060139656067,0.7792189717292786,0.7901560068130493,0.7718666791915894
2009-09-25,0.7793750166893005,0.7906249761581421,0.7723439931869507,0.7764059901237488,0.7584349513053894
2009-09-28,0.7848439812660217,0.8118749856948853,0.7832810282707214,0.8026559948921204,0.7840773463249207
2009-09-29,0.802344024181366,0.8109380006790161,0.7885940074920654,0.7959380149841309,0.7775148153305054
2009-09-30,0.8020309805870056,0.8098440170288086,0.7723439931869507,0.7964059710502625,0.7779720425605774
2009-10-01,0.7910940051078796,0.7921879887580872,0.75,0.75,0.7326402068138123
2009-10-02,0.739687979221344,0.7582809925079346,0.7392190098762512,0.7448440194129944,0.727603554725647
2009-10-05,0.7528129816055298,0.7640630006790161,0.7434380054473877,0.7571880221366882,0.7396618127822876
2009-10-06,0.7649999856948853,0.7909380197525024,0.7648440003395081,0.7834380269050598,0.7653040885925293
2009-10-07,0.7818750143051147,0.7889059782028198,0.7779690027236938,0.7879689931869507,0.7697303891181946
2009-10-08,0.7976559996604919,0.8092190027236938,0.7917190194129944,0.7951560020446777,0.7767508625984192
2009-10-09,0.791405975818634,0.8067190051078796,0.7885940074920654,0.8032810091972351,0.7846879363059998
2009-10-12,0.8107810020446777,0.8189060091972351,0.796875,0.8071879744529724,0.7885045409202576
2009-10-13,0.8059380054473877,0.8140630125999451,0.800000011920929,0.807030975818634,0.7883509993553162
2009-10-14,0.8274999856948853,0.8317189812660217,0.8184379935264587,0.8292189836502075,0.8100255131721497
2009-10-15,0.8203129768371582,0.8284379839897156,0.8185939788818359,0.8262500166893005,0.8071253895759583
2009-10-16,0.8204690217971802,0.8229690194129944,0.8040630221366882,0.815625011920929,0.7967462539672852
2009-10-19,0.8167189955711365,0.8331249952316284,0.8081250190734863,0.8306249976158142,0.8113990426063538
2009-10-20,0.8404690027236938,0.8409379720687866,0.8214060068130493,0.8315629959106445,0.8123153448104858
2009-10-21,0.8309379816055298,0.8543750047683716,0.8256250023841858,0.8282809853553772,0.8091093301773071
2009-10-22,0.825780987739563,0.8418750166893005,0.8153129816055298,0.8356249928474426,0.8162834048271179
2009-10-23,0.8500000238418579,0.8514059782028198,0.8239060044288635,0.8289059996604919,0.8097198605537415
2009-10-26,0.8293750286102295,0.8523439764976501,0.8153129816055298,0.8229690194129944,0.8039200901985168
2009-10-27,0.820937991142273,0.8273440003395081,0.7920309901237488,0.7985939979553223,0.780109167098999
2009-10-28,0.7921879887580872,0.7967190146446228,0.7589060068130493,0.7621880173683167,0.7445462346076965
2009-10-29,0.7721880078315735,0.7912499904632568,0.7676560282707214,0.7873439788818359,0.7691197395324707
2009-10-30,0.786562979221344,0.7900000214576721,0.7440630197525024,0.7453129887580872,0.7280617356300354
2009-11-02,0.7470309734344482,0.7674999833106995,0.7339059710502625,0.7512500286102295,0.7338611483573914
2009-11-03,0.7457810044288635,0.758437991142273,0.7409380078315735,0.7564060091972351,0.738897979259491
2009-11-04,0.7646880149841309,0.7784379720687866,0.7570310235023499,0.7589060068130493,0.7413399815559387
2009-11-05,0.7760940194129944,0.7981250286102295,0.7751560211181641,0.7956249713897705,0.7772091031074524
2009-11-06,0.7890629768371582,0.8073440194129944,0.7860940098762512,0.8054689764976501,0.7868253588676453
2009-11-09,0.8173440098762512,0.8399999737739563,0.8162500262260437,0.8399999737739563,0.8205568790435791
2009-11-10,0.8379690051078796,0.8495309948921204,0.8357809782028198,0.8426560163497925,0.8231514692306519
2009-11-11,0.856249988079071,0.8642190098762512,0.8440629839897156,0.8542190194129944,0.8344470262527466
2009-11-12,0.8559380173683167,0.8653129935264587,0.841405987739563,0.8453130125999451,0.8257470726966858
2009-11-13,0.8500000238418579,0.8637499809265137,0.8446879982948303,0.8595309853553772,0.8396360278129578
2009-11-16,0.8667190074920654,0.8843749761581421,0.8637499809265137,0.8770310282707214,0.8567308783531189
2009-11-17,0.8720309734344482,0.8820310235023499,0.8681250214576721,0.8817189931869507,0.861310601234436
2009-11-18,0.8768749833106995,0.878125011920929,0.8606250286102295,0.872655987739563,0.8524572849273682
2009-11-19,0.8607810139656067,0.8610939979553223,0.832813024520874,0.8445309996604919,0.8249830603599548
2009-11-20,0.8354690074920654,0.8404690027236938,0.8299999833106995,0.8371880054473877,0.81781005859375
2009-11-23,0.852187991142273,0.8717190027236938,0.852187991142273,0.862500011920929,0.842536211013794
2009-11-24,0.862500011920929,0.8631250262260437,0.8470309972763062,0.857030987739563,0.8371937274932861
2009-11-25,0.8626559972763062,0.8659380078315735,0.8578130006790161,0.8642190098762512,0.8442155122756958
2009-11-27,0.817969024181366,0.8506249785423279,0.814844012260437,0.8384379744529724,0.8190311789512634
2009-11-30,0.8342189788818359,0.8424999713897705,0.8232809901237488,0.8393750190734863,0.8199465274810791
2009-12-01,0.8526560068130493,0.8685939908027649,0.852187991142273,0.8571879863739014,0.8373472690582275
2009-12-02,0.8629689812660217,0.8759379982948303,0.8565629720687866,0.8601559996604919,0.8402464389801025
2009-12-03,0.8668749928474426,0.8764060139656067,0.852187991142273,0.8531249761581421,0.8333781957626343
2009-12-04,0.8745309710502625,0.885155975818634,0.84375,0.8615630269050598,0.8416209816932678
2009-12-07,0.8600000143051147,0.8679689764976501,0.8498439788818359,0.8531249761581421,0.8333781957626343
2009-12-08,0.8443750143051147,0.8567190170288086,0.8289059996604919,0.8426560163497925,0.8231514692306519
2009-12-09,0.841405987739563,0.8614060282707214,0.8306249976158142,0.8595309853553772,0.8396360278129578
2009-12-10,0.8662499785423279,0.8778129816055298,0.8662499785423279,0.8682810068130493,0.8481834530830383
2009-12-11,0.877344012260437,0.8795310258865356,0.8550000190734863,0.8620309829711914,0.8420781493186951
2009-12-14,0.8734380006790161,0.8799999952316284,0.864063024520874,0.8778129816055298,0.8574948310852051
2009-12-15,0.872655987739563,0.8826559782028198,0.8631250262260437,0.8685939908027649,0.8484891653060913
2009-12-16,0.875,0.8837500214576721,0.8676559925079346,0.8709380030632019,0.8507789373397827
2009-12-17,0.8632810115814209,0.8645309805870056,0.8471879959106445,0.8500000238418579,0.8303256630897522
2009-12-18,0.864844024181366,0.877344012260437,0.859375,0.8765630125999451,0.8562735319137573
2009-12-21,0.8853129744529724,0.903124988079071,0.8853129744529724,0.8968750238418579,0.8761157989501953
2009-12-22,0.9018750190734863,0.9112499952316284,0.8998439908027649,0.9075000286102295,0.8864945769309998
2009-12-23,0.9112499952316284,0.9209380149841309,0.9064059853553772,0.9203130006790161,0.8990110754966736
2009-12-24,0.9234380125999451,0.9375,0.9225000143051147,0.9371880292892456,0.9154956340789795
2009-12-28,0.9415630102157593,0.9503129720687866,0.9357810020446777,0.9465630054473877,0.9246535301208496
2009-12-29,0.9470310211181641,0.9487500190734863,0.9381250143051147,0.9392189979553223,0.9174795746803284
2009-12-30,0.9375,0.9484379887580872,0.9367190003395081,0.9446880221366882,0.9228218793869019
2009-12-31,0.9484379887580872,0.9493749737739563,0.9251559972763062,0.9293749928474426,0.9078632593154907
2010-01-04,0.9504690170288086,0.9570310115814209,0.9485939741134644,0.9542189836502075,0.932132363319397
2010-01-05,0.9540629982948303,0.9582809805870056,0.9445310235023499,0.9548439979553223,0.9327428340911865
2010-01-06,0.9539059996604919,0.9603130221366882,0.940625011920929,0.9443749785423279,0.9225161671638489
2010-01-07,0.9456250071525574,0.9482809901237488,0.9342190027236938,0.9445310235023499,0.92266845703125
2010-01-08,0.9393749833106995,0.9601560235023499,0.9350000023841858,0.9598439931869507,0.9376270771026611
2010-01-11,0.9626560211181641,0.9640629887580872,0.9424999952316284,0.9528130292892456,0.9307588338851929
2010-01-12,0.9404690265655518,0.9432809948921204,0.9182810187339783,0.9290630221366882,0.9075583815574646
2010-01-13,0.934374988079071,0.9570310115814209,0.9214059710502625,0.9512500166893005,0.9292319416999817
2010-01-14,0.9471880197525024,0.9582809805870056,0.9460939764976501,0.9524999856948853,0.9304531216621399
2010-01-15,0.9556249976158142,0.9595310091972351,0.9231250286102295,0.9312499761581421,0.9096949100494385
2010-01-19,0.9348440170288086,0.9624999761581421,0.9345309734344482,0.9604690074920654,0.9382376074790955
2010-01-20,0.9473440051078796,0.9479690194129944,0.9131249785423279,0.9335939884185791,0.9119846820831299
2010-01-21,0.9385939836502075,0.950780987739563,0.9081249833106995,0.9153130054473877,0.8941267728805542
2010-01-22,0.9096879959106445,0.9151560068130493,0.8575000166893005,0.8626559972763062,0.8426886200904846
2010-01-25,0.8712499737739563,0.8790630102157593,0.8604689836502075,0.8676559925079346,0.847572922706604
2010-01-26,0.8668749928474426,0.8904690146446228,0.8578130006790161,0.869530975818634,0.8494043946266174
2010-01-27,0.8668749928474426,0.8885939717292786,0.8557810187339783,0.8824999928474426,0.8620733618736267
2010-01-28,0.8712499737739563,0.8728129863739014,0.8285940289497375,0.8384379744529724,0.8190311789512634
2010-01-29,0.8503130078315735,0.8556249737739563,0.802187979221344,0.8084380030632019,0.7897255420684814
2010-02-01,0.8128129839897156,0.8267189860343933,0.8118749856948853,0.8253129720687866,0.8062101006507874
2010-02-02,0.8282809853553772,0.8456249833106995,0.817188024520874,0.8404690027236938,0.8210150599479675
2010-02-03,0.8329690098762512,0.8532810211181641,0.8317189812660217,0.8501560091972351,0.8304778933525085
2010-02-04,0.8379690051078796,0.8410940170288086,0.8010939955711365,0.8018749952316284,0.7833144068717957
2010-02-05,0.8059380054473877,0.8154690265655518,0.7820309996604919,0.8132809996604919,0.7944566011428833
2010-02-08,0.8125,0.8218749761581421,0.8014060258865356,0.8029689788818359,0.7843830585479736
2010-02-09,0.8214060068130493,0.8339059948921204,0.8059380054473877,0.8195310235023499,0.8005617260932922
2010-02-10,0.8195310235023499,0.8268749713897705,0.8054689764976501,0.8160939812660217,0.797204315662384
2010-02-11,0.8159379959106445,0.8445309996604919,0.8059380054473877,0.8399999737739563,0.8205568790435791
2010-02-12,0.8251559734344482,0.8481249809265137,0.8217189908027649,0.8440629839897156,0.8245260715484619
2010-02-16,0.8553130030632019,0.8664060235023499,0.8470309972763062,0.8653129935264587,0.8452841639518738
2010-02-17,0.8725000023841858,0.8748440146446228,0.8628129959106445,0.8745309710502625,0.8542886972427368
2010-02-18,0.8735939860343933,0.8890630006790161,0.8703129887580872,0.8857809901237488,0.8652783036231995
2010-02-19,0.8829690217971802,0.893750011920929,0.8767189979553223,0.8846880197525024,0.8642106056213379
2010-02-22,0.8926560282707214,0.8928130269050598,0.875,0.8809379935264587,0.860547661781311
2010-02-23,0.879688024520874,0.8814060091972351,0.8504689931869507,0.8585940003395081,0.8387205004692078
2010-02-24,0.8673440217971802,0.8829690217971802,0.864687979221344,0.8754690289497375,0.8552051782608032
2010-02-25,0.857030987739563,0.8793749809265137,0.8454689979553223,0.877344012260437,0.8570367693901062
2010-02-26,0.8753129839897156,0.8856250047683716,0.8675000071525574,0.8824999928474426,0.8620733618736267
2010-03-01,0.8890630006790161,0.9107810258865356,0.8890630006790161,0.9073439836502075,0.8863424062728882
2010-03-02,0.9132810235023499,0.9248440265655518,0.9092190265655518,0.9128130078315735,0.8916847705841064
2010-03-03,0.9175000190734863,0.9237499833106995,0.9082810282707214,0.9150000214576721,0.8938210010528564
2010-03-04,0.9167190194129944,0.9231250286102295,0.9070309996604919,0.9207810163497925,0.8994683027267456
2010-03-05,0.9356250166893005,0.9515630006790161,0.9309380054473877,0.9479690194129944,0.9260269403457642
2010-03-08,0.9496880173683167,0.9567189812660217,0.9489060044288635,0.9523440003395081,0.9303008317947388
2010-03-09,0.9467189908027649,0.973438024520874,0.9467189908027649,0.9653130173683167,0.9429693818092346
2010-03-10,0.9635940194129944,0.9829689860343933,0.9634379744529724,0.9784380197525024,0.9557907581329346
2010-03-11,0.9745309948921204,0.9857810139656067,0.9706249833106995,0.9854689836502075,0.9626589417457581
2010-03-12,0.9925000071525574,0.9925000071525574,0.9784380197525024,0.9868749976158142,0.9640324115753174
2010-03-15,0.9818750023841858,0.9868749976158142,0.9679690003395081,0.9828130006790161,0.9600645303726196
2010-03-16,0.9871879816055298,0.9967190027236938,0.981249988079071,0.9948440194129944,0.9718169569969177
2010-03-17,0.9962499737739563,1.0087499618530273,0.9931250214576721,0.9984380006790161,0.9753277897834778
2010-03-18,1.0010939836502075,1.0078129768371582,0.9962499737739563,1.0054689645767212,0.9821959137916565
2010-03-19,0.9939060211181641,1.0129690170288086,0.9865630269050598,0.9939060211181641,0.97090083360672
2010-03-22,0.9859380125999451,1.019531011581421,0.9837499856948853,1.011718988418579,0.9883014559745789
2010-03-23,1.015625,1.0271879434585571,1.0053130388259888,1.0262500047683716,1.0024962425231934
2010-03-24,1.021875023841858,1.0220309495925903,1.0112500190734863,1.0164060592651367,0.99288010597229
2010-03-25,1.0323439836502075,1.0401560068130493,1.010938048362732,1.0120309591293335,0.9886062145233154
2010-03-26,1.0207810401916504,1.0285940170288086,1.003906011581421,1.015625,0.9921168684959412
2010-03-29,1.024999976158142,1.0317189693450928,1.0192190408706665,1.0246880054473877,1.0009701251983643
2010-03-30,1.0296880006790161,1.0378129482269287,1.0175000429153442,1.03125,1.0073801279067993
2010-03-31,1.024219036102295,1.0331250429153442,1.0173439979553223,1.0225000381469727,0.9988325238227844
2010-04-01,1.0292190313339233,1.0440629720687866,1.0054689645767212,1.0215630531311035,0.9979175925254822
2010-04-05,1.0253130197525024,1.0446879863739014,1.0204689502716064,1.039687991142273,1.0156227350234985
2010-04-06,1.034999966621399,1.0521880388259888,1.0307810306549072,1.045469045639038,1.021270513534546
2010-04-07,1.0435940027236938,1.0512499809265137,1.029844045639038,1.0415630340576172,1.017454743385315
2010-04-08,1.0353130102157593,1.0487500429153442,1.024062991142273,1.044530987739563,1.0203537940979004
2010-04-09,1.046875,1.058593988418579,1.0410939455032349,1.0575000047683716,1.0330225229263306
2010-04-12,1.0592190027236938,1.0651559829711914,1.0543750524520874,1.0590629577636719,1.034549355506897
2010-04-13,1.0571880340576172,1.0715630054473877,1.050781011581421,1.0700000524520874,1.0452334880828857
2010-04-14,1.080625057220459,1.096094012260437,1.078281044960022,1.0957809686660767,1.0704171657562256
2010-04-15,1.0943750143051147,1.1081249713897705,1.0940630435943604,1.1053129434585571,1.0797289609909058
2010-04-16,1.097656011581421,1.1050000190734863,1.064687967300415,1.0792189836502075,1.05423903465271
2010-04-19,1.0714060068130493,1.084375023841858,1.0514060258865356,1.0773439407348633,1.0524073839187622
2010-04-20,1.0889060497283936,1.093593955039978,1.0745309591293335,1.0885939598083496,1.0633970499038696
2010-04-21,1.102344036102295,1.1076560020446777,1.0873440504074097,1.100780963897705,1.0753018856048584
2010-04-22,1.0796879529953003,1.1146880388259888,1.0670310258865356,1.1123440265655518,1.086597204208374
2010-04-23,1.1124999523162842,1.1240630149841309,1.1035939455032349,1.1218750476837158,1.0959078073501587
2010-04-26,1.122655987739563,1.1279690265655518,1.1126559972763062,1.116405963897705,1.0905648469924927
2010-04-27,1.1085939407348633,1.1176559925079346,1.0640629529953003,1.0704690217971802,1.045691728591919
2010-04-28,1.0812499523162842,1.0821880102157593,1.0540629625320435,1.0714060068130493,1.0466067790985107
2010-04-29,1.0814059972763062,1.1121879816055298,1.0814059972763062,1.1074999570846558,1.0818654298782349
2010-04-30,1.1065629720687866,1.1109379529953003,1.062656044960022,1.0656249523162842,1.0409598350524902
2010-05-03,1.0728130340576172,1.1045310497283936,1.0726560354232788,1.0942189693450928,1.068892002105713
2010-05-04,1.066406011581421,1.0674999952316284,1.013280987739563,1.0281250476837158,1.004327416419983
2010-05-05,1.0087499618530273,1.031093955039978,0.9950000047683716,1.018125057220459,0.9945593476295471
2010-05-06,1.0059380531311035,1.0237499475479126,0.7521880269050598,0.950780987739563,0.9287738800048828
2010-05-07,0.9353129863739014,0.9589059948921204,0.8642190098762512,0.9049999713897705,0.8840525150299072
2010-05-10,0.9817190170288086,0.997655987739563,0.9778130054473877,0.9953129887580872,0.9722750782966614
2010-05-11,0.9773439764976501,1.021875023841858,0.9725000262260437,0.9942190051078796,0.9712064266204834
2010-05-12,1.0042190551757812,1.0331250429153442,1.0012500286102295,1.03125,1.0073801279067993
2010-05-13,1.0231250524520874,1.0390629768371582,0.9942190051078796,0.9990630149841309,0.9759383797645569
2010-05-14,0.984375,0.9851559996604919,0.9378129839897156,0.961562991142273,0.9393062591552734
2010-05-17,0.9654690027236938,0.9745309948921204,0.9254689812660217,0.9674999713897705,0.9451059103012085
2010-05-18,0.9826560020446777,0.9870309829711914,0.9315630197525024,0.9407809972763062,0.919005274772644
2010-05-19,0.9331250190734863,0.9481250047683716,0.9042189717292786,0.924219012260437,0.9028266668319702
2010-05-20,0.8892189860343933,0.8934379816055298,0.8523439764976501,0.8575000166893005,0.8376520872116089
2010-05-21,0.8289059996604919,0.8873440027236938,0.8228129744529724,0.8751559853553772,0.8548992276191711
2010-05-24,0.8739060163497925,0.893750011920929,0.8671879768371582,0.8671879768371582,0.8471158146858215
2010-05-25,0.8299999833106995,0.8717190027236938,0.8125,0.8692190051078796,0.8490996956825256
2010-05-26,0.8807809948921204,0.9029690027236938,0.846875011920929,0.8481249809265137,0.8284938931465149
2010-05-27,0.8879690170288086,0.9148439764976501,0.8842189908027649,0.914687991142273,0.8935162425041199
2010-05-28,0.9170309901237488,0.9185940027236938,0.887499988079071,0.9029690027236938,0.8820684552192688
2010-06-01,0.8976560235023499,0.9290630221366882,0.8843749761581421,0.8856250047683716,0.8651260733604431
2010-06-02,0.8970310091972351,0.9296879768371582,0.8848440051078796,0.9290630221366882,0.9075583815574646
2010-06-03,0.9337499737739563,0.9498440027236938,0.921875,0.9454690217971802,0.9235848188400269
2010-06-04,0.9067190289497375,0.9301559925079346,0.875,0.8832809925079346,0.8628362417221069
2010-06-07,0.8909379839897156,0.8956249952316284,0.8471879959106445,0.8503130078315735,0.8306313157081604
2010-06-08,0.8529689908027649,0.8573439717292786,0.8232809901237488,0.8467190265655518,0.8271205425262451
2010-06-09,0.8576560020446777,0.8737499713897705,0.8267189860343933,0.8317189812660217,0.8124675750732422
2010-06-10,0.8529689908027649,0.8809379935264587,0.8476560115814209,0.8790630102157593,0.8587159514427185
2010-06-11,0.8623440265655518,0.8976560235023499,0.8618749976158142,0.8954690098762512,0.8747420907020569
2010-06-14,0.9125000238418579,0.925000011920929,0.892969012260437,0.8956249952316284,0.8748944401741028
2010-06-15,0.9048439860343933,0.945937991142273,0.9034379720687866,0.9432809948921204,0.9214473962783813
2010-06-16,0.9382809996604919,0.9606249928474426,0.9350000023841858,0.9523440003395081,0.9303008317947388
2010-06-17,0.9617189764976501,0.9628130197525024,0.9409379959106445,0.957813024520874,0.9356433749198914
2010-06-18,0.9620310068130493,0.9726560115814209,0.9534379839897156,0.9604690074920654,0.9382376074790955
2010-06-21,0.9832810163497925,0.9865630269050598,0.9315630197525024,0.9465630054473877,0.9246535301208496
2010-06-22,0.9506250023841858,0.9645310044288635,0.9245309829711914,0.9279689788818359,0.9064899682998657
2010-06-23,0.9301559925079346,0.9370309710502625,0.9057809710502625,0.9214059710502625,0.9000787734985352
2010-06-24,0.9121879935264587,0.9181249737739563,0.8862500190734863,0.8926560282707214,0.8719943165779114
2010-06-25,0.8982809782028198,0.9046880006790161,0.8765630125999451,0.8890630006790161,0.868484377861023
2010-06-28,0.8899999856948853,0.8999999761581421,0.8710939884185791,0.8835939764976501,0.863142192363739
2010-06-29,0.856249988079071,0.8571879863739014,0.8029689788818359,0.8154690265655518,0.796593964099884
2010-06-30,0.8100000023841858,0.825780987739563,0.786719024181366,0.7906249761581421,0.7723248600959778
2010-07-01,0.7943750023841858,0.7987499833106995,0.755312979221344,0.785938024520874,0.7677464485168457
2010-07-02,0.7881249785423279,0.7960940003395081,0.7668750286102295,0.7814059853553772,0.763319194316864
2010-07-06,0.8037499785423279,0.8137500286102295,0.7724999785423279,0.7854689955711365,0.767288327217102
2010-07-07,0.7907810211181641,0.8373439908027649,0.7892190217971802,0.8353130221366882,0.8159785866737366
2010-07-08,0.8487499952316284,0.8517190217971802,0.824999988079071,0.8440629839897156,0.8245260715484619
2010-07-09,0.8443750143051147,0.8610939979553223,0.8403130173683167,0.8609380125999451,0.8410104513168335
2010-07-12,0.8595309853553772,0.8765630125999451,0.8545309901237488,0.8656250238418579,0.8455888628959656
2010-07-13,0.880469024181366,0.8949999809265137,0.8679689764976501,0.8868749737739563,0.8663471341133118
2010-07-14,0.8917189836502075,0.9070309996604919,0.8843749761581421,0.8971880078315735,0.8764214515686035
2010-07-15,0.8931249976158142,0.903905987739563,0.8746880292892456,0.8993750214576721,0.8785577416419983
2010-07-16,0.8918750286102295,0.8946880102157593,0.8475000262260437,0.8498439788818359,0.8301731944084167
2010-07-19,0.8545309901237488,0.8668749928474426,0.8398439884185791,0.8635939955711365,0.8436048626899719
2010-07-20,0.8348439931869507,0.8842189908027649,0.8301560282707214,0.883437991142273,0.8629895448684692
2010-07-21,0.9035940170288086,0.9037500023841858,0.857030987739563,0.8604689836502075,0.8405524492263794
2010-07-22,0.8845310211181641,0.911719024181366,0.8831250071525574,0.9035940170288086,0.8826791048049927
2010-07-23,0.8920310139656067,0.916405975818634,0.888280987739563,0.9151560068130493,0.8939734101295471
2010-07-26,0.9182810187339783,0.9309380054473877,0.9090629816055298,0.9293749928474426,0.9078632593154907
2010-07-27,0.9396880269050598,0.9412500262260437,0.9210940003395081,0.9287499785423279,0.9072527885437012
2010-07-28,0.927344024181366,0.9357810020446777,0.9078130125999451,0.9145309925079346,0.8933629989624023
2010-07-29,0.924219012260437,0.9285939931869507,0.8828129768371582,0.900780975818634,0.8799311518669128
2010-07-30,0.887499988079071,0.9160940051078796,0.8757809996604919,0.9053130149841309,0.8843584060668945
2010-08-02,0.9275000095367432,0.9434379935264587,0.9206249713897705,0.9384379982948303,0.9167166352272034
2010-08-03,0.9368749856948853,0.9399999976158142,0.921875,0.9310939908027649,0.9095425009727478
2010-08-04,0.9395310282707214,0.9515630006790161,0.9317190051078796,0.949999988079071,0.9280110001564026
2010-08-05,0.9407809972763062,0.9485939741134644,0.9328129887580872,0.9454690217971802,0.9235848188400269
2010-08-06,0.924219012260437,0.945937991142273,0.9135940074920654,0.9423440098762512,0.9205322265625
2010-08-09,0.9518749713897705,0.9593750238418579,0.9434379935264587,0.9543750286102295,0.9322848320007324
2010-08-10,0.9401559829711914,0.9493749737739563,0.9226559996604919,0.9395310282707214,0.9177842140197754
2010-08-11,0.9079689979553223,0.9079689979553223,0.8795310258865356,0.887499988079071,0.8669574856758118
2010-08-12,0.8540629744529724,0.880469024181366,0.8496879935264587,0.8725000023841858,0.8523047566413879
2010-08-13,0.8668749928474426,0.8735939860343933,0.8603129982948303,0.8603129982948303,0.840399980545044
2010-08-16,0.8512499928474426,0.8754690289497375,0.8443750143051147,0.8635939955711365,0.8436048626899719
2010-08-17,0.8757809996604919,0.9012500047683716,0.872655987739563,0.8854690194129944,0.8649735450744629
2010-08-18,0.8828129768371582,0.903124988079071,0.8753129839897156,0.8920310139656067,0.871383786201477
2010-08-19,0.8821880221366882,0.8889060020446777,0.8535940051078796,0.8653129935264587,0.8452841639518738
2010-08-20,0.8626559972763062,0.8717190027236938,0.8531249761581421,0.8675000071525574,0.8474205136299133
2010-08-23,0.8801559805870056,0.8839060068130493,0.8503130078315735,0.8504689931869507,0.8307836651802063
2010-08-24,0.8326560258865356,0.8370310068130493,0.8120309710502625,0.8196880221366882,0.8007152676582336
2010-08-25,0.8076559901237488,0.8418750166893005,0.8048440217971802,0.8342189788818359,0.8149097561836243
2010-08-26,0.8410940170288086,0.8442190289497375,0.8129690289497375,0.8149999976158142,0.7961357831954956
2010-08-27,0.8268749713897705,0.8379690051078796,0.7932810187339783,0.8354690074920654,0.8161308169364929
2010-08-30,0.8270310163497925,0.8412500023841858,0.8168749809265137,0.8173440098762512,0.7984254360198975
2010-08-31,0.8085939884185791,0.825780987739563,0.8012499809265137,0.8128129839897156,0.7939993739128113
2010-09-01,0.8349999785423279,0.8653129935264587,0.8342189788818359,0.859375,0.8394834995269775
2010-09-02,0.8626559972763062,0.879688024520874,0.8584380149841309,0.8793749809265137,0.8590207099914551
2010-09-03,0.8973439931869507,0.909375011920929,0.8904690146446228,0.909375011920929,0.8883261680603027
2010-09-07,0.900780975818634,0.9087499976158142,0.892969012260437,0.895937979221344,0.8752003312110901
2010-09-08,0.9012500047683716,0.9251559972763062,0.9006249904632568,0.9171879887580872,0.8959581851959229
2010-09-09,0.9339060187339783,0.9353129863739014,0.9203130006790161,0.9240630269050598,0.90267413854599
2010-09-10,0.9268749952316284,0.9337499737739563,0.9176560044288635,0.9307810068130493,0.9092368483543396
2010-09-13,0.9460939764976501,0.9617189764976501,0.9451559782028198,0.9574999809265137,0.9353371858596802
2010-09-14,0.9546880125999451,0.9750000238418579,0.9503129720687866,0.9651560187339783,0.9428163170814514
2010-09-15,0.9604690074920654,0.9792190194129944,0.9545310139656067,0.9775000214576721,0.9548743963241577
2010-09-16,0.9746879935264587,0.9865630269050598,0.96875,0.9850000143051147,0.962200939655304
2010-09-17,0.9978129863739014,0.9981250166893005,0.9821879863739014,0.9914060235023499,0.9684586524963379
2010-09-20,0.9992190003395081,1.0303130149841309,0.9970309734344482,1.0259380340576172,1.002191185951233
2010-09-21,1.0268750190734863,1.040624976158142,1.0175000429153442,1.0235940217971802,0.9999017119407654
2010-09-22,1.0175000429153442,1.0343749523162842,1.009374976158142,1.0201560258865356,0.9965431094169617
2010-09-23,1.0076559782028198,1.0401560068130493,1.0053130388259888,1.019374966621399,0.9957802295684814
2010-09-24,1.043125033378601,1.0621880292892456,1.039844036102295,1.0604690313339233,1.0359227657318115
2010-09-27,1.0604690313339233,1.064844012260437,1.0481250286102295,1.0495309829711914,1.0252379179000854
2010-09-28,1.0548440217971802,1.0559380054473877,1.015781044960022,1.0510940551757812,1.0267648696899414
2010-09-29,1.045469045639038,1.055312991142273,1.0378129482269287,1.0449999570846558,1.0208120346069336
2010-09-30,1.0567189455032349,1.068750023841858,1.0223439931869507,1.0357810258865356,1.0118060111999512
2010-10-01,1.0528130531311035,1.055469036102295,1.0239059925079346,1.033594012260437,1.0096698999404907
2010-10-04,1.027343988418579,1.0346879959106445,0.9993749856948853,1.010938048362732,0.9875385165214539
2010-10-05,1.0340629816055298,1.063905954360962,1.0325000286102295,1.0595309734344482,1.0350064039230347
2010-10-06,1.0573439598083496,1.0620310306549072,1.0284379720687866,1.0426559448242188,1.0185221433639526
2010-10-07,1.0542190074920654,1.0549999475479126,1.0320310592651367,1.0484379529953003,1.0241706371307373
2010-10-08,1.050624966621399,1.068750023841858,1.0357810258865356,1.0612499713897705,1.036685824394226
2010-10-11,1.0645309686660767,1.0750000476837158,1.0581250190734863,1.0643750429153442,1.039738655090332
2010-10-12,1.0612499713897705,1.0834380388259888,1.042968988418579,1.0800000429153442,1.0550018548965454
2010-10-13,1.091405987739563,1.1065629720687866,1.0860940217971802,1.0967190265655518,1.0713340044021606
2010-10-14,1.097656011581421,1.1017190217971802,1.0814059972763062,1.0924999713897705,1.0672125816345215
2010-10-15,1.1195310354232788,1.1385940313339233,1.1015629768371582,1.1385940313339233,1.1122397184371948
2010-10-18,1.1399999856948853,1.1484379768371582,1.131250023841858,1.1353130340576172,1.1090344190597534
2010-10-19,1.1082810163497925,1.127344012260437,1.091405987739563,1.1082810163497925,1.082628607749939
2010-10-20,1.115468978881836,1.1414060592651367,1.1112500429153442,1.1245310306549072,1.0985023975372314
2010-10-21,1.1390630006790161,1.1481250524520874,1.1074999570846558,1.1290630102157593,1.1029293537139893
2010-10-22,1.1301560401916504,1.1470309495925903,1.1260939836502075,1.1446880102157593,1.1181927919387817
2010-10-25,1.1534379720687866,1.1706249713897705,1.1534379720687866,1.1540629863739014,1.1273503303527832
2010-10-26,1.1432809829711914,1.1670310497283936,1.1346880197525024,1.160938024520874,1.1340668201446533
2010-10-27,1.150156021118164,1.1706249713897705,1.1457810401916504,1.1692190170288086,1.1421557664871216
2010-10-28,1.1787500381469727,1.180312991142273,1.153905987739563,1.1737500429153442,1.1465818881988525
2010-10-29,1.1725000143051147,1.1821880340576172,1.167968988418579,1.1698440313339233,1.1427663564682007
2010-11-01,1.1775000095367432,1.1940629482269287,1.1596879959106445,1.1701560020446777,1.1430710554122925
2010-11-02,1.190000057220459,1.201719045639038,1.186094045639038,1.1946879625320435,1.1670353412628174
2010-11-03,1.1978130340576172,1.207031011581421,1.1760940551757812,1.2064059972763062,1.178482174873352
2010-11-04,1.2334380149841309,1.2445310354232788,1.228124976158142,1.2348439693450928,1.2062618732452393
2010-11-05,1.236562967300415,1.2420309782028198,1.2285939455032349,1.2351560592651367,1.2065669298171997
2010-11-08,1.2312500476837158,1.2420309782028198,1.2253129482269287,1.238281011581421,1.2096190452575684
2010-11-09,1.2481249570846558,1.2526559829711914,1.2143750190734863,1.222656011581421,1.1943562030792236
2010-11-10,1.2287499904632568,1.2400000095367432,1.209218978881836,1.21875,1.1905403137207031
2010-11-11,1.2000000476837158,1.2260940074920654,1.1890629529953003,1.2217190265655518,1.193440556526184
2010-11-12,1.2096879482269287,1.2192189693450928,1.1637500524520874,1.1806249618530273,1.1532976627349854
2010-11-15,1.1939059495925903,1.1985939741134644,1.1721880435943604,1.173280954360962,1.1461237668991089
2010-11-16,1.1553130149841309,1.1696879863739014,1.1245310306549072,1.1339060068130493,1.1076604127883911
2010-11-17,1.1354689598083496,1.1526559591293335,1.1298439502716064,1.1401560306549072,1.1137657165527344
2010-11-18,1.1654690504074097,1.1931250095367432,1.1643749475479126,1.1767189502716064,1.149482250213623
2010-11-19,1.1739059686660767,1.1846879720687866,1.1645309925079346,1.1784379482269287,1.1511613130569458
2010-11-22,1.1696879863739014,1.1990629434585571,1.165624976158142,1.1990629434585571,1.1713087558746338
2010-11-23,1.1748440265655518,1.177968978881836,1.1475000381469727,1.1615630388259888,1.1346770524978638
2010-11-24,1.183750033378601,1.2134380340576172,1.1825000047683716,1.2073440551757812,1.179398536682129
2010-11-26,1.1931250095367432,1.2076560258865356,1.1870310306549072,1.1910940408706665,1.1635242700576782
2010-11-29,1.1879689693450928,1.1971880197525024,1.1610939502716064,1.1906249523162842,1.1630663871765137
2010-11-30,1.1649999618530273,1.1754690408706665,1.151563048362732,1.159999966621399,1.133150339126587
2010-12-01,1.1957809925079346,1.2217190265655518,1.1942189931869507,1.209218978881836,1.181229829788208
2010-12-02,1.2134380340576172,1.238124966621399,1.2112499475479126,1.2346880435943604,1.2061095237731934
2010-12-03,1.2240630388259888,1.243749976158142,1.2240630388259888,1.2403130531311035,1.2116042375564575
2010-12-06,1.240625023841858,1.2445310354232788,1.2323440313339233,1.2392189502716064,1.2105355262756348
2010-12-07,1.2689059972763062,1.2698440551757812,1.2384380102157593,1.2417190074920654,1.2129780054092407
2010-12-08,1.2479690313339233,1.2534379959106445,1.231874942779541,1.251405954360962,1.222440481185913
2010-12-09,1.2651560306549072,1.2671879529953003,1.2445310354232788,1.252500057220459,1.2235090732574463
2010-12-10,1.2596880197525024,1.271718978881836,1.2510939836502075,1.2692190408706665,1.2398412227630615
2010-12-13,1.2793749570846558,1.2803130149841309,1.2589060068130493,1.2607810497283936,1.2315982580184937
2010-12-14,1.2660939693450928,1.274999976158142,1.257030963897705,1.2634379863739014,1.2341943979263306
2010-12-15,1.2637499570846558,1.2790629863739014,1.247499942779541,1.2535940408706665,1.224577784538269
2010-12-16,1.2556250095367432,1.276563048362732,1.2495310306549072,1.2714060544967651,1.2419776916503906
2010-12-17,1.2759380340576172,1.282655954360962,1.2704689502716064,1.2753130197525024,1.2457941770553589
2010-12-20,1.2792190313339233,1.2865630388259888,1.2589060068130493,1.2779690027236938,1.2483890056610107
2010-12-21,1.287343978881836,1.2920310497283936,1.2804689407348633,1.2914060354232788,1.2615151405334473
2010-12-22,1.2910939455032349,1.2957810163497925,1.287500023841858,1.2926559448242188,1.2627354860305786
2010-12-23,1.2870310544967651,1.2914060354232788,1.2795310020446777,1.2857810258865356,1.2560195922851562
2010-12-27,1.2804689407348633,1.290781021118164,1.2604689598083496,1.285938024520874,1.2561733722686768
2010-12-28,1.2915630340576172,1.2940629720687866,1.2760939598083496,1.282188057899475,1.2525101900100708
2010-12-29,1.2890629768371582,1.2923439741134644,1.2848440408706665,1.287343978881836,1.2575464248657227
2010-12-30,1.2878129482269287,1.2878129482269287,1.276563048362732,1.2807810306549072,1.2511359453201294
2010-12-31,1.2781250476837158,1.2792190313339233,1.2603130340576172,1.2723439931869507,1.2428935766220093
2011-01-03,1.2956249713897705,1.329063057899475,1.2953130006790161,1.3114060163497925,1.281051754951477
2011-01-04,1.3217190504074097,1.3228130340576172,1.2932809591293335,1.3090629577636719,1.2787630558013916
2011-01-05,1.3021880388259888,1.3323440551757812,1.3003129959106445,1.331874966621399,1.3010467290878296
2011-01-06,1.3345309495925903,1.342344045639038,1.329063057899475,1.340000033378601,1.3089839220046997
2011-01-07,1.344688057899475,1.345937967300415,1.3120310306549072,1.3382810354232788,1.3073046207427979
2011-01-10,1.3309379816055298,1.352187991142273,1.324218988418579,1.3471879959106445,1.3160054683685303
2011-01-11,1.3589060306549072,1.3612500429153442,1.3417190313339233,1.350780963897705,1.3195149898529053
2011-01-12,1.3642189502716064,1.3709379434585571,1.3534380197525024,1.3698439598083496,1.338137149810791
2011-01-13,1.3721879720687866,1.378906011581421,1.3639060258865356,1.3729690313339233,1.3411897420883179
2011-01-14,1.372499942779541,1.3932809829711914,1.3659379482269287,1.3926559686660767,1.360421061515808
2011-01-18,1.368906021118164,1.4034379720687866,1.3673440217971802,1.400156021118164,1.367747187614441
2011-01-19,1.403905987739563,1.4053130149841309,1.3587499856948853,1.368749976158142,1.3370685577392578
2011-01-20,1.3567190170288086,1.3609379529953003,1.327968955039978,1.3473440408706665,1.3161579370498657
2011-01-21,1.3621879816055298,1.3665629625320435,1.3264060020446777,1.3271880149841309,1.2964686155319214
2011-01-24,1.3314059972763062,1.3650000095367432,1.328125,1.3645310401916504,1.3329471349716187
2011-01-25,1.3514059782028198,1.3692189455032349,1.3454689979553223,1.3674999475479126,1.3358473777770996
2011-01-26,1.3734380006790161,1.3903130292892456,1.3643749952316284,1.383437991142273,1.3514163494110107
2011-01-27,1.391563057899475,1.4078129529953003,1.3873440027236938,1.399999976158142,1.3675951957702637
2011-01-28,1.3984379768371582,1.401563048362732,1.316406011581421,1.3289060592651367,1.2981466054916382
2011-01-31,1.3324999809265137,1.3492189645767212,1.312656044960022,1.3421880006790161,1.3111211061477661
2011-02-01,1.3610939979553223,1.3982809782028198,1.3590630292892456,1.391563057899475,1.3593533039093018
2011-02-02,1.3854689598083496,1.397655963897705,1.3817189931869507,1.3871879577636719,1.3550795316696167
2011-02-03,1.3823440074920654,1.3959380388259888,1.360313057899475,1.3912500143051147,1.359047770500183
2011-02-04,1.393125057220459,1.4095309972763062,1.3848439455032349,1.4081250429153442,1.3755319118499756
2011-02-07,1.413280963897705,1.4364060163497925,1.4090629816055298,1.421718955039978,1.3888108730316162
2011-02-08,1.4212499856948853,1.4418749809265137,1.4167189598083496,1.4418749809265137,1.4085006713867188
2011-02-09,1.4343750476837158,1.4440629482269287,1.425781011581421,1.4354690313339233,1.4022430181503296
2011-02-10,1.417968988418579,1.4429689645767212,1.4129689931869507,1.4406249523162842,1.4072792530059814
2011-02-11,1.4309380054473877,1.4614059925079346,1.4267189502716064,1.460155963897705,1.4263588190078735
2011-02-14,1.4596879482269287,1.4706250429153442,1.457031011581421,1.4671880006790161,1.433227777481079
2011-02-15,1.4612499475479126,1.4659379720687866,1.449375033378601,1.4635939598083496,1.429716944694519
2011-02-16,1.469688057899475,1.4898439645767212,1.4693750143051147,1.482969045639038,1.448643684387207
2011-02-17,1.467344045639038,1.486562967300415,1.4651559591293335,1.4817190170288086,1.4474225044250488
2011-02-18,1.4814059734344482,1.4860939979553223,1.4631249904632568,1.4756250381469727,1.441469669342041
2011-02-22,1.436094045639038,1.443750023841858,1.3842190504074097,1.388280987739563,1.356147289276123
2011-02-23,1.386875033378601,1.3978129625320435,1.3443750143051147,1.3657809495925903,1.3341678380966187
2011-02-24,1.3717190027236938,1.388124942779541,1.3453129529953003,1.3790630102157593,1.3471425771713257
2011-02-25,1.3949999809265137,1.4221880435943604,1.392969012260437,1.4182809591293335,1.3854528665542603
2011-02-28,1.4298440217971802,1.4381250143051147,1.4078129529953003,1.4254690408706665,1.39247465133667
2011-03-01,1.434999942779541,1.4368749856948853,1.371250033378601,1.3799999952316284,1.3480578660964966
2011-03-02,1.377344012260437,1.4110939502716064,1.3756250143051147,1.3934379816055298,1.3611849546432495
2011-03-03,1.4190629720687866,1.4524999856948853,1.4190629720687866,1.4481250047683716,1.4146063327789307
2011-03-04,1.4474999904632568,1.4479689598083496,1.4145309925079346,1.4321880340576172,1.3990379571914673
2011-03-07,1.4443750381469727,1.446874976158142,1.368906021118164,1.3951560258865356,1.3628631830215454
2011-03-08,1.3898439407348633,1.417968988418579,1.3737499713897705,1.4056249856948853,1.3730900287628174
2011-03-09,1.3949999809265137,1.3982809782028198,1.3714059591293335,1.385938048362732,1.353858470916748
2011-03-10,1.3550000190734863,1.3612500429153442,1.332031011581421,1.3440630435943604,1.3129531145095825
2011-03-11,1.328125,1.3676559925079346,1.3265630006790161,1.359375,1.3279107809066772
2011-03-14,1.345155954360962,1.3648439645767212,1.329530954360962,1.3495310544967651,1.3182945251464844
2011-03-15,1.2707810401916504,1.3274999856948853,1.2628129720687866,1.3128130435943604,1.282426118850708
2011-03-16,1.2899999618530273,1.3045309782028198,1.2303129434585571,1.2495310306549072,1.2206090688705444
2011-03-17,1.287500023841858,1.2981250286102295,1.269531011581421,1.2712500095367432,1.241824984550476
2011-03-18,1.300781011581421,1.300781011581421,1.2637499570846558,1.2660939693450928,1.2367887496948242
2011-03-21,1.303905963897705,1.3270310163497925,1.299375057220459,1.3125,1.2821202278137207
2011-03-22,1.317188024520874,1.3190629482269287,1.3032809495925903,1.3109380006790161,1.2805949449539185
2011-03-23,1.2996879816055298,1.3312499523162842,1.2823439836502075,1.3240629434585571,1.2934157848358154
2011-03-24,1.3429689407348633,1.3765629529953003,1.3293750286102295,1.3742189407348633,1.3424108028411865
2011-03-25,1.3795310258865356,1.3959380388259888,1.3739060163497925,1.3776559829711914,1.3457683324813843
2011-03-28,1.3893749713897705,1.3901560306549072,1.3612500429153442,1.3612500429153442,1.3297420740127563
2011-03-29,1.3564059734344482,1.3879690170288086,1.3481249809265137,1.3879690170288086,1.3558425903320312
2011-03-30,1.4007810354232788,1.4059380292892456,1.3889060020446777,1.401563048362732,1.36912202835083
2011-03-31,1.3970309495925903,1.408437967300415,1.3925000429153442,1.4057810306549072,1.3732421398162842
2011-04-01,1.4207810163497925,1.428905963897705,1.399062991142273,1.4068750143051147,1.3743109703063965
2011-04-04,1.4145309925079346,1.4176559448242188,1.385938048362732,1.3984379768371582,1.3660691976547241
2011-04-05,1.3923439979553223,1.408594012260437,1.3849999904632568,1.3898439407348633,1.357674241065979
2011-04-06,1.4114060401916504,1.4203130006790161,1.3809380531311035,1.3965630531311035,1.364237904548645
2011-04-07,1.3959380388259888,1.4137500524520874,1.3754689693450928,1.3959380388259888,1.3636271953582764
2011-04-08,1.4082809686660767,1.4118750095367432,1.3671879768371582,1.3823440074920654,1.350347876548767
2011-04-11,1.3925000429153442,1.3987499475479126,1.3634380102157593,1.3731249570846558,1.3413422107696533
2011-04-12,1.3609379529953003,1.3673440217971802,1.3434380292892456,1.3548439741134644,1.3234840631484985
2011-04-13,1.3729690313339233,1.3837499618530273,1.3553129434585571,1.377187967300415,1.345310926437378
2011-04-14,1.3574999570846558,1.375156044960022,1.346250057220459,1.371250033378601,1.339510440826416
2011-04-15,1.3609379529953003,1.377344012260437,1.3489060401916504,1.3668750524520874,1.3352371454238892
2011-04-18,1.3401559591293335,1.3482810258865356,1.302968978881836,1.3471879959106445,1.3160054683685303
2011-04-19,1.3545310497283936,1.3642189502716064,1.3407809734344482,1.3642189502716064,1.3326420783996582
2011-04-20,1.4120310544967651,1.4282809495925903,1.408750057220459,1.4249999523162842,1.3920162916183472
2011-04-21,1.4550000429153442,1.4550000429153442,1.439844012260437,1.4476560354232788,1.414148211479187
2011-04-25,1.4510940313339233,1.4574999809265137,1.4456249475479126,1.4559379816055298,1.4222382307052612
2011-04-26,1.4632810354232788,1.4823440313339233,1.456874966621399,1.471250057220459,1.4371956586837769
2011-04-27,1.477344036102295,1.4954689741134644,1.4642189741134644,1.4918750524520874,1.4573434591293335
2011-04-28,1.4834380149841309,1.4918750524520874,1.4746880531311035,1.488124966621399,1.4536798000335693
2011-04-29,1.4824999570846558,1.4950000047683716,1.4795310497283936,1.486875057220459,1.4524592161178589
2011-05-02,1.490468978881836,1.4984380006790161,1.4723440408706665,1.480468988418579,1.4462014436721802
2011-05-03,1.4785939455032349,1.4809379577636719,1.4478130340576172,1.4651559591293335,1.4312429428100586
2011-05-04,1.4671880006790161,1.474843978881836,1.4364060163497925,1.4620310068130493,1.4281901121139526
2011-05-05,1.447031021118164,1.4795310497283936,1.4353129863739014,1.4443750381469727,1.4109429121017456
2011-05-06,1.4745310544967651,1.4910939931869507,1.447031021118164,1.455625057220459,1.4219324588775635
2011-05-09,1.4589060544967651,1.4765629768371582,1.4481250047683716,1.4660940170288086,1.432159423828125
2011-05-10,1.4742189645767212,1.4943749904632568,1.4695310592651367,1.4901560544967651,1.4556642770767212
2011-05-11,1.4859379529953003,1.4965629577636719,1.4481250047683716,1.4682810306549072,1.434295892715454
2011-05-12,1.4573440551757812,1.4893749952316284,1.442188024520874,1.4848439693450928,1.4504750967025757
2011-05-13,1.4785939455032349,1.4835939407348633,1.4496879577636719,1.4504690170288086,1.4168959856033325
2011-05-16,1.4378130435943604,1.4456249475479126,1.3937499523162842,1.399999976158142,1.3675951957702637
2011-05-17,1.385938048362732,1.4089059829711914,1.3804689645767212,1.407188057899475,1.3746169805526733
2011-05-18,1.4043749570846558,1.436094045639038,1.4006249904632568,1.4320310354232788,1.3988847732543945
2011-05-19,1.4409379959106445,1.446094036102295,1.4226560592651367,1.439844012260437,1.4065167903900146
2011-05-20,1.436094045639038,1.439687967300415,1.4142190217971802,1.417968988418579,1.3851481676101685
2011-05-23,1.3803130388259888,1.3875000476837158,1.363281011581421,1.377500057220459,1.3456157445907593
2011-05-24,1.3829690217971802,1.383437991142273,1.359218955039978,1.3598439693450928,1.3283685445785522
2011-05-25,1.3551559448242188,1.382030963897705,1.3542189598083496,1.3700000047683716,1.3382892608642578
2011-05-26,1.3614059686660767,1.3942190408706665,1.3609379529953003,1.3875000476837158,1.3553844690322876
2011-05-27,1.3917189836502075,1.4032809734344482,1.3887499570846558,1.4010939598083496,1.3686639070510864
2011-05-31,1.4267189502716064,1.4450000524520874,1.412343978881836,1.444530963897705,1.4110952615737915
2011-06-01,1.438905954360962,1.4457809925079346,1.381250023841858,1.3823440074920654,1.350347876548767
2011-06-02,1.3878129720687866,1.3987499475479126,1.373594045639038,1.3889060020446777,1.356757640838623
2011-06-03,1.3571879863739014,1.3778129816055298,1.3432810306549072,1.347656011581421,1.316462516784668
2011-06-06,1.3415629863739014,1.3553129434585571,1.3240629434585571,1.324218988418579,1.2935686111450195
2011-06-07,1.3321880102157593,1.3421880006790161,1.318593978881836,1.3204690217971802,1.2899049520492554
2011-06-08,1.314844012260437,1.318593978881836,1.2937500476837158,1.3004690408706665,1.2703680992126465
2011-06-09,1.3003129959106445,1.3176560401916504,1.2932809591293335,1.3042190074920654,1.2740309238433838
2011-06-10,1.2934379577636719,1.2987500429153442,1.263124942779541,1.265781044960022,1.2364827394485474
2011-06-13,1.2687499523162842,1.2785940170288086,1.256250023841858,1.2639060020446777,1.2346513271331787
2011-06-14,1.2840629816055298,1.303905963897705,1.283750057220459,1.2956249713897705,1.2656358480453491
2011-06-15,1.2735940217971802,1.2889059782028198,1.243906021118164,1.250156044960022,1.2212194204330444
2011-06-16,1.2506250143051147,1.258594036102295,1.2174999713897705,1.2395310401916504,1.2108407020568848
2011-06-17,1.2615629434585571,1.2651560306549072,1.2242189645767212,1.2310940027236938,1.2025988101959229
2011-06-20,1.2251559495925903,1.2517189979553223,1.2243750095367432,1.2431249618530273,1.214350938796997
2011-06-21,1.2531249523162842,1.2996879816055298,1.2423440217971802,1.2960939407348633,1.2660939693450928
2011-06-22,1.2862499952316284,1.3009380102157593,1.277500033378601,1.278749942779541,1.2491517066955566
2011-06-23,1.251405954360962,1.3032809495925903,1.2426559925079346,1.3025000095367432,1.272351861000061
2011-06-24,1.2889059782028198,1.2920310497283936,1.252187967300415,1.257030963897705,1.2279353141784668
2011-06-27,1.2592190504074097,1.3095309734344482,1.2545310258865356,1.297813057899475,1.2677735090255737
2011-06-28,1.3032809495925903,1.3360940217971802,1.299219012260437,1.3353129625320435,1.3044049739837646
2011-06-29,1.3428130149841309,1.3518749475479126,1.3274999856948853,1.3470309972763062,1.315852165222168
2011-06-30,1.3564059734344482,1.3840630054473877,1.354688048362732,1.3817189931869507,1.3497369289398193
2011-07-01,1.384531021118164,1.4271880388259888,1.3760939836502075,1.424062967300415,1.3911007642745972
2011-07-05,1.4260940551757812,1.4404690265655518,1.4201560020446777,1.4375,1.4042270183563232
2011-07-06,1.4353129863739014,1.4518749713897705,1.4253129959106445,1.4457809925079346,1.4123166799545288
2011-07-07,1.4684380292892456,1.4948439598083496,1.464843988418579,1.4874999523162842,1.453069806098938
2011-07-08,1.461719036102295,1.4785939455032349,1.4454690217971802,1.478281021118164,1.4440642595291138
2011-07-11,1.4473439455032349,1.4621880054473877,1.414844036102295,1.4264060258865356,1.3933900594711304
2011-07-12,1.4249999523162842,1.4306249618530273,1.4007810354232788,1.4026559591293335,1.3701895475387573
2011-07-13,1.4235939979553223,1.4434380531311035,1.4049999713897705,1.414844036102295,1.3820955753326416
2011-07-14,1.4231250286102295,1.4357810020446777,1.3718750476837158,1.3823440074920654,1.350347876548767
2011-07-15,1.4129689931869507,1.4189059734344482,1.393125057220459,1.4187500476837158,1.3859111070632935
2011-07-18,1.4043749570846558,1.4159380197525024,1.3765629529953003,1.4040629863739014,1.371564269065857
2011-07-19,1.4321880340576172,1.4706250429153442,1.430469036102295,1.4682810306549072,1.434295892715454
2011-07-20,1.4835939407348633,1.4850000143051147,1.4504690170288086,1.454530954360962,1.4208636283874512
2011-07-21,1.4581249952316284,1.4907809495925903,1.4424999952316284,1.475780963897705,1.4416221380233765
2011-07-22,1.4735939502716064,1.509374976158142,1.471250057220459,1.5051560401916504,1.4703173637390137
2011-07-25,1.4815629720687866,1.5153130292892456,1.4754689931869507,1.5,1.4652804136276245
2011-07-26,1.4965629577636719,1.5168750286102295,1.4909379482269287,1.5053130388259888,1.470470666885376
2011-07-27,1.486719012260437,1.4889060258865356,1.4215630292892456,1.4292190074920654,1.3961375951766968
2011-07-28,1.4292190074920654,1.4698439836502075,1.4190629720687866,1.433750033378601,1.4005638360977173
2011-07-29,1.4104690551757812,1.4537500143051147,1.3965630531311035,1.4235939979553223,1.3906428813934326
2011-08-01,1.456874966621399,1.4642189741134644,1.3765629529953003,1.413280963897705,1.3805687427520752
2011-08-02,1.3984379768371582,1.4103130102157593,1.3370310068130493,1.3403129577636719,1.309289574623108
2011-08-03,1.3442189693450928,1.3682810068130493,1.2960939407348633,1.364063024520874,1.3324898481369019
2011-08-04,1.3260940313339233,1.330469012260437,1.239063024520874,1.239063024520874,1.2103832960128784
2011-08-05,1.266563057899475,1.277500033378601,1.153905987739563,1.2223440408706665,1.1940510272979736
2011-08-08,1.1485940217971802,1.1903129816055298,1.076719045639038,1.0792189836502075,1.05423903465271
2011-08-09,1.1053129434585571,1.1809380054473877,1.0476560592651367,1.1790629625320435,1.151771903038025
2011-08-10,1.1260939836502075,1.159999966621399,1.0801559686660767,1.0824999809265137,1.0574440956115723
2011-08-11,1.1129690408706665,1.203125,1.103124976158142,1.1776560544967651,1.1503973007202148
2011-08-12,1.192188024520874,1.2128130197525024,1.167968988418579,1.1973439455032349,1.169629693031311
2011-08-15,1.2076560258865356,1.2332810163497925,1.1967190504074097,1.2324999570846558,1.2039718627929688
2011-08-16,1.2085939645767212,1.232969045639038,1.1801559925079346,1.211719036102295,1.1836721897125244
2011-08-17,1.2159379720687866,1.235780954360962,1.1734379529953003,1.198438048362732,1.170698881149292
2011-08-18,1.1331249475479126,1.1337499618530273,1.0598440170288086,1.0817190408706665,1.0566810369491577
2011-08-19,1.0590629577636719,1.1112500429153442,1.0403130054473877,1.042188048362732,1.018065333366394
2011-08-22,1.0907809734344482,1.0924999713897705,1.0428129434585571,1.0489059686660767,1.0246275663375854
2011-08-23,1.0637500286102295,1.1356250047683716,1.0548440217971802,1.1342190504074097,1.1079660654067993
2011-08-24,1.131093978881836,1.157655954360962,1.1109379529953003,1.1517189741134644,1.1250609159469604
2011-08-25,1.1510939598083496,1.1626559495925903,1.1071879863739014,1.115468978881836,1.08965003490448
2011-08-26,1.1085939407348633,1.1795309782028198,1.0859379768371582,1.1698440313339233,1.1427663564682007
2011-08-29,1.194530963897705,1.2389060258865356,1.1943750381469727,1.2374999523162842,1.2088561058044434
2011-08-30,1.227187991142273,1.267969012260437,1.2134380340576172,1.252344012260437,1.2233566045761108
2011-08-31,1.2675000429153442,1.2879689931869507,1.2359379529953003,1.2581249475479126,1.2290040254592896
2011-09-01,1.2635940313339233,1.283437967300415,1.2292189598083496,1.2334380149841309,1.2048883438110352
2011-09-02,1.1907809972763062,1.200780987739563,1.1629689931869507,1.175781011581421,1.1485661268234253
2011-09-06,1.1214059591293335,1.1796879768371582,1.1157809495925903,1.1762499809265137,1.1490241289138794
2011-09-07,1.2090630531311035,1.236562967300415,1.2034380435943604,1.235313057899475,1.2067198753356934
2011-09-08,1.2237499952316284,1.2598439455032349,1.2167190313339233,1.2239060401916504,1.1955770254135132
2011-09-09,1.206874966621399,1.2174999713897705,1.1557810306549072,1.169530987739563,1.142460584640503
2011-09-12,1.1446880102157593,1.2009379863739014,1.143125057220459,1.200624942779541,1.172834873199463
2011-09-13,1.2090630531311035,1.2370309829711914,1.1971880197525024,1.2314059734344482,1.2029035091400146
2011-09-14,1.2443749904632568,1.2951560020446777,1.2200000286102295,1.2667189836502075,1.2373991012573242
2011-09-15,1.2948440313339233,1.308750033378601,1.2685940265655518,1.3042190074920654,1.2740309238433838
2011-09-16,1.3121880292892456,1.3309379816055298,1.305469036102295,1.3264060020446777,1.2957043647766113
2011-09-19,1.2962499856948853,1.3432810306549072,1.2739059925079346,1.3293750286102295,1.2986044883728027
2011-09-20,1.3431249856948853,1.3642189502716064,1.312343955039978,1.3179689645767212,1.287462830543518
2011-09-21,1.330312967300415,1.3448439836502075,1.2715630531311035,1.2715630531311035,1.2421308755874634
2011-09-22,1.205469012260437,1.229688048362732,1.1518750190734863,1.1893750429153442,1.161845326423645
2011-09-23,1.1699999570846558,1.224843978881836,1.167968988418579,1.2139060497283936,1.1858081817626953
2011-09-26,1.227187991142273,1.2467190027236938,1.1725000143051147,1.2417190074920654,1.2129780054092407
2011-09-27,1.2848440408706665,1.3068749904632568,1.251405954360962,1.2676559686660767,1.238314151763916
2011-09-28,1.278905987739563,1.2964060306549072,1.2254689931869507,1.2301559448242188,1.201682209968567
2011-09-29,1.2671879529953003,1.2712500095367432,1.1604690551757812,1.201719045639038,1.1739037036895752
2011-09-30,1.1714060306549072,1.1940629482269287,1.1384379863739014,1.1398439407348633,1.1134605407714844
2011-10-03,1.1193749904632568,1.1553130149841309,1.0796879529953003,1.080312967300415,1.0553077459335327
2011-10-04,1.058750033378601,1.129688024520874,1.0370310544967651,1.1245310306549072,1.0985023975372314
2011-10-05,1.1196880340576172,1.1892189979553223,1.102344036102295,1.1823439598083496,1.1549769639968872
2011-10-06,1.1807810068130493,1.222499966621399,1.1690629720687866,1.2214059829711914,1.1931347846984863
2011-10-07,1.221250057220459,1.2331249713897705,1.1907809972763062,1.2060940265655518,1.1781774759292603
2011-10-10,1.2467190027236938,1.2890629768371582,1.2435940504074097,1.2885940074920654,1.2587676048278809
2011-10-11,1.2831250429153442,1.3137500286102295,1.2793749570846558,1.3048440217971802,1.2746416330337524
2011-10-12,1.331874966621399,1.3492189645767212,1.3181250095367432,1.3198440074920654,1.2892943620681763
2011-10-13,1.314844012260437,1.3478130102157593,1.3125,1.3445310592651367,1.3134104013442993
2011-10-14,1.3782809972763062,1.394531011581421,1.363281011581421,1.392969012260437,1.3607264757156372
2011-10-17,1.3804689645767212,1.3896880149841309,1.336719036102295,1.352344036102295,1.3210420608520508
2011-10-18,1.3473440408706665,1.3987499475479126,1.321874976158142,1.3839060068130493,1.3518732786178589
2011-10-19,1.3704689741134644,1.3778129816055298,1.3223439455032349,1.330625057220459,1.29982590675354
2011-10-20,1.3287500143051147,1.3334380388259888,1.2806249856948853,1.318750023841858,1.2882258892059326
2011-10-21,1.3457809686660767,1.3676559925079346,1.3268749713897705,1.3506250381469727,1.3193631172180176
2011-10-24,1.3610939979553223,1.4143749475479126,1.357969045639038,1.406406044960022,1.3738528490066528
2011-10-25,1.3964060544967651,1.3987499475479126,1.3456250429153442,1.3520309925079346,1.3207365274429321
2011-10-26,1.3671879768371582,1.3718750476837158,1.299219012260437,1.3481249809265137,1.3169207572937012
2011-10-27,1.4129689931869507,1.4387500286102295,1.3846880197525024,1.423280954360962,1.390337347984314
2011-10-28,1.4054689407348633,1.4299999475479126,1.4054689407348633,1.4262499809265137,1.3932374715805054
2011-10-31,1.4006249904632568,1.4121880531311035,1.3770309686660767,1.3792190551757812,1.3472951650619507
2011-11-01,1.3135939836502075,1.332031011581421,1.292188048362732,1.3065630197525024,1.2763206958770752
2011-11-02,1.3335939645767212,1.3409379720687866,1.3049999475479126,1.3276560306549072,1.29692542552948
2011-11-03,1.350780963897705,1.3878129720687866,1.319530963897705,1.383437991142273,1.3514163494110107
2011-11-04,1.3692189455032349,1.381250023841858,1.3421880006790161,1.3696880340576172,1.3379846811294556
2011-11-07,1.3668750524520874,1.3914060592651367,1.340000033378601,1.3885940313339233,1.3564532995224
2011-11-08,1.408437967300415,1.4259380102157593,1.3781249523162842,1.420469045639038,1.3875902891159058
2011-11-09,1.3650000095367432,1.3698439598083496,1.312656044960022,1.3223439455032349,1.2917367219924927
2011-11-10,1.3479690551757812,1.3495310544967651,1.294530987739563,1.318750023841858,1.2882258892059326
2011-11-11,1.3429689407348633,1.3768750429153442,1.3392189741134644,1.367969036102295,1.3363056182861328
2011-11-14,1.3620309829711914,1.3765629529953003,1.3421880006790161,1.352344036102295,1.3210420608520508
2011-11-15,1.343593955039978,1.392969012260437,1.3415629863739014,1.3817189931869507,1.3497369289398193
2011-11-16,1.363124966621399,1.3823440074920654,1.331874966621399,1.3348439931869507,1.3039472103118896
2011-11-17,1.330312967300415,1.3307809829711914,1.2578129768371582,1.2757810354232788,1.246251106262207
2011-11-18,1.275156021118164,1.2776559591293335,1.2503130435943604,1.2540630102157593,1.2250359058380127
2011-11-21,1.2220309972763062,1.2243750095367432,1.1810940504074097,1.2065629959106445,1.178635597229004
2011-11-22,1.1998440027236938,1.221250057220459,1.1859380006790161,1.212656021118164,1.1845872402191162
2011-11-23,1.1965630054473877,1.1989059448242188,1.1578129529953003,1.1578129529953003,1.1310138702392578
2011-11-25,1.1495310068130493,1.175781011581421,1.1410939693450928,1.1410939693450928,1.1146819591522217
2011-11-28,1.1965630054473877,1.2235939502716064,1.1956249475479126,1.2195310592651367,1.191303014755249
2011-11-29,1.2179689407348633,1.2376559972763062,1.1989059448242188,1.2050000429153442,1.1771084070205688
2011-11-30,1.2701560258865356,1.2965630292892456,1.2626559734344482,1.2939059734344482,1.2639566659927368
2011-12-01,1.2937500476837158,1.3189059495925903,1.2926559448242188,1.3120310306549072,1.281662106513977
2011-12-02,1.3389060497283936,1.3389060497283936,1.3025000095367432,1.3025000095367432,1.272351861000061
2011-12-05,1.344688057899475,1.350780963897705,1.318593978881836,1.3324999809265137,1.3016575574874878
2011-12-06,1.3356250524520874,1.3429689407348633,1.3170310258865356,1.3260940313339233,1.2953996658325195
2011-12-07,1.318750023841858,1.337656021118164,1.2920310497283936,1.3273439407348633,1.2966207265853882
2011-12-08,1.3098440170288086,1.3298439979553223,1.2767189741134644,1.2818750143051147,1.2522039413452148
2011-12-09,1.2879689931869507,1.330312967300415,1.2868750095367432,1.3223439455032349,1.2917367219924927
2011-12-12,1.294374942779541,1.2959380149841309,1.2704689502716064,1.2934379577636719,1.26349937915802
2011-12-13,1.3098440170288086,1.3200000524520874,1.253906011581421,1.2635940313339233,1.2343460321426392
2011-12-14,1.2540630102157593,1.2567189931869507,1.2103129625320435,1.2256250381469727,1.1972562074661255
2011-12-15,1.2473440170288086,1.2484380006790161,1.2143750190734863,1.2178130149841309,1.1896252632141113
2011-12-16,1.2315629720687866,1.2635940313339233,1.2262500524520874,1.2289060354232788,1.200461506843567
2011-12-19,1.2398439645767212,1.2450000047683716,1.1995309591293335,1.207031011581421,1.179092288017273
2011-12-20,1.2451560497283936,1.2801560163497925,1.243906021118164,1.277343988418579,1.2477779388427734
2011-12-21,1.2620309591293335,1.2623440027236938,1.211562991142273,1.2400000095367432,1.2112984657287598
2011-12-22,1.2459379434585571,1.2628129720687866,1.242969036102295,1.2612500190734863,1.2320566177368164
2011-12-23,1.2664060592651367,1.2839059829711914,1.261718988418579,1.283437967300415,1.2537312507629395
2011-12-27,1.2799999713897705,1.2995309829711914,1.277343988418579,1.2909380197525024,1.2610574960708618
2011-12-28,1.2884379625320435,1.2914060354232788,1.2549999952316284,1.2634379863739014,1.2341943979263306
2011-12-29,1.2659380435943604,1.2815630435943604,1.2578129768371582,1.278905987739563,1.2493038177490234
2011-12-30,1.2737499475479126,1.2854690551757812,1.271875023841858,1.2728129625320435,1.2433520555496216
2012-01-03,1.321094036102295,1.3340630531311035,1.3145309686660767,1.3192189931869507,1.2886840105056763
2012-01-04,1.3157809972763062,1.3353129625320435,1.305312991142273,1.330625057220459,1.29982590675354
2012-01-05,1.3268749713897705,1.3557809591293335,1.316406011581421,1.353281021118164,1.3219574689865112
2012-01-06,1.3543750047683716,1.368749976158142,1.3440630435943604,1.361875057220459,1.3303524255752563
2012-01-09,1.3698439598083496,1.3709379434585571,1.3454689979553223,1.3540630340576172,1.3227214813232422
2012-01-10,1.3837499618530273,1.3910939693450928,1.3667190074920654,1.373594045639038,1.3418000936508179
2012-01-11,1.3732810020446777,1.3853130340576172,1.3629690408706665,1.3798439502716064,1.3479058742523193
2012-01-12,1.3857810497283936,1.3935940265655518,1.3651560544967651,1.3910939693450928,1.358895182609558
2012-01-13,1.3762500286102295,1.3814059495925903,1.356874942779541,1.381250023841858,1.3492796421051025
2012-01-17,1.4054689407348633,1.417188048362732,1.3949999809265137,1.403905987739563,1.371410608291626
2012-01-18,1.4115630388259888,1.4424999952316284,1.4056249856948853,1.441406011581421,1.4080427885055542
2012-01-19,1.4551559686660767,1.4656250476837158,1.4504690170288086,1.4604690074920654,1.4266644716262817
2012-01-20,1.4479689598083496,1.4573440551757812,1.445937991142273,1.4565629959106445,1.422849178314209
2012-01-23,1.4571880102157593,1.4770309925079346,1.4401559829711914,1.456874966621399,1.4231535196304321
2012-01-24,1.4448440074920654,1.459375023841858,1.438438057899475,1.451719045639038,1.4181172847747803
2012-01-25,1.4809379577636719,1.495313048362732,1.4595309495925903,1.4876559972763062,1.4532221555709839
2012-01-26,1.5007810592651367,1.506093978881836,1.4637500047683716,1.4768749475479126,1.4426908493041992
2012-01-27,1.471094012260437,1.4918750524520874,1.470155954360962,1.4873440265655518,1.4529173374176025
2012-01-30,1.4620310068130493,1.492969036102295,1.4500000476837158,1.489063024520874,1.4545964002609253
2012-01-31,1.5028129816055298,1.5089060068130493,1.4737499952316284,1.4926559925079346,1.4581063985824585
2012-02-01,1.5082809925079346,1.5278129577636719,1.4993749856948853,1.5160939693450928,1.4810019731521606
2012-02-02,1.526563048362732,1.5360939502716064,1.5145310163497925,1.526563048362732,1.4912285804748535
2012-02-03,1.5543750524520874,1.5715630054473877,1.5496879816055298,1.5681250095367432,1.5318281650543213
2012-02-06,1.556249976158142,1.5667190551757812,1.5487500429153442,1.5667190551757812,1.5304551124572754
2012-02-07,1.5628130435943604,1.577968955039978,1.549375057220459,1.5728130340576172,1.5364084243774414
2012-02-08,1.5729689598083496,1.5885939598083496,1.5609380006790161,1.5873440504074097,1.550602674484253
2012-02-09,1.600000023841858,1.6151560544967651,1.582031011581421,1.611719012260437,1.5744134187698364
2012-02-10,1.589063048362732,1.597656011581421,1.5776560306549072,1.589063048362732,1.5522819757461548
2012-02-13,1.6129690408706665,1.6223440170288086,1.598438024520874,1.6170309782028198,1.579602599143982
2012-02-14,1.609531044960022,1.6268750429153442,1.6003129482269287,1.625938057899475,1.588303565979004
2012-02-15,1.6421879529953003,1.6598440408706665,1.5989060401916504,1.6024999618530273,1.5654078722000122
2012-02-16,1.6057809591293335,1.6514060497283936,1.5968749523162842,1.647655963897705,1.6095186471939087
2012-02-17,1.6489059925079346,1.6506249904632568,1.623594045639038,1.6375000476837158,1.599597692489624
2012-02-21,1.6409380435943604,1.6607810258865356,1.625938057899475,1.6456249952316284,1.607534646987915
2012-02-22,1.6403130292892456,1.6496880054473877,1.6270309686660767,1.6315629482269287,1.593798041343689
2012-02-23,1.6353130340576172,1.6565630435943604,1.6201560497283936,1.6534379720687866,1.6151667833328247
2012-02-24,1.662343978881836,1.6703130006790161,1.65625,1.6643749475479126,1.6258504390716553
2012-02-27,1.6454689502716064,1.6796879768371582,1.6315629482269287,1.6684379577636719,1.6298195123672485
2012-02-28,1.6714060306549072,1.7021880149841309,1.667968988418579,1.7021880149841309,1.6627885103225708
2012-02-29,1.705312967300415,1.7167190313339233,1.6767189502716064,1.6882810592651367,1.6492034196853638
2012-03-01,1.7003129720687866,1.7174999713897705,1.6906249523162842,1.7131249904632568,1.67347252368927
2012-03-02,1.7095309495925903,1.722656011581421,1.700624942779541,1.7112499475479126,1.6716408729553223
2012-03-05,1.7089060544967651,1.7134380340576172,1.6654690504074097,1.6768749952316284,1.6380614042282104
2012-03-06,1.6454689502716064,1.6510939598083496,1.625938057899475,1.6432809829711914,1.6052451133728027
2012-03-07,1.6573439836502075,1.675781011581421,1.6535940170288086,1.6675000190734863,1.6289031505584717
2012-03-08,1.6870310306549072,1.7137500047683716,1.6807810068130493,1.7042189836502075,1.6647725105285645
2012-03-09,1.7087500095367432,1.7245310544967651,1.707813024520874,1.718593955039978,1.6788148880004883
2012-03-12,1.716405987739563,1.7232810258865356,1.7026560306549072,1.7200000286102295,1.6801884174346924
2012-03-13,1.7392189502716064,1.7842190265655518,1.7317190170288086,1.7831250429153442,1.7418521642684937
2012-03-14,1.7878129482269287,1.8098440170288086,1.7745310068130493,1.797031044960022,1.7554363012313843
2012-03-15,1.8071880340576172,1.8140629529953003,1.7890629768371582,1.805469036102295,1.7636792659759521
2012-03-16,1.8120310306549072,1.8125,1.795469045639038,1.8025000095367432,1.760778546333313
2012-03-19,1.8089059591293335,1.8378130197525024,1.8012499809265137,1.8307809829711914,1.788405179977417
2012-03-20,1.8106249570846558,1.8403129577636719,1.8009380102157593,1.8360940217971802,1.7935951948165894
2012-03-21,1.836562991142273,1.856874942779541,1.8317190408706665,1.8370310068130493,1.7945101261138916
2012-03-22,1.8135939836502075,1.8371880054473877,1.8132810592651367,1.8284380435943604,1.7861158847808838
2012-03-23,1.8332810401916504,1.834218978881836,1.8059380054473877,1.827968955039978,1.7856578826904297
2012-03-26,1.8506250381469727,1.890625,1.8478130102157593,1.890625,1.8468636274337769
2012-03-27,1.8925000429153442,1.9112499952316284,1.8909380435943604,1.895313024520874,1.8514434099197388
2012-03-28,1.8982809782028198,1.912343978881836,1.8582810163497925,1.8803130388259888,1.8367904424667358
2012-03-29,1.8628129959106445,1.879688024520874,1.839843988418579,1.8681249618530273,1.8248847723007202
2012-03-30,1.8831249475479126,1.8842190504074097,1.8442189693450928,1.8585939407348633,1.8155741691589355
2012-04-02,1.8543750047683716,1.9020309448242188,1.8482810258865356,1.8965630531311035,1.8526644706726074
2012-04-03,1.9009380340576172,1.9137500524520874,1.875,1.896875023841858,1.8529692888259888
2012-04-04,1.867812991142273,1.8698439598083496,1.823438048362732,1.8454689979553223,1.8027533292770386
2012-04-05,1.8384380340576172,1.8709379434585571,1.8353129625320435,1.8667190074920654,1.823511004447937
2012-04-09,1.8196879625320435,1.8542189598083496,1.8145309686660767,1.8396879434585571,1.7971057891845703
2012-04-10,1.8382810354232788,1.8514059782028198,1.7692190408706665,1.778905987739563,1.737730860710144
2012-04-11,1.8117189407348633,1.8206249475479126,1.7879689931869507,1.7976560592651367,1.7560466527938843
2012-04-12,1.8040629625320435,1.8417190313339233,1.799219012260437,1.8371880054473877,1.794663429260254
2012-04-13,1.8245309591293335,1.8264060020446777,1.7807810306549072,1.782655954360962,1.7413936853408813
2012-04-16,1.8009380102157593,1.8018749952316284,1.7315629720687866,1.7446880340576172,1.7043044567108154
2012-04-17,1.7581249475479126,1.824375033378601,1.7520309686660767,1.8131250143051147,1.7711575031280518
2012-04-18,1.8023439645767212,1.8253129720687866,1.7937500476837158,1.802968978881836,1.761236548423767
2012-04-19,1.7909380197525024,1.834375023841858,1.7504689693450928,1.765781044960022,1.7249096632003784
2012-04-20,1.7820310592651367,1.797813057899475,1.7482810020446777,1.753749966621399,1.7131569385528564
2012-04-23,1.7218749523162842,1.7267190217971802,1.690000057220459,1.7237499952316284,1.6838515996932983
2012-04-24,1.7156250476837158,1.7289060354232788,1.6885939836502075,1.703125,1.6637040376663208
2012-04-25,1.7723439931869507,1.7951560020446777,1.7676559686660767,1.7935940027236938,1.7520785331726074
2012-04-26,1.7915630340576172,1.8221880197525024,1.7879689931869507,1.815000057220459,1.7729891538619995
2012-04-27,1.829530954360962,1.847499966621399,1.8106249570846558,1.836562991142273,1.7940531969070435
2012-04-30,1.8240629434585571,1.832031011581421,1.8070310354232788,1.8107810020446777,1.768868327140808
2012-05-01,1.805469036102295,1.8564059734344482,1.8001559972763062,1.8160940408706665,1.7740578651428223
2012-05-02,1.7973439693450928,1.8284380435943604,1.7892190217971802,1.8245309591293335,1.7822991609573364
2012-05-03,1.8284380435943604,1.830625057220459,1.777343988418579,1.7865630388259888,1.7452106475830078
2012-05-04,1.7543749809265137,1.7590630054473877,1.6979689598083496,1.6979689598083496,1.658666968345642
2012-05-07,1.6778130531311035,1.717344045639038,1.6767189502716064,1.7003129720687866,1.6609567403793335
2012-05-08,1.6785939931869507,1.6998440027236938,1.6337499618530273,1.6875,1.6484404802322388
2012-05-09,1.6489059925079346,1.6964060068130493,1.6356250047683716,1.6818749904632568,1.642945647239685
2012-05-10,1.693750023841858,1.694530963897705,1.6589059829711914,1.669374942779541,1.6307348012924194
2012-05-11,1.658437967300415,1.7059379816055298,1.6565630435943604,1.6703130006790161,1.6316511631011963
2012-05-14,1.6425000429153442,1.6653130054473877,1.6340630054473877,1.6396880149841309,1.6017353534698486
2012-05-15,1.6503130197525024,1.6749999523162842,1.622499942779541,1.6278129816055298,1.5901352167129517
2012-05-16,1.640625,1.6493749618530273,1.600000023841858,1.605625033378601,1.5684603452682495
2012-05-17,1.6071879863739014,1.611875057220459,1.5378129482269287,1.5378129482269287,1.5022181272506714
2012-05-18,1.5471880435943604,1.5556249618530273,1.454063057899475,1.4990630149841309,1.464364767074585
2012-05-21,1.5031249523162842,1.5846879482269287,1.5003130435943604,1.5796879529953003,1.5431240797042847
2012-05-22,1.5893750190734863,1.6037499904632568,1.555312991142273,1.5768749713897705,1.5403755903244019
2012-05-23,1.5528130531311035,1.5918749570846558,1.5243749618530273,1.5856250524520874,1.5489239692687988
2012-05-24,1.591249942779541,1.5921880006790161,1.5399999618530273,1.565000057220459,1.5287760496139526
2012-05-25,1.5656249523162842,1.5724999904632568,1.5503129959106445,1.558750033378601,1.5226705074310303
2012-05-29,1.5878130197525024,1.6134380102157593,1.5703129768371582,1.5978130102157593,1.560829520225525
2012-05-30,1.5703129768371582,1.5834380388259888,1.5525000095367432,1.571874976158142,1.5354918241500854
2012-05-31,1.5678130388259888,1.5759379863739014,1.534999966621399,1.5584379434585571,1.522365689277649
2012-06-01,1.503749966621399,1.5206249952316284,1.4743750095367432,1.4746880531311035,1.440554141998291
2012-06-04,1.4840630292892456,1.5018750429153442,1.456874966621399,1.4965629577636719,1.4619227647781372
2012-06-05,1.4878129959106445,1.5153130292892456,1.4859379529953003,1.5096880197525024,1.4747443199157715
2012-06-06,1.533750057220459,1.5815629959106445,1.5296880006790161,1.5800000429153442,1.543428897857666
2012-06-07,1.611875057220459,1.611875057220459,1.5637500286102295,1.5659379959106445,1.5296921730041504
2012-06-08,1.5606249570846558,1.6006250381469727,1.551563024520874,1.5978130102157593,1.560829520225525
2012-06-11,1.620313048362732,1.6228129863739014,1.5409380197525024,1.546875,1.5110703706741333
2012-06-12,1.5565630197525024,1.5815629959106445,1.5368750095367432,1.5796879529953003,1.5431240797042847
2012-06-13,1.570937991142273,1.5953129529953003,1.5475000143051147,1.5584379434585571,1.522365689277649
2012-06-14,1.5575000047683716,1.5821880102157593,1.5418750047683716,1.5703129768371582,1.533965826034546
2012-06-15,1.5787500143051147,1.613124966621399,1.5774999856948853,1.6087499856948853,1.5715129375457764
2012-06-18,1.5971879959106445,1.6471879482269287,1.5906250476837158,1.6390630006790161,1.6011244058609009
2012-06-19,1.6556249856948853,1.6865630149841309,1.6534379720687866,1.6725000143051147,1.633787751197815
2012-06-20,1.6787500381469727,1.689687967300415,1.6509380340576172,1.6771880388259888,1.6383672952651978
2012-06-21,1.6709380149841309,1.676563024520874,1.5887500047683716,1.5918749570846558,1.5550285577774048
2012-06-22,1.6015629768371582,1.6293749809265137,1.5940630435943604,1.6246880292892456,1.5870823860168457
2012-06-25,1.5987499952316284,1.5990630388259888,1.5537500381469727,1.5615630149841309,1.525418758392334
2012-06-26,1.5715630054473877,1.5909379720687866,1.558750033378601,1.582813024520874,1.546176791191101
2012-06-27,1.5950000286102295,1.6150000095367432,1.5906250476837158,1.6012500524520874,1.564186930656433
2012-06-28,1.5774999856948853,1.5796879529953003,1.5328129529953003,1.5668749809265137,1.5306071043014526
2012-06-29,1.6246880292892456,1.6640629768371582,1.6168750524520874,1.6637500524520874,1.625240445137024
2012-07-02,1.6687500476837158,1.6753129959106445,1.649062991142273,1.674375057220459,1.6356191635131836
2012-07-03,1.6753129959106445,1.7018749713897705,1.6706249713897705,1.7018749713897705,1.662482500076294
2012-07-05,1.6981250047683716,1.720937967300415,1.6806249618530273,1.7037500143051147,1.6643145084381104
2012-07-06,1.689687967300415,1.691249966621399,1.6378129720687866,1.660938024520874,1.6224935054779053
2012-07-09,1.6565630435943604,1.669374942779541,1.6390630006790161,1.65625,1.6179139614105225
2012-07-10,1.672813057899475,1.681249976158142,1.6106250286102295,1.6231249570846558,1.5855556726455688
2012-07-11,1.618749976158142,1.627187967300415,1.5784380435943604,1.6043750047683716,1.5672398805618286
2012-07-12,1.5812499523162842,1.5878130197525024,1.5459380149841309,1.5759379863739014,1.5394607782363892
2012-07-13,1.5821880102157593,1.629688024520874,1.5812499523162842,1.6215629577636719,1.5840295553207397
2012-07-16,1.6150000095367432,1.6290630102157593,1.6009379625320435,1.6134380102157593,1.5760926008224487
2012-07-17,1.6325000524520874,1.640625,1.584375023841858,1.628749966621399,1.5910505056381226
2012-07-18,1.6228129863739014,1.683750033378601,1.6228129863739014,1.6737500429153442,1.635008692741394
2012-07-19,1.6962499618530273,1.7215629816055298,1.6909379959106445,1.7100000381469727,1.670419692993164
2012-07-20,1.7096879482269287,1.7103129625320435,1.6643749475479126,1.6665630340576172,1.6279879808425903
2012-07-23,1.6012500524520874,1.636875033378601,1.5759379863739014,1.627187967300415,1.589524507522583
2012-07-24,1.6318750381469727,1.6356250047683716,1.5793750286102295,1.5993750095367432,1.562355399131775
2012-07-25,1.5768749713897705,1.598438024520874,1.5590629577636719,1.5771880149841309,1.540682077407837
2012-07-26,1.6253130435943604,1.6387499570846558,1.5996880531311035,1.617812991142273,1.5803664922714233
2012-07-27,1.642812967300415,1.7018749713897705,1.6337499618530273,1.6990629434585571,1.659735918045044
2012-07-30,1.705625057220459,1.7193750143051147,1.6825000047683716,1.693750023841858,1.6545460224151611
2012-07-31,1.6987500190734863,1.712499976158142,1.6893750429153442,1.6909379959106445,1.651798963546753
2012-08-01,1.7168749570846558,1.7171880006790161,1.6703130006790161,1.6821880340576172,1.6432512998580933
2012-08-02,1.65625,1.704063057899475,1.6465630531311035,1.6706249713897705,1.6319561004638672
2012-08-03,1.722499966621399,1.7487499713897705,1.7134380340576172,1.7321879863739014,1.692093849182129
2012-08-06,1.752500057220459,1.7756249904632568,1.7440630197525024,1.7599999904632568,1.7192621231079102
2012-08-07,1.776563048362732,1.8037500381469727,1.7699999809265137,1.789687991142273,1.7482631206512451
2012-08-08,1.7793749570846558,1.7959380149841309,1.7746880054473877,1.7862499952316284,1.74490487575531
2012-08-09,1.7884379625320435,1.803125023841858,1.7809380292892456,1.7971880435943604,1.7555897235870361
2012-08-10,1.7862499952316284,1.801563024520874,1.7771879434585571,1.8009380102157593,1.7592527866363525
2012-08-13,1.801563024520874,1.8090629577636719,1.78125,1.808750033378601,1.766884207725525
2012-08-14,1.8231250047683716,1.830312967300415,1.8009380102157593,1.8109380006790161,1.7690211534500122
2012-08-15,1.807813048362732,1.8246879577636719,1.8071880340576172,1.8200000524520874,1.7778735160827637
2012-08-16,1.834375023841858,1.8718750476837158,1.8293750286102295,1.8624999523162842,1.819389820098877
2012-08-17,1.870313048362732,1.879688024520874,1.8628129959106445,1.878749966621399,1.8352636098861694
2012-08-20,1.8762500286102295,1.8853130340576172,1.861875057220459,1.8849999904632568,1.8413691520690918
2012-08-21,1.8975000381469727,1.9103130102157593,1.8553129434585571,1.8706250190734863,1.8273266553878784
2012-08-22,1.8600000143051147,1.892812967300415,1.8515629768371582,1.8846880197525024,1.841064453125
2012-08-23,1.8690630197525024,1.8799999952316284,1.8450000286102295,1.8550000190734863,1.8120633363723755
2012-08-24,1.8456250429153442,1.8862500190734863,1.840000033378601,1.8762500286102295,1.8328214883804321
2012-08-27,1.894374966621399,1.8984379768371582,1.875,1.8828129768371582,1.8392330408096313
2012-08-28,1.879688024520874,1.8934379816055298,1.8674999475479126,1.8828129768371582,1.8392330408096313
2012-08-29,1.8837499618530273,1.892812967300415,1.8674999475479126,1.8825000524520874,1.8389265537261963
2012-08-30,1.8671879768371582,1.868749976158142,1.8396879434585571,1.8450000286102295,1.802295207977295
2012-08-31,1.872499942779541,1.8853130340576172,1.832813024520874,1.8709379434585571,1.827632188796997
2012-09-04,1.8646880388259888,1.879688024520874,1.8293750286102295,1.8662500381469727,1.8230528831481934
2012-09-05,1.8637499809265137,1.8803130388259888,1.8518749475479126,1.861562967300415,1.818474531173706
2012-09-06,1.884374976158142,1.9450000524520874,1.884374976158142,1.9431250095367432,1.8981486558914185
2012-09-07,1.9359380006790161,1.9456249475479126,1.9284379482269287,1.9378130435943604,1.8929593563079834
2012-09-10,1.930312991142273,1.9368749856948853,1.886875033378601,1.8896880149841309,1.8459488153457642
2012-09-11,1.8899999856948853,1.9040629863739014,1.877187967300415,1.883437991142273,1.8398432731628418
2012-09-12,1.8971879482269287,1.9040629863739014,1.871250033378601,1.895313024520874,1.8514434099197388
2012-09-13,1.8987499475479126,1.961562991142273,1.893125057220459,1.943750023841858,1.8987596035003662
2012-09-14,1.961562991142273,1.9943749904632568,1.9584380388259888,1.9803129434585571,1.9344758987426758
2012-09-17,1.9821879863739014,1.9824999570846558,1.9678130149841309,1.9815629720687866,1.9356968402862549
2012-09-18,1.9715629816055298,1.986562967300415,1.971250057220459,1.985313057899475,1.9393600225448608
2012-09-19,1.9856250286102295,2.002500057220459,1.9731249809265137,1.9915629625320435,1.9454656839370728
2012-09-20,1.9715629816055298,1.9912500381469727,1.962499976158142,1.9884380102157593,1.9424128532409668
2012-09-21,2.0065629482269287,2.0112500190734863,1.9856250286102295,1.9900000095367432,1.9439387321472168
2012-09-24,1.955625057220459,1.972499966621399,1.9481250047683716,1.9637500047683716,1.9182963371276855
2012-09-25,1.9774999618530273,1.9846880435943604,1.908437967300415,1.9096879959106445,1.865485668182373
2012-09-26,1.9049999713897705,1.9068750143051147,1.8600000143051147,1.8799999952316284,1.8364845514297485
2012-09-27,1.8884379863739014,1.939687967300415,1.8825000524520874,1.9306249618530273,1.8859376907348633
2012-09-28,1.9175000190734863,1.9296879768371582,1.8956249952316284,1.9009380340576172,1.8569382429122925
2012-10-01,1.9187500476837158,1.9409379959106445,1.8815629482269287,1.8921879529953003,1.8483905792236328
2012-10-02,1.909999966621399,1.9209380149841309,1.875,1.9053130149841309,1.8612114191055298
2012-10-03,1.915624976158142,1.934999942779541,1.8987499475479126,1.9268749952316284,1.8822746276855469
2012-10-04,1.9359380006790161,1.9524999856948853,1.922813057899475,1.941249966621399,1.8963168859481812
2012-10-05,1.9600000381469727,1.9668749570846558,1.9115630388259888,1.9196879863739014,1.8752541542053223
2012-10-08,1.899062991142273,1.90625,1.877187967300415,1.8871879577636719,1.8435063362121582
2012-10-09,1.875,1.8765629529953003,1.8174999952316284,1.8274999856948853,1.7851996421813965
2012-10-10,1.8250000476837158,1.8350000381469727,1.8012499809265137,1.808750033378601,1.766884207725525
2012-10-11,1.8346879482269287,1.8368749618530273,1.7937500476837158,1.7946879863739014,1.7531472444534302
2012-10-12,1.7975000143051147,1.815000057220459,1.787500023841858,1.7937500476837158,1.7522315979003906
2012-10-15,1.8084379434585571,1.8250000476837158,1.7862499952316284,1.8190629482269287,1.7769582271575928
2012-10-16,1.8253129720687866,1.875938057899475,1.8253129720687866,1.8718750476837158,1.8285480737686157
2012-10-17,1.8518749475479126,1.881250023841858,1.847499966621399,1.8706250190734863,1.8273266553878784
2012-10-18,1.8574999570846558,1.8693749904632568,1.8125,1.8278130292892456,1.7855055332183838
2012-10-19,1.8228130340576172,1.8237500190734863,1.7346880435943604,1.7396880388259888,1.69942045211792
2012-10-22,1.7362500429153442,1.765625,1.729688048362732,1.758437991142273,1.7177362442016602
2012-10-23,1.7287499904632568,1.7531249523162842,1.712499976158142,1.723438024520874,1.683546543121338
2012-10-24,1.7424999475479126,1.747499942779541,1.7059379816055298,1.7084380388259888,1.6688940525054932
2012-10-25,1.735313057899475,1.7403130531311035,1.7003129720687866,1.7106250524520874,1.6710301637649536
2012-10-26,1.7109379768371582,1.7350000143051147,1.6846879720687866,1.7206250429153442,1.6807990074157715
2012-10-31,1.7181249856948853,1.7218749523162842,1.6875,1.6990629434585571,1.659735918045044
2012-11-01,1.719688057899475,1.7543749809265137,1.7112499475479126,1.7478129863739014,1.7073572874069214
2012-11-02,1.763124942779541,1.765625,1.7059379816055298,1.7059379816055298,1.6664518117904663
2012-11-05,1.709375023841858,1.739063024520874,1.7034380435943604,1.7321879863739014,1.692093849182129
2012-11-06,1.7387499809265137,1.7628129720687866,1.7259379625320435,1.7396880388259888,1.69942045211792
2012-11-07,1.7034380435943604,1.7059379816055298,1.642812967300415,1.65625,1.6179139614105225
2012-11-08,1.665624976158142,1.6737500429153442,1.6065629720687866,1.6074999570846558,1.570292353630066
2012-11-09,1.6074999570846558,1.6531250476837158,1.6050000190734863,1.6196880340576172,1.5821982622146606
2012-11-12,1.6375000476837158,1.6409380435943604,1.6087499856948853,1.6168750524520874,1.579450249671936
2012-11-13,1.5909379720687866,1.625938057899475,1.5859379768371582,1.5965629816055298,1.5596085786819458
2012-11-14,1.610313057899475,1.6137499809265137,1.5528130531311035,1.5571880340576172,1.5211447477340698
2012-11-15,1.5606249570846558,1.5700000524520874,1.5356249809265137,1.5456249713897705,1.5098495483398438
2012-11-16,1.5487500429153442,1.5690629482269287,1.5106250047683716,1.558750033378601,1.5226705074310303
2012-11-19,1.59375,1.6365629434585571,1.59375,1.6337499618530273,1.5959347486495972
2012-11-20,1.634374976158142,1.6399999856948853,1.6040630340576172,1.6346880197525024,1.596850872039795
2012-11-21,1.6384379863739014,1.646875023841858,1.6256250143051147,1.6425000429153442,1.6044816970825195
2012-11-23,1.6628129482269287,1.6918749809265137,1.6590629816055298,1.691249966621399,1.6521035432815552
2012-11-26,1.684999942779541,1.7081249952316284,1.6731250286102295,1.7081249952316284,1.6685880422592163
2012-11-27,1.704063057899475,1.7174999713897705,1.6890629529953003,1.6946879625320435,1.655462622642517
2012-11-28,1.6793750524520874,1.7265629768371582,1.6575000286102295,1.7237499952316284,1.6838515996932983
2012-11-29,1.740625023841858,1.756250023841858,1.7274999618530273,1.7440630197525024,1.7036943435668945
2012-11-30,1.7456250190734863,1.747499942779541,1.7287499904632568,1.7400000095367432,1.6997253894805908
2012-12-03,1.7662500143051147,1.7687499523162842,1.7309379577636719,1.7340630292892456,1.6939257383346558
2012-12-04,1.7321879863739014,1.736562967300415,1.7074999809265137,1.7268749475479126,1.6869044303894043
2012-12-05,1.7253129482269287,1.7253129482269287,1.6725000143051147,1.6906249523162842,1.6514930725097656
2012-12-06,1.6818749904632568,1.7215629816055298,1.671875,1.7121880054473877,1.6725572347640991
2012-12-07,1.7300000190734863,1.7337499856948853,1.6809380054473877,1.6915630102157593,1.6524094343185425
2012-12-10,1.6843750476837158,1.7200000286102295,1.6831250190734863,1.7021880149841309,1.6627885103225708
2012-12-11,1.7259379625320435,1.765625,1.7231249809265137,1.7468750476837158,1.7064414024353027
2012-12-12,1.7637499570846558,1.7653130292892456,1.729688048362732,1.7374999523162842,1.6972830295562744
2012-12-13,1.7334380149841309,1.7565629482269287,1.6965630054473877,1.7109379768371582,1.6713354587554932
2012-12-14,1.6903129816055298,1.699375033378601,1.6678129434585571,1.6790629625320435,1.6401985883712769
2012-12-17,1.6809380054473877,1.725000023841858,1.6775000095367432,1.725000023841858,1.685072422027588
2012-12-18,1.746250033378601,1.78125,1.731874942779541,1.7759380340576172,1.73483145236969
2012-12-19,1.7862499952316284,1.787500023841858,1.759374976158142,1.7603130340576172,1.7195682525634766
2012-12-20,1.7668750286102295,1.7687499523162842,1.7431249618530273,1.7590630054473877,1.718347191810608
2012-12-21,1.7065629959106445,1.7278130054473877,1.691249966621399,1.7243750095367432,1.6844614744186401
2012-12-24,1.714063048362732,1.719688057899475,1.7087500095367432,1.715000033378601,1.6753041744232178
2012-12-26,1.7134380340576172,1.7193750143051147,1.672813057899475,1.6853129863739014,1.6487680673599243
2012-12-27,1.6862499713897705,1.6906249523162842,1.6362500190734863,1.6790629625320435,1.6426537036895752
2012-12-28,1.6534379720687866,1.6790629625320435,1.6449999809265137,1.6462500095367432,1.6105520725250244
2012-12-31,1.640625,1.722499966621399,1.635938048362732,1.7128130197525024,1.6756715774536133
2013-01-02,1.7984379529953003,1.8253129720687866,1.7862499952316284,1.823438048362732,1.7838976383209229
2013-01-03,1.8240629434585571,1.8321880102157593,1.7946879863739014,1.8065630197525024,1.7673885822296143
2013-01-04,1.806249976158142,1.8065630197525024,1.784999966621399,1.7934379577636719,1.7545485496520996
2013-01-07,1.783750057220459,1.800624966621399,1.7731250524520874,1.796875,1.7579107284545898
2013-01-08,1.7934379577636719,1.8037500381469727,1.769374966621399,1.7918750047683716,1.7530194520950317
2013-01-09,1.7925000190734863,1.8109380006790161,1.7903130054473877,1.7999999523162842,1.7609680891036987
2013-01-10,1.8250000476837158,1.8284380435943604,1.7893749475479126,1.8221880197525024,1.7826751470565796
2013-01-11,1.8206249475479126,1.829063057899475,1.8131250143051147,1.828125,1.7884835004806519
2013-01-14,1.8081250190734863,1.8215630054473877,1.7956249713897705,1.8109380006790161,1.7716689109802246
2013-01-15,1.7937500476837158,1.7984379529953003,1.7771879434585571,1.7937500476837158,1.7548540830612183
2013-01-16,1.799062967300415,1.8193750381469727,1.7918750047683716,1.8075000047683716,1.7683056592941284
2013-01-17,1.823438048362732,1.8387500047683716,1.816249966621399,1.8240629434585571,1.784509301185608
2013-01-18,1.8128130435943604,1.8200000524520874,1.7999999523162842,1.8174999952316284,1.7780885696411133
2013-01-22,1.8206249475479126,1.8246879577636719,1.7981250286102295,1.8240629434585571,1.784509301185608
2013-01-23,1.8428130149841309,1.8550000190734863,1.8371880054473877,1.8421880006790161,1.8022412061691284
2013-01-24,1.7953130006790161,1.8271880149841309,1.7878129482269287,1.7940629720687866,1.7551600933074951
2013-01-25,1.8056249618530273,1.821874976158142,1.797813057899475,1.8121880292892456,1.7728922367095947
2013-01-28,1.8128130435943604,1.831874966621399,1.8081250190734863,1.8196879625320435,1.7802293300628662
2013-01-29,1.814687967300415,1.8278130292892456,1.7912499904632568,1.8128130435943604,1.7735035419464111
2013-01-30,1.8259379863739014,1.8378130197525024,1.8040629625320435,1.8143750429153442,1.7750316858291626
2013-01-31,1.8112499713897705,1.8300000429153442,1.801563024520874,1.8037500381469727,1.7646369934082031
2013-02-01,1.8300000429153442,1.8528130054473877,1.815000057220459,1.845937967300415,1.8059102296829224
2013-02-04,1.824375033378601,1.8356250524520874,1.78125,1.78125,1.7426249980926514
2013-02-05,1.7965630292892456,1.8456250429153442,1.7893749475479126,1.836562991142273,1.7967387437820435
2013-02-06,1.8228130340576172,1.8393750190734863,1.8118749856948853,1.8228130340576172,1.783286690711975
2013-02-07,1.8262499570846558,1.8300000429153442,1.785938024520874,1.8265630006790161,1.7869551181793213
2013-02-08,1.8453129529953003,1.871250033378601,1.8431249856948853,1.8637499809265137,1.823335886001587
2013-02-11,1.8650000095367432,1.867812991142273,1.852187991142273,1.864063024520874,1.8236420154571533
2013-02-12,1.860313057899475,1.8668750524520874,1.845937967300415,1.8487499952316284,1.8086611032485962
2013-02-13,1.859375,1.875938057899475,1.8509379625320435,1.861875057220459,1.8215017318725586
2013-02-14,1.84375,1.8665629625320435,1.8431249856948853,1.8596880435943604,1.8193621635437012
2013-02-15,1.8600000143051147,1.8696880340576172,1.8396879434585571,1.8506250381469727,1.8104952573776245
2013-02-19,1.8574999570846558,1.877187967300415,1.8565629720687866,1.8765629529953003,1.8358712196350098
2013-02-20,1.8768750429153442,1.8768750429153442,1.818750023841858,1.818750023841858,1.7793116569519043
2013-02-21,1.8049999475479126,1.808750033378601,1.766563057899475,1.7796880006790161,1.7410967350006104
2013-02-22,1.799062967300415,1.8153129816055298,1.7865630388259888,1.815000057220459,1.775642991065979
2013-02-25,1.8393750190734863,1.8512500524520874,1.7675000429153442,1.7696880102157593,1.7313135862350464
2013-02-26,1.774999976158142,1.7903130054473877,1.752187967300415,1.7825000286102295,1.7438474893569946
2013-02-27,1.783437967300415,1.8418749570846558,1.778749942779541,1.8184380531311035,1.7790066003799438
2013-02-28,1.8196879625320435,1.8471879959106445,1.8125,1.8125,1.7731972932815552
2013-03-01,1.8003129959106445,1.8337500095367432,1.7825000286102295,1.8271880149841309,1.787566900253296
2013-03-04,1.8153129816055298,1.8440630435943604,1.8109380006790161,1.8440630435943604,1.8040754795074463
2013-03-05,1.8668750524520874,1.9031250476837158,1.8659379482269287,1.8996880054473877,1.8584944009780884
2013-03-06,1.9112499952316284,1.9112499952316284,1.8837499618530273,1.8890630006790161,1.848099946975708
2013-03-07,1.8921879529953003,1.9049999713897705,1.8862500190734863,1.8996880054473877,1.8584944009780884
2013-03-08,1.910938024520874,1.917188048362732,1.8887499570846558,1.9018750190734863,1.8606340885162354
2013-03-11,1.8987499475479126,1.9153130054473877,1.886875033378601,1.9149999618530273,1.8734742403030396
2013-03-12,1.9034379720687866,1.9118750095367432,1.8825000524520874,1.901563048362732,1.8603291511535645
2013-03-13,1.9034379720687866,1.909999966621399,1.8828129768371582,1.8949999809265137,1.8539080619812012
2013-03-14,1.908437967300415,1.9159380197525024,1.899999976158142,1.908437967300415,1.86705482006073
2013-03-15,1.909999966621399,1.9128129482269287,1.8878129720687866,1.8978129625320435,1.8566598892211914
2013-03-18,1.8628129959106445,1.903749942779541,1.8537499904632568,1.8878129720687866,1.8468769788742065
2013-03-19,1.9003130197525024,1.907188057899475,1.8481249809265137,1.8825000524520874,1.841679334640503
2013-03-20,1.9031250476837158,1.9112499952316284,1.8862500190734863,1.9018750190734863,1.8646894693374634
2013-03-21,1.8700000047683716,1.8781249523162842,1.8515629768371582,1.861562967300415,1.825165867805481
2013-03-22,1.875,1.8987499475479126,1.8715629577636719,1.8962500095367432,1.8591744899749756
2013-03-25,1.907188057899475,1.9159380197525024,1.8643749952316284,1.8815629482269287,1.8447743654251099
2013-03-26,1.896875023841858,1.9034379720687866,1.8884379863739014,1.9034379720687866,1.8662217855453491
2013-03-27,1.877500057220459,1.9103130102157593,1.8718750476837158,1.9081250429153442,1.8708171844482422
2013-03-28,1.9075000286102295,1.9215630292892456,1.8984379768371582,1.9184379577636719,1.8809285163879395
2013-04-01,1.9199999570846558,1.9231250286102295,1.881250023841858,1.8909380435943604,1.8539663553237915
2013-04-02,1.908437967300415,1.932813048362732,1.9056249856948853,1.9209380149841309,1.8833798170089722
2013-04-03,1.9221880435943604,1.9278130531311035,1.8765629529953003,1.885938048362732,1.8490641117095947
2013-04-04,1.8840630054473877,1.895313024520874,1.8662500381469727,1.8875000476837158,1.8505955934524536
2013-04-05,1.8271880149841309,1.8606250286102295,1.8181250095367432,1.8553129434585571,1.8190375566482544
2013-04-08,1.8553129434585571,1.8753130435943604,1.8453129529953003,1.8753130435943604,1.8386467695236206
2013-04-09,1.8846880197525024,1.9143749475479126,1.8668750524520874,1.899062991142273,1.861932396888733
2013-04-10,1.9112499952316284,1.9787499904632568,1.9112499952316284,1.9740630388259888,1.9354661703109741
2013-04-11,1.9631249904632568,1.9809379577636719,1.9600000381469727,1.9703129529953003,1.931789517402649
2013-04-12,1.9634380340576172,1.9718749523162842,1.939687967300415,1.96875,1.9302568435668945
2013-04-15,1.9546879529953003,1.9603129625320435,1.8875000476837158,1.891563057899475,1.8545787334442139
2013-04-16,1.9137500524520874,1.945937991142273,1.9049999713897705,1.942188024520874,1.90421462059021
2013-04-17,1.9065630435943604,1.908437967300415,1.84375,1.8662500381469727,1.829761028289795
2013-04-18,1.875938057899475,1.8762500286102295,1.7981250286102295,1.8137500286102295,1.7782872915267944
2013-04-19,1.820937991142273,1.871250033378601,1.8156249523162842,1.864063024520874,1.827616810798645
2013-04-22,1.8765629529953003,1.914687991142273,1.863124966621399,1.899999976158142,1.8628509044647217
2013-04-23,1.9246879816055298,1.9509379863739014,1.9028129577636719,1.9368749856948853,1.8990051746368408
2013-04-24,1.928125023841858,1.9503129720687866,1.9190629720687866,1.9353129863739014,1.8974738121032715
2013-04-25,1.9456249475479126,1.9715629816055298,1.9456249475479126,1.9559379816055298,1.9176955223083496
2013-04-26,1.9462499618530273,1.955312967300415,1.9278130531311035,1.9450000524520874,1.9069714546203613
2013-04-29,1.956874966621399,1.9950000047683716,1.955625057220459,1.9803129434585571,1.9415935277938843
2013-04-30,1.9846880435943604,2.009687900543213,1.9706250429153442,2.007812976837158,1.96855628490448
2013-05-01,2.009687900543213,2.0165629386901855,1.9824999570846558,1.9909379482269287,1.9520111083984375
2013-05-02,1.9968750476837158,2.04843807220459,1.9934380054473877,2.0403130054473877,2.0004212856292725
2013-05-03,2.078749895095825,2.1006250381469727,2.077500104904175,2.088749885559082,2.047910213470459
2013-05-06,2.095937967300415,2.11093807220459,2.0924999713897705,2.104063034057617,2.062924385070801
2013-05-07,2.111562967300415,2.114687919616699,2.0865631103515625,2.101562976837158,2.0604729652404785
2013-05-08,2.098750114440918,2.125624895095825,2.093125104904175,2.122499942779541,2.081000804901123
2013-05-09,2.1128129959106445,2.1449999809265137,2.108438014984131,2.1184380054473877,2.0770177841186523
2013-05-10,2.124687910079956,2.143749952316284,2.1178131103515625,2.1409380435943604,2.099078893661499
2013-05-13,2.135313034057617,2.1575000286102295,2.130625009536743,2.148124933242798,2.106123924255371
2013-05-14,2.1475000381469727,2.182499885559082,2.1468749046325684,2.1696879863739014,2.1272664070129395
2013-05-15,2.160938024520874,2.182499885559082,2.150624990463257,2.1781249046325684,2.135538339614868
2013-05-16,2.1828129291534424,2.203125,2.171250104904175,2.174375057220459,2.131861448287964
2013-05-17,2.1940629482269287,2.2171878814697266,2.182188034057617,2.2140629291534424,2.1707732677459717
2013-05-20,2.202812910079956,2.2228128910064697,2.1912500858306885,2.207813024520874,2.1646459102630615
2013-05-21,2.2068750858306885,2.2296879291534424,2.1912500858306885,2.2118749618530273,2.168627977371216
2013-05-22,2.21875,2.2537500858306885,2.1518750190734863,2.176563024520874,2.1340067386627197
2013-05-23,2.135624885559082,2.1784379482269287,2.128124952316284,2.1628129482269287,2.1205248832702637
2013-05-24,2.134999990463257,2.1624999046325684,2.1234378814697266,2.1624999046325684,2.1202189922332764
2013-05-28,2.2118749618530273,2.2281250953674316,2.177187919616699,2.190000057220459,2.147181749343872
2013-05-29,2.1728129386901855,2.184999942779541,2.1443750858306885,2.168750047683716,2.126347064971924
2013-05-30,2.170938014984131,2.2118749618530273,2.170938014984131,2.1912500858306885,2.148406744003296
2013-05-31,2.1753129959106445,2.207813024520874,2.148437976837158,2.150624990463257,2.1085758209228516
2013-06-03,2.1543750762939453,2.1600000858306885,2.104063034057617,2.1596879959106445,2.117461681365967
2013-06-04,2.166249990463257,2.184999942779541,2.119374990463257,2.137187957763672,2.0954015254974365
2013-06-05,2.1237499713897705,2.1387500762939453,2.078125,2.082813024520874,2.0420899391174316
2013-06-06,2.0868749618530273,2.100938081741333,2.047499895095825,2.0981249809265137,2.0571019649505615
2013-06-07,2.119374990463257,2.1628129482269287,2.1078128814697266,2.1575000286102295,2.115316867828369
2013-06-10,2.166874885559082,2.180000066757202,2.150938034057617,2.1606249809265137,2.1183807849884033
2013-06-11,2.117187976837158,2.155625104904175,2.1024999618530273,2.117187976837158,2.0757923126220703
2013-06-12,2.1415629386901855,2.143125057220459,2.061875104904175,2.067812919616699,2.0273830890655518
2013-06-13,2.0625,2.1287500858306885,2.0509378910064697,2.1184380054473877,2.0770177841186523
2013-06-14,2.1206250190734863,2.125,2.085937976837158,2.0924999713897705,2.0515875816345215
2013-06-17,2.125624895095825,2.15625,2.1106250286102295,2.1309380531311035,2.08927321434021
2013-06-18,2.137813091278076,2.1753129959106445,2.137500047683716,2.166249990463257,2.1238951683044434
2013-06-19,2.168750047683716,2.1728129386901855,2.114687919616699,2.1178131103515625,2.0764055252075195
2013-06-20,2.070312976837158,2.0840630531311035,2.004688024520874,2.0143749713897705,1.9749900102615356
2013-06-21,2.01718807220459,2.027812957763672,1.964063048362732,1.9968750476837158,1.9578319787979126
2013-06-24,1.9646879434585571,1.9874999523162842,1.924375057220459,1.9565629959106445,1.9183084964752197
2013-06-25,1.9950000047683716,2.0012500286102295,1.9612499475479126,1.9837499856948853,1.944963812828064
2013-06-26,2.0184381008148193,2.027812957763672,2.005000114440918,2.0174999237060547,1.978053331375122
2013-06-27,2.040937900543213,2.0634379386901855,2.0356249809265137,2.0374999046325684,1.9976621866226196
2013-06-28,2.023750066757202,2.067188024520874,2.015625,2.039375066757202,1.9995006322860718
2013-07-01,2.0709381103515625,2.1006250381469727,2.0637500286102295,2.0687499046325684,2.028301477432251
2013-07-02,2.065624952316284,2.0950000286102295,2.0481250286102295,2.0693750381469727,2.0289146900177
2013-07-03,2.054687976837158,2.105937957763672,2.052187919616699,2.0868749618530273,2.046072483062744
2013-07-05,2.11093807220459,2.119062900543213,2.0768749713897705,2.117187976837158,2.0757923126220703
2013-07-08,2.140312910079956,2.140625,2.1071879863739014,2.1209380626678467,2.0794694423675537
2013-07-09,2.1409380435943604,2.156874895095825,2.122499942779541,2.1468749046325684,2.1048989295959473
2013-07-10,2.143125057220459,2.1781249046325684,2.142812967300415,2.1728129386901855,2.1303300857543945
2013-07-11,2.21875,2.262500047683716,2.2168750762939453,2.262500047683716,2.218263626098633
2013-07-12,2.262813091278076,2.28125,2.25,2.2790629863739014,2.234502077102661
2013-07-15,2.283437967300415,2.291563034057617,2.270937919616699,2.2896881103515625,2.244919776916504
2013-07-16,2.2925000190734863,2.296250104904175,2.2715630531311035,2.283750057220459,2.239098310470581
2013-07-17,2.296875,2.305000066757202,2.2815630435943604,2.294063091278076,2.249209403991699
2013-07-18,2.2928130626678467,2.305000066757202,2.275624990463257,2.2825000286102295,2.237872838973999
2013-07-19,2.2437500953674316,2.244374990463257,2.2221879959106445,2.2362499237060547,2.1925268173217773
2013-07-22,2.2540628910064697,2.2584381103515625,2.234999895095825,2.247188091278076,2.203251600265503
2013-07-23,2.257499933242798,2.257499933242798,2.2118749618530273,2.216249942779541,2.172917366027832
2013-07-24,2.2590630054473877,2.260624885559082,2.2196879386901855,2.2296879291534424,2.1860928535461426
2013-07-25,2.2512500286102295,2.262500047683716,2.226875066757202,2.2562499046325684,2.2121357917785645
2013-07-26,2.2406249046325684,2.2815630435943604,2.2321879863739014,2.280625104904175,2.236034393310547
2013-07-29,2.2721879482269287,2.2921879291534424,2.2609379291534424,2.2725000381469727,2.228067398071289
2013-07-30,2.289062976837158,2.315624952316284,2.280313014984131,2.2956249713897705,2.2507407665252686
2013-07-31,2.3056249618530273,2.3318750858306885,2.296875,2.3056249618530273,2.260545253753662
2013-08-01,2.3371880054473877,2.359062910079956,2.3324999809265137,2.351249933242798,2.3052775859832764
2013-08-02,2.354374885559082,2.379688024520874,2.3424999713897705,2.3787500858306885,2.332240104675293
2013-08-05,2.3731250762939453,2.385624885559082,2.367187976837158,2.382188081741333,2.3356122970581055
2013-08-06,2.375,2.379688024520874,2.3343749046325684,2.353749990463257,2.3077292442321777
2013-08-07,2.340938091278076,2.3524999618530273,2.3109378814697266,2.3450000286102295,2.2991504669189453
2013-08-08,2.371562957763672,2.378124952316284,2.3368749618530273,2.3662500381469727,2.3199851512908936
2013-08-09,2.361562967300415,2.3759379386901855,2.335313081741333,2.349062919616699,2.303133726119995
2013-08-12,2.330312967300415,2.367500066757202,2.32968807220459,2.3578128814697266,2.3117129802703857
2013-08-13,2.364375114440918,2.3965630531311035,2.3315629959106445,2.3840630054473877,2.337449550628662
2013-08-14,2.3837499618530273,2.390312910079956,2.3612499237060547,2.367500066757202,2.3212108612060547
2013-08-15,2.3165628910064697,2.3165628910064697,2.2746880054473877,2.288749933242798,2.2440009117126465
2013-08-16,2.2881250381469727,2.3081250190734863,2.2774999141693115,2.284374952316284,2.239710807800293
2013-08-19,2.286875009536743,2.3240630626678467,2.275938034057617,2.2771880626678467,2.232664108276367
2013-08-20,2.286562919616699,2.318125009536743,2.2815630435943604,2.2971880435943604,2.2522730827331543
2013-08-21,2.2831249237060547,2.3215630054473877,2.264688014984131,2.28125,2.2366464138031006
2013-08-22,2.3006250858306885,2.3284380435943604,2.299062967300415,2.3243749141693115,2.278928279876709
2013-08-23,2.359062910079956,2.362499952316284,2.3415629863739014,2.3575000762939453,2.3114054203033447
2013-08-26,2.359999895095825,2.3943750858306885,2.3496880531311035,2.3581249713897705,2.312018394470215
2013-08-27,2.3037500381469727,2.3259379863739014,2.252500057220459,2.260624885559082,2.2164242267608643
2013-08-28,2.258125066757202,2.299375057220459,2.257499933242798,2.280937910079956,2.2363409996032715
2013-08-29,2.278125047683716,2.3340630531311035,2.2721879482269287,2.311875104904175,2.266674041748047
2013-08-30,2.3162500858306885,2.3162500858306885,2.266249895095825,2.2815630435943604,2.2369534969329834
2013-09-03,2.320312976837158,2.3399999141693115,2.2874999046325684,2.3053131103515625,2.260239601135254
2013-09-04,2.323124885559082,2.364063024520874,2.3106250762939453,2.3571879863739014,2.3111002445220947
2013-09-05,2.3596880435943604,2.378124952316284,2.358438014984131,2.3653130531311035,2.3190665245056152
2013-09-06,2.380000114440918,2.3946878910064697,2.317500114440918,2.3706250190734863,2.3242743015289307
2013-09-09,2.390312910079956,2.434062957763672,2.390312910079956,2.424999952316284,2.3775858879089355
2013-09-10,2.453749895095825,2.456249952316284,2.432499885559082,2.449687957763672,2.40179181098938
2013-09-11,2.4181249141693115,2.443125009536743,2.411562919616699,2.440624952316284,2.3929054737091064
2013-09-12,2.43906307220459,2.452188014984131,2.427187919616699,2.4359378814697266,2.388310432434082
2013-09-13,2.4437499046325684,2.444688081741333,2.414375066757202,2.4403131008148193,2.3926000595092773
2013-09-16,2.479063034057617,2.480937957763672,2.416249990463257,2.4262499809265137,2.378811836242676
2013-09-17,2.436875104904175,2.4646880626678467,2.436875104904175,2.4593749046325684,2.411289691925049
2013-09-18,2.4668750762939453,2.527812957763672,2.456249952316284,2.517812967300415,2.4685845375061035
2013-09-19,2.5331249237060547,2.541249990463257,2.5218749046325684,2.5293750762939453,2.4799203872680664
2013-09-20,2.5421879291534424,2.546875,2.5093750953674316,2.5112500190734863,2.4621493816375732
2013-09-23,2.5353128910064697,2.538749933242798,2.478749990463257,2.500624895095825,2.4517321586608887
2013-09-24,2.5115630626678467,2.528438091278076,2.484999895095825,2.50156307220459,2.4526519775390625
2013-09-25,2.5043749809265137,2.512187957763672,2.4749999046325684,2.486562967300415,2.4379453659057617
2013-09-26,2.5043749809265137,2.5353128910064697,2.503124952316284,2.523437976837158,2.4740991592407227
2013-09-27,2.4959380626678467,2.525938034057617,2.486875057220459,2.517812967300415,2.4685845375061035
2013-09-30,2.4649999141693115,2.51718807220459,2.4484379291534424,2.499687910079956,2.4508144855499268
2013-10-01,2.505000114440918,2.5578129291534424,2.5018749237060547,2.5556249618530273,2.505657434463501
2013-10-02,2.520625114440918,2.5606250762939453,2.5159380435943604,2.5528130531311035,2.5028998851776123
2013-10-03,2.5471880435943604,2.5581250190734863,2.4671878814697266,2.494062900543213,2.445298910140991
2013-10-04,2.4928131103515625,2.543437957763672,2.489063024520874,2.5356249809265137,2.4860482215881348
2013-10-07,2.4934380054473877,2.533750057220459,2.4906249046325684,2.4937500953674316,2.4449923038482666
2013-10-08,2.494999885559082,2.4978129863739014,2.3968749046325684,2.400624990463257,2.3536880016326904
2013-10-09,2.4096879959106445,2.411250114440918,2.344374895095825,2.383125066757202,2.336529493331909
2013-10-10,2.4337499141693115,2.494374990463257,2.4337499141693115,2.481874942779541,2.433349132537842
2013-10-11,2.471874952316284,2.5265629291534424,2.471250057220459,2.522813081741333,2.473487615585327
2013-10-14,2.491563081741333,2.5578129291534424,2.4878129959106445,2.557499885559082,2.507495164871216
2013-10-15,2.5537500381469727,2.5784380435943604,2.5325000286102295,2.538438081741333,2.4888062477111816
2013-10-16,2.5603129863739014,2.598438024520874,2.5581250190734863,2.5956249237060547,2.5448758602142334
2013-10-17,2.5715630054473877,2.627187967300415,2.5684380531311035,2.6253130435943604,2.5739827156066895
2013-10-18,2.6728129386901855,2.7121880054473877,2.658437967300415,2.7100000381469727,2.6570143699645996
2013-10-21,2.7206249237060547,2.7353129386901855,2.706249952316284,2.721250057220459,2.6680445671081543
2013-10-22,2.7412500381469727,2.759687900543213,2.6962499618530273,2.725938081741333,2.672640800476074
2013-10-23,2.703749895095825,2.713749885559082,2.671250104904175,2.697499990463257,2.644758462905884
2013-10-24,2.7009379863739014,2.731874942779541,2.692500114440918,2.7200000286102295,2.666818857192993
2013-10-25,2.7718749046325684,2.783750057220459,2.733750104904175,2.757812976837158,2.703892230987549
2013-10-28,2.7593750953674316,2.7690629959106445,2.73593807220459,2.760624885559082,2.706648826599121
2013-10-29,2.7771880626678467,2.78281307220459,2.7456250190734863,2.7684381008148193,2.7143092155456543
2013-10-30,2.789062976837158,2.797499895095825,2.7378129959106445,2.7637500762939453,2.7097129821777344
2013-10-31,2.7509379386901855,2.7853128910064697,2.731250047683716,2.7512500286102295,2.6974575519561768
2013-11-01,2.7674999237060547,2.775938034057617,2.725938081741333,2.752187967300415,2.6983766555786133
2013-11-04,2.770313024520874,2.770313024520874,2.7409379482269287,2.7587499618530273,2.7048113346099854
2013-11-05,2.7371881008148193,2.789062976837158,2.723438024520874,2.7665629386901855,2.7124710083007812
2013-11-06,2.788438081741333,2.791249990463257,2.747499942779541,2.765000104904175,2.7109389305114746
2013-11-07,2.7643749713897705,2.773437976837158,2.656874895095825,2.661562919616699,2.6095235347747803
2013-11-08,2.6787500381469727,2.733750104904175,2.665937900543213,2.733438014984131,2.6799933910369873
2013-11-11,2.721874952316284,2.7384378910064697,2.7059381008148193,2.7249999046325684,2.671720504760742
2013-11-12,2.7068750858306885,2.740000009536743,2.7043750286102295,2.7321879863739014,2.6787679195404053
2013-11-13,2.697499990463257,2.799062967300415,2.6962499618530273,2.799062967300415,2.7443361282348633
2013-11-14,2.781874895095825,2.8193750381469727,2.772813081741333,2.8143749237060547,2.7593483924865723
2013-11-15,2.8168749809265137,2.8265628814697266,2.802500009536743,2.825313091278076,2.7700724601745605
2013-11-18,2.8237500190734863,2.835937976837158,2.7609379291534424,2.773437976837158,2.719212055206299
2013-11-19,2.7690629959106445,2.794063091278076,2.7456250190734863,2.7543749809265137,2.7005207538604736
2013-11-20,2.770313024520874,2.7906250953674316,2.7253129482269287,2.7437500953674316,2.6901042461395264
2013-11-21,2.7618749141693115,2.801875114440918,2.759687900543213,2.7956249713897705,2.740964889526367
2013-11-22,2.8078129291534424,2.8293750286102295,2.802500009536743,2.827500104904175,2.772217035293579
2013-11-25,2.8481249809265137,2.8531250953674316,2.8265628814697266,2.8399999141693115,2.7844717502593994
2013-11-26,2.8421878814697266,2.8840630054473877,2.8293750286102295,2.869688034057617,2.813579797744751
2013-11-27,2.882188081741333,2.911875009536743,2.877187967300415,2.9090631008148193,2.852184772491455
2013-11-29,2.931562900543213,2.952812910079956,2.9284379482269287,2.9412500858306885,2.883742570877075
2013-12-02,2.9518749713897705,2.960313081741333,2.919063091278076,2.9262499809265137,2.869035482406616
2013-12-03,2.92343807220459,2.938124895095825,2.900312900543213,2.921562910079956,2.8644402027130127
2013-12-04,2.898750066757202,2.947187900543213,2.879688024520874,2.927187919616699,2.86995530128479
2013-12-05,2.934375047683716,2.9393749237060547,2.905625104904175,2.921875,2.8647472858428955
2013-12-06,2.9696879386901855,2.9749999046325684,2.934375047683716,2.962812900543213,2.904884099960327
2013-12-09,2.984375,2.999063014984131,2.976249933242798,2.98593807220459,2.9275565147399902
2013-12-10,2.9753129482269287,2.9934380054473877,2.970937967300415,2.9825000762939453,2.9241862297058105
2013-12-11,2.9821879863739014,2.990000009536743,2.8975000381469727,2.90625,2.8494269847869873
2013-12-12,2.9090631008148193,2.921875,2.8865630626678467,2.89218807220459,2.835639715194702
2013-12-13,2.916249990463257,2.919374942779541,2.8712499141693115,2.882812976837158,2.826448440551758
2013-12-16,2.911562919616699,2.947499990463257,2.9071879386901855,2.914375066757202,2.857393264770508
2013-12-17,2.916249990463257,2.9281249046325684,2.89218807220459,2.9040629863739014,2.8472824096679688
2013-12-18,2.9096879959106445,2.9753129482269287,2.825624942779541,2.9715631008148193,2.9134633541107178
2013-12-19,2.958750009536743,2.960313081741333,2.927187919616699,2.952188014984131,2.8944664001464844
2013-12-20,2.9621880054473877,3.025624990463257,2.960937976837158,3.0115630626678467,2.952681064605713
2013-12-23,3.0612499713897705,3.0762500762939453,3.044374942779541,3.075313091278076,3.0151846408843994
2013-12-24,3.0784380435943604,3.0824999809265137,3.0665628910064697,3.0793750286102295,3.019166946411133
2013-12-26,3.088438034057617,3.103749990463257,3.078125,3.098438024520874,3.0378572940826416
2013-12-27,3.1053130626678467,3.1096880435943604,3.0759379863739014,3.0824999809265137,3.022230625152588
2013-12-30,3.0734379291534424,3.0821878910064697,3.056874990463257,3.073124885559082,3.0130391120910645
2013-12-31,3.082813024520874,3.112499952316284,3.082813024520874,3.112499952316284,3.0516443252563477
2014-01-02,3.0850000381469727,3.086250066757202,3.0471880435943604,3.064687967300415,3.004767417907715
2014-01-03,3.065624952316284,3.070312976837158,3.0190629959106445,3.021250009536743,2.962179183959961
2014-01-06,3.0218749046325684,3.028125047683716,2.975938081741333,2.996562957763672,2.937973976135254
2014-01-07,3.0243749618530273,3.061563014984131,3.014688014984131,3.0512499809265137,2.9915921688079834
2014-01-08,3.0528130531311035,3.082813024520874,3.040937900543213,3.0668749809265137,3.006910562515259
2014-01-09,3.0871880054473877,3.0896880626678467,3.0250000953674316,3.0450000762939453,2.985463857650757
2014-01-10,3.062187910079956,3.0718750953674316,3.015000104904175,3.064687967300415,3.004767417907715
2014-01-13,3.054687976837158,3.077812910079956,2.9509379863739014,2.971874952316284,2.913768768310547
2014-01-14,2.994374990463257,3.0915629863739014,2.994374990463257,3.087812900543213,3.027439594268799
2014-01-15,3.1112499237060547,3.150624990463257,3.1071879863739014,3.1368749141693115,3.07554292678833
2014-01-16,3.1318750381469727,3.148124933242798,3.1231250762939453,3.140312910079956,3.0789132118225098
2014-01-17,3.1206250190734863,3.137813091278076,3.088438034057617,3.103437900543213,3.0427591800689697
2014-01-21,3.1434381008148193,3.152812957763672,3.0978128910064697,3.150312900543213,3.0887179374694824
2014-01-22,3.1653130054473877,3.181562900543213,3.1475000381469727,3.168750047683716,3.1067943572998047
2014-01-23,3.1465630531311035,3.1471879482269287,3.101249933242798,3.145937919616699,3.08442759513855
2014-01-24,3.1153130531311035,3.1231250762939453,3.017812967300415,3.017812967300415,2.958808183670044
2014-01-27,3.023124933242798,3.030937910079956,2.9175000190734863,2.963749885559082,2.9058032035827637
2014-01-28,2.9309380054473877,2.9643750190734863,2.921875,2.9593749046325684,2.9015135765075684
2014-01-29,2.9071879386901855,2.950624942779541,2.8834381103515625,2.8965630531311035,2.8399295806884766
2014-01-30,2.9671878814697266,3.0215630531311035,2.9600000381469727,2.9984378814697266,2.939812660217285
2014-01-31,2.9359378814697266,3.0143749713897705,2.929063081741333,2.9856250286102295,2.9272496700286865
2014-02-03,2.976562976837158,3.0012500286102295,2.833437919616699,2.851562976837158,2.795809507369995
2014-02-04,2.877187967300415,2.9131250381469727,2.8603129386901855,2.890000104904175,2.8334944248199463
2014-02-05,2.8706250190734863,2.895625114440918,2.8103129863739014,2.875,2.8187882900238037
2014-02-06,2.8915629386901855,2.95468807220459,2.890625,2.945625066757202,2.8880321979522705
2014-02-07,2.9825000762939453,3.056562900543213,2.9640629291534424,3.0509378910064697,2.9912850856781006
2014-02-10,3.049375057220459,3.090625047683716,3.0481250286102295,3.0868749618530273,3.0265207290649414
2014-02-11,3.0999999046325684,3.1703128814697266,3.0946879386901855,3.156874895095825,3.0951521396636963
2014-02-12,3.171250104904175,3.184375047683716,3.1515629291534424,3.169374942779541,3.107407331466675
2014-02-13,3.1231250762939453,3.221874952316284,3.1231250762939453,3.215625047683716,3.152752637863159
2014-02-14,3.213438034057617,3.244374990463257,3.1962499618530273,3.2300000190734863,3.1668472290039062
2014-02-18,3.2378129959106445,3.273750066757202,3.2249999046325684,3.2615630626678467,3.1977925300598145
2014-02-19,3.247499942779541,3.2637500762939453,3.203125,3.2171878814697266,3.1542856693267822
2014-02-20,3.220937967300415,3.258125066757202,3.1940629482269287,3.2434380054473877,3.180022716522217
2014-02-21,3.266249895095825,3.276249885559082,3.2300000190734863,3.234375,3.1711366176605225
2014-02-24,3.2512500286102295,3.3012499809265137,3.2456250190734863,3.273124933242798,3.2091281414031982
2014-02-25,3.280313014984131,3.294374942779541,3.2437500953674316,3.263124942779541,3.199324131011963
2014-02-26,3.283437967300415,3.302187919616699,3.2328128814697266,3.257812976837158,3.1941163539886475
2014-02-27,3.259687900543213,3.306874990463257,3.249375104904175,3.3009378910064697,3.2363979816436768
2014-02-28,3.299062967300415,3.338124990463257,3.2356250286102295,3.291874885559082,3.2275121212005615
2014-03-03,3.229374885559082,3.260624885559082,3.1859378814697266,3.2437500953674316,3.180328130722046
2014-03-04,3.31406307220459,3.338749885559082,3.3084380626678467,3.3265628814697266,3.261521100997925
2014-03-05,3.3371880054473877,3.356250047683716,3.3237500190734863,3.3450000286102295,3.2795984745025635
2014-03-06,3.358750104904175,3.364687919616699,3.314687967300415,3.3371880054473877,3.2719388008117676
2014-03-07,3.36093807220459,3.3659379482269287,3.2721879482269287,3.304687976837158,3.240074634552002
2014-03-10,3.302500009536743,3.3143749237060547,3.268749952316284,3.309688091278076,3.2449772357940674
2014-03-11,3.327188014984131,3.34375,3.2634379863739014,3.28281307220459,3.218627452850342
2014-03-12,3.2537500858306885,3.309688091278076,3.228749990463257,3.3056249618530273,3.240993022918701
2014-03-13,3.3321878910064697,3.333750009536743,3.1834380626678467,3.2140629291534424,3.15122127532959
2014-03-14,3.1912500858306885,3.220937967300415,3.1671879291534424,3.1678130626678467,3.1058759689331055
2014-03-17,3.2090630531311035,3.2768750190734863,3.2065629959106445,3.2256250381469727,3.16255784034729
2014-03-18,3.2321879863739014,3.309375047683716,3.231250047683716,3.3028130531311035,3.238236427307129
2014-03-19,3.305000066757202,3.311563014984131,3.223438024520874,3.2684381008148193,3.204533576965332
2014-03-20,3.246875047683716,3.304063081741333,3.2328128814697266,3.284374952316284,3.2201592922210693
2014-03-21,3.320312976837158,3.325313091278076,3.193125009536743,3.2043750286102295,3.141723155975342
2014-03-24,3.228749990463257,3.233438014984131,3.0918750762939453,3.150624990463257,3.089024066925049
2014-03-25,3.182499885559082,3.2221879959106445,3.1178131103515625,3.169063091278076,3.1071009635925293
2014-03-26,3.2018749713897705,3.2146880626678467,3.0868749618530273,3.0875000953674316,3.0271337032318115
2014-03-27,3.0809381008148193,3.106874942779541,3.020313024520874,3.0531249046325684,2.9934301376342773
2014-03-28,3.072813034057617,3.1318750381469727,3.0481250286102295,3.0659379959106445,3.0059926509857178
2014-03-31,3.1112499237060547,3.148750066757202,3.1050000190734863,3.1078128814697266,3.0470495223999023
2014-04-01,3.137500047683716,3.2206249237060547,3.1368749141693115,3.216249942779541,3.1533660888671875
2014-04-02,3.244062900543213,3.250624895095825,3.2043750286102295,3.233438014984131,3.170217752456665
2014-04-03,3.2412500381469727,3.2503130435943604,3.1468749046325684,3.1828129291534424,3.1205825805664062
2014-04-04,3.2228128910064697,3.230937957763672,2.996875047683716,3.0109379291534424,2.9520676136016846
2014-04-07,2.9756250381469727,3.0296878814697266,2.914062976837158,2.9571878910064697,2.89936900138855
2014-04-08,2.9618749618530273,3.01718807220459,2.9415628910064697,3.0090630054473877,2.9502291679382324
2014-04-09,3.0321879386901855,3.116563081741333,3.016249895095825,3.1131250858306885,3.0522568225860596
2014-04-10,3.114375114440918,3.1162500381469727,2.903438091278076,2.920938014984131,2.86382794380188
2014-04-11,2.8678131103515625,2.943125009536743,2.838438034057617,2.8531250953674316,2.7973408699035645
2014-04-14,2.900624990463257,2.926563024520874,2.842813014984131,2.8965630531311035,2.8399295806884766
2014-04-15,2.915937900543213,2.948124885559082,2.793750047683716,2.9149999618530273,2.858006238937378
2014-04-16,2.9668750762939453,2.9928131103515625,2.918437957763672,2.9909379482269287,2.9324593544006348
2014-04-17,2.971250057220459,3.022813081741333,2.955312967300415,2.9928131103515625,2.9342973232269287
2014-04-21,3.0084381103515625,3.038438081741333,2.9803130626678467,3.0381250381469727,2.9787232875823975
2014-04-22,3.056874990463257,3.100938081741333,3.0481250286102295,3.0871880054473877,3.026827573776245
2014-04-23,3.0865631103515625,3.088124990463257,3.027812957763672,3.0315630435943604,2.972290277481079
2014-04-24,3.132812976837158,3.132812976837158,3.023750066757202,3.090625047683716,3.0301973819732666
2014-04-25,3.052500009536743,3.059375047683716,2.976562976837158,2.9909379482269287,2.9324593544006348
2014-04-28,3.0174999237060547,3.0537500381469727,2.9153130054473877,3.012500047683716,2.953599691390991
2014-04-29,3.028749942779541,3.0687499046325684,2.999063014984131,3.0578129291534424,2.998025894165039
2014-04-30,3.0315630435943604,3.0793750286102295,3.0140628814697266,3.0740630626678467,3.013958692550659
2014-05-01,3.0815629959106445,3.12656307220459,3.0684380531311035,3.09375,3.0332605838775635
2014-05-02,3.111562967300415,3.124063014984131,3.0662500858306885,3.0818750858306885,3.0216188430786133
2014-05-05,3.0450000762939453,3.114063024520874,3.0296878814697266,3.1131250858306885,3.0522568225860596
2014-05-06,3.104374885559082,3.106563091278076,3.0293750762939453,3.031874895095825,2.972595691680908
2014-05-07,3.045938014984131,3.0506250858306885,2.9437499046325684,3.0134379863739014,2.9545187950134277
2014-05-08,2.9928131103515625,3.080625057220459,2.9796879291534424,3.0087499618530273,2.949922800064087
2014-05-09,3.0034379959106445,3.034374952316284,2.965312957763672,3.031874895095825,2.972595691680908
2014-05-12,3.067188024520874,3.132188081741333,3.061875104904175,3.1290628910064697,3.067882776260376
2014-05-13,3.1362500190734863,3.1571879386901855,3.1231250762939453,3.133125066757202,3.0718655586242676
2014-05-14,3.1156249046325684,3.1393749713897705,3.0875000953674316,3.1003129482269287,3.0396957397460938
2014-05-15,3.1003129482269287,3.11093807220459,3.0140628814697266,3.0534379482269287,2.9937374591827393
2014-05-16,3.059375047683716,3.0965631008148193,3.020313024520874,3.092813014984131,3.032341718673706
2014-05-19,3.075624942779541,3.1449999809265137,3.06406307220459,3.137500047683716,3.076154947280884
2014-05-20,3.1318750381469727,3.155313014984131,3.0868749618530273,3.114063024520874,3.0531768798828125
2014-05-21,3.124063014984131,3.174999952316284,3.1206250190734863,3.1728129386901855,3.110778331756592
2014-05-22,3.1787500381469727,3.2171878814697266,3.1700000762939453,3.1987500190734863,3.1362078189849854
2014-05-23,3.206249952316284,3.247499942779541,3.1918749809265137,3.246875047683716,3.183391809463501
2014-05-27,3.276249885559082,3.328749895095825,3.2696878910064697,3.328749895095825,3.2636663913726807
2014-05-28,3.3243749141693115,3.3350000381469727,3.3012499809265137,3.306562900543213,3.241912603378296
2014-05-29,3.330625057220459,3.3496880531311035,3.3165628910064697,3.3481249809265137,3.2826616764068604
2014-05-30,3.3506250381469727,3.3606250286102295,3.315000057220459,3.3503129482269287,3.2848076820373535
2014-06-02,3.3578128814697266,3.359375,3.3009378910064697,3.3418750762939453,3.2765350341796875
2014-06-03,3.320625066757202,3.3503129482269287,3.3125,3.340312957763672,3.2750024795532227
2014-06-04,3.323124885559082,3.375,3.313124895095825,3.3628129959106445,3.297063112258911
2014-06-05,3.3703129291534424,3.4334380626678467,3.3478128910064697,3.4206249713897705,3.3537447452545166
2014-06-06,3.447499990463257,3.4593749046325684,3.4328129291534424,3.4593749046325684,3.3917369842529297
2014-06-09,3.4621880054473877,3.4721879959106445,3.4356250762939453,3.4540629386901855,3.3865294456481934
2014-06-10,3.4487500190734863,3.4700000286102295,3.4409379959106445,3.4646880626678467,3.3969459533691406
2014-06-11,3.442188024520874,3.4746880531311035,3.436563014984131,3.462812900543213,3.3951079845428467
2014-06-12,3.450624942779541,3.458125114440918,3.378124952316284,3.403749942779541,3.3371996879577637
2014-06-13,3.431562900543213,3.43906307220459,3.3924999237060547,3.4221880435943604,3.3552768230438232
2014-06-16,3.411250114440918,3.447813034057617,3.395625114440918,3.427500009536743,3.360485792160034
2014-06-17,3.424375057220459,3.449687957763672,3.410938024520874,3.4309380054473877,3.363856077194214
2014-06-18,3.43906307220459,3.479063034057617,3.400312900543213,3.4728128910064697,3.404912233352661
2014-06-19,3.4800000190734863,3.484999895095825,3.434688091278076,3.465312957763672,3.3975601196289062
2014-06-20,3.469374895095825,3.478749990463257,3.4549999237060547,3.471874952316284,3.4039928913116455
2014-06-23,3.471874952316284,3.476249933242798,3.4540629386901855,3.473750114440918,3.4058310985565186
2014-06-24,3.473750114440918,3.5321879386901855,3.447813034057617,3.4674999713897705,3.3997035026550293
2014-06-25,3.4465630054473877,3.5174999237060547,3.445312976837158,3.5065629482269287,3.4435884952545166
2014-06-26,3.509687900543213,3.512500047683716,3.455625057220459,3.5093750953674316,3.446350336074829
2014-06-27,3.4987499713897705,3.540937900543213,3.4987499713897705,3.538749933242798,3.4751973152160645
2014-06-30,3.536875009536743,3.569688081741333,3.5346879959106445,3.5531249046325684,3.489314317703247
2014-07-01,3.575313091278076,3.648437976837158,3.5734379291534424,3.6315629482269287,3.5663440227508545
2014-07-02,3.6340630054473877,3.6524999141693115,3.6278131008148193,3.6424999237060547,3.577084541320801
2014-07-03,3.6649999618530273,3.6859378814697266,3.645937919616699,3.6853129863739014,3.619128465652466
2014-07-07,3.6787500381469727,3.688124895095825,3.651249885559082,3.664062976837158,3.598259687423706
2014-07-08,3.6518750190734863,3.6549999713897705,3.546562910079956,3.577500104904175,3.513251781463623
2014-07-09,3.595937967300415,3.6365630626678467,3.574687957763672,3.630000114440918,3.5648086071014404
2014-07-10,3.538749933242798,3.6362500190734863,3.528125047683716,3.6075000762939453,3.5427134037017822
2014-07-11,3.6234378814697266,3.6518750190734863,3.6028130054473877,3.650312900543213,3.584756851196289
2014-07-14,3.6856250762939453,3.7125000953674316,3.6731250286102295,3.698124885559082,3.6317100524902344
2014-07-15,3.708750009536743,3.71875,3.6181249618530273,3.672499895095825,3.606545925140381
2014-07-16,3.7231249809265137,3.731250047683716,3.692500114440918,3.700313091278076,3.633859157562256
2014-07-17,3.6787500381469727,3.705625057220459,3.5784380435943604,3.6028130054473877,3.5381100177764893
2014-07-18,3.640625,3.719374895095825,3.630312919616699,3.713124990463257,3.6464412212371826
2014-07-21,3.6984379291534424,3.717813014984131,3.671562910079956,3.70468807220459,3.638155460357666
2014-07-22,3.739375114440918,3.7640628814697266,3.7328128814697266,3.755000114440918,3.687563896179199
2014-07-23,3.7799999713897705,3.809375047683716,3.7659380435943604,3.8009378910064697,3.7326762676239014
2014-07-24,3.8137500286102295,3.823124885559082,3.7815630435943604,3.793437957763672,3.725311756134033
2014-07-25,3.755625009536743,3.772813081741333,3.723750114440918,3.759999990463257,3.692473888397217
2014-07-28,3.768749952316284,3.783437967300415,3.7068750858306885,3.7643749713897705,3.696770429611206
2014-07-29,3.7796878814697266,3.7971880435943604,3.7453129291534424,3.753124952316284,3.685722589492798
2014-07-30,3.791563034057617,3.807499885559082,3.7528131008148193,3.781874895095825,3.7139556407928467
2014-07-31,3.72031307220459,3.7300000190734863,3.616874933242798,3.627500057220459,3.5623538494110107
2014-08-01,3.6137499809265137,3.6524999141693115,3.552500009536743,3.601562976837158,3.536881923675537
2014-08-04,3.619062900543213,3.6781249046325684,3.5896880626678467,3.648750066757202,3.5832228660583496
2014-08-05,3.6203129291534424,3.641249895095825,3.5603129863739014,3.5946879386901855,3.530130386352539
2014-08-06,3.54843807220459,3.6312499046325684,3.544374942779541,3.5875000953674316,3.5230720043182373
2014-08-07,3.6187500953674316,3.6343750953674316,3.5403130054473877,3.5662500858306885,3.502204418182373
2014-08-08,3.577812910079956,3.624375104904175,3.545938014984131,3.6159379482269287,3.5510001182556152
2014-08-11,3.64218807220459,3.681874990463257,3.640312910079956,3.6596879959106445,3.593963384628296
2014-08-12,3.650624990463257,3.674375057220459,3.6184380054473877,3.6543750762939453,3.5887463092803955
2014-08-13,3.6875,3.73593807220459,3.681562900543213,3.734062910079956,3.6670031547546387
2014-08-14,3.742187976837158,3.772813081741333,3.7331249713897705,3.7725000381469727,3.7047500610351562
2014-08-15,3.8134379386901855,3.8259379863739014,3.7378129959106445,3.807499885559082,3.7391209602355957
2014-08-18,3.844374895095825,3.874063014984131,3.8371880054473877,3.8678131103515625,3.7983510494232178
2014-08-19,3.885624885559082,3.914375066757202,3.8812499046325684,3.9103128910064697,3.840087652206421
2014-08-20,3.9024999141693115,3.9256250858306885,3.897813081741333,3.9124999046325684,3.8422350883483887
2014-08-21,3.916249990463257,3.931562900543213,3.9021880626678467,3.9259378910064697,3.8554327487945557
2014-08-22,3.9284379482269287,3.953125,3.911562919616699,3.936875104904175,3.8661725521087646
2014-08-25,3.9749999046325684,3.9878129959106445,3.9465630054473877,3.965625047683716,3.894406318664551
2014-08-26,3.9771881103515625,3.9825000762939453,3.955625057220459,3.9749999046325684,3.9036128520965576
2014-08-27,3.9756250381469727,3.983750104904175,3.958125114440918,3.9753129482269287,3.9039201736450195
2014-08-28,3.948124885559082,3.974375009536743,3.940000057220459,3.963749885559082,3.8925650119781494
2014-08-29,3.9831249713897705,3.9959380626678467,3.95468807220459,3.9956250190734863,3.9238672256469727
2014-09-02,4.015313148498535,4.019999980926514,3.9853129386901855,4.01843786239624,3.946270704269409
2014-09-03,4.038125038146973,4.038125038146973,3.9565629959106445,3.971250057220459,3.8999311923980713
2014-09-04,3.989375114440918,4.028749942779541,3.943125009536743,3.960624933242798,3.8894968032836914
2014-09-05,3.976562976837158,4.006875038146973,3.934688091278076,4.005000114440918,3.933074951171875
2014-09-08,4.002500057220459,4.036874771118164,3.981563091278076,4.017813205718994,3.9456570148468018
2014-09-09,4.014688014984131,4.0478129386901855,3.936563014984131,3.952188014984131,3.8812103271484375
2014-09-10,3.9615631103515625,4.018750190734863,3.9393749237060547,4.0134382247924805,3.9413604736328125
2014-09-11,3.9803130626678467,4.0134382247924805,3.9509379863739014,4.010313034057617,3.9382917881011963
2014-09-12,4.002500057220459,4.003749847412109,3.9434380531311035,3.967813014984131,3.896555185317993
2014-09-15,3.9756250381469727,3.9771881103515625,3.867187976837158,3.889688014984131,3.819833278656006
2014-09-16,3.8612499237060547,3.973438024520874,3.8553130626678467,3.958125114440918,3.8870415687561035
2014-09-17,3.9574999809265137,4.007812976837158,3.9262499809265137,3.9725000858306885,3.901157855987549
2014-09-18,3.994999885559082,4.030624866485596,3.9871881008148193,4.03000020980835,3.9576256275177
2014-09-19,4.062812805175781,4.06531286239624,3.9928131103515625,4.022812843322754,3.9505670070648193
2014-09-22,4.004063129425049,4.006563186645508,3.915937900543213,3.9509379863739014,3.87998366355896
2014-09-23,3.919374942779541,3.963749885559082,3.9124999046325684,3.929063081741333,3.8585009574890137
2014-09-24,3.9334380626678467,4.015625,3.9100000858306885,4.012813091278076,3.9407474994659424
2014-09-25,3.9862499237060547,3.996875047683716,3.8415629863739014,3.8446879386901855,3.7756409645080566
2014-09-26,3.866563081741333,3.9387500286102295,3.856250047683716,3.9284379482269287,3.857887029647827
2014-09-29,3.8475000858306885,3.9359378814697266,3.843125104904175,3.916874885559082,3.846531629562378
2014-09-30,3.937187910079956,3.9668750762939453,3.8893749713897705,3.9287500381469727,3.85819411277771
2014-10-01,3.90625,3.9106249809265137,3.775938034057617,3.801563024520874,3.7332918643951416
2014-10-02,3.8003129959106445,3.8237500190734863,3.70468807220459,3.799062967300415,3.7308356761932373
2014-10-03,3.8415629863739014,3.90625,3.8187499046325684,3.8753130435943604,3.805716037750244
2014-10-06,3.895937919616699,3.9178130626678467,3.835313081741333,3.858438014984131,3.789144515991211
2014-10-07,3.820312976837158,3.84375,3.7478129863739014,3.749375104904175,3.6820409297943115
2014-10-08,3.755312919616699,3.9175000190734863,3.707813024520874,3.898437976837158,3.8284265995025635
2014-10-09,3.8843750953674316,3.903125047683716,3.755625009536743,3.7674999237060547,3.6998398303985596
2014-10-10,3.721874952316284,3.7659380435943604,3.578125,3.578749895095825,3.514479160308838
2014-10-13,3.5662500858306885,3.6203129291534424,3.461250066757202,3.468437910079956,3.4061479568481445
2014-10-14,3.512187957763672,3.5559380054473877,3.4484379291534424,3.4668750762939453,3.404613733291626
2014-10-15,3.3621881008148193,3.450624942779541,3.2640628814697266,3.424999952316284,3.3634896278381348
2014-10-16,3.2796878814697266,3.4375,3.2765629291534424,3.379688024520874,3.3189923763275146
2014-10-17,3.46875,3.533437967300415,3.4284379482269287,3.4700000286102295,3.407681941986084
2014-10-20,3.465625047683716,3.577500104904175,3.4543750286102295,3.572499990463257,3.5083415508270264
2014-10-21,3.6596879959106445,3.7593750953674316,3.642812967300415,3.7593750953674316,3.6918606758117676
2014-10-22,3.7796878814697266,3.7928130626678467,3.715938091278076,3.719374895095825,3.6525790691375732
2014-10-23,3.791874885559082,3.8737499713897705,3.7825000286102295,3.833437919616699,3.7645931243896484
2014-10-24,3.8450000286102295,3.8990631103515625,3.8190629482269287,3.8918750286102295,3.821981191635132
2014-10-27,3.87656307220459,3.914375066757202,3.8475000858306885,3.9021880626678467,3.832109212875366
2014-10-28,3.931874990463257,4.01843786239624,3.931562900543213,4.017499923706055,3.9453494548797607
2014-10-29,3.9906249046325684,4.011875152587891,3.9309380054473877,3.986562967300415,3.9149677753448486
2014-10-30,3.9518749713897705,4.022812843322754,3.934375047683716,4.0059380531311035,3.933995246887207
2014-10-31,4.137813091278076,4.14218807220459,4.088125228881836,4.114375114440918,4.040485382080078
2014-11-03,4.122499942779541,4.159999847412109,4.1178131103515625,4.138124942779541,4.063808917999268
2014-11-04,4.11218786239624,4.132500171661377,4.054999828338623,4.112500190734863,4.038643836975098
2014-11-05,4.163750171661377,4.1646881103515625,4.082812786102295,4.110000133514404,4.03618860244751
2014-11-06,4.109375,4.13937520980835,4.07687520980835,4.137499809265137,4.063192844390869
2014-11-07,4.150625228881836,4.155313014984131,4.087500095367432,4.128125190734863,4.053988933563232
2014-11-10,4.132812976837158,4.1696882247924805,4.111875057220459,4.1596879959106445,4.084985733032227
2014-11-11,4.1621880531311035,4.183437824249268,4.1384382247924805,4.183437824249268,4.1083083152771
2014-11-12,4.151249885559082,4.207812786102295,4.150000095367432,4.199062824249268,4.123652458190918
2014-11-13,4.215938091278076,4.2665629386901855,4.196249961853027,4.234063148498535,4.158022880554199
2014-11-14,4.2321882247924805,4.260313034057617,4.205313205718994,4.259375095367432,4.182882308959961
2014-11-17,4.241562843322754,4.259687900543213,4.1959381103515625,4.23312520980835,4.157102584838867
2014-11-18,4.242499828338623,4.309688091278076,4.242499828338623,4.299063205718994,4.221856117248535
2014-11-19,4.289374828338623,4.289374828338623,4.22156286239624,4.259375095367432,4.182882308959961
2014-11-20,4.224999904632568,4.304687976837158,4.216875076293945,4.2978129386901855,4.22062873840332
2014-11-21,4.375312805175781,4.381563186645508,4.287813186645508,4.31374979019165,4.236279487609863
2014-11-24,4.337812900543213,4.385313034057617,4.330625057220459,4.382500171661377,4.303795337677002
2014-11-25,4.3940629959106445,4.42062520980835,4.372188091278076,4.395625114440918,4.316684722900391
2014-11-26,4.403438091278076,4.457812786102295,4.394688129425049,4.452813148498535,4.372844219207764
2014-11-28,4.476562976837158,4.513124942779541,4.47156286239624,4.492499828338623,4.4118194580078125
2014-12-01,4.468124866485596,4.484375,4.35812520980835,4.389999866485596,4.311159133911133
2014-12-02,4.3990631103515625,4.441563129425049,4.381875038146973,4.425000190734863,4.345532417297363
2014-12-03,4.437812805175781,4.453750133514404,4.388124942779541,4.442812919616699,4.3630242347717285
2014-12-04,4.433750152587891,4.471875190734863,4.400938034057617,4.435937881469727,4.356273651123047
2014-12-05,4.452499866485596,4.465312957763672,4.419063091278076,4.438125133514404,4.3584208488464355
2014-12-08,4.418125152587891,4.453750133514404,4.328125,4.372188091278076,4.293668746948242
2014-12-09,4.270625114440918,4.4071879386901855,4.241875171661377,4.404375076293945,4.325278282165527
2014-12-10,4.387813091278076,4.406562805175781,4.246874809265137,4.263750076293945,4.187177658081055
2014-12-11,4.286874771118164,4.404687881469727,4.286250114440918,4.304687976837158,4.227381229400635
2014-12-12,4.220624923706055,4.3184380531311035,4.209374904632568,4.210937976837158,4.135313987731934
2014-12-15,4.254063129425049,4.28406286239624,4.097813129425049,4.125,4.050919532775879
2014-12-16,4.0684380531311035,4.191249847412109,3.987499952316284,3.989063024520874,3.917423963546753
2014-12-17,3.994688034057617,4.15749979019165,3.984375,4.1309380531311035,4.056750297546387
2014-12-18,4.254687786102295,4.335625171661377,4.230000019073486,4.335000038146973,4.257148742675781
2014-12-19,4.341249942779541,4.406875133514404,4.322187900543213,4.364062786102295,4.285689830780029
2014-12-22,4.356249809265137,4.393125057220459,4.350313186645508,4.3915629386901855,4.315167427062988
2014-12-23,4.42343807220459,4.423749923706055,4.349062919616699,4.3628129959106445,4.286917686462402
2014-12-24,4.369688034057617,4.400000095367432,4.364062786102295,4.3678131103515625,4.291831016540527
2014-12-26,4.392813205718994,4.446562767028809,4.390937805175781,4.429687976837158,4.352628707885742
2014-12-29,4.420312881469727,4.445624828338623,4.415937900543213,4.4278130531311035,4.3507866859436035
2014-12-30,4.397812843322754,4.420938014984131,4.3546881675720215,4.364999771118164,4.289065837860107
2014-12-31,4.378749847412109,4.415312767028809,4.264062881469727,4.273125171661377,4.198790550231934
2015-01-02,4.315625190734863,4.353750228881836,4.209688186645508,4.255312919616699,4.1812872886657715
2015-01-05,4.2140631675720215,4.223124980926514,4.102812767028809,4.125625133514404,4.053854465484619
2015-01-06,4.138124942779541,4.150938034057617,3.979063034057617,4.01687479019165,3.9469962120056152
2015-01-07,4.069375038146973,4.136875152587891,4.048749923706055,4.117187976837158,4.045567035675049
2015-01-08,4.190000057220459,4.2921881675720215,4.1803131103515625,4.274687767028809,4.200324058532715
2015-01-09,4.3003129959106445,4.305624961853027,4.171563148498535,4.2196879386901855,4.146281719207764
2015-01-12,4.2378129959106445,4.242187976837158,4.1103129386901855,4.132812976837158,4.06091833114624
2015-01-13,4.2115631103515625,4.299063205718994,4.062812805175781,4.12656307220459,4.054777145385742
2015-01-14,4.044063091278076,4.124688148498535,4.011250019073486,4.085625171661377,4.014551162719727
2015-01-15,4.121250152587891,4.1334381103515625,3.9668750762939453,3.9778130054473877,3.9086146354675293
2015-01-16,3.962812900543213,4.079999923706055,3.9540629386901855,4.071562767028809,4.000733375549316
2015-01-20,4.119688034057617,4.153124809265137,4.026875019073486,4.134375095367432,4.062452793121338
2015-01-21,4.109687805175781,4.213125228881836,4.079999923706055,4.176249980926514,4.10360050201416
2015-01-22,4.207188129425049,4.338749885559082,4.134062767028809,4.330625057220459,4.255289554595947
2015-01-23,4.33093786239624,4.375625133514404,4.304999828338623,4.349374771118164,4.273711681365967
2015-01-26,4.340312957763672,4.355312824249268,4.29562520980835,4.340624809265137,4.265114784240723
2015-01-27,4.203750133514404,4.206874847412109,4.0865631103515625,4.118124961853027,4.046485424041748
2015-01-28,4.247188091278076,4.254063129425049,4.070000171661377,4.073124885559082,4.002269268035889
2015-01-29,4.063125133514404,4.163437843322754,3.994374990463257,4.147812843322754,4.075658321380615
2015-01-30,4.143125057220459,4.20468807220459,4.074062824249268,4.087187767028809,4.016086101531982
2015-02-02,4.1021881103515625,4.163437843322754,3.9778130054473877,4.156562805175781,4.084254741668701
2015-02-03,4.185625076293945,4.240938186645508,4.131249904632568,4.236249923706055,4.162557125091553
2015-02-04,4.1984381675720215,4.28406286239624,4.181875228881836,4.226562976837158,4.153037071228027
2015-02-05,4.24875020980835,4.305937767028809,4.227812767028809,4.300624847412109,4.225810527801514
2015-02-06,4.316249847412109,4.334374904632568,4.218124866485596,4.248437881469727,4.174532413482666
2015-02-09,4.215312957763672,4.2609381675720215,4.20187520980835,4.220938205718994,4.147511005401611
2015-02-10,4.268750190734863,4.364062786102295,4.254063129425049,4.352812767028809,4.277091979980469
2015-02-11,4.3603129386901855,4.403438091278076,4.34656286239624,4.385313034057617,4.309025764465332
2015-02-12,4.440625190734863,4.489375114440918,4.4278130531311035,4.4853129386901855,4.407286643981934
2015-02-13,4.513124942779541,4.56374979019165,4.495625019073486,4.561874866485596,4.482516765594482
2015-02-17,4.561874866485596,4.57687520980835,4.540937900543213,4.5709381103515625,4.491421222686768
2015-02-18,4.560625076293945,4.588438034057617,4.5478129386901855,4.584374904632568,4.5046257972717285
2015-02-19,4.578437805175781,4.634375095367432,4.5759382247924805,4.629063129425049,4.5485358238220215
2015-02-20,4.623437881469727,4.6959381103515625,4.5946879386901855,4.690625190734863,4.60902738571167
2015-02-23,4.687812805175781,4.702188014984131,4.665312767028809,4.701562881469727,4.619772911071777
2015-02-24,4.6884379386901855,4.71750020980835,4.661250114440918,4.707499980926514,4.625608444213867
2015-02-25,4.692812919616699,4.728125095367432,4.663437843322754,4.683125019073486,4.601657390594482
2015-02-26,4.691563129425049,4.735000133514404,4.667500019073486,4.730625152587891,4.6483306884765625
2015-02-27,4.7271881103515625,4.732812881469727,4.674375057220459,4.689374923706055,4.607797145843506
2015-03-02,4.705313205718994,4.776249885559082,4.70437479019165,4.773749828338623,4.6907057762146
2015-03-03,4.743750095367432,4.754063129425049,4.668749809265137,4.726874828338623,4.644645690917969
2015-03-04,4.698124885559082,4.710312843322754,4.640625,4.692812919616699,4.611176490783691
2015-03-05,4.716249942779541,4.736249923706055,4.6696882247924805,4.707188129425049,4.625301837921143
2015-03-06,4.696562767028809,4.713749885559082,4.577499866485596,4.598437786102295,4.518442153930664
2015-03-09,4.619062900543213,4.649687767028809,4.5815629959106445,4.624063014984131,4.54362154006958
2015-03-10,4.56125020980835,4.5625,4.45593786239624,4.458125114440918,4.380570411682129
2015-03-11,4.468438148498535,4.478750228881836,4.400625228881836,4.4040632247924805,4.327450275421143
2015-03-12,4.3965630531311035,4.472499847412109,4.39187479019165,4.463749885559082,4.386098384857178
2015-03-13,4.45468807220459,4.488749980926514,4.367499828338623,4.422500133514404,4.345566749572754
2015-03-16,4.45437479019165,4.539062976837158,4.4459381103515625,4.539062976837158,4.460100173950195
2015-03-17,4.5109381675720215,4.56406307220459,4.491250038146973,4.5503129959106445,4.471155166625977
2015-03-18,4.525000095367432,4.680624961853027,4.479374885559082,4.641250133514404,4.560511112213135
2015-03-19,4.650938034057617,4.678438186645508,4.637499809265137,4.653749942779541,4.572793006896973
2015-03-20,4.728437900543213,4.759687900543213,4.713438034057617,4.717813014984131,4.635740756988525
2015-03-23,4.710000038146973,4.7353129386901855,4.692187786102295,4.694375038146973,4.612711429595947
2015-03-24,4.693124771118164,4.736875057220459,4.65906286239624,4.660937786102295,4.579855918884277
2015-03-25,4.675000190734863,4.681875228881836,4.441874980926514,4.444687843322754,4.3696818351745605
2015-03-26,4.374063014984131,4.465000152587891,4.342813014984131,4.414999961853027,4.340495586395264
2015-03-27,4.4121880531311035,4.47031307220459,4.400312900543213,4.4509382247924805,4.375827789306641
2015-03-30,4.505000114440918,4.559374809265137,4.504687786102295,4.559374809265137,4.482433319091797
2015-03-31,4.527187824249268,4.545000076293945,4.453437805175781,4.45468807220459,4.379513263702393
2015-04-01,4.453125,4.45593786239624,4.351562976837158,4.408750057220459,4.334351539611816
2015-04-02,4.417500019073486,4.441563129425049,4.387499809265137,4.413125038146973,4.33865213394165
2015-04-06,4.361563205718994,4.510000228881836,4.348750114440918,4.48562479019165,4.4099273681640625
2015-04-07,4.4821882247924805,4.5446882247924805,4.46999979019165,4.46999979019165,4.394567966461182
2015-04-08,4.474062919616699,4.553124904632568,4.4721879959106445,4.540937900543213,4.464309215545654
2015-04-09,4.5371880531311035,4.600313186645508,4.5059380531311035,4.597813129425049,4.520223140716553
2015-04-10,4.59531307220459,4.635624885559082,4.5734381675720215,4.634687900543213,4.556476593017578
2015-04-13,4.642813205718994,4.6884379386901855,4.601562976837158,4.61093807220459,4.533126354217529
2015-04-14,4.602499961853027,4.6284379959106445,4.533438205718994,4.585312843322754,4.5079345703125
2015-04-15,4.610000133514404,4.661250114440918,4.598750114440918,4.639062881469727,4.560776233673096
2015-04-16,4.616875171661377,4.644374847412109,4.6046881675720215,4.62781286239624,4.549716949462891
2015-04-17,4.540937900543213,4.56531286239624,4.445312976837158,4.4853129386901855,4.409622669219971
2015-04-20,4.529375076293945,4.633124828338623,4.526249885559082,4.618750095367432,4.540807247161865
2015-04-21,4.670000076293945,4.6875,4.648125171661377,4.656875133514404,4.578289031982422
2015-04-22,4.681562900543213,4.723124980926514,4.621562957763672,4.707188129425049,4.627752304077148
2015-04-23,4.677499771118164,4.78406286239624,4.6753129959106445,4.744999885559082,4.664926052093506
2015-04-24,4.84375,4.884062767028809,4.828437805175781,4.870625019073486,4.788430213928223
2015-04-27,4.909375190734863,4.926249980926514,4.827188014984131,4.848437786102295,4.766618728637695
2015-04-28,4.854063034057617,4.872499942779541,4.746562957763672,4.825624942779541,4.744190216064453
2015-04-29,4.771249771118164,4.82937479019165,4.714687824249268,4.767813205718994,4.687354564666748
2015-04-30,4.714375019073486,4.75156307220459,4.568749904632568,4.614375114440918,4.536506652832031
2015-05-01,4.652187824249268,4.743750095367432,4.651875019073486,4.739999771118164,4.660012245178223
2015-05-04,4.770312786102295,4.8125,4.74875020980835,4.75281286239624,4.672607898712158
2015-05-05,4.718124866485596,4.733749866485596,4.59499979019165,4.601874828338623,4.524217128753662
2015-05-06,4.614687919616699,4.640625,4.474062919616699,4.540312767028809,4.463693141937256
2015-05-07,4.53281307220459,4.614687919616699,4.525938034057617,4.589687824249268,4.512234687805176
2015-05-08,4.6828131675720215,4.723750114440918,4.67062520980835,4.702499866485596,4.623144149780273
2015-05-11,4.710000038146973,4.728125095367432,4.660937786102295,4.664374828338623,4.585663318634033
2015-05-12,4.61093807220459,4.671249866485596,4.541250228881836,4.625312805175781,4.5472588539123535
2015-05-13,4.665937900543213,4.712812900543213,4.630000114440918,4.643125057220459,4.56477165222168
2015-05-14,4.717187881469727,4.786874771118164,4.684374809265137,4.777500152587891,4.696877956390381
2015-05-15,4.804687976837158,4.816249847412109,4.756249904632568,4.779687881469727,4.699028491973877
2015-05-18,4.760624885559082,4.838438034057617,4.755000114440918,4.820624828338623,4.739274978637695
2015-05-19,4.82968807220459,4.84499979019165,4.7946882247924805,4.8078131675720215,4.726679801940918
2015-05-20,4.814374923706055,4.872499942779541,4.765625,4.813125133514404,4.731902122497559
2015-05-21,4.800624847412109,4.877500057220459,4.785624980926514,4.864999771118164,4.782901763916016
2015-05-22,4.854374885559082,4.890625,4.847499847412109,4.858749866485596,4.776756763458252
2015-05-26,4.831874847412109,4.846875190734863,4.704999923706055,4.742499828338623,4.662468433380127
2015-05-27,4.773125171661377,4.905624866485596,4.75124979019165,4.894999980926514,4.8123955726623535
2015-05-28,4.878125190734863,4.898749828338623,4.844375133514404,4.87375020980835,4.791504383087158
2015-05-29,4.866250038146973,4.880624771118164,4.794374942779541,4.818749904632568,4.737432479858398
2015-06-01,4.865624904632568,4.873125076293945,4.770625114440918,4.845624923706055,4.763853549957275
2015-06-02,4.810625076293945,4.863124847412109,4.765625,4.816249847412109,4.734974384307861
2015-06-03,4.859375,4.881249904632568,4.822500228881836,4.844375133514404,4.762626647949219
2015-06-04,4.788125038146973,4.851874828338623,4.741250038146973,4.774374961853027,4.693806171417236
2015-06-05,4.761250019073486,4.78125,4.693124771118164,4.749374866485596,4.669227123260498
2015-06-08,4.743124961853027,4.75,4.633124828338623,4.653749942779541,4.5752153396606445
2015-06-09,4.630000114440918,4.670000076293945,4.566874980926514,4.638750076293945,4.560471534729004
2015-06-10,4.668125152587891,4.789999961853027,4.658750057220459,4.758749961853027,4.678443908691406
2015-06-11,4.796875,4.819375038146973,4.758749961853027,4.775625228881836,4.695034980773926
2015-06-12,4.725625038146973,4.745625019073486,4.68625020980835,4.697500228881836,4.618229389190674
2015-06-15,4.627500057220459,4.664999961853027,4.573750019073486,4.653124809265137,4.574601650238037
2015-06-16,4.639999866485596,4.716249942779541,4.637499809265137,4.699999809265137,4.620685577392578
2015-06-17,4.716875076293945,4.757500171661377,4.668749809265137,4.726250171661377,4.6464924812316895
2015-06-18,4.760000228881836,4.879374980926514,4.756875038146973,4.86062479019165,4.778599739074707
2015-06-19,4.869999885559082,4.87624979019165,4.813125133514404,4.814374923706055,4.73313045501709
2015-06-22,4.890625,4.916250228881836,4.865624904632568,4.885624885559082,4.8031792640686035
2015-06-23,4.897500038146973,4.903124809265137,4.855625152587891,4.894374847412109,4.8117804527282715
2015-06-24,4.882500171661377,4.924375057220459,4.841875076293945,4.846250057220459,4.764467716217041
2015-06-25,4.880000114440918,4.891250133514404,4.809374809265137,4.823124885559082,4.741732597351074
2015-06-26,4.821875095367432,4.84375,4.724999904632568,4.76437520980835,4.6839752197265625
2015-06-29,4.653749942779541,4.708125114440918,4.533124923706055,4.541250228881836,4.4646148681640625
2015-06-30,4.606249809265137,4.623125076293945,4.540625095367432,4.571875095367432,4.494723320007324
2015-07-01,4.660624980926514,4.676249980926514,4.599374771118164,4.641250133514404,4.562926769256592
2015-07-02,4.663125038146973,4.675000190734863,4.615624904632568,4.644999980926514,4.566613674163818
2015-07-06,4.585625171661377,4.673749923706055,4.565625190734863,4.623125076293945,4.545108318328857
2015-07-07,4.629374980926514,4.653124809265137,4.461249828338623,4.641250133514404,4.562926769256592
2015-07-08,4.576250076293945,4.587500095367432,4.466249942779541,4.481874942779541,4.4062418937683105
2015-07-09,4.598750114440918,4.60812520980835,4.473124980926514,4.475625038146973,4.400097370147705
2015-07-10,4.595624923706055,4.646874904632568,4.563125133514404,4.615624904632568,4.537734508514404
2015-07-13,4.693749904632568,4.78249979019165,4.691874980926514,4.772500038146973,4.691961765289307
2015-07-14,4.785624980926514,4.862500190734863,4.783124923706055,4.836249828338623,4.754636764526367
2015-07-15,4.854374885559082,4.883749961853027,4.819375038146973,4.847499847412109,4.765696048736572
2015-07-16,4.925000190734863,4.984375,4.90749979019165,4.982500076293945,4.8984198570251465
2015-07-17,5.0625,5.127500057220459,5.048749923706055,5.127500057220459,5.040972709655762
2015-07-20,5.15749979019165,5.203750133514404,5.120625019073486,5.166874885559082,5.07968282699585
2015-07-21,5.168125152587891,5.183750152587891,5.129374980926514,5.156875133514404,5.069849967956543
2015-07-22,5.000625133514404,5.090624809265137,5.000625133514404,5.045000076293945,4.959864139556885
2015-07-23,5.054375171661377,5.084374904632568,4.978750228881836,5.002500057220459,4.918081760406494
2015-07-24,5.056875228881836,5.0625,4.891250133514404,4.90749979019165,4.824683666229248
2015-07-27,4.849374771118164,4.89187479019165,4.803750038146973,4.823124885559082,4.741732597351074
2015-07-28,4.868124961853027,4.926249980926514,4.790625095367432,4.90625,4.823455810546875
2015-07-29,4.926875114440918,4.965624809265137,4.891250133514404,4.946875095367432,4.863394260406494
2015-07-30,4.920000076293945,5.007500171661377,4.863124847412109,4.991250038146973,4.9070210456848145
2015-07-31,5.023125171661377,5.026875019073486,4.958749771118164,4.979374885559082,4.895346164703369
2015-08-03,4.980625152587891,5.007500171661377,4.883124828338623,4.95187520980835,4.868310451507568
2015-08-04,4.944375038146973,4.959374904632568,4.887499809265137,4.928750038146973,4.845576286315918
2015-08-05,4.983749866485596,5.070624828338623,4.973750114440918,5.003749847412109,4.919309139251709
2015-08-06,5.011250019073486,5.026249885559082,4.800000190734863,4.847499847412109,4.765696048736572
2015-08-07,4.821249961853027,4.855000019073486,4.753125190734863,4.831250190734863,4.749721050262451
2015-08-10,4.889999866485596,4.962500095367432,4.889999866485596,4.940625190734863,4.857251167297363
2015-08-11,4.887499809265137,4.928124904632568,4.761250019073486,4.816874980926514,4.735589027404785
2015-08-12,4.74875020980835,4.866875171661377,4.646874904632568,4.845624923706055,4.763853549957275
2015-08-13,4.857500076293945,4.903749942779541,4.81125020980835,4.828125,4.746648788452148
2015-08-14,4.809374809265137,4.859375,4.789999961853027,4.84375,4.7620110511779785
2015-08-17,4.821875095367432,4.928750038146973,4.798749923706055,4.924375057220459,4.841274738311768
2015-08-18,4.913125038146973,4.92062520980835,4.862500190734863,4.876874923706055,4.7945756912231445
2015-08-19,4.847499847412109,4.897500038146973,4.755000114440918,4.81125020980835,4.73006010055542
2015-08-20,4.721875190734863,4.753749847412109,4.543749809265137,4.547500133514404,4.47075891494751
2015-08-21,4.419374942779541,4.492499828338623,4.15749979019165,4.15749979019165,4.08734130859375
2015-08-24,3.4906249046325684,4.15625,3.4375,3.844374895095825,3.7795002460479736
2015-08-25,4.112500190734863,4.160624980926514,3.7950000762939453,3.799375057220459,3.735259532928467
2015-08-26,4.018125057220459,4.195624828338623,3.862499952316284,4.179999828338623,4.109460830688477
2015-08-27,4.300624847412109,4.398125171661377,4.200624942779541,4.389999866485596,4.315916061401367
2015-08-28,4.351250171661377,4.421249866485596,4.32687520980835,4.394999980926514,4.320832252502441
2015-08-31,4.341875076293945,4.388750076293945,4.260000228881836,4.281875133514404,4.209617614746094
2015-09-01,4.072500228881836,4.196875095367432,3.9781250953674316,4.023125171661377,3.955233097076416
2015-09-02,4.15500020980835,4.241250038146973,4.068124771118164,4.241250038146973,4.169678688049316
2015-09-03,4.276249885559082,4.329999923706055,4.175000190734863,4.195000171661377,4.124207973480225
2015-09-04,4.081250190734863,4.153749942779541,4.050624847412109,4.096875190734863,4.027739524841309
2015-09-08,4.257500171661377,4.337500095367432,4.221250057220459,4.32687520980835,4.253857612609863
2015-09-09,4.431250095367432,4.432499885559082,4.208749771118164,4.231874942779541,4.160459995269775
2015-09-10,4.220624923706055,4.378125190734863,4.213749885559082,4.320000171661377,4.24709939956665
2015-09-11,4.281875133514404,4.368750095367432,4.258749961853027,4.368750095367432,4.295026779174805
2015-09-14,4.401249885559082,4.402500152587891,4.310625076293945,4.341875076293945,4.268604755401611
2015-09-15,4.362500190734863,4.472499847412109,4.333749771118164,4.442500114440918,4.367532253265381
2015-09-16,4.448124885559082,4.503749847412109,4.416250228881836,4.494375228881836,4.418532371520996
2015-09-17,4.491250038146973,4.632500171661377,4.461249828338623,4.49875020980835,4.422832489013672
2015-09-18,4.362500190734863,4.476250171661377,4.357500076293945,4.37375020980835,4.299941539764404
2015-09-21,4.419374942779541,4.46875,4.320624828338623,4.399374961853027,4.32513427734375
2015-09-22,4.261250019073486,4.293749809265137,4.18625020980835,4.268750190734863,4.196714878082275
2015-09-23,4.287499904632568,4.311874866485596,4.230625152587891,4.271249771118164,4.199171543121338
2015-09-24,4.18625020980835,4.273125171661377,4.118124961853027,4.244999885559082,4.173364162445068
2015-09-25,4.333749771118164,4.340000152587891,4.118124961853027,4.170000076293945,4.0996294021606445
2015-09-28,4.131249904632568,4.138750076293945,3.9081249237060547,3.932499885559082,3.866138219833374
2015-09-29,3.953125,4.031875133514404,3.8343749046325684,3.893749952316284,3.8280417919158936
2015-09-30,4.001874923706055,4.078750133514404,3.9706249237060547,4.065625190734863,3.997016191482544
2015-10-01,4.080625057220459,4.105625152587891,3.976249933242798,4.103125095367432,4.0338826179504395
2015-10-02,3.992500066757202,4.250625133514404,3.9668750762939453,4.246874809265137,4.175207138061523
2015-10-05,4.308125019073486,4.393750190734863,4.293125152587891,4.372499942779541,4.298712253570557
2015-10-06,4.352499961853027,4.378749847412109,4.261875152587891,4.331250190734863,4.2581586837768555
2015-10-07,4.383124828338623,4.400000095367432,4.270625114440918,4.380000114440918,4.30608606338501
2015-10-08,4.346250057220459,4.429999828338623,4.263124942779541,4.414999961853027,4.340495586395264
2015-10-09,4.421249866485596,4.472499847412109,4.396249771118164,4.45187520980835,4.376748561859131
2015-10-12,4.473750114440918,4.492499828338623,4.441249847412109,4.477499961853027,4.401939868927002
2015-10-13,4.423749923706055,4.515625,4.410624980926514,4.415625095367432,4.3411102294921875
2015-10-14,4.418125152587891,4.462500095367432,4.366875171661377,4.405624866485596,4.331279277801514
2015-10-15,4.4375,4.550000190734863,4.425000190734863,4.550000190734863,4.473217964172363
2015-10-16,4.566874980926514,4.591875076293945,4.525625228881836,4.590000152587891,4.512542724609375
2015-10-19,4.574375152587891,4.645625114440918,4.554999828338623,4.64187479019165,4.563540935516357
2015-10-20,4.62624979019165,4.64187479019165,4.5625,4.59375,4.516228675842285
2015-10-21,4.634375095367432,4.646874904632568,4.531875133514404,4.535624980926514,4.459084987640381
2015-10-22,4.614375114440918,4.726874828338623,4.591249942779541,4.721250057220459,4.641577243804932
2015-10-23,4.96999979019165,5.022500038146973,4.923749923706055,4.985000133514404,4.900876045227051
2015-10-26,4.974374771118164,5.009375095367432,4.940000057220459,4.992499828338623,4.908249378204346
2015-10-27,4.962500095367432,5.024374961853027,4.962500095367432,5.009375095367432,4.924840450286865
2015-10-28,5.03000020980835,5.09375,4.947500228881836,5.09375,5.007791042327881
2015-10-29,5.044374942779541,5.094375133514404,5.036250114440918,5.078125,4.992429256439209
2015-10-30,5.081250190734863,5.099374771118164,5.03125,5.033750057220459,4.9488043785095215
2015-11-02,5.060625076293945,5.15625,5.037499904632568,5.148749828338623,5.061863422393799
2015-11-03,5.125,5.216249942779541,5.110000133514404,5.183125019073486,5.0956573486328125
2015-11-04,5.215000152587891,5.221250057220459,5.13937520980835,5.184374809265137,5.096886157989502
2015-11-05,5.1875,5.215624809265137,5.099999904632568,5.149374961853027,5.062478065490723
2015-11-06,5.131249904632568,5.17312479019165,5.068124771118164,5.161874771118164,5.074766159057617
2015-11-09,5.121874809265137,5.134375095367432,4.986875057220459,5.052499771118164,4.967236518859863
2015-11-10,4.996874809265137,5.033750057220459,4.966875076293945,5.021874904632568,4.937129020690918
2015-11-11,5.053124904632568,5.099374771118164,4.994999885559082,5.011875152587891,4.927298545837402
2015-11-12,4.96875,5.017499923706055,4.90749979019165,4.913125038146973,4.830214977264404
2015-11-13,4.87375020980835,4.883124828338623,4.715624809265137,4.721875190734863,4.6421918869018555
2015-11-16,4.710625171661377,4.85812520980835,4.691874980926514,4.856249809265137,4.774299144744873
2015-11-17,4.875,4.932499885559082,4.837500095367432,4.862500190734863,4.780442714691162
2015-11-18,4.900625228881836,5.058750152587891,4.891250133514404,5.046249866485596,4.961093425750732
2015-11-19,5.053124904632568,5.101874828338623,5.038125038146973,5.054999828338623,4.969695568084717
2015-11-20,5.101874828338623,5.131249904632568,5.093124866485596,5.121874809265137,5.035441875457764
2015-11-23,5.124374866485596,5.164999961853027,5.051249980926514,5.094375133514404,5.0084052085876465
2015-11-24,5.027500152587891,5.108749866485596,4.977499961853027,5.088125228881836,5.002261161804199
2015-11-25,5.098124980926514,5.112500190734863,5.073124885559082,5.093124866485596,5.007176399230957
2015-11-27,5.113749980926514,5.128749847412109,5.074999809265137,5.109375,5.023152828216553
2015-11-30,5.134375095367432,5.137499809265137,5.048749923706055,5.081874847412109,4.99611759185791
2015-12-01,5.120625019073486,5.183750152587891,5.109375,5.183750152587891,5.096271514892578
2015-12-02,5.191249847412109,5.23562479019165,5.103750228881836,5.122499942779541,5.036056041717529
2015-12-03,5.146249771118164,5.161874771118164,4.885000228881836,4.946249961853027,4.86277961730957
2015-12-04,4.971250057220459,5.192500114440918,4.954999923706055,5.174375057220459,5.0870561599731445
2015-12-07,5.180624961853027,5.185625076293945,5.080625057220459,5.130000114440918,5.043431282043457
2015-12-08,5.023749828338623,5.161874771118164,5.017499923706055,5.131875038146973,5.045273303985596
2015-12-09,5.084374904632568,5.13937520980835,4.912499904632568,4.974999904632568,4.891045570373535
2015-12-10,4.997499942779541,5.083749771118164,4.966249942779541,5.018125057220459,4.933443546295166
2015-12-11,4.903749942779541,4.926249980926514,4.78000020980835,4.789374828338623,4.708552837371826
2015-12-14,4.804375171661377,4.863749980926514,4.664999961853027,4.863749980926514,4.78167200088501
2015-12-15,4.944375038146973,5.002500057220459,4.905624866485596,4.920000076293945,4.836974620819092
2015-12-16,4.982500076293945,5.078750133514404,4.877500057220459,5.058125019073486,4.972768306732178
2015-12-17,5.109375,5.109375,4.914999961853027,4.918125152587891,4.835130214691162
2015-12-18,4.880000114440918,4.904375076293945,4.730000019073486,4.73562479019165,4.655709743499756
2015-12-21,4.815000057220459,4.833749771118164,4.746874809265137,4.833125114440918,4.751564979553223
2015-12-22,4.879374980926514,4.905624866485596,4.829999923706055,4.893125057220459,4.81341552734375
2015-12-23,4.941249847412109,4.970624923706055,4.925624847412109,4.966875076293945,4.885963439941406
2015-12-24,4.962500095367432,4.990624904632568,4.957499980926514,4.963125228881836,4.882275581359863
2015-12-28,4.938125133514404,4.956250190734863,4.866250038146973,4.953750133514404,4.873053073883057
2015-12-29,5.013750076293945,5.132500171661377,5.011250019073486,5.109375,5.026142597198486
2015-12-30,5.099999904632568,5.105625152587891,5.018750190734863,5.021249771118164,4.939453601837158
2015-12-31,4.981249809265137,5.000625133514404,4.893750190734863,4.897500038146973,4.817718029022217
2016-01-04,4.678750038146973,4.696249961853027,4.567500114440918,4.693124771118164,4.616673469543457
2016-01-05,4.730000019073486,4.746250152587891,4.628125190734863,4.668125152587891,4.592080116271973
2016-01-06,4.508749961853027,4.633749961853027,4.508749961853027,4.583749771118164,4.509079456329346
2016-01-07,4.386875152587891,4.5,4.290625095367432,4.29812479019165,4.22810697555542
2016-01-08,4.364375114440918,4.409999847412109,4.215000152587891,4.223124980926514,4.154328346252441
2016-01-11,4.284375190734863,4.307499885559082,4.121874809265137,4.253125190734863,4.183840751647949
2016-01-12,4.331250190734863,4.391250133514404,4.226874828338623,4.351874828338623,4.280981540679932
2016-01-13,4.381875038146973,4.402500152587891,4.033750057220459,4.048749923706055,3.982795238494873
2016-01-14,4.080625057220459,4.290625095367432,3.9493749141693115,4.21875,4.150027275085449
2016-01-15,3.9356250762939453,4.04562520980835,3.8499999046325684,3.9574999809265137,3.893031597137451
2016-01-19,4.065625190734863,4.075624942779541,3.880625009536743,3.974375009536743,3.9096317291259766
2016-01-20,3.853749990463257,4.033750057220459,3.674999952316284,3.9518749713897705,3.887498378753662
2016-01-21,3.9800000190734863,4.074375152587891,3.8768749237060547,3.961250066757202,3.8967206478118896
2016-01-22,4.109375,4.18874979019165,4.088749885559082,4.186874866485596,4.118669509887695
2016-01-25,4.161874771118164,4.202499866485596,4.054375171661377,4.065000057220459,3.9987809658050537
2016-01-26,4.093124866485596,4.167500019073486,4.025625228881836,4.136875152587891,4.069484710693359
2016-01-27,4.087500095367432,4.120625019073486,3.8943750858306885,3.929374933242798,3.8653643131256104
2016-01-28,4.054375171661377,4.06125020980835,3.903749942779541,4.038125038146973,3.9723424911499023
2016-01-29,4.038125038146973,4.209374904632568,4.033750057220459,4.207499980926514,4.138960838317871
2016-02-01,4.164374828338623,4.261250019073486,4.135000228881836,4.224374771118164,4.15556001663208
2016-02-02,4.190625190734863,4.193124771118164,4.021249771118164,4.04562520980835,3.9797215461730957
2016-02-03,4.097499847412109,4.097499847412109,3.8681249618530273,4.008749961853027,3.9434473514556885
2016-02-04,3.9856250286102295,4.068749904632568,3.911875009536743,4.007500171661377,3.9422175884246826
2016-02-05,3.976875066757202,3.976875066757202,3.6968750953674316,3.726249933242798,3.665548324584961
2016-02-08,3.5893750190734863,3.6443750858306885,3.476875066757202,3.6131250858306885,3.5542666912078857
2016-02-09,3.515625,3.698124885559082,3.505000114440918,3.588749885559082,3.5302889347076416
2016-02-10,3.676875114440918,3.765625,3.612499952316284,3.619374990463257,3.5604147911071777
2016-02-11,3.5243749618530273,3.663749933242798,3.505000114440918,3.612499952316284,3.553652048110962
2016-02-12,3.6893749237060547,3.7231249809265137,3.619999885559082,3.716249942779541,3.655712127685547
2016-02-16,3.823124885559082,3.878124952316284,3.7793750762939453,3.878124952316284,3.8149492740631104
2016-02-17,3.942500114440918,4.070624828338623,3.9206249713897705,4.058750152587891,3.9926323890686035
2016-02-18,4.082499980926514,4.084374904632568,3.955625057220459,3.96875,3.9040982723236084
2016-02-19,3.9331250190734863,4.01437520980835,3.911250114440918,3.991874933242798,3.926846981048584
2016-02-22,4.065000057220459,4.126874923706055,4.056875228881836,4.119999885559082,4.05288553237915
2016-02-23,4.070000171661377,4.09375,3.978749990463257,3.984375,3.919468879699707
2016-02-24,3.8924999237060547,4.068749904632568,3.8418750762939453,4.060625076293945,3.9944772720336914
2016-02-25,4.078125,4.138124942779541,4.003749847412109,4.138124942779541,4.070714473724365
2016-02-26,4.198750019073486,4.203750133514404,4.110000133514404,4.128749847412109,4.061491012573242
2016-02-29,4.121250152587891,4.181875228881836,4.054999828338623,4.054999828338623,3.988942861557007
2016-03-01,4.128125190734863,4.315625190734863,4.107500076293945,4.313125133514404,4.242864608764648
2016-03-02,4.303750038146973,4.318749904632568,4.25124979019165,4.317500114440918,4.247166633605957
2016-03-03,4.308750152587891,4.3125,4.241250038146973,4.302499771118164,4.2324113845825195
2016-03-04,4.308750152587891,4.36062479019165,4.25,4.306250095367432,4.236100673675537
2016-03-07,4.261875152587891,4.310625076293945,4.190625190734863,4.254374980926514,4.185070514678955
2016-03-08,4.191249847412109,4.266250133514404,4.165625095367432,4.179999828338623,4.111907005310059
2016-03-09,4.216875076293945,4.23562479019165,4.166250228881836,4.235000133514404,4.166011333465576
2016-03-10,4.275000095367432,4.318124771118164,4.115624904632568,4.224374771118164,4.15556001663208
2016-03-11,4.315625190734863,4.368750095367432,4.286874771118164,4.368750095367432,4.297582149505615
2016-03-14,4.335625171661377,4.404375076293945,4.335000038146973,4.381875038146973,4.310493469238281
2016-03-15,4.349999904632568,4.388124942779541,4.324999809265137,4.380000114440918,4.30864953994751
2016-03-16,4.356874942779541,4.480625152587891,4.356874942779541,4.457499980926514,4.384886264801025
2016-03-17,4.429375171661377,4.472499847412109,4.399374961853027,4.452499866485596,4.379968166351318
2016-03-18,4.472499847412109,4.488749980926514,4.421249866485596,4.469375133514404,4.396567344665527
2016-03-21,4.451250076293945,4.506875038146973,4.445000171661377,4.501874923706055,4.428539276123047
2016-03-22,4.447500228881836,4.54812479019165,4.447500228881836,4.526875019073486,4.453131675720215
2016-03-23,4.506875038146973,4.510000228881836,4.431250095367432,4.448124885559082,4.375663757324219
2016-03-24,4.401249885559082,4.453125,4.389999866485596,4.450624942779541,4.378123760223389
2016-03-28,4.476874828338623,4.476874828338623,4.422500133514404,4.439374923706055,4.367056369781494
2016-03-29,4.421875,4.585625171661377,4.40625,4.575624942779541,4.501087188720703
2016-03-30,4.633124828338623,4.681250095367432,4.605625152587891,4.626874923706055,4.551502704620361
2016-03-31,4.621874809265137,4.651249885559082,4.596875190734863,4.612500190734863,4.537362098693848
2016-04-01,4.554999828338623,4.711874961853027,4.542500019073486,4.707499980926514,4.630814075469971
2016-04-04,4.704999923706055,4.713749885559082,4.651875019073486,4.670000076293945,4.593924522399902
2016-04-05,4.598124980926514,4.634375095367432,4.571249961853027,4.585625171661377,4.510924339294434
2016-04-06,4.591249942779541,4.734375,4.591249942779541,4.73312520980835,4.656022548675537
2016-04-07,4.679999828338623,4.693749904632568,4.556875228881836,4.590624809265137,4.515841960906982
2016-04-08,4.653124809265137,4.675000190734863,4.557499885559082,4.590624809265137,4.515841960906982
2016-04-11,4.630000114440918,4.673749923706055,4.553750038146973,4.554999828338623,4.480798244476318
2016-04-12,4.558750152587891,4.648125171661377,4.505000114440918,4.633124828338623,4.557651042938232
2016-04-13,4.702499866485596,4.763750076293945,4.690625190734863,4.750625133514404,4.673236846923828
2016-04-14,4.752500057220459,4.784375190734863,4.724999904632568,4.75,4.672621726989746
2016-04-15,4.741250038146973,4.761250019073486,4.702499866485596,4.724999904632568,4.64802885055542
2016-04-18,4.698750019073486,4.777500152587891,4.693124771118164,4.775000095367432,4.697214603424072
2016-04-19,4.786874771118164,4.804999828338623,4.664999961853027,4.716249942779541,4.63942289352417
2016-04-20,4.715624809265137,4.767499923706055,4.684999942779541,4.721875190734863,4.644955158233643
2016-04-21,4.721875190734863,4.758124828338623,4.684374809265137,4.724374771118164,4.647414207458496
2016-04-22,4.605625152587891,4.644999980926514,4.511875152587891,4.583749771118164,4.509079456329346
2016-04-25,4.553124904632568,4.583125114440918,4.538125038146973,4.583125114440918,4.50846529006958
2016-04-26,4.599999904632568,4.616250038146973,4.510624885559082,4.541250228881836,4.4672722816467285
2016-04-27,4.445000171661377,4.485000133514404,4.391250133514404,4.463125228881836,4.390419960021973
2016-04-28,4.474374771118164,4.527500152587891,4.336874961853027,4.359375,4.288360118865967
2016-04-29,4.351874828338623,4.373125076293945,4.244375228881836,4.309999942779541,4.2397894859313965
2016-05-02,4.32687520980835,4.403124809265137,4.297500133514404,4.389999866485596,4.318486213684082
2016-05-03,4.328125,4.367499828338623,4.287499904632568,4.310625076293945,4.240405082702637
2016-05-04,4.260000228881836,4.288750171661377,4.233749866485596,4.254374980926514,4.185070514678955
2016-05-05,4.28125,4.302499771118164,4.23562479019165,4.253749847412109,4.184454917907715
2016-05-06,4.214375019073486,4.297500133514404,4.201250076293945,4.297500133514404,4.2274932861328125
2016-05-09,4.29562520980835,4.359375,4.293125152587891,4.320000171661377,4.249627113342285
2016-05-10,4.353125095367432,4.443124771118164,4.336249828338623,4.43874979019165,4.36644172668457
2016-05-11,4.425624847412109,4.45187520980835,4.355625152587891,4.360000133514404,4.288975715637207
2016-05-12,4.382500171661377,4.387499809265137,4.258749961853027,4.320000171661377,4.249627113342285
2016-05-13,4.31374979019165,4.364375114440918,4.271874904632568,4.289999961853027,4.220114707946777
2016-05-16,4.300000190734863,4.425624847412109,4.292500019073486,4.393750190734863,4.322175979614258
2016-05-17,4.387499809265137,4.411250114440918,4.260624885559082,4.284999847412109,4.2151970863342285
2016-05-18,4.26687479019165,4.361249923706055,4.247499942779541,4.315000057220459,4.244709491729736
2016-05-19,4.281875133514404,4.300000190734863,4.206874847412109,4.271249771118164,4.201670169830322
2016-05-20,4.304999828338623,4.397500038146973,4.29812479019165,4.361249923706055,4.29020357131958
2016-05-23,4.368124961853027,4.404375076293945,4.34375,4.349374771118164,4.278523921966553
2016-05-24,4.396874904632568,4.535624980926514,4.396874904632568,4.526875019073486,4.453131675720215
2016-05-25,4.559374809265137,4.617499828338623,4.545000076293945,4.591875076293945,4.517073154449463
2016-05-26,4.605000019073486,4.628749847412109,4.578125,4.617499828338623,4.542280673980713
2016-05-27,4.623125076293945,4.666250228881836,4.621874809265137,4.664999961853027,4.589006423950195
2016-05-31,4.679999828338623,4.696875095367432,4.636875152587891,4.683750152587891,4.607451438903809
2016-06-01,4.651875019073486,4.70437479019165,4.648125171661377,4.681250095367432,4.604991436004639
2016-06-02,4.663125038146973,4.703750133514404,4.613749980926514,4.703750133514404,4.627124786376953
2016-06-03,4.684374809265137,4.6875,4.598124980926514,4.65749979019165,4.58162784576416
2016-06-06,4.675624847412109,4.715624809265137,4.659375190734863,4.689374923706055,4.612983703613281
2016-06-07,4.696249961853027,4.705625057220459,4.663750171661377,4.67062520980835,4.594540119171143
2016-06-08,4.678750038146973,4.702499866485596,4.650625228881836,4.683125019073486,4.606835842132568
2016-06-09,4.648749828338623,4.678124904632568,4.628125190734863,4.666874885559082,4.590850830078125
2016-06-10,4.582499980926514,4.600625038146973,4.530624866485596,4.5625,4.488175392150879
2016-06-13,4.511875152587891,4.559999942779541,4.474999904632568,4.48312520980835,4.410094261169434
2016-06-14,4.466875076293945,4.51687479019165,4.420000076293945,4.487500190734863,4.414397716522217
2016-06-15,4.507500171661377,4.517499923706055,4.446875095367432,4.460000038146973,4.387345314025879
2016-06-16,4.414999961853027,4.491875171661377,4.359375,4.486875057220459,4.413784027099609
2016-06-17,4.46875,4.46875,4.360000133514404,4.383124828338623,4.311722755432129
2016-06-20,4.484375,4.523125171661377,4.428750038146973,4.433750152587891,4.361523151397705
2016-06-21,4.449999809265137,4.479374885559082,4.430624961853027,4.462500095367432,4.389805316925049
2016-06-22,4.466249942779541,4.516250133514404,4.431250095367432,4.438125133514404,4.368274688720703
2016-06-23,4.506249904632568,4.565625190734863,4.470624923706055,4.563125133514404,4.491306304931641
2016-06-24,4.235000133514404,4.374374866485596,4.171875,4.192500114440918,4.126514911651611
2016-06-27,4.137499809265137,4.137499809265137,3.9862499237060547,4.030624866485596,3.9671878814697266
2016-06-28,4.11062479019165,4.20187520980835,4.109375,4.199999809265137,4.133898735046387
2016-06-29,4.262499809265137,4.363749980926514,4.261250019073486,4.346875190734863,4.278461933135986
2016-06-30,4.363124847412109,4.453125,4.332499980926514,4.447500228881836,4.37750244140625
2016-07-01,4.446249961853027,4.525000095367432,4.441874980926514,4.491875171661377,4.421178340911865
2016-07-05,4.449375152587891,4.454999923706055,4.389999866485596,4.435625076293945,4.365813732147217
2016-07-06,4.395625114440918,4.512499809265137,4.367499828338623,4.507500171661377,4.436558723449707
2016-07-07,4.515625,4.555624961853027,4.494375228881836,4.536250114440918,4.464855194091797
2016-07-08,4.581250190734863,4.680624961853027,4.569375038146973,4.676249980926514,4.6026506423950195
2016-07-11,4.704999923706055,4.763124942779541,4.704999923706055,4.731249809265137,4.65678596496582
2016-07-12,4.787499904632568,4.800624847412109,4.766250133514404,4.776249885559082,4.701077461242676
2016-07-13,4.801875114440918,4.803124904632568,4.753125190734863,4.755624771118164,4.680777549743652
2016-07-14,4.815625190734863,4.835000038146973,4.794374942779541,4.815625190734863,4.739832401275635
2016-07-15,4.838749885559082,4.84499979019165,4.78125,4.801875114440918,4.72629976272583
2016-07-18,4.806250095367432,4.881249904632568,4.806250095367432,4.865624904632568,4.789045333862305
2016-07-19,4.833749771118164,4.858749866485596,4.813125133514404,4.82937479019165,4.753366947174072
2016-07-20,4.883749961853027,4.960625171661377,4.871250152587891,4.943124771118164,4.865326881408691
2016-07-21,4.950624942779541,4.96750020980835,4.893125057220459,4.921249866485596,4.8437957763671875
2016-07-22,4.926875114440918,4.971250057220459,4.898125171661377,4.960000038146973,4.8819355964660645
2016-07-25,4.948750019073486,4.962500095367432,4.928124904632568,4.962500095367432,4.884397029876709
2016-07-26,4.958125114440918,5.008124828338623,4.922500133514404,4.974999904632568,4.896699905395508
2016-07-27,5.055624961853027,5.066249847412109,4.998125076293945,5.038750171661377,4.959445953369141
2016-07-28,5.056875228881836,5.088125228881836,5.025000095367432,5.077499866485596,4.997585296630859
2016-07-29,5.098124980926514,5.124374866485596,5.066249847412109,5.096875190734863,5.01665735244751
2016-08-01,5.104374885559082,5.176249980926514,5.09250020980835,5.150000095367432,5.068945407867432
2016-08-02,5.136250019073486,5.14187479019165,5.006875038146973,5.071875095367432,4.9920501708984375
2016-08-03,5.063125133514404,5.107500076293945,5.059999942779541,5.107500076293945,5.027113914489746
2016-08-04,5.105625152587891,5.144374847412109,5.078750133514404,5.135624885559082,5.054797172546387
2016-08-05,5.189374923706055,5.255624771118164,5.176249980926514,5.23312520980835,5.150762557983398
2016-08-08,5.237500190734863,5.241250038146973,5.188125133514404,5.223124980926514,5.140919208526611
2016-08-09,5.228125095367432,5.276875019073486,5.223124980926514,5.246874809265137,5.164296627044678
2016-08-10,5.25,5.255000114440918,5.191874980926514,5.21999979019165,5.137843132019043
2016-08-11,5.252500057220459,5.285624980926514,5.232500076293945,5.263750076293945,5.180905818939209
2016-08-12,5.244375228881836,5.270625114440918,5.23312520980835,5.270625114440918,5.1876726150512695
2016-08-15,5.28249979019165,5.338125228881836,5.28125,5.315625190734863,5.231965065002441
2016-08-16,5.293749809265137,5.29562520980835,5.253749847412109,5.257500171661377,5.174753189086914
2016-08-17,5.258124828338623,5.276249885559082,5.199999809265137,5.273125171661377,5.190133571624756
2016-08-18,5.266250133514404,5.289374828338623,5.245625019073486,5.278124809265137,5.195054054260254
2016-08-19,5.260624885559082,5.296249866485596,5.230625152587891,5.273749828338623,5.190748691558838
2016-08-22,5.256249904632568,5.29812479019165,5.239375114440918,5.28000020980835,5.1968994140625
2016-08-23,5.318749904632568,5.340624809265137,5.29562520980835,5.29812479019165,5.214738368988037
2016-08-24,5.293125152587891,5.306250095367432,5.196875095367432,5.228750228881836,5.146456241607666
2016-08-25,5.202499866485596,5.244999885559082,5.190625190734863,5.211249828338623,5.1292314529418945
2016-08-26,5.21750020980835,5.295000076293945,5.166874885559082,5.227499961853027,5.145225524902344
2016-08-29,5.231249809265137,5.270625114440918,5.230625152587891,5.242499828338623,5.159989356994629
2016-08-30,5.224999904632568,5.254374980926514,5.172500133514404,5.208125114440918,5.126156806945801
2016-08-31,5.191249847412109,5.207499980926514,5.153749942779541,5.194375038146973,5.112620830535889
2016-09-01,5.201250076293945,5.235000133514404,5.150000095367432,5.221250057220459,5.13907527923584
2016-09-02,5.273125171661377,5.296249866485596,5.21750020980835,5.254374980926514,5.171677112579346
2016-09-06,5.272500038146973,5.321875095367432,5.252500057220459,5.320624828338623,5.2368855476379395
2016-09-07,5.329999923706055,5.345624923706055,5.288125038146973,5.32937479019165,5.245497703552246
2016-09-08,5.296249866485596,5.298749923706055,5.239375114440918,5.264999866485596,5.182136535644531
2016-09-09,5.176249980926514,5.200624942779541,4.998125076293945,4.998125076293945,4.919461250305176
2016-09-12,4.945000171661377,5.192500114440918,4.942500114440918,5.175000190734863,5.093553066253662
2016-09-13,5.125,5.15625,5.038125038146973,5.086249828338623,5.006198883056641
2016-09-14,5.097499847412109,5.190000057220459,5.096250057220459,5.137499809265137,5.056642055511475
2016-09-15,5.139999866485596,5.307499885559082,5.135624885559082,5.296249866485596,5.212893962860107
2016-09-16,5.28249979019165,5.298749923706055,5.238749980926514,5.289374828338623,5.2061262130737305
2016-09-19,5.314374923706055,5.348750114440918,5.221875190734863,5.241875171661377,5.159374237060547
2016-09-20,5.278749942779541,5.303750038146973,5.243124961853027,5.261250019073486,5.178443908691406
2016-09-21,5.303750038146973,5.378125190734863,5.244375228881836,5.363124847412109,5.278716087341309
2016-09-22,5.428750038146973,5.461874961853027,5.416874885559082,5.450624942779541,5.364838600158691
2016-09-23,5.433125019073486,5.434999942779541,5.365624904632568,5.379374980926514,5.2947096824646
2016-09-26,5.320000171661377,5.331874847412109,5.275000095367432,5.290625095367432,5.207357406616211
2016-09-27,5.286874771118164,5.398125171661377,5.274374961853027,5.393125057220459,5.308244228363037
2016-09-28,5.40500020980835,5.418749809265137,5.357500076293945,5.413750171661377,5.328543663024902
2016-09-29,5.395625114440918,5.413750171661377,5.287499904632568,5.331874847412109,5.247957229614258
2016-09-30,5.361875057220459,5.444375038146973,5.349999904632568,5.408750057220459,5.323622703552246
2016-10-03,5.393750190734863,5.409375190734863,5.355625152587891,5.395625114440918,5.310704231262207
2016-10-04,5.423749923706055,5.45187520980835,5.339375019073486,5.381249904632568,5.296555042266846
2016-10-05,5.40749979019165,5.45187520980835,5.40625,5.416874885559082,5.3316192626953125
2016-10-06,5.403749942779541,5.431875228881836,5.36062479019165,5.413125038146973,5.3279290199279785
2016-10-07,5.421875,5.434999942779541,5.336249828338623,5.388750076293945,5.303936958312988
2016-10-10,5.438125133514404,5.478750228881836,5.438125133514404,5.453125,5.367300033569336
2016-10-11,5.443124771118164,5.447500228881836,5.253125190734863,5.296249866485596,5.212893962860107
2016-10-12,5.304375171661377,5.32687520980835,5.260000228881836,5.292500019073486,5.209202766418457
2016-10-13,5.21999979019165,5.28125,5.158124923706055,5.254374980926514,5.171677112579346
2016-10-14,5.300000190734863,5.345624923706055,5.258124828338623,5.262499809265137,5.179675579071045
2016-10-17,5.260000228881836,5.276249885559082,5.223750114440918,5.23562479019165,5.153222560882568
2016-10-18,5.356249809265137,5.376874923706055,5.322500228881836,5.328125,5.24426794052124
2016-10-19,5.318124771118164,5.341875076293945,5.308750152587891,5.324999809265137,5.241191387176514
2016-10-20,5.31125020980835,5.335625171661377,5.253125190734863,5.315000057220459,5.231348037719727
2016-10-21,5.321875095367432,5.359375,5.286874771118164,5.355000019073486,5.270719528198242
2016-10-24,5.421875,5.488124847412109,5.42062520980835,5.48312520980835,5.396827697753906
2016-10-25,5.48562479019165,5.489999771118164,5.429999828338623,5.445000171661377,5.3593034744262695
2016-10-26,5.375625133514404,5.431875228881836,5.343124866485596,5.374374866485596,5.289788246154785
2016-10-27,5.420000076293945,5.425624847412109,5.308750152587891,5.32687520980835,5.243037223815918
2016-10-28,5.288750171661377,5.348124980926514,5.224374771118164,5.253125190734863,5.170446872711182
2016-10-31,5.291874885559082,5.294374942779541,5.241875171661377,5.243124961853027,5.160605430603027
2016-11-01,5.262499809265137,5.26437520980835,5.07687520980835,5.168125152587891,5.086784362792969
2016-11-02,5.159999847412109,5.181250095367432,5.058750152587891,5.082499980926514,5.002508163452148
2016-11-03,5.066874980926514,5.099999904632568,4.973124980926514,4.985000133514404,4.906542778015137
2016-11-04,4.957499980926514,5.025000095367432,4.929999828338623,4.946875095367432,4.869017124176025
2016-11-07,5.104374885559082,5.193124771118164,5.09375,5.18625020980835,5.104626655578613
2016-11-08,5.171249866485596,5.297500133514404,5.148125171661377,5.253125190734863,5.170446872711182
2016-11-09,5.121250152587891,5.315000057220459,5.116875171661377,5.297500133514404,5.21412467956543
2016-11-10,5.34250020980835,5.361875057220459,4.987500190734863,5.125625133514404,5.0449538230896
2016-11-11,5.080625057220459,5.151875019073486,5.046875,5.131249904632568,5.050490856170654
2016-11-14,5.135624885559082,5.14187479019165,4.974374771118164,5.028749942779541,4.949603080749512
2016-11-15,5.100625038146973,5.199375152587891,5.088749885559082,5.168749809265137,5.087399005889893
2016-11-16,5.121874809265137,5.23312520980835,5.118750095367432,5.228125095367432,5.145841598510742
2016-11-17,5.222499847412109,5.304375171661377,5.200624942779541,5.303124904632568,5.219659805297852
2016-11-18,5.310625076293945,5.333749771118164,5.254374980926514,5.264999866485596,5.182136535644531
2016-11-21,5.288750171661377,5.381249904632568,5.284999847412109,5.371250152587891,5.28671407699585
2016-11-22,5.411874771118164,5.431250095367432,5.377500057220459,5.40625,5.321162700653076
2016-11-23,5.368124961853027,5.380000114440918,5.3125,5.362500190734863,5.278101444244385
2016-11-25,5.371250152587891,5.398749828338623,5.36062479019165,5.395625114440918,5.310704231262207
2016-11-28,5.378125190734863,5.419374942779541,5.358749866485596,5.372499942779541,5.287942409515381
2016-11-29,5.376874923706055,5.458125114440918,5.349999904632568,5.408124923706055,5.323008060455322
2016-11-30,5.416250228881836,5.42312479019165,5.271249771118164,5.273125171661377,5.190133571624756
2016-12-01,5.273125171661377,5.273125171661377,5.077499866485596,5.096250057220459,5.016040802001953
2016-12-02,5.100625038146973,5.153749942779541,5.070624828338623,5.111875057220459,5.03141975402832
2016-12-05,5.166250228881836,5.231874942779541,5.118750095367432,5.190625190734863,5.108931064605713
2016-12-06,5.214375019073486,5.234375,5.173749923706055,5.21750020980835,5.135382175445557
2016-12-07,5.194375038146973,5.360000133514404,5.163750171661377,5.348124980926514,5.263951778411865
2016-12-08,5.353125095367432,5.393125057220459,5.331250190734863,5.366250038146973,5.281790733337402
2016-12-09,5.408124923706055,5.45437479019165,5.40625,5.449999809265137,5.364223957061768
2016-12-12,5.401249885559082,5.423749923706055,5.356249809265137,5.400000095367432,5.315009593963623
2016-12-13,5.435625076293945,5.595624923706055,5.434374809265137,5.536874771118164,5.449731349945068
2016-12-14,5.546249866485596,5.585625171661377,5.48312520980835,5.511875152587891,5.425124645233154
2016-12-15,5.525000095367432,5.59499979019165,5.502500057220459,5.529375076293945,5.442349433898926
2016-12-16,5.553750038146973,5.571875095367432,5.468124866485596,5.492499828338623,5.4060540199279785
2016-12-19,5.501874923706055,5.601874828338623,5.488124847412109,5.536250114440918,5.449117660522461
2016-12-20,5.567500114440918,5.596875190734863,5.557499885559082,5.57937479019165,5.4915618896484375
2016-12-21,5.576250076293945,5.581250190734863,5.539374828338623,5.56374979019165,5.479805946350098
2016-12-22,5.564374923706055,5.565625190734863,5.489999771118164,5.531875133514404,5.448412895202637
2016-12-23,5.51437520980835,5.541874885559082,5.503125190734863,5.538125038146973,5.4545674324035645
2016-12-27,5.5625,5.659375190734863,5.557499885559082,5.599374771118164,5.514893054962158
2016-12-28,5.618750095367432,5.628749847412109,5.5,5.510624885559082,5.427483558654785
2016-12-29,5.504374980926514,5.529375076293945,5.459374904632568,5.491875171661377,5.409016132354736
2016-12-30,5.510624885559082,5.512499809265137,5.349374771118164,5.382500171661377,5.301290988922119
2017-01-03,5.45437479019165,5.51687479019165,5.416874885559082,5.475625038146973,5.39301061630249
2017-01-04,5.485000133514404,5.553124904632568,5.485000133514404,5.533124923706055,5.449643135070801
2017-01-05,5.527500152587891,5.602499961853027,5.527500152587891,5.59499979019165,5.510584831237793
2017-01-06,5.606249809265137,5.722499847412109,5.578750133514404,5.693124771118164,5.6072282791137695
2017-01-09,5.699375152587891,5.750625133514404,5.695624828338623,5.731249809265137,5.644777297973633
2017-01-10,5.732500076293945,5.788750171661377,5.708125114440918,5.756249904632568,5.669402122497559
2017-01-11,5.755000114440918,5.784375190734863,5.699999809265137,5.783124923706055,5.695870399475098
2017-01-12,5.741250038146973,5.773749828338623,5.660624980926514,5.765625,5.678635120391846
2017-01-13,5.776249885559082,5.826250076293945,5.775000095367432,5.806875228881836,5.719262599945068
2017-01-17,5.773125171661377,5.793125152587891,5.737500190734863,5.770625114440918,5.683560371398926
2017-01-18,5.786874771118164,5.803750038146973,5.758749961853027,5.796875,5.709414005279541
2017-01-19,5.806250095367432,5.848750114440918,5.764999866485596,5.787499904632568,5.700179100036621
2017-01-20,5.838749885559082,5.868124961853027,5.783750057220459,5.813125133514404,5.725417613983154
2017-01-23,5.803124904632568,5.836874961853027,5.749374866485596,5.821875095367432,5.734035968780518
2017-01-24,5.84375,5.918749809265137,5.826250076293945,5.901249885559082,5.812214374542236
2017-01-25,5.973124980926514,6.021874904632568,5.965624809265137,6.018750190734863,5.927940845489502
2017-01-26,6.034375190734863,6.056250095367432,6.010624885559082,6.028124809265137,5.937174320220947
2017-01-27,6.053124904632568,6.064374923706055,6.016250133514404,6.051249980926514,5.959949493408203
2017-01-30,6.011875152587891,6.012499809265137,5.893125057220459,5.960625171661377,5.870692729949951
2017-01-31,5.918125152587891,5.9375,5.866875171661377,5.935625076293945,5.846069812774658
2017-02-01,6.01437520980835,6.038750171661377,5.962500095367432,6.016250133514404,5.925478458404541
2017-02-02,5.994999885559082,6.039374828338623,5.961249828338623,6.005624771118164,5.915014743804932
2017-02-03,6.019374847412109,6.050624847412109,6.006249904632568,6.036874771118164,5.945791721343994
2017-02-06,6.01437520980835,6.054999828338623,6.008749961853027,6.053124904632568,5.961798191070557
2017-02-07,6.074999809265137,6.121874809265137,6.068124771118164,6.096875190734863,6.004887104034424
2017-02-08,6.07937479019165,6.133749961853027,6.057499885559082,6.119999885559082,6.027663707733154
2017-02-09,6.130624771118164,6.1875,6.122499942779541,6.162499904632568,6.069522380828857
2017-02-10,6.183750152587891,6.21875,6.167500019073486,6.20187520980835,6.108302116394043
2017-02-13,6.239375114440918,6.286874771118164,6.234375,6.272500038146973,6.17786169052124
2017-02-14,6.275000095367432,6.31374979019165,6.235000133514404,6.3125,6.217259883880615
2017-02-15,6.301249980926514,6.391250133514404,6.296875,6.385000228881836,6.288665294647217
2017-02-16,6.394374847412109,6.418749809265137,6.350625038146973,6.383124828338623,6.28681755065918
2017-02-17,6.365624904632568,6.43874979019165,6.362500190734863,6.43874979019165,6.341604232788086
2017-02-21,6.461249828338623,6.508124828338623,6.455625057220459,6.5,6.401928901672363
2017-02-22,6.488124847412109,6.513750076293945,6.46750020980835,6.505624771118164,6.407471179962158
2017-02-23,6.522500038146973,6.523125171661377,6.404375076293945,6.458749771118164,6.361301422119141
2017-02-24,6.400625228881836,6.478750228881836,6.39187479019165,6.478750228881836,6.381000518798828
2017-02-27,6.456250190734863,6.496874809265137,6.433750152587891,6.496874809265137,6.3988518714904785
2017-02-28,6.490624904632568,6.498125076293945,6.420000076293945,6.455625057220459,6.358224391937256
2017-03-01,6.534999847412109,6.619375228881836,6.513124942779541,6.595624923706055,6.496112823486328
2017-03-02,6.59375,6.59375,6.51437520980835,6.530624866485596,6.432092666625977
2017-03-03,6.51687479019165,6.556250095367432,6.48562479019165,6.553124904632568,6.454252243041992
2017-03-06,6.508124828338623,6.545000076293945,6.471250057220459,6.525000095367432,6.426553726196289
2017-03-07,6.496874809265137,6.557499885559082,6.478750228881836,6.49875020980835,6.400698661804199
2017-03-08,6.505000114440918,6.563125133514404,6.494999885559082,6.522500038146973,6.424090385437012
2017-03-09,6.520625114440918,6.550000190734863,6.463125228881836,6.53125,6.432708740234375
2017-03-10,6.589375019073486,6.608749866485596,6.53249979019165,6.587500095367432,6.488110065460205
2017-03-13,6.581250190734863,6.61062479019165,6.574999809265137,6.607500076293945,6.507807731628418
2017-03-14,6.578125,6.583749771118164,6.523125171661377,6.573124885559082,6.4739508628845215
2017-03-15,6.602499961853027,6.685625076293945,6.561874866485596,6.65500020980835,6.554590702056885
2017-03-16,6.681250095367432,6.681875228881836,6.618750095367432,6.650000095367432,6.5496673583984375
2017-03-17,6.659375190734863,6.676875114440918,6.636875152587891,6.637499809265137,6.537354946136475
2017-03-20,6.638124942779541,6.683750152587891,6.618750095367432,6.651875019073486,6.551515102386475
2017-03-21,6.70187520980835,6.715624809265137,6.444375038146973,6.45437479019165,6.356993675231934
2017-03-22,6.456874847412109,6.550000190734863,6.435625076293945,6.537499904632568,6.4400482177734375
2017-03-23,6.520625114440918,6.556250095367432,6.481874942779541,6.506875038146973,6.409881114959717
2017-03-24,6.543125152587891,6.595624923706055,6.480625152587891,6.525625228881836,6.428352355957031
2017-03-27,6.438125133514404,6.573124885559082,6.40749979019165,6.551875114440918,6.454209804534912
2017-03-28,6.54812479019165,6.669374942779541,6.523125171661377,6.630000114440918,6.531169414520264
2017-03-29,6.639999866485596,6.695624828338623,6.625625133514404,6.691874980926514,6.592123985290527
2017-03-30,6.688125133514404,6.726874828338623,6.674375057220459,6.710625171661377,6.610594749450684
2017-03-31,6.693124771118164,6.738749980926514,6.678750038146973,6.703750133514404,6.603821277618408
2017-04-03,6.714375019073486,6.745625019073486,6.622499942779541,6.693749904632568,6.59397029876709
2017-04-04,6.655624866485596,6.716249942779541,6.652500152587891,6.712500095367432,6.612441062927246
2017-04-05,6.73312520980835,6.810625076293945,6.635624885559082,6.661250114440918,6.561956405639648
2017-04-06,6.676875114440918,6.70187520980835,6.633124828338623,6.667500019073486,6.568111419677734
2017-04-07,6.659999847412109,6.699999809265137,6.612500190734863,6.660624980926514,6.561338901519775
2017-04-10,6.67312479019165,6.718124866485596,6.630000114440918,6.666874885559082,6.5674967765808105
2017-04-11,6.648125171661377,6.669374942779541,6.510000228881836,6.610000133514404,6.511468410491943
2017-04-12,6.605000019073486,6.613749980926514,6.538750171661377,6.554999828338623,6.4572882652282715
2017-04-13,6.535624980926514,6.609375,6.497499942779541,6.499374866485596,6.402492523193359
2017-04-17,6.536250114440918,6.60812520980835,6.531875133514404,6.605625152587891,6.5071587562561035
2017-04-18,6.561874866485596,6.624374866485596,6.553750038146973,6.588749885559082,6.490534782409668
2017-04-19,6.640625,6.684999942779541,6.587500095367432,6.607500076293945,6.509005069732666
2017-04-20,6.659999847412109,6.744999885559082,6.639999866485596,6.712500095367432,6.612441062927246
2017-04-21,6.726874828338623,6.731874942779541,6.679375171661377,6.712500095367432,6.612441062927246
2017-04-24,6.856874942779541,6.885624885559082,6.839375019073486,6.874374866485596,6.771903038024902
2017-04-25,6.918125152587891,6.996250152587891,6.908750057220459,6.974374771118164,6.870413303375244
2017-04-26,6.978750228881836,7.010000228881836,6.945000171661377,6.95437479019165,6.850709915161133
2017-04-27,6.987500190734863,7.035624980926514,6.979374885559082,7.035624980926514,6.930749893188477
2017-04-28,7.091875076293945,7.096875190734863,7.038125038146973,7.060625076293945,6.955376148223877
2017-05-01,7.106874942779541,7.203750133514404,7.103125095367432,7.179999828338623,7.072972297668457
2017-05-02,7.205625057220459,7.215000152587891,7.166874885559082,7.209374904632568,7.101909160614014
2017-05-03,7.179375171661377,7.181250095367432,7.12375020980835,7.162499904632568,7.055732250213623
2017-05-04,7.163125038146973,7.183750152587891,7.116875171661377,7.167500019073486,7.060657978057861
2017-05-05,7.203750133514404,7.21875,7.149374961853027,7.21875,7.111144542694092
2017-05-08,7.223124980926514,7.25,7.198750019073486,7.25,7.1419291496276855
2017-05-09,7.268125057220459,7.331250190734863,7.259375095367432,7.301249980926514,7.192415714263916
2017-05-10,7.308750152587891,7.31374979019165,7.257500171661377,7.307499885559082,7.198570728302002
2017-05-11,7.269999980926514,7.29812479019165,7.199999809265137,7.29562520980835,7.186872959136963
2017-05-12,7.300624847412109,7.331874847412109,7.291250228881836,7.328750133514404,7.219505786895752
2017-05-15,7.333125114440918,7.381875038146973,7.323750019073486,7.37375020980835,7.263834476470947
2017-05-16,7.408124923706055,7.4375,7.369999885559082,7.4375,7.326633453369141
2017-05-17,7.317500114440918,7.34250020980835,7.054375171661377,7.056250095367432,6.951066970825195
2017-05-18,7.054375171661377,7.224999904632568,7.035624980926514,7.176249980926514,7.069279193878174
2017-05-19,7.227499961853027,7.300000190734863,7.224374771118164,7.240624904632568,7.132693767547607
2017-05-22,7.269374847412109,7.369375228881836,7.266250133514404,7.362500190734863,7.252750873565674
2017-05-23,7.406875133514404,7.406875133514404,7.341249942779541,7.374374866485596,7.264450550079346
2017-05-24,7.42062520980835,7.449999809265137,7.377500057220459,7.444375038146973,7.333406925201416
2017-05-25,7.5,7.606249809265137,7.46750020980835,7.567500114440918,7.4546966552734375
2017-05-26,7.570000171661377,7.599374771118164,7.551875114440918,7.59375,7.480554580688477
2017-05-30,7.583125114440918,7.625,7.57937479019165,7.60812520980835,7.494715213775635
2017-05-31,7.65625,7.658750057220459,7.523749828338623,7.598750114440918,7.485480785369873
2017-06-01,7.632500171661377,7.664999961853027,7.568749904632568,7.664999961853027,7.550742149353027
2017-06-02,7.715624809265137,7.836249828338623,7.688125133514404,7.831250190734863,7.714515209197998
2017-06-05,7.833125114440918,7.85812520980835,7.808750152587891,7.829999923706055,7.713283061981201
2017-06-06,7.811874866485596,7.861249923706055,7.748125076293945,7.772500038146973,7.65664005279541
2017-06-07,7.806250095367432,7.840624809265137,7.739999771118164,7.828125,7.711435317993164
2017-06-08,7.863749980926514,7.868124961853027,7.759375095367432,7.846250057220459,7.7292914390563965
2017-06-09,7.86062479019165,7.879374980926514,7.243124961853027,7.45187520980835,7.340794086456299
2017-06-12,7.327499866485596,7.394374847412109,7.181875228881836,7.369375228881836,7.259524345397949
2017-06-13,7.451250076293945,7.508749961853027,7.37624979019165,7.488749980926514,7.377119541168213
2017-06-14,7.550000190734863,7.550000190734863,7.303750038146973,7.421875,7.311242580413818
2017-06-15,7.271874904632568,7.371874809265137,7.181250095367432,7.352499961853027,7.242900848388672
2017-06-16,7.351250171661377,7.353750228881836,7.237500190734863,7.299375057220459,7.190567970275879
2017-06-19,7.429375171661377,7.54812479019165,7.410624980926514,7.533750057220459,7.421449661254883
2017-06-20,7.518750190734863,7.537499904632568,7.411874771118164,7.418125152587891,7.307546615600586
2017-06-21,7.448124885559082,7.565625190734863,7.439374923706055,7.5625,7.450209140777588
2017-06-22,7.581874847412109,7.612500190734863,7.518750190734863,7.556875228881836,7.444668769836426
2017-06-23,7.540625095367432,7.633749961853027,7.49875020980835,7.612500190734863,7.499468803405762
2017-06-26,7.698124885559082,7.726250171661377,7.511250019073486,7.544374942779541,7.43235445022583
2017-06-27,7.48562479019165,7.502500057220459,7.268750190734863,7.270625114440918,7.162670612335205
2017-06-28,7.320624828338623,7.488124847412109,7.238124847412109,7.473124980926514,7.3621625900268555
2017-06-29,7.409375190734863,7.414374828338623,7.074375152587891,7.216249942779541,7.10910177230835
2017-06-30,7.258749961853027,7.293125152587891,7.175624847412109,7.207499980926514,7.1004815101623535
2017-07-03,7.283124923706055,7.303124904632568,7.059374809265137,7.069375038146973,6.964407920837402
2017-07-05,7.109375,7.244999885559082,7.064374923706055,7.206874847412109,7.099865436553955
2017-07-06,7.095624923706055,7.15749979019165,7.025625228881836,7.074999809265137,6.969950199127197
2017-07-07,7.121874809265137,7.265625,7.121874809265137,7.222499847412109,7.115258693695068
2017-07-10,7.237500190734863,7.356874942779541,7.20187520980835,7.322500228881836,7.213774681091309
2017-07-11,7.297500133514404,7.380000114440918,7.248125076293945,7.362500190734863,7.253179550170898
2017-07-12,7.487500190734863,7.553750038146973,7.458749771118164,7.540625095367432,7.428660869598389
2017-07-13,7.554375171661377,7.605000019073486,7.526249885559082,7.571875095367432,7.459445953369141
2017-07-14,7.634375095367432,7.707499980926514,7.590000152587891,7.686874866485596,7.5727386474609375
2017-07-17,7.702499866485596,7.747499942779541,7.666250228881836,7.695000171661377,7.580743789672852
2017-07-18,7.683750152587891,7.800000190734863,7.637499809265137,7.800000190734863,7.684184551239014
2017-07-19,7.84250020980835,7.911250114440918,7.838749885559082,7.889999866485596,7.7728471755981445
2017-07-20,7.929999828338623,7.9375,7.837500095367432,7.909999847412109,7.792551517486572
2017-07-21,7.84499979019165,7.900000095367432,7.818749904632568,7.898749828338623,7.781467437744141
2017-07-24,7.898749828338623,7.983749866485596,7.880000114440918,7.96875,7.850427627563477
2017-07-25,7.917500019073486,7.96750020980835,7.888750076293945,7.934999942779541,7.8171796798706055
2017-07-26,7.972499847412109,7.989999771118164,7.948750019073486,7.983749866485596,7.865205764770508
2017-07-27,8.087499618530273,8.101249694824219,7.698750019073486,7.889999866485596,7.7728471755981445
2017-07-28,7.786250114440918,7.893750190734863,7.761250019073486,7.868750095367432,7.751912593841553
2017-07-31,7.909999847412109,7.929999828338623,7.767499923706055,7.798749923706055,7.682952404022217
2017-08-01,7.847499847412109,7.857500076293945,7.791250228881836,7.832499980926514,7.7162017822265625
2017-08-02,7.93625020980835,7.93874979019165,7.732500076293945,7.875,7.758070468902588
2017-08-03,7.894999980926514,7.894999980926514,7.788750171661377,7.822500228881836,7.706350326538086
2017-08-04,7.84499979019165,7.877500057220459,7.78000020980835,7.84250020980835,7.726053714752197
2017-08-07,7.868750095367432,7.941249847412109,7.849999904632568,7.9375,7.819642543792725
2017-08-08,7.908750057220459,8.038749694824219,7.867499828338623,7.914999961853027,7.7974772453308105
2017-08-09,7.787499904632568,7.897500038146973,7.747499942779541,7.892499923706055,7.77531099319458
2017-08-10,7.806250095367432,7.8125,7.538750171661377,7.550000190734863,7.437897205352783
2017-08-11,7.573750019073486,7.699999809265137,7.538750171661377,7.663750171661377,7.549956321716309
2017-08-14,7.784999847412109,7.887499809265137,7.783750057220459,7.862500190734863,7.745756149291992
2017-08-15,7.897500038146973,7.903749942779541,7.832499980926514,7.872499942779541,7.755607604980469
2017-08-16,7.90749979019165,7.974999904632568,7.849999904632568,7.902500152587891,7.785162925720215
2017-08-17,7.84250020980835,7.862500190734863,7.577499866485596,7.579999923706055,7.467451095581055
2017-08-18,7.585000038146973,7.668749809265137,7.505000114440918,7.559999942779541,7.447747230529785
2017-08-21,7.567500114440918,7.596250057220459,7.451250076293945,7.551249980926514,7.439126968383789
2017-08-22,7.62624979019165,7.791250228881836,7.622499942779541,7.776249885559082,7.660787105560303
2017-08-23,7.697500228881836,7.753749847412109,7.684999942779541,7.71750020980835,7.602909564971924
2017-08-24,7.753749847412109,7.769999980926514,7.586249828338623,7.677499771118164,7.563502311706543
2017-08-25,7.730000019073486,7.768750190734863,7.621250152587891,7.642499923706055,7.529022693634033
2017-08-28,7.684999942779541,7.721250057220459,7.637499809265137,7.681250095367432,7.567197799682617
2017-08-29,7.554999828338623,7.771249771118164,7.537499904632568,7.744999885559082,7.630000114440918
2017-08-30,7.760000228881836,7.949999809265137,7.74875020980835,7.929999828338623,7.812252998352051
2017-08-31,7.96875,8.0962495803833,7.962500095367432,8.077500343322754,7.957563877105713
2017-09-01,8.117500305175781,8.138750076293945,8.03125,8.076250076293945,7.956331253051758
2017-09-05,8.020000457763672,8.05875015258789,7.808750152587891,7.927499771118164,7.809790134429932
2017-09-06,7.972499847412109,8.011249542236328,7.861249923706055,7.973750114440918,7.8553547859191895
2017-09-07,8.005000114440918,8.052499771118164,7.952499866485596,8.012499809265137,7.893529891967773
2017-09-08,7.989999771118164,7.996250152587891,7.856249809265137,7.87624979019165,7.759301662445068
2017-09-11,7.992499828338623,8.078749656677246,7.992499828338623,8.046250343322754,7.9267778396606445
2017-09-12,8.100000381469727,8.113750457763672,8.017499923706055,8.0912504196167,7.971109867095947
2017-09-13,8.0649995803833,8.114999771118164,8.037500381469727,8.113750457763672,7.993275165557861
2017-09-14,8.052499771118164,8.09749984741211,8.007499694824219,8.016249656677246,7.897222995758057
2017-09-15,8.017499923706055,8.130000114440918,7.988749980926514,8.067500114440918,7.947713375091553
2017-09-18,8.083749771118164,8.138750076293945,8.001250267028809,8.050000190734863,7.930474281311035
2017-09-19,8.079999923706055,8.098750114440918,8.022500038146973,8.077500343322754,7.957563877105713
2017-09-20,8.072500228881836,8.085000038146973,7.901249885559082,8.029999732971191,7.910768508911133
2017-09-21,8.016249656677246,8.016249656677246,7.872499942779541,7.925000190734863,7.807328701019287
2017-09-22,7.875,7.931250095367432,7.860000133514404,7.912499904632568,7.7950119972229
2017-09-25,7.846250057220459,7.856249809265137,7.666250228881836,7.747499942779541,7.632463455200195
2017-09-26,7.820000171661377,7.852499961853027,7.730000019073486,7.784999847412109,7.669406890869141
2017-09-27,7.863749980926514,7.981249809265137,7.824999809265137,7.923749923706055,7.806096076965332
2017-09-28,7.887499809265137,7.931250095367432,7.848750114440918,7.916250228881836,7.798707962036133
2017-09-29,7.945000171661377,8.039999961853027,7.90625,8.02750015258789,7.908307075500488
2017-10-02,8.053750038146973,8.107500076293945,7.972499847412109,8.038749694824219,7.919389724731445
2017-10-03,8.0600004196167,8.09375,8.0287504196167,8.078749656677246,7.958796977996826
2017-10-04,8.047499656677246,8.125,8.032500267028809,8.09000015258789,7.969879627227783
2017-10-05,8.146249771118164,8.255000114440918,8.131250381469727,8.25,8.127503395080566
2017-10-06,8.192500114440918,8.268750190734863,8.192500114440918,8.267499923706055,8.144742965698242
2017-10-09,8.295000076293945,8.306249618530273,8.231249809265137,8.2524995803833,8.129964828491211
2017-10-10,8.305000305175781,8.322500228881836,8.188750267028809,8.263750076293945,8.141048431396484
2017-10-11,8.256250381469727,8.313750267028809,8.234999656677246,8.313750267028809,8.1903076171875
2017-10-12,8.28499984741211,8.3462495803833,8.263750076293945,8.282500267028809,8.159521102905273
2017-10-13,8.34749984741211,8.362500190734863,8.328749656677246,8.342499732971191,8.218629837036133
2017-10-16,8.381250381469727,8.40250015258789,8.351249694824219,8.399999618530273,8.275277137756348
2017-10-17,8.393750190734863,8.421250343322754,8.367500305175781,8.418749809265137,8.293747901916504
2017-10-18,8.4350004196167,8.4375,8.376250267028809,8.399999618530273,8.275277137756348
2017-10-19,8.30875015258789,8.337499618530273,8.220000267028809,8.337499618530273,8.213704109191895
2017-10-20,8.407500267028809,8.417499542236328,8.359999656677246,8.380000114440918,8.255573272705078
2017-10-23,8.413749694824219,8.414999961853027,8.248749732971191,8.271249771118164,8.148438453674316
2017-10-24,8.296250343322754,8.332500457763672,8.237500190734863,8.302499771118164,8.179220199584961
2017-10-25,8.265000343322754,8.319999694824219,8.112500190734863,8.234999656677246,8.112726211547852
2017-10-26,8.227499961853027,8.263750076293945,8.178750038146973,8.1875,8.06593132019043
2017-10-27,8.448749542236328,8.6875,8.430000305175781,8.649999618530273,8.521564483642578
2017-10-30,8.448749542236328,8.762499809265137,8.448749542236328,8.697500228881836,8.568359375
2017-10-31,8.75,8.78499984741211,8.701250076293945,8.760000228881836,8.629931449890137
2017-11-01,8.824999809265137,8.838749885559082,8.6899995803833,8.756250381469727,8.626235008239746
2017-11-02,8.732500076293945,8.739999771118164,8.602499961853027,8.7162504196167,8.586831092834473
2017-11-03,8.786250114440918,8.888750076293945,8.72249984741211,8.881250381469727,8.749381065368652
2017-11-06,8.8725004196167,8.951250076293945,8.866250038146973,8.943750381469727,8.810951232910156
2017-11-07,8.932499885559082,8.977499961853027,8.893750190734863,8.953749656677246,8.82080364227295
2017-11-08,8.949999809265137,9.03125,8.928750038146973,9.02750015258789,8.893457412719727
2017-11-09,8.881250381469727,8.9399995803833,8.7475004196167,8.927499771118164,8.794941902160645
2017-11-10,8.890000343322754,8.943750381469727,8.858750343322754,8.930000305175781,8.797405242919922
2017-11-13,8.862500190734863,8.97249984741211,8.862500190734863,8.948749542236328,8.815876960754395
2017-11-14,8.881250381469727,8.904999732971191,8.800000190734863,8.887499809265137,8.755536079406738
2017-11-15,8.8100004196167,8.8462495803833,8.708749771118164,8.795000076293945,8.664410591125488
2017-11-16,8.891249656677246,9.063750267028809,8.890000343322754,9.023750305175781,8.889764785766602
2017-11-17,9.02750015258789,9.038749694824219,8.938750267028809,8.954999923706055,8.82203483581543
2017-11-20,8.96875,8.981249809265137,8.916250228881836,8.9399995803833,8.807256698608398
2017-11-21,9.017499923706055,9.138750076293945,9.016249656677246,9.130000114440918,8.994436264038086
2017-11-22,9.149999618530273,9.170000076293945,9.114999771118164,9.154999732971191,9.019065856933594
2017-11-24,9.170000076293945,9.223750114440918,9.162500381469727,9.22249984741211,9.085562705993652
2017-11-27,9.212499618530273,9.251250267028809,9.170000076293945,9.212499618530273,9.075711250305176
2017-11-28,9.25374984741211,9.267499923706055,9.15250015258789,9.258749961853027,9.121273040771484
2017-11-29,9.233750343322754,9.233750343322754,8.848750114440918,8.94124984741211,8.808488845825195
2017-11-30,9.008749961853027,9.114999771118164,8.96875,9.085000038146973,8.950104713439941
2017-12-01,8.967499732971191,9.092499732971191,8.738750457763672,9.007499694824219,8.87375259399414
2017-12-04,9.12125015258789,9.131250381469727,8.779999732971191,8.800000190734863,8.669334411621094
2017-12-05,8.7837495803833,9.006250381469727,8.723750114440918,8.802499771118164,8.671796798706055
2017-12-06,8.737500190734863,8.912500381469727,8.720000267028809,8.882499694824219,8.750609397888184
2017-12-07,8.885000228881836,8.99625015258789,8.863750457763672,8.944999694824219,8.812182426452637
2017-12-08,9.073749542236328,9.117500305175781,8.994999885559082,9.023750305175781,8.889764785766602
2017-12-11,9.029999732971191,9.166250228881836,9.0287504196167,9.163749694824219,9.027687072753906
2017-12-12,9.154999732971191,9.1899995803833,9.100000381469727,9.137499809265137,9.001824378967285
2017-12-13,9.207500457763672,9.228750228881836,9.146249771118164,9.170000076293945,9.03384017944336
2017-12-14,9.204999923706055,9.244999885559082,9.137499809265137,9.15625,9.020296096801758
2017-12-15,9.227499961853027,9.383749961853027,9.197500228881836,9.356249809265137,9.217328071594238
2017-12-18,9.483750343322754,9.536250114440918,9.452500343322754,9.517499923706055,9.376181602478027
2017-12-19,9.483750343322754,9.5,9.356249809265137,9.40999984741211,9.270278930664062
2017-12-20,9.475000381469727,9.477499961853027,9.311249732971191,9.386249542236328,9.246881484985352
2017-12-21,9.407500267028809,9.46875,9.364999771118164,9.387499809265137,9.248111724853516
2017-12-22,9.354999542236328,9.369999885559082,9.3149995803833,9.364999771118164,9.225948333740234
2017-12-26,9.267499923706055,9.28499984741211,9.193750381469727,9.263750076293945,9.126201629638672
2017-12-27,9.256250381469727,9.3125,9.243749618530273,9.265000343322754,9.127433776855469
2017-12-28,9.31624984741211,9.319999694824219,9.262499809265137,9.2837495803833,9.145902633666992
2017-12-29,9.298749923706055,9.300000190734863,9.15999984741211,9.166250228881836,9.030149459838867
2018-01-02,9.257499694824219,9.492500305175781,9.217499732971191,9.483750343322754,9.34293270111084
2018-01-03,9.507499694824219,9.6875,9.50374984741211,9.668749809265137,9.525187492370605
2018-01-04,9.742500305175781,9.762499809265137,9.682499885559082,9.703749656677246,9.559666633605957
2018-01-05,9.792499542236328,9.911250114440918,9.761249542236328,9.896249771118164,9.749308586120605
2018-01-08,9.90250015258789,9.984999656677246,9.891249656677246,9.970000267028809,9.8219633102417
2018-01-09,10.015000343322754,10.032500267028809,9.916250228881836,9.978750228881836,9.830583572387695
2018-01-10,9.87874984741211,9.930000305175781,9.795000076293945,9.923749923706055,9.77640151977539
2018-01-11,9.962499618530273,10.061249732971191,9.931249618530273,10.061249732971191,9.911858558654785
2018-01-12,10.041250228881836,10.228750228881836,10.021249771118164,10.203749656677246,10.052242279052734
2018-01-16,10.338749885559082,10.447500228881836,10.0912504196167,10.146249771118164,9.995597839355469
2018-01-17,10.242500305175781,10.398750305175781,10.148750305175781,10.364999771118164,10.211097717285156
2018-01-18,10.336250305175781,10.417499542236328,10.28499984741211,10.368749618530273,10.21479320526123
2018-01-19,10.4350004196167,10.4662504196167,10.333749771118164,10.4350004196167,10.280057907104492
2018-01-22,10.421250343322754,10.65625,10.4037504196167,10.65625,10.498025894165039
2018-01-23,10.725000381469727,10.852499961853027,10.713749885559082,10.829999923706055,10.669195175170898
2018-01-24,10.875,10.926250457763672,10.568750381469727,10.697500228881836,10.538661003112793
2018-01-25,10.829999923706055,10.8412504196167,10.612500190734863,10.68375015258789,10.525115966796875
2018-01-26,10.798749923706055,10.9975004196167,10.760000228881836,10.99625015258789,10.832976341247559
2018-01-29,10.954999923706055,11.001250267028809,10.853750228881836,10.897500038146973,10.735692977905273
2018-01-30,10.698749542236328,10.80875015258789,10.608750343322754,10.72249984741211,10.563288688659668
2018-01-31,10.84000015258789,10.87874984741211,10.671250343322754,10.801250457763672,10.640871047973633
2018-02-01,10.640000343322754,10.84375,10.553750038146973,10.6225004196167,10.464775085449219
2018-02-02,10.542499542236328,10.585000038146973,10.181249618530273,10.192500114440918,10.041158676147461
2018-02-05,10.001250267028809,10.336250305175781,9.382499694824219,9.4037504196167,9.264122009277344
2018-02-06,9.125,9.911250114440918,9.032500267028809,9.882499694824219,9.735761642456055
2018-02-07,9.827500343322754,10.041250228881836,9.630000114440918,9.630000114440918,9.48701000213623
2018-02-08,9.677499771118164,9.699999809265137,8.819999694824219,8.827500343322754,8.696427345275879
2018-02-09,9.069999694824219,9.25,8.4350004196167,9.117500305175781,8.982122421264648
2018-02-12,9.307499885559082,9.569999694824219,9.161250114440918,9.449999809265137,9.309684753417969
2018-02-13,9.345000267028809,9.578749656677246,9.307499885559082,9.53499984741211,9.393424034118652
2018-02-14,9.427499771118164,9.927499771118164,9.425000190734863,9.899999618530273,9.753002166748047
2018-02-15,10.071249961853027,10.256250381469727,9.866250038146973,10.255000114440918,10.102731704711914
2018-02-16,10.198749542236328,10.391249656677246,10.137499809265137,10.178750038146973,10.02761459350586
2018-02-20,10.100000381469727,10.381250381469727,10.087499618530273,10.203749656677246,10.052242279052734
2018-02-21,10.300000190734863,10.508749961853027,10.141249656677246,10.143750190734863,9.993133544921875
2018-02-22,10.243749618530273,10.34375,10.095000267028809,10.154999732971191,10.0042142868042
2018-02-23,10.300000190734863,10.556249618530273,10.226249694824219,10.556249618530273,10.399508476257324
2018-02-26,10.6537504196167,10.833749771118164,10.643750190734863,10.833749771118164,10.67288589477539
2018-02-27,10.845000267028809,10.880000114440918,10.563750267028809,10.563750267028809,10.406896591186523
2018-02-28,10.692500114440918,10.758749961853027,10.422499656677246,10.431249618530273,10.27636432647705
2018-03-01,10.446249961853027,10.537500381469727,9.9087495803833,10.101249694824219,9.951264381408691
2018-03-02,9.8462495803833,10.3125,9.78125,10.27750015258789,10.124897956848145
2018-03-05,10.18375015258789,10.556249618530273,10.108750343322754,10.5,10.34409236907959
2018-03-06,10.603750228881836,10.664999961853027,10.46500015258789,10.587499618530273,10.43029499053955
2018-03-07,10.427499771118164,10.65625,10.396249771118164,10.635000228881836,10.47708797454834
2018-03-08,10.720000267028809,10.770000457763672,10.641249656677246,10.75374984741211,10.594076156616211
2018-03-09,10.912500381469727,11.162500381469727,10.8774995803833,11.162500381469727,10.996757507324219
2018-03-12,11.233750343322754,11.3412504196167,11.1850004196167,11.265000343322754,11.097734451293945
2018-03-13,11.381250381469727,11.4350004196167,10.925000190734863,10.987500190734863,10.824356079101562
2018-03-14,11.092499732971191,11.112500190734863,10.881250381469727,10.978750228881836,10.815735816955566
2018-03-15,10.9975004196167,11.086250305175781,10.875,10.948749542236328,10.786179542541504
2018-03-16,10.987500190734863,11.039999961853027,10.881250381469727,10.896249771118164,10.73445987701416
2018-03-19,10.701250076293945,10.701250076293945,10.238750457763672,10.43375015258789,10.278826713562012
2018-03-20,10.422499656677246,10.538749694824219,10.366250038146973,10.492500305175781,10.336705207824707
2018-03-21,10.442500114440918,10.630000114440918,10.3100004196167,10.395000457763672,10.240654945373535
2018-03-22,10.116250038146973,10.255000114440918,9.862500190734863,9.8774995803833,9.7308349609375
2018-03-23,9.862500190734863,9.914999961853027,9.352499961853027,9.352499961853027,9.213629722595215
2018-03-26,9.734999656677246,10.081250190734863,9.4375,10.056249618530273,9.90693187713623
2018-03-27,10.201250076293945,10.203749656677246,9.234999656677246,9.392499923706055,9.253037452697754
2018-03-28,9.302499771118164,9.477499961853027,9.045000076293945,9.1875,9.051080703735352
2018-03-29,9.289999961853027,9.703749656677246,9.114999771118164,9.524999618530273,9.383570671081543
2018-04-02,9.386249542236328,9.473750114440918,8.77750015258789,8.977499961853027,8.844198226928711
2018-04-03,9.141249656677246,9.248749732971191,8.850000381469727,9.170000076293945,9.03384017944336
2018-04-04,8.821249961853027,9.516249656677246,8.796250343322754,9.407500267028809,9.267815589904785
2018-04-05,9.642499923706055,9.677499771118164,9.430000305175781,9.5600004196167,9.418050765991211
2018-04-06,9.362500190734863,9.542499542236328,8.9975004196167,9.098750114440918,8.96364974975586
2018-04-09,9.24625015258789,9.577500343322754,9.182499885559082,9.204999923706055,9.06832218170166
2018-04-10,9.49625015258789,9.678750038146973,9.368749618530273,9.609999656677246,9.467308044433594
2018-04-11,9.507499694824219,9.712499618530273,9.487500190734863,9.510000228881836,9.368794441223145
2018-04-12,9.631250381469727,9.798749923706055,9.612500190734863,9.727499961853027,9.583064079284668
2018-04-13,9.833749771118164,9.857500076293945,9.555000305175781,9.636249542236328,9.493171691894531
2018-04-16,9.761249542236328,9.848750114440918,9.648750305175781,9.772500038146973,9.627396583557129
2018-04-17,9.973750114440918,10.241250038146973,9.94124984741211,10.188750267028809,10.037466049194336
2018-04-18,10.207500457763672,10.311249732971191,10.102499961853027,10.236249923706055,10.084259986877441
2018-04-19,10.142499923706055,10.182499885559082,9.979999542236328,10.0625,9.913093566894531
2018-04-20,9.9975004196167,10.010000228881836,9.662500381469727,9.734999656677246,9.590452194213867
2018-04-23,9.823749542236328,9.898750305175781,9.574999809265137,9.682499885559082,9.538734436035156
2018-04-24,9.771249771118164,9.801250457763672,9.143750190734863,9.271249771118164,9.133586883544922
2018-04-25,9.303750038146973,9.367500305175781,9.037500381469727,9.300000190734863,9.161911010742188
2018-04-26,9.529999732971191,9.739999771118164,9.46875,9.675000190734863,9.531343460083008
2018-04-27,9.958749771118164,9.963749885559082,9.582500457763672,9.69124984741211,9.547353744506836
2018-04-30,9.737500190734863,9.854999542236328,9.505000114440918,9.550000190734863,9.408198356628418
2018-05-01,9.505000114440918,9.772500038146973,9.458749771118164,9.760000228881836,9.615081787109375
2018-05-02,9.805000305175781,9.862500190734863,9.632499694824219,9.654999732971191,9.511643409729004
2018-05-03,9.561249732971191,9.71875,9.342499732971191,9.648750305175781,9.505484580993652
2018-05-04,9.568750381469727,10.05875015258789,9.551250457763672,10.012499809265137,9.863832473754883
2018-05-07,10.108750343322754,10.243749618530273,10.092499732971191,10.170000076293945,10.01899242401123
2018-05-08,10.133749961853027,10.198749542236328,10.010000228881836,10.147500038146973,9.996826171875
2018-05-09,10.199999809265137,10.393750190734863,10.125,10.382499694824219,10.228338241577148
2018-05-10,10.443750381469727,10.606249809265137,10.430000305175781,10.592499732971191,10.435219764709473
2018-05-11,10.551250457763672,10.619999885559082,10.477499961853027,10.572500228881836,10.415518760681152
2018-05-14,10.617500305175781,10.738750457763672,10.571249961853027,10.603750228881836,10.446303367614746
2018-05-15,10.436249732971191,10.446249961853027,10.257499694824219,10.369999885559082,10.216022491455078
2018-05-16,10.397500038146973,10.552499771118164,10.386249542236328,10.508749961853027,10.352712631225586
2018-05-17,10.436249732971191,10.582500457763672,10.322500228881836,10.420000076293945,10.265281677246094
2018-05-18,10.34749984741211,10.411250114440918,10.28499984741211,10.3125,10.159380912780762
2018-05-21,10.4712495803833,10.5649995803833,10.342499732971191,10.432499885559082,10.277597427368164
2018-05-22,10.524999618530273,10.556249618530273,10.363750457763672,10.40250015258789,10.248043060302734
2018-05-23,10.242500305175781,10.576250076293945,10.241250038146973,10.576250076293945,10.419214248657227
2018-05-24,10.568750381469727,10.602499961853027,10.354999542236328,10.56624984741211,10.4093599319458
2018-05-25,10.5625,10.663749694824219,10.524999618530273,10.588749885559082,10.431525230407715
2018-05-29,10.484999656677246,10.609999656677246,10.368749618530273,10.493749618530273,10.337937355041504
2018-05-30,10.568750381469727,10.678750038146973,10.521249771118164,10.640000343322754,10.482015609741211
2018-05-31,10.631250381469727,10.766249656677246,10.573749542236328,10.626250267028809,10.46846866607666
2018-06-01,10.729999542236328,10.96875,10.726249694824219,10.960000038146973,10.797262191772461
2018-06-04,11.013750076293945,11.162500381469727,11.001250267028809,11.147500038146973,10.981978416442871
2018-06-05,11.199999809265137,11.262499809265137,11.1274995803833,11.220000267028809,11.0534029006958
2018-06-06,11.251250267028809,11.353750228881836,11.133749961853027,11.353750228881836,11.18516731262207
2018-06-07,11.354999542236328,11.356249809265137,11.05875015258789,11.176250457763672,11.010305404663086
2018-06-08,11.047499656677246,11.199999809265137,11.007499694824219,11.164999961853027,10.999220848083496
2018-06-11,11.151249885559082,11.279999732971191,11.145000457763672,11.225000381469727,11.058332443237305
2018-06-12,11.256250381469727,11.364999771118164,11.236249923706055,11.34375,11.17531681060791
2018-06-13,11.380000114440918,11.507499694824219,11.293749809265137,11.333749771118164,11.1654634475708
2018-06-14,11.4350004196167,11.601249694824219,11.426250457763672,11.569999694824219,11.398207664489746
2018-06-15,11.488750457763672,11.532500267028809,11.373749732971191,11.488750457763672,11.31816577911377
2018-06-18,11.3412504196167,11.489999771118164,11.267499923706055,11.475000381469727,11.304617881774902
2018-06-19,11.180000305175781,11.40625,11.111249923706055,11.404999732971191,11.235655784606934
2018-06-20,11.507499694824219,11.661250114440918,11.488750457763672,11.567500114440918,11.395743370056152
2018-06-21,11.62125015258789,11.641249656677246,11.319999694824219,11.362500190734863,11.193787574768066
2018-06-22,11.44124984741211,11.447500228881836,11.232500076293945,11.289999961853027,11.12236499786377
2018-06-25,11.107500076293945,11.137499809265137,10.601249694824219,10.798749923706055,10.638409614562988
2018-06-26,10.87874984741211,11.012499809265137,10.798749923706055,10.890000343322754,10.728304862976074
2018-06-27,10.978750228881836,11.074999809265137,10.577500343322754,10.581250190734863,10.424137115478516
2018-06-28,10.556249618530273,10.842499732971191,10.520000457763672,10.773750305175781,10.61378002166748
2018-06-29,10.876250267028809,10.988750457763672,10.800000190734863,10.807499885559082,10.647027015686035
2018-07-02,10.623749732971191,10.976249694824219,10.578749656677246,10.970000267028809,10.807116508483887
2018-07-03,11.043749809265137,11.051250457763672,10.697500228881836,10.713749885559082,10.554669380187988
2018-07-05,10.857500076293945,10.993749618530273,10.744999885559082,10.979999542236328,10.816967010498047
2018-07-06,11.024999618530273,11.335000038146973,10.987500190734863,11.311249732971191,11.14329719543457
2018-07-09,11.430000305175781,11.524999618530273,11.34749984741211,11.521249771118164,11.350179672241211
2018-07-10,11.552499771118164,11.586250305175781,11.458749771118164,11.538749694824219,11.367419242858887
2018-07-11,11.362500190734863,11.5,11.337499618530273,11.423749923706055,11.25412654876709
2018-07-12,11.521249771118164,11.805000305175781,11.506250381469727,11.798749923706055,11.623559951782227
2018-07-13,11.802499771118164,11.864999771118164,11.744999885559082,11.822500228881836,11.646958351135254
2018-07-16,11.831250190734863,11.869999885559082,11.732500076293945,11.771249771118164,11.596467018127441
2018-07-17,11.518750190734863,11.961250305175781,11.518750190734863,11.918749809265137,11.741775512695312
2018-07-18,11.90999984741211,11.926250457763672,11.793749809265137,11.866250038146973,11.690056800842285
2018-07-19,11.789999961853027,11.856249809265137,11.71875,11.75,11.575533866882324
2018-07-20,11.822500228881836,11.890000343322754,11.712499618530273,11.734999656677246,11.560757637023926
2018-07-23,11.662500381469727,11.819999694824219,11.573749542236328,11.80875015258789,11.633410453796387
2018-07-24,12.057499885559082,12.138750076293945,11.8149995803833,11.911250114440918,11.734390258789062
2018-07-25,11.920000076293945,12.25374984741211,11.90999984741211,12.237500190734863,12.055794715881348
2018-07-26,11.9037504196167,11.983750343322754,11.838749885559082,11.882499694824219,11.706067085266113
2018-07-27,12.022500038146973,12.029999732971191,11.412500381469727,11.555000305175781,11.383431434631348
2018-07-30,11.551250457763672,11.55875015258789,11.109999656677246,11.223750114440918,11.057097434997559
2018-07-31,11.300000190734863,11.476249694824219,11.182499885559082,11.352499961853027,11.18393611907959
2018-08-01,11.444999694824219,11.542499542236328,11.348750114440918,11.47249984741211,11.302153587341309
2018-08-02,11.3100004196167,11.811249732971191,11.300000190734863,11.78499984741211,11.610014915466309
2018-08-03,11.81624984741211,11.856249809265137,11.727499961853027,11.852499961853027,11.676511764526367
2018-08-06,11.8462495803833,12.0,11.80875015258789,12.0,11.821822166442871
2018-08-07,12.055000305175781,12.123749732971191,12.007499694824219,12.071249961853027,11.89201545715332
2018-08-08,12.043749809265137,12.151249885559082,11.978750228881836,12.092499732971191,11.912948608398438
2018-08-09,12.09375,12.181249618530273,12.057499885559082,12.082500457763672,11.903097152709961
2018-08-10,11.925000190734863,11.9975004196167,11.81624984741211,11.90250015258789,11.725770950317383
2018-08-13,11.9399995803833,12.0962495803833,11.864999771118164,11.881250381469727,11.704833984375
2018-08-14,11.967499732971191,12.052499771118164,11.8412504196167,12.024999618530273,11.846450805664062
2018-08-15,11.84375,11.907500267028809,11.582500457763672,11.736249923706055,11.561986923217773
2018-08-16,11.907500267028809,11.954999923706055,11.757499694824219,11.801250457763672,11.626023292541504
2018-08-17,11.737500190734863,11.866250038146973,11.598750114440918,11.807499885559082,11.632179260253906
2018-08-20,11.864999771118164,11.867500305175781,11.694999694824219,11.789999961853027,11.614937782287598
2018-08-21,11.859999656677246,12.012499809265137,11.842499732971191,11.87125015258789,11.69498348236084
2018-08-22,11.8149995803833,11.987500190734863,11.789999961853027,11.958749771118164,11.7811861038208
2018-08-23,11.921250343322754,12.087499618530273,11.887499809265137,11.923749923706055,11.746705055236816
2018-08-24,11.9975004196167,12.163749694824219,11.9975004196167,12.142499923706055,11.96220588684082
2018-08-27,12.272500038146973,12.387499809265137,12.229999542236328,12.387499809265137,12.203568458557129
2018-08-28,12.457500457763672,12.478750228881836,12.373749732971191,12.426250457763672,12.241744041442871
2018-08-29,12.462499618530273,12.725000381469727,12.458749771118164,12.713749885559082,12.524972915649414
2018-08-30,12.661250114440918,12.813750267028809,12.579999923706055,12.65999984741211,12.47202205657959
2018-08-31,12.6274995803833,12.765000343322754,12.602499961853027,12.6899995803833,12.50157642364502
2018-09-04,12.619999885559082,12.65250015258789,12.448749542236328,12.587499618530273,12.40059757232666
2018-09-05,12.541250228881836,12.541250228881836,12.176250457763672,12.261249542236328,12.079191207885742
2018-09-06,12.267499923706055,12.295000076293945,11.8725004196167,12.039999961853027,11.86122989654541
2018-09-07,11.866250038146973,12.148750305175781,11.853750228881836,11.96500015258789,11.787342071533203
2018-09-10,12.074999809265137,12.0912504196167,11.891249656677246,12.020000457763672,11.841525077819824
2018-09-11,11.918749809265137,12.243749618530273,11.863750457763672,12.202500343322754,12.021315574645996
2018-09-12,12.15625,12.186249732971191,11.926250457763672,12.137499809265137,11.957281112670898
2018-09-13,12.273750305175781,12.43375015258789,12.273750305175781,12.375,12.191252708435059
2018-09-14,12.404999732971191,12.442500114440918,12.217499732971191,12.3100004196167,12.127216339111328
2018-09-17,12.270000457763672,12.286250114440918,11.936249732971191,11.962499618530273,11.784879684448242
2018-09-18,11.977499961853027,12.270000457763672,11.970000267028809,12.1537504196167,11.973287582397461
2018-09-19,12.1537504196167,12.212499618530273,11.979999542236328,12.138750076293945,11.958513259887695
2018-09-20,12.297499656677246,12.432499885559082,12.242500305175781,12.391249656677246,12.20726203918457
2018-09-21,12.475000381469727,12.5024995803833,12.234999656677246,12.265000343322754,12.0828857421875
2018-09-24,12.087499618530273,12.338749885559082,11.986249923706055,12.324999809265137,12.141996383666992
2018-09-25,12.313750267028809,12.382499694824219,12.234999656677246,12.363750457763672,12.180171012878418
2018-09-26,12.3774995803833,12.609999656677246,12.332500457763672,12.3725004196167,12.188791275024414
2018-09-27,12.473750114440918,12.672499656677246,12.4662504196167,12.582500457763672,12.395675659179688
2018-09-28,12.507499694824219,12.645000457763672,12.473750114440918,12.585000038146973,12.3981351852417
2018-10-01,12.7212495803833,12.8125,12.567500114440918,12.626250267028809,12.438772201538086
2018-10-02,12.5962495803833,12.763750076293945,12.513750076293945,12.567500114440918,12.380894660949707
2018-10-03,12.678750038146973,12.734999656677246,12.5600004196167,12.603750228881836,12.416606903076172
2018-10-04,12.489999771118164,12.50374984741211,11.9350004196167,12.114999771118164,11.935114860534668
2018-10-05,12.106249809265137,12.186249732971191,11.586250305175781,11.824999809265137,11.649418830871582
2018-10-08,11.707500457763672,11.8774995803833,11.392499923706055,11.672499656677246,11.49918270111084
2018-10-09,11.686249732971191,11.921250343322754,11.631250381469727,11.737500190734863,11.563218116760254
2018-10-10,11.59749984741211,11.609999656677246,10.681249618530273,10.71500015258789,10.555901527404785
2018-10-11,10.619999885559082,10.912500381469727,10.2162504196167,10.446249961853027,10.291142463684082
2018-10-12,10.989999771118164,11.086250305175781,10.608750343322754,11.026249885559082,10.862529754638672
2018-10-15,10.946249961853027,10.981249809265137,10.673749923706055,10.74625015258789,10.586690902709961
2018-10-16,10.970000267028809,11.431249618530273,10.936249732971191,11.37125015258789,11.202408790588379
2018-10-17,11.494999885559082,11.5024995803833,11.15250015258789,11.385000228881836,11.21595287322998
2018-10-18,11.292499542236328,11.301250457763672,10.761249542236328,10.876250267028809,10.714757919311523
2018-10-19,11.012499809265137,11.213749885559082,10.755000114440918,10.835000038146973,10.67411994934082
2018-10-22,10.961250305175781,11.107500076293945,10.77750015258789,10.948749542236328,10.786179542541504
2018-10-23,10.551250457763672,10.96875,10.301250457763672,10.8774995803833,10.715985298156738
2018-10-24,10.842499732971191,10.869999885559082,9.831250190734863,9.867500305175781,9.720986366271973
2018-10-25,10.176250457763672,10.666250228881836,10.081250190734863,10.5337495803833,10.377342224121094
2018-10-26,9.833749771118164,10.404999732971191,9.703749656677246,10.0287504196167,9.879841804504395
2018-10-29,10.295000076293945,10.381250381469727,9.213749885559082,9.642499923706055,9.4993257522583
2018-10-30,9.537500381469727,9.917499542236328,9.447500228881836,9.896249771118164,9.749308586120605
2018-10-31,10.22249984741211,10.542499542236328,10.2212495803833,10.351249694824219,10.197551727294922
2018-11-01,10.40250015258789,10.663749694824219,10.244999885559082,10.649999618530273,10.491868019104004
2018-11-02,10.578749656677246,10.703749656677246,10.170000076293945,10.328749656677246,10.175386428833008
2018-11-05,10.335000038146973,10.34000015258789,10.02750015258789,10.257499694824219,10.105194091796875
2018-11-06,10.25,10.526249885559082,10.226249694824219,10.413749694824219,10.259124755859375
2018-11-07,10.657500267028809,11.057499885559082,10.616250038146973,11.057499885559082,10.893316268920898
2018-11-08,10.962499618530273,11.024999618530273,10.8149995803833,10.922499656677246,10.760319709777832
2018-11-09,10.713749885559082,10.761249542236328,10.380000114440918,10.551250457763672,10.394580841064453
2018-11-12,10.397500038146973,10.4350004196167,9.890000343322754,9.927499771118164,9.7800931930542
2018-11-13,10.0024995803833,10.28499984741211,9.869999885559082,9.931249618530273,9.783790588378906
2018-11-14,10.118749618530273,10.1875,9.662500381469727,9.765000343322754,9.62000846862793
2018-11-15,9.727499961853027,10.163749694824219,9.56624984741211,10.112500190734863,9.962347030639648
2018-11-16,9.921250343322754,10.140000343322754,9.837499618530273,10.045000076293945,9.895846366882324
2018-11-19,9.948749542236328,9.96500015258789,9.327500343322754,9.383749961853027,9.244418144226074
2018-11-20,8.953749656677246,9.303750038146973,8.8125,9.055000305175781,8.920550346374512
2018-11-21,9.282500267028809,9.364999771118164,9.15625,9.18375015258789,9.047389030456543
2018-11-23,9.038749694824219,9.237500190734863,9.0337495803833,9.050000190734863,8.915621757507324
2018-11-26,9.295000076293945,9.476249694824219,9.226249694824219,9.467499732971191,9.326925277709961
2018-11-27,9.364999771118164,9.577500343322754,9.270000457763672,9.53499984741211,9.393424034118652
2018-11-28,9.668749809265137,10.140000343322754,9.5600004196167,10.135000228881836,9.984513282775879
2018-11-29,10.05875015258789,10.208749771118164,9.914999961853027,10.074999809265137,9.925402641296387
2018-11-30,10.09749984741211,10.231249809265137,10.012499809265137,10.229999542236328,10.078102111816406
2018-12-03,10.670000076293945,10.692500114440918,10.420000076293945,10.569999694824219,10.413054466247559
2018-12-04,10.460000038146973,10.520000457763672,9.739999771118164,9.760000228881836,9.615081787109375
2018-12-06,9.375,9.899999618530273,9.296250343322754,9.899999618530273,9.753002166748047
2018-12-07,9.805000305175781,9.923749923706055,9.182499885559082,9.237500190734863,9.100339889526367
2018-12-10,9.207500457763672,9.515000343322754,9.018750190734863,9.4350004196167,9.294907569885254
2018-12-11,9.733750343322754,9.75,9.335000038146973,9.493749618530273,9.352787017822266
2018-12-12,9.7787504196167,9.960000038146973,9.65250015258789,9.662500381469727,9.51902961730957
2018-12-13,9.773750305175781,9.868749618530273,9.541250228881836,9.671250343322754,9.52764892578125
2018-12-14,9.442500114440918,9.511249542236328,9.151249885559082,9.171250343322754,9.035073280334473
2018-12-17,9.116250038146973,9.256250381469727,8.633749961853027,8.786250114440918,8.655790328979492
2018-12-18,8.912500381469727,9.056249618530273,8.731249809265137,8.882499694824219,8.750609397888184
2018-12-19,8.863750457763672,9.147500038146973,8.31624984741211,8.462499618530273,8.336847305297852
2018-12-20,8.407500267028809,8.59000015258789,7.991250038146973,8.208749771118164,8.086862564086914
2018-12-21,8.273750305175781,8.386249542236328,7.607500076293945,7.679999828338623,7.56596565246582
2018-12-24,7.573750019073486,7.767499923706055,7.304999828338623,7.315000057220459,7.206385135650635
2018-12-26,7.457499980926514,8.210000038146973,7.360000133514404,8.210000038146973,8.093626976013184
2018-12-27,7.994999885559082,8.28125,7.630000114440918,8.2787504196167,8.161404609680176
2018-12-28,8.3725004196167,8.541250228881836,8.125,8.268750190734863,8.1515474319458
2018-12-31,8.422499656677246,8.477499961853027,8.231249809265137,8.398750305175781,8.279704093933105
2019-01-02,8.042499542236328,8.557499885559082,8.0287504196167,8.461250305175781,8.34131908416748
2019-01-03,8.217499732971191,8.28499984741211,7.871250152587891,7.893750190734863,7.781861782073975
2019-01-04,8.1587495803833,8.662500381469727,8.109999656677246,8.601249694824219,8.479334831237793
2019-01-07,8.6225004196167,8.868749618530273,8.569999694824219,8.774999618530273,8.650619506835938
2019-01-08,8.949999809265137,9.007499694824219,8.6875,8.949999809265137,8.823139190673828
2019-01-09,9.008749961853027,9.166250228881836,8.938750267028809,9.083749771118164,8.954994201660156
2019-01-10,8.947500228881836,9.148750305175781,8.84749984741211,9.130000114440918,9.000589370727539
2019-01-11,9.0337495803833,9.088749885559082,8.9712495803833,9.074999809265137,8.946367263793945
2019-01-14,8.912500381469727,8.987500190734863,8.832500457763672,8.90999984741211,8.783706665039062
2019-01-15,8.986249923706055,9.28125,8.981249809265137,9.261249542236328,9.129977226257324
2019-01-16,9.287500381469727,9.416250228881836,9.2475004196167,9.258749961853027,9.127513885498047
2019-01-17,9.19124984741211,9.475000381469727,9.162500381469727,9.390000343322754,9.256902694702148
2019-01-18,9.529999732971191,9.668749809265137,9.417499542236328,9.572500228881836,9.43681526184082
2019-01-22,9.436249732971191,9.447500228881836,9.05875015258789,9.207500457763672,9.076990127563477
2019-01-23,9.289999961853027,9.37125015258789,9.011249542236328,9.21875,9.088082313537598
2019-01-24,9.271249771118164,9.361249923706055,9.207500457763672,9.329999923706055,9.19775390625
2019-01-25,9.475000381469727,9.612500190734863,9.420000076293945,9.5649995803833,9.429424285888672
2019-01-28,9.313750267028809,9.319999694824219,9.164999961853027,9.319999694824219,9.18789291381836
2019-01-29,9.328749656677246,9.333749771118164,9.077500343322754,9.137499809265137,9.007981300354004
2019-01-30,9.34749984741211,9.673749923706055,9.291250228881836,9.619999885559082,9.483642578125
2019-01-31,9.71500015258789,9.983750343322754,9.696249961853027,9.896249771118164,9.755976676940918
2019-02-01,9.797499656677246,9.942500114440918,9.75374984741211,9.805000305175781,9.666020393371582
2019-02-04,9.80875015258789,10.046250343322754,9.792499542236328,10.046250343322754,9.903852462768555
2019-02-05,10.074999809265137,10.2475004196167,10.072500228881836,10.227499961853027,10.08253288269043
2019-02-06,10.229999542236328,10.266249656677246,10.072500228881836,10.15999984741211,10.015989303588867
2019-02-07,9.983750343322754,10.029999732971191,9.737500190734863,9.886249542236328,9.746118545532227
2019-02-08,9.711250305175781,9.921250343322754,9.69124984741211,9.917499542236328,9.77692699432373
2019-02-11,9.993749618530273,10.043749809265137,9.858750343322754,9.904999732971191,9.764602661132812
2019-02-12,10.042499542236328,10.226249694824219,10.016249656677246,10.201250076293945,10.056654930114746
2019-02-13,10.2837495803833,10.34749984741211,10.1899995803833,10.207500457763672,10.06281566619873
2019-02-14,10.12874984741211,10.305000305175781,10.067500114440918,10.225000381469727,10.08006763458252
2019-02-15,10.388750076293945,10.388750076293945,10.22249984741211,10.321249961853027,10.174954414367676
2019-02-19,10.251250267028809,10.420000076293945,10.251250267028809,10.354999542236328,10.208223342895508
2019-02-20,10.373749732971191,10.451250076293945,10.242500305175781,10.353750228881836,10.206995010375977
2019-02-21,10.295000076293945,10.350000381469727,10.166250228881836,10.268750190734863,10.123196601867676
2019-02-22,10.31624984741211,10.438750267028809,10.305000305175781,10.425000190734863,10.27723217010498
2019-02-25,10.578749656677246,10.637499809265137,10.486249923706055,10.5,10.351167678833008
2019-02-26,10.4375,10.585000038146973,10.418749809265137,10.518750190734863,10.36965274810791
2019-02-27,10.430000305175781,10.529999732971191,10.28499984741211,10.501250267028809,10.352401733398438
2019-02-28,10.4350004196167,10.52750015258789,10.396249771118164,10.452500343322754,10.304343223571777
2019-03-01,10.603750228881836,10.62874984741211,10.454999923706055,10.604999542236328,10.454684257507324
2019-03-04,10.717499732971191,10.766249656677246,10.364999771118164,10.600000381469727,10.449750900268555
2019-03-05,10.608750343322754,10.678750038146973,10.510000228881836,10.614999771118164,10.464540481567383
2019-03-06,10.6274995803833,10.635000228881836,10.458749771118164,10.489999771118164,10.341310501098633
2019-03-07,10.43375015258789,10.444999694824219,10.1587495803833,10.234999656677246,10.089925765991211
2019-03-08,10.0024995803833,10.208749771118164,9.981249809265137,10.198749542236328,10.054187774658203
2019-03-11,10.279999732971191,10.637499809265137,10.279999732971191,10.625,10.474396705627441
2019-03-12,10.675000190734863,10.795000076293945,10.631250381469727,10.744999885559082,10.592695236206055
2019-03-13,10.848750114440918,11.013750076293945,10.823749542236328,10.901249885559082,10.746732711791992
2019-03-14,10.9087495803833,10.9375,10.854999542236328,10.859999656677246,10.706067085266113
2019-03-15,10.944999694824219,11.126250267028809,10.93375015258789,11.046250343322754,10.88967514038086
2019-03-18,11.052499771118164,11.180000305175781,11.008749961853027,11.103750228881836,10.946359634399414
2019-03-19,11.201250076293945,11.305000305175781,11.09375,11.18375015258789,11.025229454040527
2019-03-20,11.178750038146973,11.398750305175781,11.078749656677246,11.267499923706055,11.115617752075195
2019-03-21,11.194999694824219,11.645000457763672,11.192500114440918,11.613750457763672,11.457201957702637
2019-03-22,11.511249542236328,11.574999809265137,11.079999923706055,11.09375,10.944209098815918
2019-03-25,11.022500038146973,11.136249542236328,10.9037504196167,11.0649995803833,10.915846824645996
2019-03-26,11.225000381469727,11.362500190734863,11.050000190734863,11.164999961853027,11.014500617980957
2019-03-27,11.1875,11.241250038146973,10.856249809265137,11.032500267028809,10.883785247802734
2019-03-28,11.068750381469727,11.145000457763672,10.9350004196167,11.067500114440918,10.918313980102539
2019-03-29,11.225000381469727,11.251250267028809,11.102499961853027,11.241250038146973,11.0897216796875
2019-04-01,11.451250076293945,11.555000305175781,11.369999885559082,11.542499542236328,11.386910438537598
2019-04-02,11.551250457763672,11.635000228881836,11.493749618530273,11.613750457763672,11.457201957702637
2019-04-03,11.743749618530273,11.890000343322754,11.672499656677246,11.7475004196167,11.589147567749023
2019-04-04,11.7475004196167,11.835000038146973,11.5962495803833,11.737500190734863,11.5792818069458
2019-04-05,11.806249618530273,11.866250038146973,11.771249771118164,11.852499961853027,11.692730903625488
2019-04-08,11.8125,11.928750038146973,11.72249984741211,11.913749694824219,11.753156661987305
2019-04-09,11.824999809265137,11.9087495803833,11.77750015258789,11.829999923706055,11.670534133911133
2019-04-10,11.859999656677246,11.958749771118164,11.829999923706055,11.957500457763672,11.796318054199219
2019-04-11,11.984999656677246,11.989999771118164,11.850000381469727,11.898750305175781,11.738356590270996
2019-04-12,11.998749732971191,12.010000228881836,11.898750305175781,11.99625015258789,11.834545135498047
2019-04-15,11.994999885559082,12.022500038146973,11.837499618530273,11.9975004196167,11.83577823638916
2019-04-16,12.079999923706055,12.131250381469727,12.007499694824219,12.078749656677246,11.915933609008789
2019-04-17,12.234999656677246,12.258749961853027,12.09000015258789,12.15999984741211,11.996087074279785
2019-04-18,12.198749542236328,12.201250076293945,12.047499656677246,12.186249732971191,12.02198314666748
2019-04-22,12.078749656677246,12.265000343322754,12.0625,12.258749961853027,12.093505859375
2019-04-23,12.311249732971191,12.595000267028809,12.28499984741211,12.567500114440918,12.398094177246094
2019-04-24,12.579999923706055,12.618749618530273,12.479999542236328,12.487500190734863,12.319171905517578
2019-04-25,12.673749923706055,12.681249618530273,12.451250076293945,12.572500228881836,12.403027534484863
2019-04-26,12.547499656677246,12.609999656677246,12.335000038146973,12.609999656677246,12.440020561218262
2019-04-29,12.602499961853027,12.69124984741211,12.5649995803833,12.647500038146973,12.47701644897461
2019-04-30,12.452500343322754,12.494999885559082,12.282500267028809,12.460000038146973,12.292041778564453
2019-05-01,12.616250038146973,12.688750267028809,12.357500076293945,12.363750457763672,12.197090148925781
2019-05-02,12.366250038146973,12.492500305175781,12.101249694824219,12.270000457763672,12.10460376739502
2019-05-03,12.467499732971191,12.671250343322754,12.426250457763672,12.654999732971191,12.484414100646973
2019-05-06,12.117500305175781,12.53125,12.077500343322754,12.507499694824219,12.338903427124023
2019-05-07,12.220000267028809,12.329999923706055,11.78125,12.005000114440918,11.843175888061523
2019-05-08,11.930000305175781,12.126250267028809,11.850000381469727,11.932499885559082,11.77165412902832
2019-05-09,11.686249732971191,11.896249771118164,11.47249984741211,11.822500228881836,11.663138389587402
2019-05-10,11.726249694824219,11.957500457763672,11.337499618530273,11.8462495803833,11.686565399169922
2019-05-13,11.241250038146973,11.357500076293945,10.952500343322754,11.015000343322754,10.866522789001465
2019-05-14,11.135000228881836,11.392499923706055,11.055000305175781,11.257499694824219,11.105751991271973
2019-05-15,11.113750457763672,11.633749961853027,11.103750228881836,11.5649995803833,11.409107208251953
2019-05-16,11.579999923706055,11.951250076293945,11.556249618530273,11.800000190734863,11.640939712524414
2019-05-17,11.567500114440918,11.885000228881836,11.543749809265137,11.55875015258789,11.402941703796387
2019-05-20,11.243749618530273,11.326250076293945,11.095000267028809,11.177499771118164,11.02683162689209
2019-05-21,11.362500190734863,11.463749885559082,11.293749809265137,11.401249885559082,11.247566223144531
2019-05-22,11.272500038146973,11.425000190734863,11.268750190734863,11.300000190734863,11.147682189941406
2019-05-23,11.045000076293945,11.047499656677246,10.8125,10.948749542236328,10.801162719726562
2019-05-24,11.076250076293945,11.146249771118164,10.912500381469727,10.93375015258789,10.786367416381836
2019-05-28,10.992500305175781,11.12125015258789,10.851249694824219,10.851249694824219,10.704978942871094
2019-05-29,10.725000381469727,10.792499542236328,10.55875015258789,10.677499771118164,10.533570289611816
2019-05-30,10.734999656677246,10.821249961853027,10.640000343322754,10.768750190734863,10.623591423034668
2019-05-31,10.510000228881836,10.579999923706055,10.407500267028809,10.4087495803833,10.268445014953613
2019-06-03,10.363750457763672,10.412500381469727,9.854999542236328,9.9712495803833,9.836841583251953
2019-06-04,10.175000190734863,10.521249771118164,10.102499961853027,10.516249656677246,10.374496459960938
2019-06-05,10.71500015258789,10.71875,10.452500343322754,10.671250343322754,10.527406692504883
2019-06-06,10.704999923706055,10.891249656677246,10.612500190734863,10.835000038146973,10.688948631286621
2019-06-07,10.948749542236328,11.34749984741211,10.926250457763672,11.25,11.098353385925293
2019-06-10,11.40250015258789,11.732500076293945,11.40250015258789,11.507499694824219,11.352380752563477
2019-06-11,11.761249542236328,11.801250457763672,11.473750114440918,11.547499656677246,11.39184284210205
2019-06-12,11.481249809265137,11.529999732971191,11.375,11.420000076293945,11.26606273651123
2019-06-13,11.510000228881836,11.600000381469727,11.463749885559082,11.552499771118164,11.396777153015137
2019-06-14,11.420000076293945,11.505000114440918,11.358750343322754,11.4375,11.283326148986816
2019-06-17,11.492500305175781,11.647500038146973,11.47249984741211,11.582500457763672,11.426371574401855
2019-06-18,11.850000381469727,12.082500457763672,11.797499656677246,11.920000076293945,11.759323120117188
2019-06-19,11.961250305175781,12.063750267028809,11.80875015258789,12.007499694824219,11.845643043518066
2019-06-20,12.34000015258789,12.3462495803833,12.050000190734863,12.226249694824219,12.061444282531738
2019-06-21,12.192500114440918,12.34749984741211,12.141249656677246,12.196249961853027,12.03184700012207
2019-06-24,12.236249923706055,12.260000228881836,12.177499771118164,12.192500114440918,12.028146743774414
2019-06-25,12.168749809265137,12.178750038146973,11.733750343322754,11.765000343322754,11.611294746398926
2019-06-26,11.920000076293945,12.068750381469727,11.837499618530273,11.869999885559082,11.714920043945312
2019-06-27,11.957500457763672,12.017499923706055,11.898750305175781,11.96500015258789,11.808679580688477
2019-06-28,12.018750190734863,12.046250343322754,11.904999732971191,12.001250267028809,11.844456672668457
2019-07-01,12.448749542236328,12.479999542236328,12.201250076293945,12.3125,12.15163803100586
2019-07-02,12.303750038146973,12.412500381469727,12.234999656677246,12.412500381469727,12.25033187866211
2019-07-03,12.463749885559082,12.588749885559082,12.442500114440918,12.588749885559082,12.42427921295166
2019-07-05,12.422499656677246,12.586250305175781,12.323749542236328,12.547499656677246,12.38356876373291
2019-07-08,12.382499694824219,12.382499694824219,12.262499809265137,12.362500190734863,12.2009859085083
2019-07-09,12.239999771118164,12.516249656677246,12.223750114440918,12.487500190734863,12.32435131072998
2019-07-10,12.637499809265137,12.803750038146973,12.5912504196167,12.731249809265137,12.56491756439209
2019-07-11,12.776249885559082,12.832500457763672,12.633749961853027,12.711250305175781,12.545181274414062
2019-07-12,12.737500190734863,12.857500076293945,12.712499618530273,12.857500076293945,12.689518928527832
2019-07-15,12.913749694824219,12.942500114440918,12.845000267028809,12.928750038146973,12.759839057922363
2019-07-16,12.895000457763672,12.926250457763672,12.723750114440918,12.800000190734863,12.632769584655762
2019-07-17,12.807499885559082,12.8462495803833,12.673749923706055,12.677499771118164,12.511870384216309
2019-07-18,12.557499885559082,12.75,12.47249984741211,12.717499732971191,12.551347732543945
2019-07-19,12.888750076293945,12.888750076293945,12.487500190734863,12.501250267028809,12.337923049926758
2019-07-22,12.579999923706055,12.761249542236328,12.573749542236328,12.7162504196167,12.5501127243042
2019-07-23,12.850000381469727,12.876250267028809,12.680000305175781,12.876250267028809,12.708024978637695
2019-07-24,12.78125,13.055000305175781,12.772500038146973,13.055000305175781,12.884438514709473
2019-07-25,12.961250305175781,12.9662504196167,12.758749961853027,12.802499771118164,12.635239601135254
2019-07-26,12.9662504196167,13.100000381469727,12.952500343322754,13.0600004196167,12.889375686645508
2019-07-29,13.048749923706055,13.048749923706055,12.8125,12.979999542236328,12.810420036315918
2019-07-30,12.779999732971191,12.963749885559082,12.757499694824219,12.859999656677246,12.691987037658691
2019-07-31,12.932499885559082,12.944999694824219,12.271249771118164,12.518750190734863,12.355195045471191
2019-08-01,12.553750038146973,13.006250381469727,12.262499809265137,12.3774995803833,12.215789794921875
2019-08-02,12.201250076293945,12.225000381469727,11.863750457763672,12.017499923706055,11.860495567321777
2019-08-05,11.512499809265137,11.516249656677246,10.963749885559082,11.146249771118164,11.000626564025879
2019-08-06,11.369999885559082,11.536250114440918,11.203749656677246,11.473750114440918,11.323846817016602
2019-08-07,11.227499961853027,11.623749732971191,11.052499771118164,11.572500228881836,11.421307563781738
2019-08-08,11.712499618530273,12.100000381469727,11.633749961853027,12.095000267028809,11.936981201171875
2019-08-09,11.976249694824219,12.056249618530273,11.678750038146973,11.864999771118164,11.709985733032227
2019-08-12,11.71875,11.787500381469727,11.484999656677246,11.595000267028809,11.443511962890625
2019-08-13,11.583749771118164,12.25374984741211,11.552499771118164,12.114999771118164,11.956719398498535
2019-08-14,11.702500343322754,11.78499984741211,11.335000038146973,11.361249923706055,11.212817192077637
2019-08-15,11.411250114440918,11.47249984741211,11.173749923706055,11.3462495803833,11.198013305664062
2019-08-16,11.539999961853027,11.765000343322754,11.539999961853027,11.704999923706055,11.552075386047363
2019-08-19,12.032500267028809,12.130000114440918,11.963749885559082,12.0625,11.904905319213867
2019-08-20,12.024999618530273,12.104999542236328,11.892499923706055,11.899999618530273,11.744528770446777
2019-08-21,12.108750343322754,12.178750038146973,12.022500038146973,12.106249809265137,11.948083877563477
2019-08-22,12.147500038146973,12.203749656677246,11.835000038146973,12.02750015258789,11.870363235473633
2019-08-23,11.864999771118164,12.076250076293945,11.196249961853027,11.270000457763672,11.122761726379395
2019-08-26,11.516249656677246,11.600000381469727,11.380000114440918,11.598750114440918,11.447214126586914
2019-08-27,11.755000114440918,11.795000076293945,11.457500457763672,11.55875015258789,11.407737731933594
2019-08-28,11.4712495803833,11.666250228881836,11.362500190734863,11.626250267028809,11.474353790283203
2019-08-29,11.913749694824219,12.047499656677246,11.828749656677246,11.982500076293945,11.825948715209961
2019-08-30,12.107500076293945,12.113750457763672,11.793749809265137,11.928750038146973,11.772903442382812
2019-09-03,11.770000457763672,11.886249542236328,11.612500190734863,11.692500114440918,11.539738655090332
2019-09-04,11.913749694824219,12.045000076293945,11.853750228881836,12.029999732971191,11.872830390930176
2019-09-05,12.287500381469727,12.5337495803833,12.279999732971191,12.47249984741211,12.309547424316406
2019-09-06,12.5,12.513750076293945,12.392499923706055,12.443750381469727,12.281174659729004
2019-09-09,12.517499923706055,12.524999618530273,12.258749961853027,12.385000228881836,12.22319221496582
2019-09-10,12.251250267028809,12.326250076293945,12.09000015258789,12.326250076293945,12.165209770202637
2019-09-11,12.357500076293945,12.553750038146973,12.303750038146973,12.547499656677246,12.38356876373291
2019-09-12,12.698749542236328,12.837499618530273,12.611249923706055,12.641249656677246,12.476092338562012
2019-09-13,12.607500076293945,12.664999961853027,12.522500038146973,12.55875015258789,12.394673347473145
2019-09-16,12.387499809265137,12.491250038146973,12.364999771118164,12.432499885559082,12.27007007598877
2019-09-17,12.4375,12.557499885559082,12.392499923706055,12.551250457763672,12.387269973754883
2019-09-18,12.507499694824219,12.556249618530273,12.236249923706055,12.550000190734863,12.38603687286377
2019-09-19,12.59000015258789,12.739999771118164,12.538749694824219,12.586250305175781,12.421814918518066
2019-09-20,12.625,12.643750190734863,12.231249809265137,12.319999694824219,12.159041404724121
2019-09-23,12.30875015258789,12.398750305175781,12.225000381469727,12.327500343322754,12.166444778442383
2019-09-24,12.442500114440918,12.488750457763672,11.898750305175781,11.992500305175781,11.835819244384766
2019-09-25,11.97249984741211,12.328749656677246,11.776249885559082,12.263750076293945,12.10352611541748
2019-09-26,12.242500305175781,12.2524995803833,11.993749618530273,12.173749923706055,12.014700889587402
2019-09-27,12.212499618530273,12.227499961853027,11.707500457763672,11.882499694824219,11.727258682250977
2019-09-30,11.957500457763672,12.131250381469727,11.922499656677246,12.0912504196167,11.933279991149902
2019-10-01,12.180000305175781,12.319999694824219,11.861249923706055,11.892499923706055,11.737126350402832
2019-10-02,11.739999771118164,11.739999771118164,11.362500190734863,11.483750343322754,11.333717346191406
2019-10-03,11.487500190734863,11.751250267028809,11.206250190734863,11.739999771118164,11.586618423461914
2019-10-04,11.853750228881836,12.114999771118164,11.838749885559082,12.086250305175781,11.9283447265625
2019-10-07,12.008749961853027,12.197500228881836,11.962499618530273,12.005000114440918,11.848154067993164
2019-10-08,11.851249694824219,11.953749656677246,11.6274995803833,11.632499694824219,11.480524063110352
2019-10-09,11.832500457763672,11.977499961853027,11.770000457763672,11.881250381469727,11.726022720336914
2019-10-10,11.87125015258789,12.143750190734863,11.862500190734863,12.046250343322754,11.88886833190918
2019-10-11,12.324999809265137,12.555000305175781,12.3125,12.351249694824219,12.18988037109375
2019-10-14,12.319999694824219,12.431249618530273,12.302499771118164,12.362500190734863,12.2009859085083
2019-10-15,12.430000305175781,12.726249694824219,12.421250343322754,12.667499542236328,12.50200080871582
2019-10-16,12.59375,12.662500381469727,12.52750015258789,12.603750228881836,12.439085006713867
2019-10-17,12.757499694824219,12.795000076293945,12.582500457763672,12.673749923706055,12.508170127868652
2019-10-18,12.642499923706055,12.6850004196167,12.300000190734863,12.428750038146973,12.266371726989746
2019-10-21,12.552499771118164,12.662500381469727,12.4975004196167,12.647500038146973,12.482263565063477
2019-10-22,12.734999656677246,12.78125,12.438750267028809,12.444999694824219,12.2824068069458
2019-10-23,12.383749961853027,12.492500305175781,12.352499961853027,12.491250038146973,12.328054428100586
2019-10-24,12.668749809265137,12.743749618530273,12.556249618530273,12.727499961853027,12.561220169067383
2019-10-25,12.598750114440918,12.943750381469727,12.59375,12.923749923706055,12.754903793334961
2019-10-28,13.051250457763672,13.2212495803833,13.051250457763672,13.1850004196167,13.012742042541504
2019-10-29,13.140000343322754,13.177499771118164,12.977499961853027,12.987500190734863,12.817821502685547
2019-10-30,13.03499984741211,13.147500038146973,12.882499694824219,13.0912504196167,12.92021656036377
2019-10-31,13.175000190734863,13.1899995803833,12.967499732971191,13.111249923706055,12.93995475769043
2019-11-01,13.227499961853027,13.356249809265137,13.188750267028809,13.356249809265137,13.181754112243652
2019-11-04,13.53499984741211,13.574999809265137,13.46875,13.510000228881836,13.333494186401367
2019-11-05,13.551250457763672,13.574999809265137,13.44124984741211,13.515000343322754,13.33842945098877
2019-11-06,13.5,13.5,13.336250305175781,13.4662504196167,13.290316581726074
2019-11-07,13.603750228881836,13.728750228881836,13.477499961853027,13.556249618530273,13.379138946533203
2019-11-08,13.506250381469727,13.663749694824219,13.4350004196167,13.663749694824219,13.485234260559082
2019-11-11,13.5337495803833,13.633749961853027,13.487500190734863,13.625,13.446992874145508
2019-11-12,13.647500038146973,13.792499542236328,13.604999542236328,13.696249961853027,13.517309188842773
2019-11-13,13.606249809265137,13.731249809265137,13.59000015258789,13.677499771118164,13.498805046081543
2019-11-14,13.603750228881836,13.701250076293945,13.524999618530273,13.6850004196167,13.506207466125488
2019-11-15,13.845000267028809,13.869999885559082,13.761249542236328,13.854999542236328,13.67398738861084
2019-11-18,13.842499732971191,13.949999809265137,13.729999542236328,13.90999984741211,13.72826862335205
2019-11-19,14.008749961853027,14.008749961853027,13.8412504196167,13.94124984741211,13.759108543395996
2019-11-20,13.875,13.954999923706055,13.5649995803833,13.772500038146973,13.592565536499023
2019-11-21,13.741250038146973,13.761249542236328,13.625,13.710000038146973,13.530882835388184
2019-11-22,13.772500038146973,13.793749809265137,13.586250305175781,13.729999542236328,13.550621032714844
2019-11-25,13.836250305175781,14.056249618530273,13.836250305175781,14.052499771118164,13.868907928466797
2019-11-26,14.067500114440918,14.138750076293945,14.037500381469727,14.104999542236328,13.920719146728516
2019-11-27,14.180000305175781,14.300000190734863,14.143750190734863,14.300000190734863,14.113171577453613
2019-11-29,14.231249809265137,14.268750190734863,14.15250015258789,14.164999961853027,13.979937553405762
2019-12-02,14.168749809265137,14.173749923706055,13.7162504196167,13.852499961853027,13.67151927947998
2019-12-03,13.505000114440918,13.664999961853027,13.358750343322754,13.651249885559082,13.472896575927734
2019-12-04,13.798749923706055,13.859999656677246,13.757499694824219,13.789999961853027,13.609835624694824
2019-12-05,13.891249656677246,13.891249656677246,13.71500015258789,13.842499732971191,13.661649703979492
2019-12-06,14.037500381469727,14.161250114440918,14.0287504196167,14.131250381469727,13.946627616882324
2019-12-09,14.087499618530273,14.2212495803833,14.00374984741211,14.012499809265137,13.829428672790527
2019-12-10,14.020000457763672,14.117500305175781,13.926250457763672,13.988750457763672,13.805989265441895
2019-12-11,14.045000076293945,14.162500381469727,14.007499694824219,14.138750076293945,13.954030990600586
2019-12-12,14.102499961853027,14.449999809265137,14.067500114440918,14.350000381469727,14.162521362304688
2019-12-13,14.332500457763672,14.53499984741211,14.270000457763672,14.436249732971191,14.24764347076416
2019-12-16,14.618749618530273,14.758749961853027,14.618749618530273,14.712499618530273,14.520283699035645
2019-12-17,14.763750076293945,14.782500267028809,14.692500114440918,14.728750228881836,14.536321640014648
2019-12-18,14.766249656677246,14.842499732971191,14.737500190734863,14.75,14.557292938232422
2019-12-19,14.776249885559082,14.951250076293945,14.774999618530273,14.944999694824219,14.749747276306152
2019-12-20,15.086250305175781,15.114999771118164,15.005000114440918,15.068750381469727,14.871879577636719
2019-12-23,15.173749923706055,15.188750267028809,15.116250038146973,15.137499809265137,14.939730644226074
2019-12-24,15.161250114440918,15.172499656677246,15.076250076293945,15.138750076293945,14.947135925292969
2019-12-26,15.19124984741211,15.414999961853027,15.19124984741211,15.414999961853027,15.219889640808105
2019-12-27,15.523750305175781,15.523750305175781,15.307499885559082,15.3774995803833,15.182865142822266
2019-12-30,15.364999771118164,15.382499694824219,15.03125,15.170000076293945,14.977991104125977
2019-12-31,15.087499618530273,15.255000114440918,15.038749694824219,15.236249923706055,15.043400764465332
2020-01-02,15.488750457763672,15.738750457763672,15.43375015258789,15.736249923706055,15.537073135375977
2020-01-03,15.322500228881836,15.638750076293945,15.322500228881836,15.457500457763672,15.261852264404297
2020-01-06,15.199999809265137,15.6537504196167,15.168749809265137,15.641249656677246,15.443276405334473
2020-01-07,15.661250114440918,15.731249809265137,15.548749923706055,15.633749961853027,15.435869216918945
2020-01-08,15.630000114440918,16.022499084472656,15.587499618530273,15.869999885559082,15.6691312789917
2020-01-09,16.136249542236328,16.202499389648438,15.957500457763672,16.1512508392334,15.946822166442871
2020-01-10,16.272499084472656,16.272499084472656,16.006250381469727,16.06624984741211,15.862895965576172
2020-01-13,16.18375015258789,16.434999465942383,16.146249771118164,16.426250457763672,16.218341827392578
2020-01-14,16.4012508392334,16.466249465942383,16.24625015258789,16.30500030517578,16.0986270904541
2020-01-15,16.315000534057617,16.459999084472656,16.206249237060547,16.3075008392334,16.101091384887695
2020-01-16,16.4637508392334,16.62125015258789,16.4012508392334,16.614999771118164,16.40470314025879
2020-01-17,16.763750076293945,16.806249618530273,16.5987491607666,16.783750534057617,16.57131576538086
2020-01-21,16.6875,16.850000381469727,16.678749084472656,16.768749237060547,16.55650520324707
2020-01-22,16.931249618530273,17.046249389648438,16.809999465942383,16.853750228881836,16.640426635742188
2020-01-23,16.831249237060547,16.967500686645508,16.678749084472656,16.953750610351562,16.739166259765625
2020-01-24,17.127500534057617,17.149999618530273,16.517499923706055,16.66374969482422,16.45283317565918
2020-01-27,15.927499771118164,16.153749465942383,15.8125,15.977499961853027,15.775269508361816
2020-01-28,16.198749542236328,16.53874969482422,16.1200008392334,16.459999084472656,16.251663208007812
2020-01-29,16.65250015258789,16.686250686645508,16.376249313354492,16.511249542236328,16.302263259887695
2020-01-30,16.303749084472656,16.64875030517578,16.208749771118164,16.631250381469727,16.42074203491211
2020-01-31,16.764999389648438,16.780000686645508,15.984999656677246,16.092500686645508,15.888813018798828
2020-02-03,16.2549991607666,16.6612491607666,16.243749618530273,16.571250915527344,16.36150550842285
2020-02-04,17.037500381469727,17.40625,16.93000030517578,17.333749771118164,17.114355087280273
2020-02-05,17.77375030517578,17.77375030517578,17.25374984741211,17.466249465942383,17.245176315307617
2020-02-06,17.549999237060547,17.771249771118164,17.426250457763672,17.756250381469727,17.53150749206543
2020-02-07,17.602500915527344,17.797500610351562,17.5049991607666,17.596250534057617,17.3735294342041
2020-02-10,17.491249084472656,18.032499313354492,17.482500076293945,18.032499313354492,17.80426025390625
2020-02-11,18.228750228881836,18.346250534057617,17.94124984741211,18.032499313354492,17.80426025390625
2020-02-12,18.238750457763672,18.399999618530273,18.162500381469727,18.386249542236328,18.15353012084961
2020-02-13,18.127500534057617,18.485000610351562,18.087499618530273,18.325000762939453,18.09305763244629
2020-02-14,18.389999389648438,18.4737491607666,18.268749237060547,18.422500610351562,18.189327239990234
2020-02-18,18.2450008392334,18.518749237060547,18.21875,18.453750610351562,18.22018051147461
2020-02-19,18.662500381469727,18.8799991607666,18.633750915527344,18.799999237060547,18.56204605102539
2020-02-20,18.719999313354492,18.793750762939453,17.991249084472656,18.434999465942383,18.2016658782959
2020-02-21,18.274999618530273,18.325000762939453,17.594999313354492,17.748750686645508,17.52410125732422
2020-02-24,16.37874984741211,16.806249618530273,16.1924991607666,16.3700008392334,16.16280174255371
2020-02-25,16.636249542236328,16.75,15.385000228881836,15.486249923706055,15.290236473083496
2020-02-26,15.657500267028809,16.177499771118164,15.404999732971191,15.619999885559082,15.422294616699219
2020-02-27,14.842499732971191,15.318750381469727,14.053750038146973,14.056249618530273,13.878337860107422
2020-02-28,13.136249542236328,14.271249771118164,13.043749809265137,14.197500228881836,14.017800331115723
2020-03-02,14.49625015258789,15.547499656677246,14.098750114440918,15.5337495803833,15.337136268615723
2020-03-03,15.635000228881836,15.991250038146973,14.272500038146973,14.542499542236328,14.358431816101074
2020-03-04,15.0912504196167,15.756250381469727,14.797499656677246,15.736249923706055,15.537073135375977
2020-03-05,14.9350004196167,15.4712495803833,14.571249961853027,14.788749694824219,14.601566314697266
2020-03-06,13.805000305175781,14.4375,13.572500228881836,14.289999961853027,14.10912799835205
2020-03-09,12.3125,13.336250305175781,12.25,12.322500228881836,12.166532516479492
2020-03-10,13.257499694824219,13.661250114440918,12.3125,13.643750190734863,13.47105884552002
2020-03-11,13.0024995803833,13.186249732971191,12.114999771118164,12.453749656677246,12.296119689941406
2020-03-12,10.7837495803833,11.868749618530273,10.118749618530273,10.148750305175781,10.020295143127441
2020-03-13,11.272500038146973,12.137499809265137,10.258749961853027,12.082500457763672,11.929571151733398
2020-03-16,9.563750267028809,10.90250015258789,9.0,9.148750305175781,9.032953262329102
2020-03-17,9.661250114440918,10.632499694824219,9.061249732971191,10.382499694824219,10.251087188720703
2020-03-18,9.198749542236328,10.038749694824219,8.641249656677246,9.732500076293945,9.60931396484375
2020-03-19,9.633749961853027,10.4975004196167,9.199999809265137,9.866250038146973,9.74137020111084
2020-03-20,10.30875015258789,10.4350004196167,9.020000457763672,9.077500343322754,8.962605476379395
2020-03-23,9.140000343322754,9.493749618530273,8.50374984741211,9.123749732971191,9.008268356323242
2020-03-24,10.069999694824219,10.520000457763672,9.901249885559082,10.512499809265137,10.379441261291504
2020-03-25,10.578749656677246,11.170000076293945,10.077500343322754,10.323749542236328,10.194170951843262
2020-03-26,10.515000343322754,11.518750190734863,10.482500076293945,11.4350004196167,11.291474342346191
2020-03-27,10.8412504196167,11.258749961853027,10.5625,10.5962495803833,10.463251113891602
2020-03-30,10.835000038146973,11.460000038146973,10.762499809265137,11.407500267028809,11.26431655883789
2020-03-31,11.359999656677246,11.7837495803833,11.069999694824219,11.197500228881836,11.056955337524414
2020-04-01,10.552499771118164,10.885000228881836,10.09375,10.262499809265137,10.13369083404541
2020-04-02,10.161250114440918,10.69124984741211,10.104999542236328,10.670000076293945,10.536076545715332
2020-04-03,10.611249923706055,10.792499542236328,10.130000114440918,10.380000114440918,10.249714851379395
2020-04-06,11.161250114440918,11.973750114440918,11.0287504196167,11.856249809265137,11.707435607910156
2020-04-07,12.5337495803833,12.578749656677246,11.788749694824219,11.8100004196167,11.661767959594727
2020-04-08,12.039999961853027,12.399999618530273,11.832500457763672,12.323749542236328,12.169068336486816
2020-04-09,12.536250114440918,12.65999984741211,12.143750190734863,12.354999542236328,12.19992446899414
2020-04-13,12.260000228881836,12.6875,12.112500190734863,12.638750076293945,12.480114936828613
2020-04-14,13.145000457763672,13.802499771118164,13.055000305175781,13.731249809265137,13.5589017868042
2020-04-15,13.302499771118164,13.657500267028809,13.125,13.417499542236328,13.249089241027832
2020-04-16,13.71500015258789,14.045000076293945,13.454999923706055,13.926250457763672,13.751455307006836
2020-04-17,14.258749961853027,14.329999923706055,13.751250267028809,14.15625,13.978567123413086
2020-04-20,13.90625,14.25374984741211,13.822500228881836,13.828749656677246,13.655177116394043
2020-04-21,13.561249732971191,13.630000114440918,12.654999732971191,12.800000190734863,12.639339447021484
2020-04-22,13.353750228881836,13.736249923706055,13.244999885559082,13.5912504196167,13.420660018920898
2020-04-23,13.681249618530273,14.015000343322754,13.462499618530273,13.526249885559082,13.356475830078125
2020-04-24,13.568750381469727,13.992500305175781,13.388750076293945,13.9712495803833,13.795888900756836
2020-04-27,14.244999885559082,14.303750038146973,14.02750015258789,14.141249656677246,13.96375560760498
2020-04-28,14.399999618530273,14.399999618530273,13.600000381469727,13.637499809265137,13.466327667236328
2020-04-29,14.242500305175781,14.7212495803833,14.100000381469727,14.567500114440918,14.384654998779297
2020-04-30,14.729999542236328,14.731249809265137,14.376250267028809,14.6225004196167,14.438965797424316
2020-05-01,13.992500305175781,14.28125,13.619999885559082,13.738750457763672,13.56630802154541
2020-05-04,13.608750343322754,14.104999542236328,13.545000076293945,14.082500457763672,13.905741691589355
2020-05-05,14.358750343322754,14.717499732971191,14.289999961853027,14.396249771118164,14.215554237365723
2020-05-06,14.6225004196167,14.8412504196167,14.456250190734863,14.571249961853027,14.388358116149902
2020-05-07,14.9399995803833,15.06624984741211,14.767499923706055,14.957500457763672,14.769760131835938
2020-05-08,15.177499771118164,15.369999885559082,15.047499656677246,15.350000381469727,15.157334327697754
2020-05-11,15.168749809265137,15.771249771118164,15.133749961853027,15.604999542236328,15.409131050109863
2020-05-12,15.707500457763672,15.797499656677246,14.973750114440918,14.982500076293945,14.794449806213379
2020-05-13,15.055000305175781,15.307499885559082,14.244999885559082,14.608750343322754,14.425389289855957
2020-05-14,14.431249618530273,14.93375015258789,14.15250015258789,14.927499771118164,14.74013900756836
2020-05-15,14.520000457763672,15.132499694824219,14.4662504196167,15.119999885559082,14.930219650268555
2020-05-18,15.529999732971191,15.828749656677246,15.426250457763672,15.698749542236328,15.50170612335205
2020-05-19,15.7212495803833,16.017499923706055,15.592499732971191,15.59749984741211,15.401727676391602
2020-05-20,15.96875,16.27750015258789,15.96875,16.232500076293945,16.028757095336914
2020-05-21,16.2450008392334,16.331249237060547,15.807499885559082,15.875,15.675745010375977
2020-05-22,15.8125,16.011249542236328,15.686249732971191,15.973750114440918,15.773255348205566
2020-05-26,16.49250030517578,16.521249771118164,15.867500305175781,15.90999984741211,15.710306167602539
2020-05-27,15.823749542236328,16.084999084472656,15.1875,16.061250686645508,15.859657287597656
2020-05-28,15.897500038146973,16.508750915527344,15.896249771118164,15.998749732971191,15.797941207885742
2020-05-29,16.094999313354492,16.52375030517578,15.851249694824219,16.43375015258789,16.227481842041016
2020-06-01,16.354999542236328,16.647499084472656,16.306249618530273,16.608749389648438,16.400285720825195
2020-06-02,16.64875030517578,16.815000534057617,16.303749084472656,16.815000534057617,16.603944778442383
2020-06-03,16.89875030517578,17.071250915527344,16.7762508392334,16.962499618530273,16.749591827392578
2020-06-04,16.903749465942383,17.1200008392334,16.5362491607666,16.719999313354492,16.5101375579834
2020-06-05,16.86750030517578,17.4737491607666,16.8125,17.375,17.15691566467285
2020-06-08,17.357500076293945,17.670000076293945,17.133750915527344,17.6612491607666,17.4395751953125
2020-06-09,17.524999618530273,18.042499542236328,17.516250610351562,17.90250015258789,17.67779541015625
2020-06-10,18.162500381469727,18.577499389648438,18.092500686645508,18.34749984741211,18.117210388183594
2020-06-11,17.748750686645508,17.948749542236328,16.516250610351562,16.533750534057617,16.32622528076172
2020-06-12,17.247499465942383,17.421249389648438,16.202499389648438,16.764999389648438,16.5545711517334
2020-06-15,16.282499313354492,17.290000915527344,16.153749465942383,17.18375015258789,16.96806526184082
2020-06-16,17.921249389648438,18.108749389648438,17.157499313354492,17.801250457763672,17.577817916870117
2020-06-17,18.006250381469727,18.170000076293945,17.780000686645508,17.887500762939453,17.662986755371094
2020-06-18,17.846250534057617,18.028749465942383,17.729999542236328,17.998750686645508,17.77284049987793
2020-06-19,18.362499237060547,18.392499923706055,17.725000381469727,17.97624969482422,17.750621795654297
2020-06-22,17.977500915527344,18.438749313354492,17.920000076293945,18.422500610351562,18.191274642944336
2020-06-23,18.65999984741211,19.065000534057617,18.577499389648438,18.716249465942383,18.48133087158203
2020-06-24,18.602500915527344,18.799999237060547,17.72624969482422,17.966249465942383,17.740745544433594
2020-06-25,17.967500686645508,18.328750610351562,17.587499618530273,18.311250686645508,18.081417083740234
2020-06-26,18.2549991607666,18.258750915527344,17.350000381469727,17.416250228881836,17.197649002075195
2020-06-29,17.393749237060547,17.8075008392334,17.006250381469727,17.783750534057617,17.56053352355957
2020-06-30,17.793750762939453,18.583749771118164,17.771249771118164,18.46125030517578,18.229536056518555
2020-07-01,18.5049991607666,19.084999084472656,18.424999237060547,18.931249618530273,18.693632125854492
2020-07-02,19.306249618530273,19.50749969482422,19.118749618530273,19.1875,18.946666717529297
2020-07-06,19.696250915527344,20.212499618530273,19.688749313354492,20.136249542236328,19.88351058959961
2020-07-07,20.087499618530273,20.518749237060547,19.813749313354492,19.85124969482422,19.602088928222656
2020-07-08,20.071250915527344,20.383750915527344,19.837499618530273,20.366249084472656,20.110624313354492
2020-07-09,20.673749923706055,20.832500457763672,20.012500762939453,20.704999923706055,20.44512176513672
2020-07-10,20.671249389648438,21.041250228881836,20.260000228881836,21.013750076293945,20.749998092651367
2020-07-13,21.46125030517578,21.922500610351562,20.00374984741211,20.138750076293945,19.885976791381836
2020-07-14,19.74625015258789,20.483749389648438,19.238750457763672,20.4325008392334,20.176042556762695
2020-07-15,20.63249969482422,20.782499313354492,19.971250534057617,20.477500915527344,20.22047996520996
2020-07-16,20.0362491607666,20.318750381469727,19.673749923706055,20.19124984741211,19.937820434570312
2020-07-17,20.31624984741211,20.40250015258789,19.920000076293945,20.256250381469727,20.00200080871582
2020-07-20,20.375,21.508750915527344,20.166250228881836,21.420000076293945,21.151142120361328
2020-07-21,21.676250457763672,21.678749084472656,20.829999923706055,20.96875,20.705562591552734
2020-07-22,21.03874969482422,21.258750915527344,20.735000610351562,21.116249084472656,20.85120964050293
2020-07-23,21.045000076293945,21.146249771118164,19.78125,20.002500534057617,19.751440048217773
2020-07-24,19.40250015258789,19.842500686645508,18.975000381469727,19.61750030517578,19.37127113342285
2020-07-27,19.891250610351562,20.386249542236328,19.770000457763672,20.325000762939453,20.069889068603516
2020-07-28,20.201250076293945,20.283750534057617,19.763750076293945,19.81999969482422,19.571229934692383
2020-07-29,20.045000076293945,20.403749465942383,19.981250762939453,20.278749465942383,20.024215698242188
2020-07-30,19.954999923706055,20.565000534057617,19.771249771118164,20.482500076293945,20.225414276123047
2020-07-31,21.2137508392334,21.227500915527344,20.438749313354492,21.209999084472656,20.943784713745117
2020-08-03,21.568750381469727,21.897499084472656,21.540000915527344,21.771249771118164,21.497987747192383
2020-08-04,21.677499771118164,21.943750381469727,21.571250915527344,21.940000534057617,21.664621353149414
2020-08-05,22.016250610351562,22.11750030517578,21.84000015258789,22.05500030517578,21.778173446655273
2020-08-06,22.008750915527344,22.684999465942383,21.907499313354492,22.616249084472656,22.33238410949707
2020-08-07,22.528749465942383,22.665000915527344,21.737499237060547,22.107500076293945,21.830015182495117
2020-08-10,22.155000686645508,22.197500228881836,21.332500457763672,21.90999984741211,21.634994506835938
2020-08-11,21.717500686645508,21.938749313354492,20.993749618530273,21.092500686645508,20.8277530670166
2020-08-12,21.427499771118164,22.299999237060547,21.427499771118164,22.153749465942383,21.87568473815918
2020-08-13,22.268749237060547,22.625,22.09749984741211,22.241249084472656,21.96208953857422
2020-08-14,22.327499389648438,22.383750915527344,21.957500457763672,22.200000762939453,21.921358108520508
2020-08-17,22.475000381469727,22.761249542236328,22.452499389648438,22.6924991607666,22.40767478942871
2020-08-18,22.885000228881836,23.225000381469727,22.639999389648438,23.135000228881836,22.84461784362793
2020-08-19,23.139999389648438,23.3125,22.752500534057617,22.832500457763672,22.545917510986328
2020-08-20,22.6924991607666,23.545000076293945,22.63249969482422,23.46500015258789,23.170482635498047
2020-08-21,23.512500762939453,23.862499237060547,23.385000228881836,23.77750015258789,23.47905921936035
2020-08-24,24.337499618530273,24.477500915527344,23.690000534057617,24.084999084472656,23.782695770263672
2020-08-25,23.9424991607666,24.47249984741211,23.875,24.459999084472656,24.15298843383789
2020-08-26,24.670000076293945,25.530000686645508,24.655000686645508,25.497499465942383,25.177467346191406
2020-08-27,25.690000534057617,25.832500457763672,24.9375,25.327499389648438,25.00960350036621
2020-08-28,25.55500030517578,25.707500457763672,25.325000762939453,25.592500686645508,25.271278381347656
2020-08-31,25.704999923706055,26.337499618530273,25.6200008392334,26.040000915527344,25.713159561157227
2020-09-01,26.497499465942383,26.922500610351562,26.177499771118164,26.899999618530273,26.562362670898438
2020-09-02,27.4950008392334,27.50749969482422,26.357500076293945,27.40250015258789,27.058555603027344
2020-09-03,26.587499618530273,26.649999618530273,24.082500457763672,24.592500686645508,24.28382682800293
2020-09-04,24.342500686645508,24.872499465942383,21.952499389648438,23.940000534057617,23.63951873779297
2020-09-08,22.065000534057617,23.049999237060547,21.607500076293945,21.657499313354492,21.38566017150879
2020-09-09,22.547500610351562,23.27750015258789,22.15250015258789,22.920000076293945,22.63231658935547
2020-09-10,23.440000534057617,23.639999389648438,21.712499618530273,21.979999542236328,21.704118728637695
2020-09-11,22.344999313354492,22.467500686645508,21.135000228881836,21.702499389648438,21.43010139465332
2020-09-14,22.327499389648438,22.790000915527344,22.11750030517578,22.457500457763672,22.175622940063477
2020-09-15,23.072500228881836,23.332500457763672,22.809999465942383,23.09749984741211,22.807592391967773
2020-09-16,23.212499618530273,23.3075008392334,22.3075008392334,22.334999084472656,22.054664611816406
2020-09-17,21.202499389648438,21.989999771118164,21.0674991607666,21.670000076293945,21.398006439208984
2020-09-18,21.862499237060547,21.924999237060547,20.427499771118164,21.09749984741211,20.832693099975586
2020-09-21,20.479999542236328,21.280000686645508,20.094999313354492,21.280000686645508,21.012901306152344
2020-09-22,21.670000076293945,22.142499923706055,21.110000610351562,22.042499542236328,21.76583480834961
2020-09-23,22.0049991607666,22.022499084472656,20.559999465942383,20.6875,20.427841186523438
2020-09-24,20.295000076293945,21.412500381469727,20.24250030517578,20.895000457763672,20.632736206054688
2020-09-25,20.97249984741211,21.9950008392334,20.727500915527344,21.885000228881836,21.61031150817871
2020-09-28,22.674999237060547,22.77750015258789,22.237499237060547,22.762500762939453,22.476797103881836
2020-09-29,22.702499389648438,22.857500076293945,22.475000381469727,22.5575008392334,22.274368286132812
2020-09-30,22.584999084472656,23.405000686645508,22.559999465942383,22.912500381469727,22.624910354614258
2020-10-01,23.52750015258789,23.729999542236328,23.212499618530273,23.607500076293945,23.311189651489258
2020-10-02,22.5625,23.1875,22.127500534057617,22.27750015258789,21.997888565063477
2020-10-05,22.59749984741211,23.270000457763672,22.587499618530273,23.24250030517578,22.950773239135742
2020-10-06,23.082500457763672,23.389999389648438,22.229999542236328,22.3799991607666,22.099102020263672
2020-10-07,22.827499389648438,23.292499542236328,22.74250030517578,23.200000762939453,22.908809661865234
2020-10-08,23.565000534057617,23.579999923706055,23.227500915527344,23.40999984741211,23.116167068481445
2020-10-09,23.674999237060547,24.1299991607666,23.622499465942383,24.1200008392334,23.817258834838867
2020-10-12,24.934999465942383,26.100000381469727,24.75,25.602500915527344,25.281152725219727
2020-10-13,25.93000030517578,26.045000076293945,25.362499237060547,25.584999084472656,25.26386833190918
2020-10-14,25.75749969482422,25.920000076293945,24.8700008392334,25.177499771118164,24.861482620239258
2020-10-15,24.329999923706055,24.94499969482422,24.225000381469727,24.822500228881836,24.510942459106445
2020-10-16,25.13249969482422,25.3799991607666,24.524999618530273,24.5625,24.254201889038086
2020-10-19,24.897499084472656,25.0625,23.579999923706055,23.735000610351562,23.437088012695312
2020-10-20,23.892499923706055,24.395000457763672,23.61750030517578,23.88249969482422,23.582735061645508
2020-10-21,23.895000457763672,24.34749984741211,23.737499237060547,23.822500228881836,23.52349281311035
2020-10-22,23.97249984741211,24.114999771118164,23.262500762939453,23.829999923706055,23.530893325805664
2020-10-23,23.9375,23.9375,23.420000076293945,23.9375,23.63704490661621
2020-10-26,23.5049991607666,24.0,22.575000762939453,23.18000030517578,22.88905906677246
2020-10-27,23.352500915527344,23.690000534057617,23.157499313354492,23.537500381469727,23.242069244384766
2020-10-28,22.795000076293945,22.8799991607666,21.674999237060547,21.71500015258789,21.442445755004883
2020-10-29,21.947500228881836,22.96500015258789,21.857500076293945,22.4375,22.155874252319336
2020-10-30,22.137500762939453,22.274999618530273,20.952499389648438,21.375,21.106706619262695
2020-11-02,21.700000762939453,21.982500076293945,20.950000762939453,21.434999465942383,21.16595458984375
2020-11-03,21.709999084472656,22.5,21.5674991607666,22.15250015258789,21.87445068359375
2020-11-04,23.59749984741211,24.43000030517578,23.325000762939453,24.135000228881836,23.83207130432129
2020-11-05,25.25,25.559999465942383,24.99250030517578,25.405000686645508,25.086130142211914
2020-11-06,25.262500762939453,25.552499771118164,24.610000610351562,25.447500228881836,25.128095626831055
2020-11-09,25.90250015258789,26.19499969482422,24.325000762939453,24.3700008392334,24.064119338989258
2020-11-10,23.822500228881836,24.065000534057617,23.047500610351562,23.53499984741211,23.23959732055664
2020-11-11,23.917499542236328,24.645000457763672,23.864999771118164,24.577499389648438,24.269014358520508
2020-11-12,24.709999084472656,24.957500457763672,24.139999389648438,24.344999313354492,24.03943634033203
2020-11-13,24.61750030517578,24.864999771118164,24.2450008392334,24.792499542236328,24.481313705444336
2020-11-16,24.707500457763672,25.200000762939453,24.610000610351562,25.122499465942383,24.807170867919922
2020-11-17,25.18000030517578,25.237499237060547,24.86750030517578,24.959999084472656,24.646713256835938
2020-11-18,24.885000228881836,25.170000076293945,24.602500915527344,24.607500076293945,24.29863929748535
2020-11-19,24.517499923706055,25.052499771118164,24.399999618530273,24.979999542236328,24.666458129882812
2020-11-20,24.997499465942383,25.112499237060547,24.649999618530273,24.65999984741211,24.350479125976562
2020-11-23,24.832500457763672,25.05500030517578,24.270000457763672,24.657499313354492,24.348011016845703
2020-11-24,24.84000015258789,25.434999465942383,24.530000686645508,25.362499237060547,25.044160842895508
2020-11-25,25.520000457763672,25.772499084472656,25.375,25.68000030517578,25.357677459716797
2020-11-27,25.989999771118164,26.329999923706055,25.952499389648438,26.135000228881836,25.80696678161621
2020-11-30,26.184999465942383,26.290000915527344,25.395000457763672,26.202499389648438,25.873619079589844
2020-12-01,26.627500534057617,27.200000762939453,26.447500228881836,26.950000762939453,26.611740112304688
2020-12-02,26.6825008392334,27.037500381469727,26.354999542236328,26.969999313354492,26.631484985351562
2020-12-03,27.0049991607666,27.329999923706055,26.920000076293945,27.032499313354492,26.693201065063477
2020-12-04,27.0575008392334,27.290000915527344,26.93000030517578,27.287500381469727,26.94500160217285
2020-12-07,27.299999237060547,27.637500762939453,27.270000457763672,27.575000762939453,27.22889518737793
2020-12-08,27.489999771118164,27.8125,27.15999984741211,27.7450008392334,27.396757125854492
2020-12-09,27.735000610351562,27.764999389648438,26.30500030517578,26.52750015258789,26.194538116455078
2020-12-10,26.13249969482422,26.917499542236328,25.940000534057617,26.700000762939453,26.364877700805664
2020-12-11,26.405000686645508,26.614999771118164,26.0,26.602500915527344,26.268600463867188
2020-12-14,26.78499984741211,27.332500457763672,26.78499984741211,26.950000762939453,26.611740112304688
2020-12-15,27.395000457763672,27.549999237060547,26.9950008392334,27.549999237060547,27.204206466674805
2020-12-16,27.635000228881836,28.0049991607666,27.447500228881836,27.854999542236328,27.50537872314453
2020-12-17,28.15999984741211,28.262500762939453,27.9325008392334,28.217500686645508,27.863325119018555
2020-12-18,28.352500915527344,28.389999389648438,27.607500076293945,28.022499084472656,27.670772552490234
2020-12-21,27.5,28.042499542236328,26.977500915527344,27.950000762939453,27.599185943603516
2020-12-22,28.112499237060547,28.264999389648438,27.56999969482422,28.084999084472656,27.732494354248047
2020-12-23,28.100000381469727,28.162500381469727,27.780000686645508,27.80500030517578,27.45600128173828
2020-12-24,27.857500076293945,28.127500534057617,27.850000381469727,28.047500610351562,27.695465087890625
2020-12-28,28.52750015258789,28.702499389648438,28.197500228881836,28.61750030517578,28.2583065032959
2020-12-29,28.86750030517578,28.979999542236328,28.5,28.670000076293945,28.310150146484375
2020-12-30,28.8799991607666,28.940000534057617,28.547500610351562,28.645000457763672,28.285459518432617
2020-12-31,28.65250015258789,28.885000228881836,28.452499389648438,28.77750015258789,28.41629981994629
2021-01-04,29.05500030517578,29.079999923706055,27.239999771118164,27.967500686645508,27.616464614868164
2021-01-05,27.799999237060547,28.477500915527344,27.792499542236328,28.422500610351562,28.065753936767578
2021-01-06,27.572500228881836,28.44499969482422,27.3700008392334,27.65999984741211,27.312828063964844
2021-01-07,28.145000457763672,29.142499923706055,28.145000457763672,29.010000228881836,28.64588165283203
2021-01-08,29.424999237060547,29.795000076293945,29.010000228881836,29.739999771118164,29.366716384887695
2021-01-11,29.15999984741211,29.385000228881836,28.739999771118164,28.854999542236328,28.492822647094727
2021-01-12,28.885000228881836,29.082500457763672,28.282499313354492,28.78499984741211,28.4237060546875
2021-01-13,28.829999923706055,29.309999465942383,28.719999313354492,29.157499313354492,28.791528701782227
2021-01-14,29.237499237060547,29.4325008392334,28.764999389648438,28.837499618530273,28.47554588317871
2021-01-15,28.8174991607666,28.987499237060547,28.177499771118164,28.389999389648438,28.03366470336914
2021-01-19,28.822500228881836,29.3075008392334,28.625,29.229999542236328,28.86311912536621
2021-01-20,29.887500762939453,30.75,29.832500457763672,30.5674991607666,30.18383026123047
2021-01-21,30.764999389648438,31.202499389648438,30.56999969482422,31.082500457763672,30.692363739013672
2021-01-22,30.887500762939453,31.079999923706055,30.75,30.887500762939453,30.499814987182617
2021-01-25,31.547500610351562,31.802499771118164,30.125,31.434999465942383,31.04043960571289
2021-01-26,31.540000915527344,31.704999923706055,31.227500915527344,31.479999542236328,31.084877014160156
2021-01-27,31.030000686645508,31.032499313354492,29.337499618530273,29.78499984741211,29.411157608032227
2021-01-28,29.94499969482422,31.017499923706055,29.842500686645508,30.082500457763672,29.704919815063477
2021-01-29,29.739999771118164,29.954999923706055,28.467500686645508,28.842500686645508,28.480485916137695
2021-02-01,29.469999313354492,30.4325008392334,29.107500076293945,30.260000228881836,29.880191802978516
2021-02-02,30.825000762939453,31.450000762939453,30.787500381469727,31.252500534057617,30.860233306884766
2021-02-03,31.625,31.704999923706055,30.97249984741211,30.982500076293945,30.593624114990234
2021-02-04,31.267499923706055,31.725000381469727,30.9950008392334,31.72249984741211,31.324331283569336
2021-02-05,31.912500381469727,32.125,31.582500457763672,31.94499969482422,31.544042587280273
2021-02-08,32.26499938964844,32.380001068115234,31.947500228881836,32.345001220703125,31.939022064208984
2021-02-09,32.16749954223633,32.587501525878906,32.16749954223633,32.334999084472656,31.92914581298828
2021-02-10,32.60749816894531,32.70000076293945,31.552499771118164,32.1775016784668,31.77362632751465
2021-02-11,32.5,32.61750030517578,32.064998626708984,32.53499984741211,32.12663650512695
2021-02-12,32.377498626708984,32.932498931884766,32.165000915527344,32.89500045776367,32.48211669921875
2021-02-16,33.05500030517578,33.2400016784668,32.48749923706055,32.724998474121094,32.31425857543945
2021-02-17,32.122501373291016,32.45750045776367,31.670000076293945,32.407501220703125,32.00074005126953
2021-02-18,31.684999465942383,32.25749969482422,31.327499389648438,32.11249923706055,31.709442138671875
2021-02-19,32.38750076293945,32.404998779296875,31.647499084472656,31.842500686645508,31.442827224731445
2021-02-22,30.96500015258789,31.217500686645508,30.15999984741211,30.1924991607666,29.81353759765625
2021-02-23,29.15999984741211,30.327499389648438,28.052499771118164,30.0049991607666,29.62839126586914
2021-02-24,29.489999771118164,30.5625,28.97249984741211,30.4950008392334,30.11224365234375
2021-02-25,29.969999313354492,30.47249984741211,28.06999969482422,28.334999084472656,27.979354858398438
2021-02-26,28.912500381469727,29.5049991607666,28.022499084472656,28.635000228881836,28.27558708190918
2021-03-01,29.5575008392334,30.387500762939453,29.295000076293945,30.327499389648438,29.94684600830078
2021-03-02,30.44499969482422,30.459999084472656,29.30500030517578,29.344999313354492,28.97667694091797
2021-03-03,29.142499923706055,29.3174991607666,27.635000228881836,27.655000686645508,27.30788803100586
2021-03-04,27.5625,28.155000686645508,26.022499084472656,26.727500915527344,26.392032623291016
2021-03-05,27.21500015258789,27.697500228881836,25.600000381469727,27.547500610351562,27.201738357543945
2021-03-08,27.434999465942383,27.780000686645508,25.90250015258789,25.979999542236328,25.653913497924805
2021-03-09,27.272499084472656,28.362499237060547,27.1875,28.03499984741211,27.68311882019043
2021-03-10,28.8174991607666,28.924999237060547,27.74250030517578,27.86750030517578,27.51772117614746
2021-03-11,28.7450008392334,29.46500015258789,28.572500228881836,29.15999984741211,28.79399299621582
2021-03-12,28.3700008392334,28.69499969482422,27.934999465942383,28.672500610351562,28.3126163482666
2021-03-15,28.725000381469727,29.3125,28.422500610351562,29.292499542236328,28.92483139038086
2021-03-16,29.690000534057617,30.262500762939453,29.329999923706055,29.612499237060547,29.24081802368164
2021-03-17,29.022499084472656,30.202499389648438,28.69499969482422,29.84749984741211,29.472869873046875
2021-03-18,28.912500381469727,29.09000015258789,27.93000030517578,28.00749969482422,27.655961990356445
2021-03-19,27.987499237060547,28.49250030517578,27.584999084472656,28.260000228881836,27.905298233032227
2021-03-22,28.63249969482422,29.637500762939453,28.63249969482422,29.274999618530273,28.907554626464844
2021-03-23,29.454999923706055,29.712499618530273,28.854999542236328,28.97249984741211,28.608850479125977
2021-03-24,29.272499084472656,29.272499084472656,28.00749969482422,28.012500762939453,27.660900115966797
2021-03-25,27.677499771118164,28.202499389648438,27.219999313354492,27.9325008392334,27.581905364990234
2021-03-26,27.887500762939453,28.81999969482422,27.637500762939453,28.764999389648438,28.40395736694336
2021-03-29,28.667499542236328,28.940000534057617,28.122499465942383,28.739999771118164,28.379270553588867
2021-03-30,28.3799991607666,28.5625,27.950000762939453,28.459999084472656,28.102779388427734
2021-03-31,28.790000915527344,29.607500076293945,28.72249984741211,29.297500610351562,28.929773330688477
2021-04-01,30.0575008392334,30.34749984741211,30.0049991607666,30.325000762939453,29.944374084472656
2021-04-05,30.802499771118164,31.674999237060547,30.752500534057617,31.540000915527344,31.144126892089844
2021-04-06,31.46500015258789,31.862499237060547,31.350000381469727,31.47249984741211,31.077472686767578
2021-04-07,31.397499084472656,31.792499542236328,31.212499618530273,31.627500534057617,31.23052978515625
2021-04-08,32.20249938964844,32.32749938964844,32.03499984741211,32.29249954223633,31.887176513671875
2021-04-09,32.022499084472656,32.71500015258789,31.889999389648438,32.6875,32.27722930908203
2021-04-12,32.47249984741211,32.68000030517578,32.220001220703125,32.592498779296875,32.18341064453125
2021-04-13,32.89500045776367,33.442501068115234,32.8650016784668,33.352500915527344,32.933868408203125
2021-04-14,33.404998779296875,33.404998779296875,32.38750076293945,32.54999923706055,32.14144515991211
2021-04-15,33.119998931884766,33.60499954223633,33.099998474121094,33.52750015258789,33.1066780090332
2021-04-16,33.63750076293945,33.65250015258789,33.24250030517578,33.61750030517578,33.1955451965332
2021-04-19,33.30500030517578,33.52750015258789,32.61000061035156,32.997501373291016,32.58333969116211
2021-04-20,32.852500915527344,33.125,32.1150016784668,32.494998931884766,32.08713912963867
2021-04-21,32.26250076293945,33.10499954223633,32.05500030517578,33.06999969482422,32.65492630004883
2021-04-22,32.98249816894531,33.1875,32.040000915527344,32.275001525878906,31.869905471801758
2021-04-23,32.397499084472656,33.337501525878906,32.397499084472656,33.084999084472656,32.669734954833984
2021-04-26,33.13249969482422,33.557498931884766,32.98249816894531,33.51250076293945,33.091861724853516
2021-04-27,33.560001373291016,33.595001220703125,33.022499084472656,33.20500183105469,32.788230895996094
2021-04-28,33.15250015258789,33.352500915527344,32.8650016784668,32.942501068115234,32.52902603149414
2021-04-29,33.63750076293945,33.724998474121094,32.584999084472656,33.217498779296875,32.80057144165039
2021-04-30,32.727500915527344,33.224998474121094,32.61249923706055,32.76750183105469,32.35622024536133
2021-05-03,33.02000045776367,33.16749954223633,32.349998474121094,32.432498931884766,32.025421142578125
2021-05-04,31.920000076293945,31.982500076293945,30.5049991607666,31.260000228881836,30.86764144897461
2021-05-05,31.662500381469727,31.827499389648438,30.907499313354492,31.03499984741211,30.645463943481445
2021-05-06,31.0049991607666,31.547500610351562,30.5674991607666,31.520000457763672,31.12437629699707
2021-05-07,32.057498931884766,32.497501373291016,31.8174991607666,32.01499938964844,31.613168716430664
2021-05-10,31.7549991607666,31.78499984741211,30.375,30.387500762939453,30.006093978881836
2021-05-11,29.264999389648438,30.475000381469727,29.149999618530273,30.329999923706055,29.949310302734375
2021-05-12,29.36750030517578,29.815000534057617,28.594999313354492,28.760000228881836,28.399019241333008
2021-05-13,29.302499771118164,29.747499465942383,28.752500534057617,29.204999923706055,28.838436126708984
2021-05-14,29.802499771118164,30.657499313354492,29.697500228881836,30.479999542236328,30.09742546081543
2021-05-17,30.139999389648438,30.280000686645508,29.5674991607666,30.112499237060547,29.73454475402832
2021-05-18,30.299999237060547,30.522499084472656,29.657499313354492,29.697500228881836,29.324748992919922
2021-05-19,28.68000030517578,29.827499389648438,28.614999771118164,29.767499923706055,29.393869400024414
2021-05-20,30.047500610351562,31.084999084472656,30.017499923706055,30.920000076293945,30.531909942626953
2021-05-21,31.225000381469727,31.299999237060547,30.5049991607666,30.56999969482422,30.186298370361328
2021-05-24,31.022499084472656,31.81999969482422,30.947500228881836,31.607500076293945,31.21077537536621
2021-05-25,31.905000686645508,32.040000915527344,31.459999084472656,31.690000534057617,31.292245864868164
2021-05-26,31.825000762939453,32.0,31.684999465942383,31.899999618530273,31.499603271484375
2021-05-27,31.815000534057617,31.985000610351562,31.639999389648438,31.670000076293945,31.272493362426758
2021-05-28,31.905000686645508,32.18000030517578,31.809999465942383,31.844999313354492,31.445295333862305
2021-06-01,32.130001068115234,32.220001220703125,31.395000457763672,31.649999618530273,31.252742767333984
2021-06-02,31.735000610351562,31.934999465942383,31.434999465942383,31.770000457763672,31.371238708496094
2021-06-03,31.209999084472656,31.46500015258789,30.78499984741211,31.084999084472656,30.694835662841797
2021-06-04,31.459999084472656,32.25,31.440000534057617,32.18000030517578,31.776094436645508
2021-06-07,32.03499984741211,32.3650016784668,31.924999237060547,32.345001220703125,31.939022064208984
2021-06-08,32.70500183105469,32.869998931884766,32.05500030517578,32.369998931884766,31.963708877563477
2021-06-09,32.65999984741211,32.810001373291016,32.3650016784668,32.400001525878906,31.993324279785156
2021-06-10,32.470001220703125,33.095001220703125,32.38999938964844,33.08000183105469,32.664794921875
2021-06-11,33.07500076293945,33.244998931884766,32.94499969482422,33.2400016784668,32.82278823852539
2021-06-14,33.334999084472656,33.880001068115234,33.099998474121094,33.875,33.4498176574707
2021-06-15,33.80500030517578,33.875,33.29499816894531,33.42499923706055,33.005462646484375
2021-06-16,33.525001525878906,33.7400016784668,32.494998931884766,33.185001373291016,32.76847839355469
2021-06-17,32.98500061035156,34.22999954223633,32.974998474121094,34.025001525878906,33.59793472290039
2021-06-18,33.70500183105469,33.93000030517578,33.345001220703125,33.494998931884766,33.0745849609375
2021-06-21,33.53499984741211,33.970001220703125,33.084999084472656,33.900001525878906,33.47450637817383
2021-06-22,33.869998931884766,34.630001068115234,33.80500030517578,34.53499984741211,34.101531982421875
2021-06-23,34.529998779296875,34.80500030517578,34.40999984741211,34.560001373291016,34.126224517822266
2021-06-24,34.97999954223633,35.310001373291016,34.86000061035156,34.9900016784668,34.55082321166992
2021-06-25,35.11000061035156,35.165000915527344,34.790000915527344,34.915000915527344,34.47676086425781
2021-06-28,35.20000076293945,35.78499984741211,35.165000915527344,35.755001068115234,35.306217193603516
2021-06-29,35.71500015258789,36.02000045776367,35.55500030517578,36.0099983215332,35.55802536010742
2021-06-30,35.97999954223633,36.060001373291016,35.779998779296875,35.904998779296875,35.45433807373047
2021-07-01,35.81999969482422,36.025001525878906,35.54999923706055,35.93000030517578,35.47902297973633
2021-07-02,36.31999969482422,36.810001373291016,36.279998779296875,36.7400016784668,36.27885818481445
2021-07-06,36.8650016784668,37.119998931884766,36.30500030517578,37.04999923706055,36.5849609375
2021-07-07,37.52000045776367,37.58000183105469,36.810001373291016,37.18000030517578,36.71334457397461
2021-07-08,36.1349983215332,36.94499969482422,35.8650016784668,36.779998779296875,36.31835174560547
2021-07-09,36.63999938964844,37.32500076293945,36.52000045776367,37.224998474121094,36.75777053833008
2021-07-12,37.51499938964844,37.61000061035156,37.18000030517578,37.5099983215332,37.0391960144043
2021-07-13,37.435001373291016,38.14500045776367,37.33000183105469,37.494998931884766,37.024375915527344
2021-07-14,38.01499938964844,38.13999938964844,37.470001220703125,37.625,37.15275573730469
2021-07-15,37.619998931884766,37.650001525878906,36.685001373291016,37.095001220703125,36.6294059753418
2021-07-16,37.29999923706055,37.494998931884766,36.435001373291016,36.5,36.0418701171875
2021-07-19,35.76499938964844,36.0099983215332,35.3650016784668,35.900001525878906,35.449398040771484
2021-07-20,36.11000061035156,37.040000915527344,35.75,36.73500061035156,36.273921966552734
2021-07-21,36.654998779296875,37.29999923706055,36.599998474121094,37.275001525878906,36.8071403503418
2021-07-22,37.35499954223633,37.79499816894531,37.35499954223633,37.79499816894531,37.32061767578125
2021-07-23,38.084999084472656,38.72999954223633,37.814998626708984,38.654998779296875,38.169822692871094
2021-07-26,38.529998779296875,38.81999969482422,38.34000015258789,38.7400016784668,38.253753662109375
2021-07-27,38.67499923706055,38.685001373291016,36.97999954223633,37.88999938964844,37.41441345214844
2021-07-28,38.119998931884766,38.505001068115234,37.63999938964844,38.15999984741211,37.681026458740234
2021-07-29,38.060001373291016,38.54999923706055,38.04999923706055,38.310001373291016,37.829158782958984
2021-07-30,37.459999084472656,38.02000045776367,37.439998626708984,37.900001525878906,37.42429733276367
2021-08-02,38.255001068115234,38.375,37.779998779296875,37.89500045776367,37.41936492919922
2021-08-03,38.060001373291016,38.375,37.36000061035156,38.35499954223633,37.87358474731445
2021-08-04,38.349998474121094,38.67499923706055,38.119998931884766,38.47999954223633,37.99701690673828
2021-08-05,38.63999938964844,39.0,38.494998931884766,38.96500015258789,38.475929260253906
2021-08-06,38.67499923706055,38.8849983215332,38.375,38.61000061035156,38.125389099121094
2021-08-09,38.709999084472656,38.8650016784668,38.474998474121094,38.75,38.263633728027344
2021-08-10,38.85499954223633,38.91999816894531,38.095001220703125,38.36000061035156,37.87852096557617
2021-08-11,38.625,38.72999954223633,37.93000030517578,38.23500061035156,37.75509262084961
2021-08-12,38.10499954223633,38.56999969482422,37.82500076293945,38.505001068115234,38.02170944213867
2021-08-13,38.56999969482422,38.83000183105469,38.474998474121094,38.755001068115234,38.26857376098633
2021-08-16,38.51499938964844,38.79999923706055,37.685001373291016,38.78499984741211,38.298194885253906
2021-08-17,38.19499969482422,38.404998779296875,37.584999084472656,38.10499954223633,37.62672424316406
2021-08-18,38.0,38.290000915527344,37.29999923706055,37.3650016784668,36.89601135253906
2021-08-19,36.95000076293945,38.084999084472656,36.900001525878906,37.73500061035156,37.26137161254883
2021-08-20,37.939998626708984,38.59000015258789,37.89500045776367,38.52000045776367,38.03651809692383
2021-08-23,38.73500061035156,39.810001373291016,38.73500061035156,39.65999984741211,39.16219711303711
2021-08-24,39.79999923706055,40.03499984741211,39.685001373291016,39.904998779296875,39.40412902832031
2021-08-25,39.96500015258789,40.119998931884766,39.79499816894531,39.95000076293945,39.44857406616211
2021-08-26,39.814998626708984,39.95500183105469,39.400001525878906,39.48500061035156,38.989402770996094
2021-08-27,39.625,40.345001220703125,39.52000045776367,40.2599983215332,39.75467300415039
2021-08-30,40.415000915527344,41.255001068115234,40.415000915527344,41.165000915527344,40.6483268737793
2021-08-31,41.20500183105469,41.20500183105469,40.7400016784668,41.08000183105469,40.56438446044922
2021-09-01,41.31999969482422,41.67499923706055,41.17499923706055,41.224998474121094,40.70756530761719
2021-09-02,41.51499938964844,41.584999084472656,40.904998779296875,41.17499923706055,40.65818786621094
2021-09-03,40.90999984741211,41.51499938964844,40.90999984741211,41.435001373291016,40.91493225097656
2021-09-07,41.439998626708984,41.685001373291016,41.189998626708984,41.53499984741211,41.013668060302734
2021-09-08,41.5,41.5,40.744998931884766,41.26499938964844,40.74705505371094
2021-09-09,41.290000915527344,41.540000915527344,40.90999984741211,40.939998626708984,40.4261360168457
2021-09-10,41.375,41.4900016784668,40.26499938964844,40.33000183105469,39.82380676269531
2021-09-13,40.845001220703125,40.939998626708984,39.82500076293945,40.275001525878906,39.76948547363281
2021-09-14,40.599998474121094,40.76499938964844,39.84000015258789,40.040000915527344,39.53744125366211
2021-09-15,40.154998779296875,40.720001220703125,39.64500045776367,40.630001068115234,40.12002944946289
2021-09-16,40.36000061035156,40.81999969482422,39.92499923706055,40.70500183105469,40.194091796875
2021-09-17,40.599998474121094,40.599998474121094,39.5,39.7400016784668,39.24120330810547
2021-09-20,38.45000076293945,38.84000015258789,37.06999969482422,38.084999084472656,37.606971740722656
2021-09-21,38.470001220703125,38.724998474121094,37.939998626708984,38.15999984741211,37.681026458740234
2021-09-22,38.380001068115234,39.20000076293945,38.14500045776367,38.88999938964844,38.40187072753906
2021-09-23,39.125,39.83000183105469,38.994998931884766,39.599998474121094,39.10295486450195
2021-09-24,39.099998474121094,39.77000045776367,39.040000915527344,39.665000915527344,39.16714096069336
2021-09-27,39.0,39.22999954223633,38.48500061035156,39.04999923706055,38.55986022949219
2021-09-28,38.060001373291016,38.19499969482422,36.724998474121094,36.81999969482422,36.357852935791016
2021-09-29,37.10499954223633,37.540000915527344,36.58000183105469,36.72999954223633,36.26898193359375
2021-09-30,37.060001373291016,37.400001525878906,36.3650016784668,36.3849983215332,35.92831039428711
2021-10-01,36.54499816894531,37.095001220703125,35.70500183105469,36.875,36.412166595458984
2021-10-04,36.53499984741211,36.61000061035156,34.8650016784668,35.345001220703125,34.901363372802734
2021-10-05,35.53499984741211,36.744998931884766,35.51499938964844,36.290000915527344,35.83450698852539
2021-10-06,35.6150016784668,36.80500030517578,35.42499923706055,36.744998931884766,36.28379440307617
2021-10-07,37.380001068115234,37.970001220703125,37.28499984741211,37.41999816894531,36.95032501220703
2021-10-08,37.654998779296875,37.689998626708984,36.935001373291016,37.040000915527344,36.575096130371094
2021-10-11,36.72999954223633,37.45500183105469,36.45500183105469,36.474998474121094,36.01717758178711
2021-10-12,36.779998779296875,36.86000061035156,36.084999084472656,36.22999954223633,35.775264739990234
2021-10-13,36.689998626708984,36.93000030517578,36.28499984741211,36.79999923706055,36.33810806274414
2021-10-14,37.54999923706055,38.19499969482422,37.415000915527344,38.150001525878906,37.671165466308594
2021-10-15,38.40999984741211,38.650001525878906,38.19499969482422,38.630001068115234,38.1451416015625
2021-10-18,38.35499954223633,39.44499969482422,38.22999954223633,39.40999984741211,38.91534423828125
2021-10-19,39.63999938964844,40.0099983215332,39.494998931884766,39.98500061035156,39.48312759399414
2021-10-20,40.10499954223633,40.224998474121094,39.56999969482422,39.88999938964844,39.38931655883789
2021-10-21,39.720001220703125,40.415000915527344,39.64500045776367,40.380001068115234,39.8731689453125
2021-10-22,40.095001220703125,40.30500030517578,39.33000183105469,39.689998626708984,39.191829681396484
2021-10-25,40.005001068115234,40.70500183105469,39.584999084472656,40.5,39.991661071777344
2021-10-26,41.0,41.529998779296875,40.505001068115234,40.724998474121094,40.213836669921875
2021-10-27,40.8650016784668,41.619998931884766,40.80500030517578,40.935001373291016,40.421207427978516
2021-10-28,41.3650016784668,41.904998779296875,41.20500183105469,41.86000061035156,41.33460235595703
2021-10-29,41.15999984741211,42.29999923706055,41.084999084472656,42.27000045776367,41.73944854736328
2021-11-01,42.369998931884766,42.56999969482422,41.89500045776367,42.55500030517578,42.020870208740234
2021-11-02,42.40999984741211,43.01499938964844,42.404998779296875,42.915000915527344,42.37635803222656
2021-11-03,43.005001068115234,43.904998779296875,42.779998779296875,43.81999969482422,43.269989013671875
2021-11-04,44.10499954223633,45.154998779296875,43.974998474121094,44.93000030517578,44.36606216430664
2021-11-05,45.345001220703125,45.564998626708984,44.70000076293945,45.02000045776367,44.45492935180664
2021-11-08,45.0099983215332,45.244998931884766,44.744998931884766,44.900001525878906,44.33644104003906
2021-11-09,45.150001525878906,45.224998474121094,43.959999084472656,44.26499938964844,43.709407806396484
2021-11-10,43.619998931884766,44.275001525878906,42.529998779296875,42.974998474121094,42.435604095458984
2021-11-11,43.650001525878906,43.685001373291016,43.125,43.21500015258789,42.67259216308594
2021-11-12,43.459999084472656,44.23500061035156,43.10499954223633,44.119998931884766,43.56623077392578
2021-11-15,44.3849983215332,44.45500183105469,43.529998779296875,44.10499954223633,43.551422119140625
2021-11-16,43.93000030517578,44.83000183105469,43.900001525878906,44.724998474121094,44.16361999511719
2021-11-17,44.79499816894531,45.22999954223633,44.55500030517578,44.76499938964844,44.203128814697266
2021-11-18,45.23500061035156,45.79999923706055,44.720001220703125,45.685001373291016,45.11157989501953
2021-11-19,46.064998626708984,46.4900016784668,45.869998931884766,46.189998626708984,45.6102409362793
2021-11-22,46.55500030517578,47.27000045776367,45.099998474121094,45.1349983215332,44.56848907470703
2021-11-23,44.85499954223633,45.32500076293945,43.68000030517578,44.709999084472656,44.14881896972656
2021-11-24,44.130001068115234,45.04999923706055,43.595001220703125,45.025001525878906,44.459869384765625
2021-11-26,44.369998931884766,44.69499969482422,42.970001220703125,43.224998474121094,42.682456970214844
2021-11-29,44.31999969482422,45.369998931884766,44.15999984741211,45.14500045776367,44.578369140625
2021-11-30,44.935001373291016,45.48500061035156,43.36000061035156,43.80500030517578,43.25518035888672
2021-12-01,44.82500076293945,45.29999923706055,42.2400016784668,42.31999969482422,41.788814544677734
2021-12-02,42.04999923706055,43.32500076293945,41.720001220703125,42.94499969482422,42.40597915649414
2021-12-03,43.220001220703125,43.45500183105469,40.5099983215332,41.45000076293945,40.929744720458984
2021-12-06,41.54499816894531,42.404998779296875,40.619998931884766,42.130001068115234,41.6012077331543
2021-12-07,43.57500076293945,44.77000045776367,43.57500076293945,44.665000915527344,44.10437774658203
2021-12-08,44.709999084472656,45.07500076293945,44.275001525878906,45.040000915527344,44.47468185424805
2021-12-09,44.7599983215332,45.165000915527344,43.65999984741211,43.709999084472656,43.161376953125
2021-12-10,44.34000015258789,44.70500183105469,43.625,44.654998779296875,44.094512939453125
2021-12-13,44.64500045776367,44.70500183105469,43.279998779296875,43.36000061035156,42.815773010253906
2021-12-14,42.244998931884766,42.875,41.47999954223633,42.4900016784668,41.956687927246094
2021-12-15,42.39500045776367,44.46500015258789,41.5099983215332,44.38999938964844,43.83282470703125
2021-12-16,44.619998931884766,44.70500183105469,41.7400016784668,42.119998931884766,41.59132766723633
2021-12-17,41.31999969482422,42.61000061035156,40.994998931884766,41.689998626708984,41.16672897338867
2021-12-20,40.60499954223633,41.03499984741211,40.165000915527344,40.849998474121094,40.33726501464844
2021-12-21,41.58000183105469,42.7599983215332,40.7599983215332,42.68000030517578,42.14430618286133
2021-12-22,42.6150016784668,43.76499938964844,42.474998474121094,43.72999954223633,43.18111801147461
2021-12-23,43.79999923706055,44.724998474121094,43.77000045776367,44.400001525878906,43.842716217041016
2021-12-27,44.70000076293945,45.834999084472656,44.66999816894531,45.82500076293945,45.249820709228516
2021-12-28,46.04999923706055,46.125,45.220001220703125,45.45000076293945,44.87953186035156
2021-12-29,45.459999084472656,45.7400016784668,44.85499954223633,45.40999984741211,44.84003448486328
2021-12-30,45.35499954223633,45.85499954223633,44.994998931884766,45.095001220703125,44.52899169921875
2021-12-31,44.96500015258789,45.275001525878906,44.45500183105469,44.5099983215332,43.951332092285156
2022-01-03,44.82500076293945,45.47999954223633,44.345001220703125,45.435001373291016,44.864723205566406
2022-01-04,45.540000915527344,45.54999923706055,43.51499938964844,44.244998931884766,43.68965530395508
2022-01-05,43.849998474121094,44.10499954223633,41.470001220703125,41.494998931884766,40.97417068481445
2022-01-06,41.095001220703125,42.17499923706055,40.61000061035156,41.46500015258789,40.944557189941406
2022-01-07,41.44499969482422,41.82500076293945,40.165000915527344,40.54999923706055,40.041038513183594
2022-01-10,39.48500061035156,40.71500015258789,38.30500030517578,40.64500045776367,40.13483810424805
2022-01-11,40.42499923706055,41.849998474121094,39.97999954223633,41.84000015258789,41.314842224121094
2022-01-12,42.415000915527344,42.755001068115234,41.64500045776367,42.16999816894531,41.64069747924805
2022-01-13,42.439998626708984,42.60499954223633,39.834999084472656,40.03499984741211,39.532501220703125
2022-01-14,39.48500061035156,40.599998474121094,39.459999084472656,40.540000915527344,40.031158447265625
2022-01-18,39.25,39.71500015258789,38.345001220703125,38.54999923706055,38.06613540649414
2022-01-19,38.81999969482422,39.3650016784668,37.61000061035156,37.65999984741211,37.18730926513672
2022-01-20,38.32500076293945,39.17499923706055,36.564998626708984,36.665000915527344,36.204803466796875
2022-01-21,36.224998474121094,36.76499938964844,34.584999084472656,34.599998474121094,34.16571807861328
2022-01-24,33.5099983215332,35.09000015258789,31.184999465942383,35.02000045776367,34.5804443359375
2022-01-25,33.6150016784668,34.505001068115234,32.654998779296875,33.27000045776367,32.85240936279297
2022-01-26,34.82500076293945,35.595001220703125,32.4900016784668,33.32500076293945,32.906715393066406
2022-01-27,34.15999984741211,34.51499938964844,32.349998474121094,32.54999923706055,32.14144515991211
2022-01-28,32.91999816894531,34.6349983215332,31.954999923706055,34.6349983215332,34.20027160644531
2022-01-31,34.85499954223633,36.91999816894531,34.540000915527344,36.85499954223633,36.39241027832031
2022-02-01,37.06999969482422,37.435001373291016,36.0,37.29499816894531,36.82688903808594
2022-02-02,38.185001373291016,38.224998474121094,37.04499816894531,37.91999816894531,37.44404983520508
2022-02-03,35.845001220703125,36.540000915527344,34.60499954223633,34.810001373291016,34.373085021972656
2022-02-04,34.92499923706055,36.36000061035156,34.5099983215332,35.70000076293945,35.25191116333008
2022-02-07,35.790000915527344,36.29499816894531,34.8650016784668,35.13999938964844,34.69893264770508
2022-02-08,34.88999938964844,36.125,34.65999984741211,35.93000030517578,35.47902297973633
2022-02-09,36.814998626708984,37.45500183105469,36.5099983215332,37.45500183105469,36.98487854003906
2022-02-10,35.939998626708984,37.369998931884766,35.345001220703125,35.75,35.30128479003906
2022-02-11,35.72999954223633,36.04999923706055,33.209999084472656,33.494998931884766,33.0745849609375
2022-02-14,33.334999084472656,34.209999084472656,32.845001220703125,33.584999084472656,33.1634521484375
2022-02-15,34.59000015258789,35.25,34.380001068115234,35.22999954223633,34.78780746459961
2022-02-16,34.75,35.38999938964844,34.130001068115234,35.19499969482422,34.75324630737305
2022-02-17,34.51499938964844,34.66999816894531,33.0099983215332,33.10499954223633,32.68947982788086
2022-02-18,33.2599983215332,33.345001220703125,31.889999389648438,32.34000015258789,31.934078216552734
2022-02-22,31.7549991607666,32.810001373291016,30.985000610351562,31.684999465942383,31.287302017211914
2022-02-23,32.28499984741211,32.44499969482422,30.0049991607666,30.075000762939453,29.697513580322266
2022-02-24,28.1200008392334,32.15999984741211,28.059999465942383,32.09000015258789,31.687219619750977
2022-02-25,32.224998474121094,33.099998474121094,31.485000610351562,33.08000183105469,32.664794921875
2022-02-28,32.44499969482422,33.59000015258789,32.220001220703125,33.334999084472656,32.91659927368164
2022-03-01,33.060001373291016,33.505001068115234,31.764999389648438,32.2400016784668,31.835338592529297
2022-03-02,32.54499816894531,33.560001373291016,32.005001068115234,33.29999923706055,32.88202667236328
2022-03-03,33.86000061035156,33.8650016784668,32.0,32.349998474121094,31.94395637512207
2022-03-04,31.895000457763672,32.17499923706055,30.975000381469727,31.440000534057617,31.045381546020508
2022-03-07,31.424999237060547,31.639999389648438,29.065000534057617,29.104999542236328,28.739686965942383
2022-03-08,28.954999923706055,30.594999313354492,28.21500015258789,28.81999969482422,28.458267211914062
2022-03-09,30.34000015258789,31.149999618530273,29.860000610351562,30.93000030517578,30.54178237915039
2022-03-10,30.1200008392334,30.440000534057617,29.375,30.235000610351562,29.855504989624023
2022-03-11,30.770000457763672,30.825000762939453,28.8700008392334,28.954999923706055,28.59157371520996
2022-03-14,28.735000610351562,29.344999313354492,27.71500015258789,27.860000610351562,27.51031494140625
2022-03-15,28.31999969482422,29.725000381469727,28.030000686645508,29.579999923706055,29.208724975585938
2022-03-16,30.315000534057617,31.799999237060547,29.639999389648438,31.795000076293945,31.395923614501953
2022-03-17,31.43000030517578,32.53499984741211,31.170000076293945,32.53499984741211,32.12663650512695
2022-03-18,32.224998474121094,33.939998626708984,32.005001068115234,33.88999938964844,33.464630126953125
2022-03-21,33.71500015258789,34.150001525878906,32.82500076293945,33.70000076293945,33.27701187133789
2022-03-22,33.79499816894531,35.18000030517578,33.720001220703125,35.0099983215332,34.57056427001953
2022-03-23,34.45000076293945,35.150001525878906,34.0,34.005001068115234,33.578189849853516
2022-03-24,34.38999938964844,35.525001525878906,33.96500015258789,35.52000045776367,35.07417678833008
2022-03-25,35.4900016784668,35.709999084472656,34.595001220703125,35.470001220703125,35.0247917175293
2022-03-28,35.45000076293945,36.564998626708984,35.20000076293945,36.564998626708984,36.106048583984375
2022-03-29,37.36000061035156,37.93000030517578,36.779998779296875,37.79499816894531,37.32061767578125
2022-03-30,37.42499923706055,37.7599983215332,36.665000915527344,36.9900016784668,36.52571487426758
2022-03-31,37.0,37.06999969482422,35.88999938964844,35.959999084472656,35.508644104003906
2022-04-01,36.11000061035156,36.26499938964844,35.27000045776367,35.935001373291016,35.48396682739258
2022-04-04,36.08000183105469,37.3849983215332,36.025001525878906,37.380001068115234,36.910823822021484
2022-04-05,37.084999084472656,37.22999954223633,35.474998474121094,35.744998931884766,35.29635238647461
2022-04-06,34.6349983215332,34.86000061035156,33.63999938964844,34.150001525878906,33.72136688232422
2022-04-07,33.974998474121094,34.76499938964844,33.279998779296875,34.334999084472656,33.90404510498047
2022-04-08,33.994998931884766,34.1349983215332,33.255001068115234,33.36000061035156,32.941280364990234
2022-04-11,32.529998779296875,32.71500015258789,31.725000381469727,31.790000915527344,31.39098358154297
2022-04-12,32.70500183105469,33.04999923706055,31.260000228881836,31.540000915527344,31.144126892089844
2022-04-13,31.575000762939453,32.994998931884766,31.44499969482422,32.790000915527344,32.37843322753906
2022-04-14,32.79999923706055,32.90999984741211,31.260000228881836,31.28499984741211,30.892324447631836
2022-04-18,31.084999084472656,31.774999618530273,30.80500030517578,31.385000228881836,30.991069793701172
2022-04-19,31.21500015258789,32.845001220703125,31.024999618530273,32.71500015258789,32.30438232421875
2022-04-20,32.90999984741211,32.98500061035156,31.55500030517578,31.760000228881836,31.361360549926758
2022-04-21,32.529998779296875,33.02000045776367,30.295000076293945,30.489999771118164,30.1073055267334
2022-04-22,30.4950008392334,30.725000381469727,28.795000076293945,28.860000610351562,28.497766494750977
2022-04-25,28.55500030517578,29.665000915527344,28.34000015258789,29.6200008392334,29.24822235107422
2022-04-26,29.235000610351562,29.260000228881836,27.31999969482422,27.334999084472656,26.991905212402344
2022-04-27,27.375,28.354999542236328,27.0,27.30500030517578,26.962282180786133
2022-04-28,28.18000030517578,29.559999465942383,27.434999465942383,29.225000381469727,28.85818099975586
2022-04-29,28.469999313354492,29.100000381469727,26.5049991607666,26.600000381469727,26.26612663269043
2022-05-02,26.530000686645508,27.530000686645508,25.9950008392334,27.4950008392334,27.14989471435547
2022-05-03,27.489999771118164,27.950000762939453,27.065000534057617,27.579999923706055,27.233827590942383
2022-05-04,27.645000457763672,29.530000686645508,26.700000762939453,29.43000030517578,29.060611724853516
2022-05-05,28.604999542236328,28.635000228881836,25.844999313354492,26.5049991607666,26.172321319580078
2022-05-06,26.094999313354492,26.795000076293945,25.114999771118164,25.84000015258789,25.515670776367188
2022-05-09,24.860000610351562,25.264999389648438,23.549999237060547,23.790000915527344,23.491397857666016
2022-05-10,24.96500015258789,25.155000686645508,23.69499969482422,24.375,24.069053649902344
2022-05-11,23.985000610351562,24.899999618530273,22.780000686645508,22.90999984741211,22.622446060180664
2022-05-12,22.21500015258789,23.524999618530273,21.829999923706055,22.809999465942383,22.523700714111328
2022-05-13,23.520000457763672,24.655000686645508,23.2549991607666,24.475000381469727,24.167804718017578
2022-05-16,24.19499969482422,24.53499984741211,23.709999084472656,23.924999237060547,23.624706268310547
2022-05-17,24.875,25.219999313354492,24.260000228881836,25.15999984741211,24.844202041625977
2022-05-18,24.3799991607666,24.510000228881836,22.475000381469727,22.65999984741211,22.375579833984375
2022-05-19,22.364999771118164,23.18000030517578,22.1200008392334,22.434999465942383,22.153406143188477
2022-05-20,22.985000610351562,23.084999084472656,20.979999542236328,22.280000686645508,22.000350952148438
2022-05-23,22.459999084472656,23.084999084472656,22.075000762939453,23.024999618530273,22.736003875732422
2022-05-24,22.18000030517578,22.295000076293945,21.264999389648438,22.040000915527344,21.763364791870117
2022-05-25,21.80500030517578,22.989999771118164,21.780000686645508,22.670000076293945,22.385456085205078
2022-05-26,22.53499984741211,24.15999984741211,22.489999771118164,23.915000915527344,23.614830017089844
2022-05-27,24.43000030517578,25.5,24.40999984741211,25.5,25.179935455322266
2022-05-31,25.479999542236328,25.844999313354492,24.68000030517578,25.334999084472656,25.017005920410156
2022-06-01,25.704999923706055,26.059999465942383,24.59000015258789,24.96500015258789,24.65165138244629
2022-06-02,24.774999618530273,26.350000381469727,24.53499984741211,26.34000015258789,26.0093936920166
2022-06-03,25.424999237060547,25.665000915527344,24.735000610351562,24.93000030517578,24.617094039916992
2022-06-06,25.69499969482422,25.950000762939453,24.860000610351562,25.1200008392334,24.804710388183594
2022-06-07,24.549999237060547,25.674999237060547,24.364999771118164,25.565000534057617,25.244121551513672
2022-06-08,25.405000686645508,25.850000381469727,25.03499984741211,25.18000030517578,24.86395263671875
2022-06-09,24.875,25.399999618530273,23.799999237060547,23.80500030517578,23.50621223449707
2022-06-10,22.899999618530273,23.094999313354492,22.06999969482422,22.110000610351562,21.83248519897461
2022-06-13,20.735000610351562,21.1200008392334,19.934999465942383,20.075000762939453,19.82302474975586
2022-06-14,20.40999984741211,20.540000915527344,19.764999389648438,20.170000076293945,19.91683578491211
2022-06-15,20.65999984741211,21.735000610351562,20.2450008392334,21.155000686645508,20.88947296142578
2022-06-16,20.059999465942383,20.125,19.1200008392334,19.459999084472656,19.215747833251953
2022-06-17,19.549999237060547,20.260000228881836,19.309999465942383,19.90999984741211,19.660099029541016
2022-06-21,20.56999969482422,21.25,20.559999465942383,20.915000915527344,20.65248680114746
2022-06-22,20.5049991607666,21.514999389648438,20.440000534057617,20.844999313354492,20.583364486694336
2022-06-23,21.225000381469727,21.59000015258789,20.795000076293945,21.46500015258789,21.19558334350586
2022-06-24,21.899999618530273,22.985000610351562,21.8700008392334,22.975000381469727,22.68663215637207
2022-06-27,23.145000457763672,23.235000610351562,22.40999984741211,22.584999084472656,22.301523208618164
2022-06-28,22.68000030517578,23.079999923706055,21.18000030517578,21.200000762939453,20.93390655517578
2022-06-29,21.170000076293945,21.469999313354492,20.80500030517578,21.260000228881836,20.993152618408203
2022-06-30,20.780000686645508,21.2450008392334,20.03499984741211,20.704999923706055,20.44512176513672
2022-07-01,20.489999771118164,21.03499984741211,20.229999542236328,20.975000381469727,20.711734771728516
2022-07-05,20.40999984741211,21.704999923706055,20.170000076293945,21.69499969482422,21.42269515991211
2022-07-06,21.75,22.290000915527344,21.485000610351562,21.959999084472656,21.68436622619629
2022-07-07,22.100000381469727,23.010000228881836,22.100000381469727,22.895000457763672,22.607633590698242
2022-07-08,22.440000534057617,23.174999237060547,22.315000534057617,22.969999313354492,22.681690216064453
2022-07-11,22.575000762939453,22.610000610351562,21.84000015258789,21.959999084472656,21.68436622619629
2022-07-12,22.165000915527344,22.46500015258789,21.299999237060547,21.545000076293945,21.27457618713379
2022-07-13,20.69499969482422,21.81999969482422,20.614999771118164,21.46500015258789,21.19558334350586
2022-07-14,21.049999237060547,21.729999542236328,20.56999969482422,21.610000610351562,21.338760375976562
2022-07-15,22.06999969482422,22.395000457763672,21.815000534057617,22.3799991607666,22.099102020263672
2022-07-18,22.815000534057617,23.040000915527344,21.829999923706055,22.0049991607666,21.728801727294922
2022-07-19,22.575000762939453,23.395000457763672,22.315000534057617,23.344999313354492,23.051986694335938
2022-07-20,23.420000076293945,24.280000686645508,23.299999237060547,24.084999084472656,23.782695770263672
2022-07-21,24.149999618530273,24.780000686645508,23.739999771118164,24.774999618530273,24.464038848876953
2022-07-22,24.639999389648438,24.975000381469727,23.604999542236328,23.905000686645508,23.60495948791504
2022-07-25,23.899999618530273,23.975000381469727,23.309999465942383,23.649999618530273,23.353153228759766
2022-07-26,23.360000610351562,23.389999389648438,22.56999969482422,22.69499969482422,22.410139083862305
2022-07-27,23.40999984741211,24.885000228881836,23.334999084472656,24.614999771118164,24.306045532226562
2022-07-28,24.575000762939453,25.190000534057617,23.959999084472656,25.079999923706055,24.765207290649414
2022-07-29,25.344999313354492,26.149999618530273,25.114999771118164,26.010000228881836,25.68353843688965
2022-08-01,25.709999084472656,26.549999237060547,25.524999618530273,25.979999542236328,25.653913497924805
2022-08-02,25.575000762939453,26.5049991607666,25.405000686645508,25.80500030517578,25.481111526489258
2022-08-03,26.100000381469727,27.354999542236328,26.09000015258789,27.209999084472656,26.868473052978516
2022-08-04,27.21500015258789,27.514999389648438,26.854999542236328,27.44499969482422,27.100522994995117
2022-08-05,26.579999923706055,27.364999771118164,26.440000534057617,27.010000228881836,26.670984268188477
2022-08-08,27.170000076293945,27.799999237060547,26.59000015258789,26.834999084472656,26.498178482055664
2022-08-09,26.5,26.549999237060547,25.950000762939453,26.219999313354492,25.890897750854492
2022-08-10,27.475000381469727,27.729999542236328,27.045000076293945,27.68000030517578,27.33257484436035
2022-08-11,28.084999084472656,28.43000030517578,27.239999771118164,27.364999771118164,27.021526336669922
2022-08-12,27.719999313354492,28.454999923706055,27.53499984741211,28.44499969482422,28.08797264099121
2022-08-15,28.25,28.96500015258789,28.25,28.875,28.512577056884766
2022-08-16,28.690000534057617,29.110000610351562,28.200000762939453,28.739999771118164,28.379270553588867
2022-08-17,28.170000076293945,28.584999084472656,27.719999313354492,28.075000762939453,27.72261619567871
2022-08-18,28.045000076293945,28.40999984741211,27.780000686645508,28.219999313354492,27.865795135498047
2022-08-19,27.674999237060547,27.774999618530273,26.969999313354492,27.110000610351562,26.769729614257812
2022-08-22,26.360000610351562,26.399999618530273,25.524999618530273,25.674999237060547,25.352739334106445
2022-08-23,25.625,26.094999313354492,25.4950008392334,25.6299991607666,25.308303833007812
2022-08-24,25.540000915527344,26.075000762939453,25.44499969482422,25.774999618530273,25.45148468017578
2022-08-25,26.059999465942383,26.674999237060547,25.885000228881836,26.670000076293945,26.335250854492188
2022-08-26,26.625,26.81999969482422,24.475000381469727,24.479999542236328,24.17273712158203
2022-08-29,24.0,24.434999465942383,23.815000534057617,24.0,23.698766708374023
2022-08-30,24.264999389648438,24.350000381469727,23.049999237060547,23.459999084472656,23.165538787841797
2022-08-31,23.915000915527344,24.05500030517578,23.170000076293945,23.184999465942383,22.893991470336914
2022-09-01,22.774999618530273,23.2450008392334,22.190000534057617,23.200000762939453,22.908809661865234
2022-09-02,23.655000686645508,23.864999771118164,22.28499984741211,22.53499984741211,22.252151489257812
2022-09-06,22.594999313354492,22.75,21.875,22.209999084472656,21.931228637695312
2022-09-07,22.264999389648438,23.2549991607666,22.239999771118164,23.100000381469727,22.810060501098633
2022-09-08,22.7549991607666,23.540000915527344,22.55500030517578,23.334999084472656,23.042112350463867
2022-09-09,23.690000534057617,24.424999237060547,23.68000030517578,24.344999313354492,24.03943634033203
2022-09-12,24.565000534057617,24.979999542236328,24.524999618530273,24.920000076293945,24.607213973999023
2022-09-13,23.469999313354492,23.68000030517578,22.045000076293945,22.174999237060547,21.896669387817383
2022-09-14,22.364999771118164,22.665000915527344,22.084999084472656,22.540000915527344,22.257091522216797
2022-09-15,22.209999084472656,22.600000381469727,21.524999618530273,21.760000228881836,21.486879348754883
2022-09-16,21.260000228881836,21.559999465942383,20.950000762939453,21.4950008392334,21.225210189819336
2022-09-19,21.094999313354492,21.854999542236328,21.084999084472656,21.84000015258789,21.565876007080078
2022-09-20,21.44499969482422,21.829999923706055,21.135000228881836,21.475000381469727,21.205459594726562
2022-09-21,21.6200008392334,22.260000228881836,20.690000534057617,20.700000762939453,20.440187454223633
2022-09-22,20.459999084472656,20.625,20.014999389648438,20.200000762939453,19.94646453857422
2022-09-23,19.834999084472656,19.8700008392334,19.03499984741211,19.540000915527344,19.294742584228516
2022-09-26,19.450000762939453,20.094999313354492,19.260000228881836,19.344999313354492,19.102190017700195
2022-09-27,19.850000381469727,20.190000534057617,19.045000076293945,19.395000457763672,19.151565551757812
2022-09-28,19.3799991607666,20.334999084472656,19.165000915527344,20.149999618530273,19.89708709716797
2022-09-29,19.55500030517578,19.610000610351562,18.545000076293945,19.014999389648438,18.776330947875977
2022-09-30,18.8700008392334,19.434999465942383,18.315000534057617,18.329999923706055,18.09992790222168
2022-10-03,18.56999969482422,19.415000915527344,18.375,19.19499969482422,18.95407485961914
2022-10-04,19.959999084472656,20.4950008392334,19.950000762939453,20.399999618530273,20.143949508666992
2022-10-05,19.825000762939453,20.635000228881836,19.440000534057617,20.364999771118164,20.109390258789062
2022-10-06,20.219999313354492,20.674999237060547,19.989999771118164,20.040000915527344,19.788471221923828
2022-10-07,19.360000610351562,19.3700008392334,18.31999969482422,18.5049991607666,18.27273178100586
2022-10-10,18.524999618530273,18.584999084472656,17.760000228881836,18.110000610351562,17.882692337036133
2022-10-11,17.895000457763672,18.290000915527344,17.399999618530273,17.65999984741211,17.438337326049805
2022-10-12,17.725000381469727,17.985000610351562,17.524999618530273,17.6299991607666,17.408716201782227
2022-10-13,16.604999542236328,18.614999771118164,16.489999771118164,18.43000030517578,18.19867706298828
2022-10-14,18.760000228881836,18.844999313354492,17.2450008392334,17.309999465942383,17.092729568481445
2022-10-17,18.125,18.584999084472656,18.125,18.485000610351562,18.252986907958984
2022-10-18,19.44499969482422,19.53499984741211,18.3799991607666,18.774999618530273,18.539342880249023
2022-10-19,18.530000686645508,19.045000076293945,18.270000457763672,18.614999771118164,18.3813533782959
2022-10-20,18.479999542236328,19.19499969482422,18.2450008392334,18.405000686645508,18.17399024963379
2022-10-21,18.25,19.344999313354492,18.09000015258789,19.28499984741211,19.042945861816406
2022-10-24,19.309999465942383,19.829999923706055,18.78499984741211,19.704999923706055,19.457672119140625
2022-10-25,19.829999923706055,20.559999465942383,19.829999923706055,20.510000228881836,20.2525691986084
2022-10-26,19.670000076293945,20.469999313354492,19.530000686645508,19.59000015258789,19.344112396240234
2022-10-27,19.424999237060547,19.635000228881836,18.80500030517578,18.864999771118164,18.628215789794922
2022-10-28,18.774999618530273,20.09000015258789,18.770000457763672,20.030000686645508,19.778593063354492
2022-10-31,19.684999465942383,19.809999465942383,19.280000686645508,19.540000915527344,19.294742584228516
2022-11-01,20.05500030517578,20.1299991607666,19.100000381469727,19.145000457763672,18.90469741821289
2022-11-02,19.149999618530273,19.575000762939453,17.825000762939453,17.834999084472656,17.611141204833984
2022-11-03,17.459999084472656,17.665000915527344,17.079999923706055,17.139999389648438,16.924867630004883
2022-11-04,17.795000076293945,17.934999465942383,16.950000762939453,17.684999465942383,17.463027954101562
2022-11-07,17.829999923706055,18.139999389648438,17.53499984741211,18.06999969482422,17.84319496154785
2022-11-08,18.270000457763672,18.770000457763672,17.78499984741211,18.31999969482422,18.09005355834961
2022-11-09,18.065000534057617,18.170000076293945,17.424999237060547,17.459999084472656,17.2408504486084
2022-11-10,19.165000915527344,20.084999084472656,18.8700008392334,20.040000915527344,19.788471221923828
2022-11-11,20.024999618530273,20.8799991607666,19.829999923706055,20.780000686645508,20.519180297851562
2022-11-14,20.479999542236328,20.96500015258789,20.274999618530273,20.405000686645508,20.148887634277344
2022-11-15,21.385000228881836,21.524999618530273,20.489999771118164,20.979999542236328,20.71666717529297
2022-11-16,20.684999465942383,20.725000381469727,20.274999618530273,20.395000457763672,20.13901138305664
2022-11-17,19.719999313354492,20.510000228881836,19.700000762939453,20.290000915527344,20.03533363342285
2022-11-18,20.735000610351562,20.760000228881836,19.94499969482422,20.295000076293945,20.040266036987305
2022-11-21,20.09000015258789,20.260000228881836,19.7549991607666,19.8700008392334,19.620601654052734
2022-11-22,19.975000381469727,20.46500015258789,19.665000915527344,20.440000534057617,20.183446884155273
2022-11-23,20.440000534057617,20.93000030517578,20.405000686645508,20.844999313354492,20.583364486694336
2022-11-25,20.604999542236328,20.704999923706055,20.4950008392334,20.559999465942383,20.301939010620117
2022-11-28,20.274999618530273,20.565000534057617,19.825000762939453,19.950000762939453,19.69959831237793
2022-11-29,19.979999542236328,20.040000915527344,19.450000762939453,19.655000686645508,19.408300399780273
2022-11-30,19.684999465942383,21.450000762939453,19.56999969482422,21.450000762939453,21.18077278137207
2022-12-01,21.485000610351562,21.770000457763672,21.06999969482422,21.489999771118164,21.220266342163086
2022-12-02,20.729999542236328,21.434999465942383,20.700000762939453,21.31999969482422,21.052400588989258
2022-12-05,20.985000610351562,21.174999237060547,20.375,20.579999923706055,20.32168960571289
2022-12-06,20.559999465942383,20.579999923706055,19.530000686645508,19.729999542236328,19.482357025146484
2022-12-07,19.549999237060547,19.850000381469727,19.329999923706055,19.559999465942383,19.31449317932129
2022-12-08,19.7549991607666,20.15999984741211,19.46500015258789,20.03499984741211,19.783527374267578
2022-12-09,19.8799991607666,20.270000457763672,19.700000762939453,19.774999618530273,19.526796340942383
2022-12-12,19.78499984741211,20.260000228881836,19.645000457763672,20.2549991607666,20.000770568847656
2022-12-13,21.834999084472656,21.860000610351562,20.299999237060547,20.69499969482422,20.43524169921875
2022-12-14,20.59000015258789,21.084999084472656,19.915000915527344,20.375,20.1192626953125
2022-12-15,19.760000228881836,19.864999771118164,18.825000762939453,19.0049991607666,18.766454696655273
2022-12-16,18.895000457763672,19.114999771118164,18.40999984741211,18.6299991607666,18.396163940429688
2022-12-19,18.65999984741211,18.670000076293945,17.934999465942383,18.125,17.897499084472656
2022-12-20,17.940000534057617,18.309999465942383,17.729999542236328,18.075000762939453,17.848133087158203
2022-12-21,18.21500015258789,18.774999618530273,18.100000381469727,18.604999542236328,18.371482849121094
2022-12-22,18.114999771118164,18.125,17.03499984741211,17.6299991607666,17.459863662719727
2022-12-23,17.44499969482422,17.780000686645508,17.190000534057617,17.71500015258789,17.544044494628906
2022-12-27,17.614999771118164,17.625,17.1200008392334,17.18000030517578,17.014205932617188
2022-12-28,17.1299991607666,17.434999465942383,16.690000534057617,16.725000381469727,16.5635929107666
2022-12-29,17.079999923706055,17.655000686645508,17.0,17.53499984741211,17.36577796936035
2022-12-30,17.155000686645508,17.524999618530273,16.985000610351562,17.520000457763672,17.350927352905273
2023-01-03,17.81999969482422,18.014999389648438,16.959999084472656,17.274999618530273,17.10828971862793
2023-01-04,17.55500030517578,17.655000686645508,17.014999389648438,17.440000534057617,17.271696090698242
2023-01-05,17.204999923706055,17.21500015258789,16.834999084472656,16.8700008392334,16.707195281982422
2023-01-06,17.09000015258789,17.950000762939453,16.709999084472656,17.799999237060547,17.628223419189453
2023-01-09,18.06999969482422,18.65999984741211,17.94499969482422,18.03499984741211,17.8609561920166
2023-01-10,17.889999389648438,18.34000015258789,17.81999969482422,18.34000015258789,18.16301155090332
2023-01-11,18.475000381469727,18.975000381469727,18.364999771118164,18.959999084472656,18.777029037475586
2023-01-12,19.024999618530273,19.290000915527344,18.43000030517578,19.139999389648438,18.955291748046875
2023-01-13,18.795000076293945,19.450000762939453,18.75,19.405000686645508,19.217735290527344
2023-01-17,19.375,19.670000076293945,19.219999313354492,19.469999313354492,19.282102584838867
2023-01-18,19.709999084472656,19.920000076293945,18.950000762939453,18.969999313354492,18.786928176879883
2023-01-19,18.735000610351562,18.895000457763672,18.424999237060547,18.59000015258789,18.410598754882812
2023-01-20,18.809999465942383,19.655000686645508,18.674999237060547,19.6299991607666,19.44055938720703
2023-01-23,19.71500015258789,20.649999618530273,19.625,20.489999771118164,20.292261123657227
2023-01-24,20.235000610351562,20.55500030517578,20.15999984741211,20.395000457763672,20.198179244995117
2023-01-25,19.739999771118164,20.385000228881836,19.3700008392334,20.28499984741211,20.089242935180664
2023-01-26,20.774999618530273,21.094999313354492,20.395000457763672,21.06999969482422,20.86666488647461
2023-01-27,20.875,21.780000686645508,20.864999771118164,21.485000610351562,21.27765655517578
2023-01-30,21.0,21.21500015258789,20.56999969482422,20.600000381469727,20.401199340820312
2023-01-31,20.614999771118164,21.239999771118164,20.604999542236328,21.235000610351562,21.030071258544922
2023-02-01,21.200000762939453,22.489999771118164,20.895000457763672,22.155000686645508,21.94119644165039
2023-02-02,23.100000381469727,24.0049991607666,22.709999084472656,23.71500015258789,23.48613739013672
2023-02-03,22.68000030517578,23.809999465942383,22.625,22.860000610351562,22.639389038085938
2023-02-06,22.46500015258789,22.815000534057617,22.270000457763672,22.479999542236328,22.2630558013916
2023-02-07,22.454999923706055,23.56999969482422,22.28499984741211,23.415000915527344,23.18903350830078
2023-02-08,23.19499969482422,23.334999084472656,22.46500015258789,22.559999465942383,22.34228515625
2023-02-09,23.209999084472656,23.235000610351562,21.934999465942383,22.145000457763672,21.931291580200195
2023-02-10,21.825000762939453,22.1299991607666,21.4950008392334,21.864999771118164,21.65399169921875
2023-02-13,22.06999969482422,22.639999389648438,21.895000457763672,22.56999969482422,22.352188110351562
2023-02-14,22.315000534057617,23.030000686645508,22.020000457763672,22.875,22.654247283935547
2023-02-15,22.604999542236328,23.25,22.5049991607666,23.2450008392334,23.020679473876953
2023-02-16,22.4950008392334,23.114999771118164,22.31999969482422,22.334999084472656,22.119457244873047
2023-02-17,22.020000457763672,22.1299991607666,21.579999923706055,22.014999389648438,21.80254554748535
2023-02-21,21.450000762939453,21.65999984741211,20.954999923706055,20.969999313354492,20.767627716064453
2023-02-22,21.059999465942383,21.299999237060547,20.764999389648438,21.0,20.797338485717773
2023-02-23,21.524999618530273,21.540000915527344,20.7450008392334,21.364999771118164,21.158815383911133
2023-02-24,20.6299991607666,20.799999237060547,20.375,20.6299991607666,20.4309139251709
2023-02-27,21.094999313354492,21.28499984741211,20.850000381469727,20.934999465942383,20.732967376708984
2023-02-28,20.834999084472656,21.235000610351562,20.78499984741211,20.864999771118164,20.663644790649414
2023-03-01,20.81999969482422,20.915000915527344,20.389999389648438,20.530000686645508,20.331876754760742
2023-03-02,20.155000686645508,20.975000381469727,20.125,20.8799991607666,20.678499221801758
2023-03-03,21.110000610351562,21.7549991607666,21.040000915527344,21.729999542236328,21.520294189453125
2023-03-06,21.90999984741211,22.34000015258789,21.739999771118164,21.760000228881836,21.550004959106445
2023-03-07,21.774999618530273,21.905000686645508,21.135000228881836,21.225000381469727,21.020166397094727
2023-03-08,21.274999618530273,21.514999389648438,21.010000228881836,21.44499969482422,21.23804473876953
2023-03-09,21.4950008392334,21.8700008392334,20.559999465942383,20.65999984741211,20.460620880126953
2023-03-10,20.690000534057617,20.915000915527344,19.934999465942383,20.084999084472656,19.891172409057617
2023-03-13,19.850000381469727,20.915000915527344,19.6200008392334,20.389999389648438,20.19322967529297
2023-03-14,20.895000457763672,21.405000686645508,20.774999618530273,21.329999923706055,21.124156951904297
2023-03-15,20.94499969482422,21.594999313354492,20.735000610351562,21.540000915527344,21.332130432128906
2023-03-16,21.385000228881836,22.719999313354492,21.28499984741211,22.665000915527344,22.446273803710938
2023-03-17,22.65999984741211,23.010000228881836,22.15999984741211,22.440000534057617,22.223445892333984
2023-03-20,22.360000610351562,22.649999618530273,22.024999618530273,22.604999542236328,22.386850357055664
2023-03-21,22.889999389648438,23.315000534057617,22.670000076293945,23.235000610351562,23.010774612426758
2023-03-22,23.235000610351562,23.979999542236328,22.59000015258789,22.600000381469727,22.38189697265625
2023-03-23,23.155000686645508,23.78499984741211,22.739999771118164,23.149999618530273,22.926593780517578
2023-03-24,23.065000534057617,23.31999969482422,22.71500015258789,23.30500030517578,23.080097198486328
2023-03-27,23.405000686645508,23.56999969482422,22.850000381469727,22.969999313354492,22.74832534790039
2023-03-28,22.899999618530273,22.899999618530273,22.385000228881836,22.739999771118164,22.52054786682129
2023-03-29,23.28499984741211,23.655000686645508,23.165000915527344,23.575000762939453,23.347488403320312
2023-03-30,23.93000030517578,24.084999084472656,23.725000381469727,23.989999771118164,23.75848388671875
2023-03-31,24.020000457763672,24.815000534057617,23.985000610351562,24.78499984741211,24.545812606811523
2023-04-03,24.44499969482422,24.700000762939453,24.239999771118164,24.65999984741211,24.422019958496094
2023-04-04,24.725000381469727,24.8799991607666,24.299999237060547,24.4950008392334,24.258609771728516
2023-04-05,24.325000762939453,24.354999542236328,23.700000762939453,23.985000610351562,23.753530502319336
2023-04-06,23.725000381469727,24.3799991607666,23.520000457763672,24.329999923706055,24.095203399658203
2023-04-10,23.844999313354492,24.280000686645508,23.565000534057617,24.274999618530273,24.040729522705078
2023-04-11,24.270000457763672,24.270000457763672,23.885000228881836,23.96500015258789,23.733726501464844
2023-04-12,24.260000228881836,24.34000015258789,23.46500015258789,23.530000686645508,23.30292510986328
2023-04-13,23.790000915527344,24.510000228881836,23.764999389648438,24.450000762939453,24.214046478271484
2023-04-14,24.184999465942383,24.6200008392334,23.895000457763672,24.344999313354492,24.11005973815918
2023-04-17,24.28499984741211,24.434999465942383,23.959999084472656,24.3700008392334,24.13481903076172
2023-04-18,24.704999923706055,24.770000457763672,24.190000534057617,24.385000228881836,24.149673461914062
2023-04-19,24.010000228881836,24.514999389648438,23.989999771118164,24.354999542236328,24.119962692260742
2023-04-20,23.8799991607666,24.424999237060547,23.770000457763672,23.979999542236328,23.748580932617188
2023-04-21,23.899999618530273,24.135000228881836,23.635000228881836,24.010000228881836,23.77829360961914
2023-04-24,23.975000381469727,24.18000030517578,23.579999923706055,23.905000686645508,23.67430877685547
2023-04-25,23.649999618530273,23.7549991607666,22.989999771118164,23.010000228881836,22.78794288635254
2023-04-26,23.5,23.735000610351562,23.204999923706055,23.270000457763672,23.045434951782227
2023-04-27,23.84000015258789,24.610000610351562,23.7450008392334,24.53499984741211,24.29822540283203
2023-04-28,24.485000610351562,24.875,24.315000534057617,24.8700008392334,24.62999725341797
2023-05-01,24.799999237060547,25.020000457763672,24.635000228881836,24.80500030517578,24.56561851501465
2023-05-02,24.795000076293945,24.84000015258789,24.09000015258789,24.360000610351562,24.124916076660156
2023-05-03,24.424999237060547,24.829999923706055,24.030000686645508,24.059999465942383,23.827808380126953
2023-05-04,24.0049991607666,24.170000076293945,23.704999923706055,23.875,23.64459228515625
2023-05-05,24.200000762939453,25.0049991607666,24.149999618530273,24.875,24.634946823120117
2023-05-08,24.790000915527344,25.045000076293945,24.625,24.989999771118164,24.748836517333984
2023-05-09,24.725000381469727,24.860000610351562,24.6200008392334,24.674999237060547,24.436874389648438
2023-05-10,25.05500030517578,25.34000015258789,24.665000915527344,25.209999084472656,24.96670913696289
2023-05-11,25.270000457763672,25.440000534057617,25.030000686645508,25.360000610351562,25.115264892578125
2023-05-12,25.424999237060547,25.5049991607666,24.844999313354492,25.174999237060547,24.932048797607422
2023-05-15,25.239999771118164,25.475000381469727,25.0,25.44499969482422,25.199443817138672
2023-05-16,25.315000534057617,25.760000228881836,25.315000534057617,25.489999771118164,25.24401092529297
2023-05-17,25.645000457763672,26.19499969482422,25.469999313354492,26.114999771118164,25.86297607421875
2023-05-18,26.15999984741211,27.094999313354492,26.155000686645508,27.05500030517578,26.79390525817871
2023-05-19,27.09000015258789,27.204999923706055,26.760000228881836,26.934999465942383,26.675065994262695
2023-05-22,26.889999389648438,27.270000457763672,26.885000228881836,27.094999313354492,26.833518981933594
2023-05-23,26.834999084472656,27.010000228881836,26.360000610351562,26.415000915527344,26.160079956054688
2023-05-24,26.100000381469727,26.34000015258789,25.809999465942383,26.135000228881836,25.882789611816406
2023-05-25,27.30500030517578,27.594999313354492,26.90999984741211,27.389999389648438,27.125673294067383
2023-05-26,27.56999969482422,28.924999237060547,27.545000076293945,28.795000076293945,28.51711654663086
2023-05-30,29.5049991607666,29.69499969482422,28.809999465942383,29.040000915527344,28.759750366210938
2023-05-31,28.764999389648438,29.110000610351562,28.469999313354492,28.65999984741211,28.383419036865234
2023-06-01,28.645000457763672,29.575000762939453,28.475000381469727,29.3700008392334,29.086565017700195
2023-06-02,29.655000686645508,29.989999771118164,29.354999542236328,29.799999237060547,29.512413024902344
2023-06-05,29.760000228881836,30.264999389648438,29.655000686645508,29.834999084472656,29.547077178955078
2023-06-06,29.719999313354492,29.979999542236328,29.489999771118164,29.825000762939453,29.53717803955078
2023-06-07,29.860000610351562,30.190000534057617,28.690000534057617,28.799999237060547,28.522066116333008
2023-06-08,28.834999084472656,29.56999969482422,28.795000076293945,29.4950008392334,29.21036148071289
2023-06-09,29.7450008392334,30.2450008392334,29.479999542236328,29.709999084472656,29.423282623291016
2023-06-12,30.0,30.729999542236328,29.829999923706055,30.725000381469727,30.428489685058594
2023-06-13,31.200000762939453,31.325000762939453,30.639999389648438,31.174999237060547,30.8741455078125
2023-06-14,31.18000030517578,31.68000030517578,30.69499969482422,31.6299991607666,31.324752807617188
2023-06-15,31.399999618530273,32.630001068115234,31.290000915527344,32.36000061035156,32.04771041870117
2023-06-16,32.78499984741211,32.810001373291016,31.8799991607666,31.940000534057617,31.631763458251953
2023-06-20,31.684999465942383,32.099998474121094,31.329999923706055,31.864999771118164,31.557491302490234
2023-06-21,31.639999389648438,31.71500015258789,30.81999969482422,30.9950008392334,30.69588851928711
2023-06-22,30.7450008392334,31.719999313354492,30.674999237060547,31.709999084472656,31.40398406982422
2023-06-23,30.9950008392334,31.469999313354492,30.770000457763672,31.06999969482422,30.770156860351562
2023-06-26,30.969999313354492,31.450000762939453,30.21500015258789,30.235000610351562,29.943220138549805
2023-06-27,30.5,31.3799991607666,30.360000610351562,31.264999389648438,30.963275909423828
2023-06-28,30.924999237060547,31.709999084472656,30.924999237060547,31.3700008392334,31.067264556884766
2023-06-29,31.315000534057617,31.40999984741211,30.94499969482422,31.229999542236328,30.92861557006836
2023-06-30,31.860000610351562,32.3650016784668,31.809999465942383,32.189998626708984,31.879352569580078
2023-07-03,32.290000915527344,32.439998626708984,32.099998474121094,32.345001220703125,32.03285598754883
2023-07-05,32.03499984741211,32.619998931884766,32.03499984741211,32.31999969482422,32.008094787597656
2023-07-06,31.6299991607666,31.885000228881836,31.295000076293945,31.81999969482422,31.512924194335938
2023-07-07,31.7549991607666,32.32500076293945,31.55500030517578,31.59000015258789,31.285140991210938
2023-07-10,31.524999618530273,31.725000381469727,31.100000381469727,31.6299991607666,31.324752807617188
2023-07-11,31.674999237060547,31.989999771118164,31.30500030517578,31.920000076293945,31.61195945739746
2023-07-12,32.625,32.95500183105469,32.279998779296875,32.72999954223633,32.41413497924805
2023-07-13,33.26499938964844,33.95500183105469,33.165000915527344,33.80500030517578,33.47876739501953
2023-07-14,33.8849983215332,34.46500015258789,33.630001068115234,33.790000915527344,33.463905334472656
2023-07-17,33.904998779296875,34.56999969482422,33.83000183105469,34.404998779296875,34.072975158691406
2023-07-18,34.29499816894531,35.220001220703125,33.935001373291016,34.97999954223633,34.64242172241211
2023-07-19,35.165000915527344,35.369998931884766,34.70500183105469,34.88999938964844,34.55329132080078
2023-07-20,34.3650016784668,34.64500045776367,33.130001068115234,33.310001373291016,32.98855209350586
2023-07-21,33.744998931884766,33.875,33.040000915527344,33.10499954223633,32.7855224609375
2023-07-24,33.279998779296875,33.45000076293945,32.8849983215332,33.209999084472656,32.889503479003906
2023-07-25,33.334999084472656,33.95000076293945,33.32500076293945,33.66999816894531,33.345062255859375
2023-07-26,33.46500015258789,33.72999954223633,33.01499938964844,33.435001373291016,33.11233901977539
2023-07-27,34.38999938964844,34.67499923706055,33.01499938964844,33.25,32.92912673950195
2023-07-28,33.96500015258789,34.6349983215332,33.880001068115234,34.45500183105469,34.12249755859375
2023-07-31,34.505001068115234,34.69499969482422,34.244998931884766,34.51499938964844,34.18191909790039
2023-08-01,34.23500061035156,34.45000076293945,33.939998626708984,34.31999969482422,33.98879623413086
2023-08-02,33.68000030517578,33.68000030517578,32.58000183105469,32.79999923706055,32.483463287353516
2023-08-03,32.35499954223633,33.04999923706055,32.33000183105469,32.68000030517578,32.3646240234375
2023-08-04,33.025001525878906,33.43000030517578,32.28499984741211,32.3650016784668,32.05266189575195
2023-08-07,32.69499969482422,32.92499923706055,32.26499938964844,32.915000915527344,32.59735870361328
2023-08-08,32.45500183105469,32.459999084472656,31.78499984741211,32.34000015258789,32.02790069580078
2023-08-09,32.3849983215332,32.415000915527344,31.4950008392334,31.6200008392334,31.31485366821289
2023-08-10,32.125,32.71500015258789,31.454999923706055,31.725000381469727,31.418840408325195
2023-08-11,31.264999389648438,31.614999771118164,31.049999237060547,31.309999465942383,31.007843017578125
2023-08-14,31.18000030517578,32.025001525878906,31.049999237060547,32.02000045776367,31.71099090576172
2023-08-15,31.825000762939453,31.969999313354492,31.204999923706055,31.325000762939453,31.022695541381836
2023-08-16,31.229999542236328,31.489999771118164,30.639999389648438,30.645000457763672,30.349260330200195
2023-08-17,30.8799991607666,30.934999465942383,29.899999618530273,29.959999084472656,29.670873641967773
2023-08-18,29.395000457763672,30.100000381469727,29.31999969482422,29.8799991607666,29.591642379760742
2023-08-21,30.1299991607666,30.959999084472656,30.05500030517578,30.850000381469727,30.552284240722656
2023-08-22,31.274999618530273,31.280000686645508,30.6299991607666,30.7549991607666,30.458200454711914
2023-08-23,30.940000534057617,31.899999618530273,30.90999984741211,31.71500015258789,31.408935546875
2023-08-24,32.310001373291016,32.31999969482422,30.309999465942383,30.31999969482422,30.02739906311035
2023-08-25,30.475000381469727,31.094999313354492,29.895000457763672,30.815000534057617,30.517621994018555
2023-08-28,31.309999465942383,31.415000915527344,30.84000015258789,31.280000686645508,30.978130340576172
2023-08-29,31.225000381469727,32.685001373291016,31.18000030517578,32.619998931884766,32.305206298828125
2023-08-30,32.64500045776367,33.08000183105469,32.459999084472656,32.97999954223633,32.66172790527344
2023-08-31,32.970001220703125,33.45500183105469,32.96500015258789,33.13999938964844,32.82018280029297
2023-09-01,33.584999084472656,33.64500045776367,32.814998626708984,33.095001220703125,32.77561569213867
2023-09-05,32.93000030517578,33.369998931884766,32.76499938964844,33.154998779296875,32.83503723144531
2023-09-06,33.0,33.064998626708984,32.209999084472656,32.56999969482422,32.25568389892578
2023-09-07,31.760000228881836,32.21500015258789,31.575000762939453,32.08000183105469,31.770418167114258
2023-09-08,32.05500030517578,32.55500030517578,31.9950008392334,32.154998779296875,31.844690322875977
2023-09-11,32.689998626708984,33.0099983215332,32.35499954223633,32.915000915527344,32.59735870361328
2023-09-12,32.6150016784668,32.849998474121094,32.130001068115234,32.185001373291016,31.874401092529297
2023-09-13,32.220001220703125,32.69499969482422,32.01499938964844,32.41999816894531,32.10712814331055
2023-09-14,32.70500183105469,33.099998474121094,32.345001220703125,32.935001373291016,32.61716079711914
2023-09-15,32.68000030517578,32.755001068115234,31.635000228881836,31.780000686645508,31.473310470581055
2023-09-18,31.614999771118164,32.04499816894531,31.575000762939453,31.860000610351562,31.552534103393555
2023-09-19,31.610000610351562,31.84000015258789,31.184999465942383,31.719999313354492,31.413888931274414
2023-09-20,31.899999618530273,31.950000762939453,30.780000686645508,30.799999237060547,30.58762550354004
2023-09-21,30.135000228881836,30.274999618530273,29.6200008392334,29.635000228881836,29.4306583404541
2023-09-22,29.940000534057617,30.290000915527344,29.594999313354492,29.65999984741211,29.455486297607422
2023-09-25,29.479999542236328,29.940000534057617,29.31999969482422,29.924999237060547,29.718660354614258
2023-09-26,29.479999542236328,29.56999969482422,28.854999542236328,29.014999389648438,28.814929962158203
2023-09-27,29.200000762939453,29.469999313354492,28.549999237060547,29.170000076293945,28.96886444091797
2023-09-28,28.975000381469727,29.975000381469727,28.844999313354492,29.6299991607666,29.425695419311523
2023-09-29,30.19499969482422,30.434999465942383,29.454999923706055,29.674999237060547,29.470382690429688
2023-10-02,29.69499969482422,30.385000228881836,29.600000381469727,30.149999618530273,29.942108154296875
2023-10-03,29.719999313354492,30.094999313354492,28.809999465942383,29.084999084472656,28.88444709777832
2023-10-04,29.21500015258789,30.010000228881836,29.145000457763672,29.8700008392334,29.664039611816406
2023-10-05,29.860000610351562,29.90999984741211,29.084999084472656,29.674999237060547,29.470382690429688
2023-10-06,29.165000915527344,30.854999542236328,29.030000686645508,30.655000686645508,30.443628311157227
2023-10-09,30.270000457763672,31.065000534057617,30.0049991607666,30.975000381469727,30.761417388916016
2023-10-10,31.020000457763672,31.760000228881836,30.94499969482422,31.295000076293945,31.07921028137207
2023-10-11,31.530000686645508,31.78499984741211,31.239999771118164,31.75,31.531076431274414
2023-10-12,31.829999923706055,32.130001068115234,31.094999313354492,31.4950008392334,31.277830123901367
2023-10-13,31.614999771118164,31.71500015258789,30.469999313354492,30.71500015258789,30.503211975097656
2023-10-16,30.940000534057617,31.579999923706055,30.915000915527344,31.420000076293945,31.203353881835938
2023-10-17,30.774999618530273,31.479999542236328,30.415000915527344,31.204999923706055,30.989831924438477
2023-10-18,30.7549991607666,31.135000228881836,30.139999389648438,30.325000762939453,30.11590003967285
2023-10-19,30.584999084472656,30.790000915527344,29.639999389648438,29.780000686645508,29.574661254882812
2023-10-20,29.700000762939453,29.78499984741211,28.854999542236328,28.895000457763672,28.695762634277344
2023-10-23,28.649999618530273,29.645000457763672,28.315000534057617,29.049999237060547,28.849689483642578
2023-10-24,29.354999542236328,29.739999771118164,29.075000762939453,29.6299991607666,29.425695419311523
2023-10-25,29.190000534057617,29.235000610351562,28.065000534057617,28.15999984741211,27.96582794189453
2023-10-26,27.950000762939453,28.104999542236328,26.860000610351562,27.075000762939453,26.8883113861084
2023-10-27,27.4950008392334,27.875,27.1299991607666,27.334999084472656,27.146516799926758
2023-10-30,27.71500015258789,28.145000457763672,27.5,27.924999237060547,27.732450485229492
2023-10-31,27.940000534057617,28.260000228881836,27.520000457763672,28.209999084472656,28.015483856201172
2023-11-01,28.329999923706055,29.264999389648438,28.31999969482422,29.190000534057617,28.988725662231445
2023-11-02,29.899999618530273,30.25,29.700000762939453,30.225000381469727,30.016590118408203
2023-11-03,30.424999237060547,31.135000228881836,30.389999389648438,30.924999237060547,30.711761474609375
2023-11-06,31.049999237060547,31.2549991607666,30.780000686645508,31.165000915527344,30.95010757446289
2023-11-07,31.334999084472656,31.895000457763672,31.1299991607666,31.7450008392334,31.52610969543457
2023-11-08,31.81999969482422,31.920000076293945,31.389999389648438,31.795000076293945,31.57576560974121
2023-11-09,31.889999389648438,32.084999084472656,31.190000534057617,31.290000915527344,31.074249267578125
2023-11-10,31.559999465942383,32.70000076293945,31.479999542236328,32.65999984741211,32.43479919433594
2023-11-13,32.39500045776367,32.64500045776367,32.130001068115234,32.46500015258789,32.241146087646484
2023-11-14,33.57500076293945,34.02000045776367,33.4900016784668,33.849998474121094,33.6165885925293
2023-11-15,34.16999816894531,34.275001525878906,33.665000915527344,33.89500045776367,33.661285400390625
2023-11-16,33.75,33.98500061035156,33.525001525878906,33.95500183105469,33.72087478637695
2023-11-17,33.80500030517578,34.1349983215332,33.64500045776367,33.95000076293945,33.71589660644531
2023-11-20,33.95500183105469,34.88999938964844,33.94499969482422,34.779998779296875,34.54018020629883
2023-11-21,34.45500183105469,34.4900016784668,34.040000915527344,34.334999084472656,34.09824752807617
2023-11-22,34.709999084472656,35.150001525878906,34.439998626708984,34.630001068115234,34.39122009277344
2023-11-24,34.529998779296875,34.64500045776367,34.334999084472656,34.5099983215332,34.27204132080078
2023-11-27,34.41999816894531,34.79999923706055,34.29499816894531,34.45000076293945,34.212459564208984
2023-11-28,34.314998626708984,34.724998474121094,34.2400016784668,34.619998931884766,34.381282806396484
2023-11-29,35.060001373291016,35.314998626708984,34.4900016784668,34.540000915527344,34.30183792114258
2023-11-30,34.58000183105469,34.650001525878906,33.81999969482422,34.35499954223633,34.118106842041016
2023-12-01,34.150001525878906,34.650001525878906,33.8650016784668,34.55500030517578,34.316734313964844
2023-12-04,33.845001220703125,33.939998626708984,33.244998931884766,33.88999938964844,33.656314849853516
2023-12-05,33.54999923706055,34.27000045776367,33.52000045776367,34.05500030517578,33.82017517089844
2023-12-06,34.58000183105469,34.599998474121094,33.595001220703125,33.65999984741211,33.42790222167969
2023-12-07,34.165000915527344,34.724998474121094,33.974998474121094,34.60499954223633,34.36638259887695
2023-12-08,34.255001068115234,34.96500015258789,34.23500061035156,34.875,34.63452911376953
2023-12-11,34.79499816894531,35.52000045776367,34.77000045776367,35.474998474121094,35.23038864135742
2023-12-12,35.474998474121094,36.04999923706055,35.27000045776367,36.040000915527344,35.7914924621582
2023-12-13,36.19499969482422,37.04999923706055,36.060001373291016,36.939998626708984,36.6852912902832
2023-12-14,37.150001525878906,37.38999938964844,36.29999923706055,36.86000061035156,36.605838775634766
2023-12-15,37.005001068115234,37.42499923706055,36.8849983215332,37.130001068115234,36.87398147583008
2023-12-18,37.275001525878906,37.834999084472656,37.224998474121094,37.66999816894531,37.410255432128906
2023-12-19,37.7400016784668,38.06999969482422,37.71500015258789,38.040000915527344,37.77770233154297
2023-12-20,37.86000061035156,38.2400016784668,36.84000015258789,36.85499954223633,36.6384391784668
2023-12-21,37.57500076293945,37.76499938964844,37.099998474121094,37.709999084472656,37.488407135009766
2023-12-22,37.91999816894531,38.10499954223633,37.459999084472656,37.814998626708984,37.59279251098633
2023-12-26,37.959999084472656,38.38999938964844,37.95000076293945,38.255001068115234,38.030216217041016
2023-12-27,38.310001373291016,38.46500015258789,38.150001525878906,38.400001525878906,38.17436218261719
2023-12-28,38.61000061035156,38.64500045776367,38.279998779296875,38.33000183105469,38.104774475097656
2023-12-29,38.334999084472656,38.404998779296875,37.650001525878906,38.0,37.776710510253906
2024-01-02,37.31999969482422,37.3650016784668,36.28499984741211,36.720001220703125,36.50423812866211
2024-01-03,36.224998474121094,36.415000915527344,35.85499954223633,35.935001373291016,35.723846435546875
2024-01-04,35.56999969482422,36.1349983215332,35.5,35.540000915527344,35.33116912841797
2024-01-05,35.564998626708984,36.11000061035156,35.369998931884766,35.630001068115234,35.42063522338867
2024-01-08,35.84000015258789,37.1349983215332,35.814998626708984,37.09000015258789,36.87205505371094
2024-01-09,36.52000045776367,37.400001525878906,36.48500061035156,37.23500061035156,37.01620864868164
2024-01-10,37.27000045776367,37.90999984741211,37.1150016784668,37.720001220703125,37.498355865478516
2024-01-11,37.939998626708984,38.189998626708984,36.90999984741211,37.84000015258789,37.61764907836914
2024-01-12,38.04499816894531,38.19499969482422,37.625,37.88999938964844,37.66735076904297
2024-01-16,37.64500045776367,38.15999984741211,37.369998931884766,37.875,37.652442932128906
2024-01-17,37.244998931884766,37.5,36.64500045776367,37.43000030517578,37.21006393432617
2024-01-18,38.0099983215332,38.57500076293945,37.775001525878906,38.5,38.273773193359375
2024-01-19,38.8849983215332,40.02000045776367,38.775001525878906,39.994998931884766,39.759979248046875
2024-01-22,40.41999816894531,40.654998779296875,39.97999954223633,40.095001220703125,39.859405517578125
2024-01-23,40.21500015258789,40.45000076293945,39.8650016784668,40.415000915527344,40.177520751953125
2024-01-24,41.154998779296875,41.625,40.76499938964844,40.845001220703125,40.60499954223633
2024-01-25,41.314998626708984,41.45000076293945,40.48500061035156,40.92499923706055,40.68452453613281
2024-01-26,40.55500030517578,40.89500045776367,40.31999969482422,40.42499923706055,40.18745803833008
2024-01-29,40.51499938964844,41.29499816894531,40.39500045776367,41.26499938964844,41.022518157958984
2024-01-30,41.060001373291016,41.15999984741211,40.529998779296875,40.689998626708984,40.45090103149414
2024-01-31,39.845001220703125,40.22999954223633,39.06999969482422,39.099998474121094,38.87024688720703
2024-02-01,39.41999816894531,40.084999084472656,39.23500061035156,40.029998779296875,39.79478454589844
2024-02-02,40.35499954223633,41.584999084472656,40.16999816894531,41.369998931884766,41.12690353393555
2024-02-05,41.34000015258789,41.45000076293945,40.560001373291016,41.220001220703125,40.9777946472168
2024-02-06,41.43000030517578,41.55500030517578,40.599998474121094,41.06999969482422,40.828670501708984
2024-02-07,41.59000015258789,42.05500030517578,41.34000015258789,41.89500045776367,41.64881896972656
2024-02-08,41.900001525878906,42.16999816894531,41.7599983215332,42.029998779296875,41.78302764892578
2024-02-09,42.23500061035156,42.9900016784668,42.084999084472656,42.84000015258789,42.58827209472656
2024-02-12,42.79999923706055,43.244998931884766,42.3650016784668,42.4900016784668,42.24032974243164
2024-02-13,40.91999816894531,41.689998626708984,40.540000915527344,41.154998779296875,40.91316604614258
2024-02-14,41.67499923706055,42.1349983215332,41.220001220703125,42.060001373291016,41.81285858154297
2024-02-15,42.17499923706055,42.3650016784668,41.65999984741211,42.27000045776367,42.0216178894043
2024-02-16,42.34000015258789,42.35499954223633,41.369998931884766,41.505001068115234,41.2611198425293
2024-02-20,41.10499954223633,41.3849983215332,40.125,40.869998931884766,40.629844665527344
2024-02-21,40.31999969482422,40.54499816894531,39.77000045776367,40.529998779296875,40.29184341430664
2024-02-22,42.185001373291016,43.07500076293945,42.04999923706055,42.89500045776367,42.642948150634766
2024-02-23,43.17499923706055,43.3650016784668,42.42499923706055,42.619998931884766,42.369564056396484
2024-02-26,42.75,42.959999084472656,42.529998779296875,42.56999969482422,42.31985092163086
2024-02-27,42.779998779296875,42.84000015258789,42.2599983215332,42.775001525878906,42.52365493774414
2024-02-28,42.34000015258789,42.56999969482422,42.11000061035156,42.290000915527344,42.04150390625
2024-02-29,42.849998474121094,43.209999084472656,42.224998474121094,43.02000045776367,42.767215728759766
2024-03-01,43.16999816894531,44.470001220703125,43.15999984741211,44.30500030517578,44.0446662902832
2024-03-04,44.279998779296875,44.36000061035156,43.915000915527344,43.94499969482422,43.68677520751953
2024-03-05,43.33000183105469,43.345001220703125,41.900001525878906,42.380001068115234,42.130977630615234
2024-03-06,43.19499969482422,43.51499938964844,42.529998779296875,42.900001525878906,42.647918701171875
2024-03-07,43.584999084472656,44.42499923706055,43.279998779296875,44.189998626708984,43.93033981323242
2024-03-08,44.2400016784668,44.79999923706055,42.7599983215332,42.880001068115234,42.6280403137207
2024-03-11,42.584999084472656,42.814998626708984,42.185001373291016,42.55500030517578,42.3049430847168
2024-03-12,43.01499938964844,43.849998474121094,42.375,43.790000915527344,43.53268814086914
2024-03-13,43.55500030517578,43.56999969482422,42.875,43.08000183105469,42.826866149902344
2024-03-14,43.31999969482422,43.415000915527344,42.314998626708984,42.85499954223633,42.60318374633789
2024-03-15,42.26499938964844,42.375,41.599998474121094,41.81999969482422,41.57426452636719
2024-03-18,42.849998474121094,43.29499816894531,42.564998626708984,42.61000061035156,42.359619140625
2024-03-19,42.20500183105469,42.88999938964844,41.79999923706055,42.810001373291016,42.558448791503906
2024-03-20,43.01499938964844,43.86000061035156,42.68000030517578,43.79999923706055,43.570613861083984
2024-03-21,44.78499984741211,44.869998931884766,44.14500045776367,44.18000030517578,43.94862747192383
2024-03-22,44.07500076293945,44.505001068115234,43.915000915527344,44.255001068115234,44.02323913574219
2024-03-25,43.70500183105469,44.25,43.51499938964844,43.94499969482422,43.7148551940918
2024-03-26,44.255001068115234,44.43000030517578,43.619998931884766,43.65999984741211,43.43135452270508
2024-03-27,44.244998931884766,44.2599983215332,43.35499954223633,43.95000076293945,43.7198371887207
2024-03-28,43.915000915527344,44.08000183105469,43.689998626708984,43.7400016784668,43.51094055175781
2024-04-01,43.92499923706055,44.44499969482422,43.55500030517578,43.94499969482422,43.7148551940918
2024-04-02,42.959999084472656,43.224998474121094,42.560001373291016,43.165000915527344,42.938941955566406
2024-04-03,42.744998931884766,43.720001220703125,42.72999954223633,43.334999084472656,43.10805130004883
2024-04-04,44.165000915527344,44.279998779296875,41.959999084472656,41.98500061035156,41.76512145996094
2024-04-05,42.27000045776367,43.505001068115234,42.125,42.98500061035156,42.759883880615234
2024-04-08,43.15999984741211,43.369998931884766,42.72999954223633,43.0099983215332,42.784751892089844
2024-04-09,43.45500183105469,43.5099983215332,42.380001068115234,43.310001373291016,43.083187103271484
2024-04-10,42.28499984741211,42.71500015258789,42.13999938964844,42.52000045776367,42.29732131958008
2024-04-11,42.89500045776367,44.060001373291016,42.45000076293945,43.89500045776367,43.66511917114258
2024-04-12,43.029998779296875,43.25,42.20000076293945,42.474998474121094,42.25254821777344
2024-04-15,43.20000076293945,43.209999084472656,40.904998779296875,41.060001373291016,40.844966888427734
2024-04-16,41.029998779296875,41.56999969482422,40.80500030517578,41.060001373291016,40.844966888427734
2024-04-17,41.43000030517578,41.439998626708984,39.880001068115234,40.05500030517578,39.84523010253906
2024-04-18,40.1349983215332,40.47999954223633,39.470001220703125,39.564998626708984,39.35779571533203
2024-04-19,39.34000015258789,39.435001373291016,37.63999938964844,37.939998626708984,37.74129867553711
2024-04-22,38.415000915527344,39.119998931884766,37.79999923706055,38.685001373291016,38.48240661621094
2024-04-23,39.04499816894531,40.05500030517578,38.97999954223633,39.845001220703125,39.63632583618164
2024-04-24,40.415000915527344,40.70000076293945,39.67499923706055,40.10499954223633,39.894962310791016
2024-04-25,38.70500183105469,39.845001220703125,38.5,39.68000030517578,39.472198486328125
2024-04-26,40.27000045776367,41.19499969482422,40.150001525878906,40.915000915527344,40.70072555541992
2024-04-29,41.29999923706055,41.41999816894531,40.70500183105469,41.22999954223633,41.014076232910156
2024-04-30,40.904998779296875,41.17499923706055,39.65999984741211,39.65999984741211,39.452293395996094
2024-05-01,39.375,40.69499969482422,38.93000030517578,39.07500076293945,38.870365142822266
2024-05-02,39.7599983215332,40.224998474121094,38.89500045776367,40.060001373291016,39.85020065307617
2024-05-03,41.474998474121094,41.869998931884766,41.16999816894531,41.65999984741211,41.441829681396484
2024-05-06,42.0099983215332,42.59000015258789,41.86000061035156,42.59000015258789,42.3669548034668
2024-05-07,42.650001525878906,42.89500045776367,42.439998626708984,42.56999969482422,42.34705352783203
2024-05-08,42.060001373291016,42.790000915527344,42.040000915527344,42.525001525878906,42.30229568481445
2024-05-09,42.560001373291016,42.790000915527344,42.20000076293945,42.68000030517578,42.456478118896484
2024-05-10,42.970001220703125,43.310001373291016,42.57500076293945,42.8849983215332,42.66040802001953
2024-05-13,43.2400016784668,43.2599983215332,42.790000915527344,43.07500076293945,42.84941482543945
2024-05-14,42.959999084472656,43.71500015258789,42.935001373291016,43.61000061035156,43.38160705566406
2024-05-15,44.099998474121094,45.0099983215332,43.79499816894531,44.95000076293945,44.7145881652832
2024-05-16,44.904998779296875,45.29499816894531,44.72999954223633,44.76499938964844,44.53056335449219
2024-05-17,44.779998779296875,44.89500045776367,44.27000045776367,44.720001220703125,44.48580551147461
2024-05-20,44.73500061035156,45.459999084472656,44.709999084472656,45.33000183105469,45.09260559082031
2024-05-21,44.94499969482422,45.529998779296875,44.904998779296875,45.48500061035156,45.246795654296875
2024-05-22,45.529998779296875,45.685001373291016,44.939998626708984,45.470001220703125,45.23187255859375
2024-05-23,46.39500045776367,46.404998779296875,44.65999984741211,45.029998779296875,44.7941780090332
2024-05-24,45.334999084472656,46.1150016784668,45.20000076293945,45.880001068115234,45.63972473144531
2024-05-28,46.099998474121094,46.21500015258789,45.6150016784668,46.20500183105469,45.9630241394043
2024-05-29,45.334999084472656,45.904998779296875,45.334999084472656,45.55500030517578,45.31642532348633
2024-05-30,45.349998474121094,45.369998931884766,44.29499816894531,44.560001373291016,44.32663345336914
2024-05-31,44.58000183105469,44.720001220703125,42.8650016784668,44.560001373291016,44.32663345336914
2024-06-03,45.119998931884766,45.32500076293945,43.810001373291016,44.845001220703125,44.610145568847656
2024-06-04,44.779998779296875,45.310001373291016,44.435001373291016,45.06999969482422,44.833961486816406
2024-06-05,45.790000915527344,46.900001525878906,45.560001373291016,46.88999938964844,46.644432067871094
2024-06-06,47.02000045776367,47.07500076293945,46.6150016784668,46.849998474121094,46.60464096069336
2024-06-07,46.7400016784668,47.29999923706055,46.51499938964844,46.7400016784668,46.49522018432617
2024-06-10,46.5,47.165000915527344,46.44499969482422,47.11000061035156,46.86328887939453
2024-06-11,46.834999084472656,47.76499938964844,46.529998779296875,47.73500061035156,47.485008239746094
2024-06-12,48.540000915527344,49.470001220703125,48.404998779296875,48.9900016784668,48.73343276977539
2024-06-13,49.71500015258789,49.845001220703125,49.03499984741211,49.494998931884766,49.23579025268555
2024-06-14,49.435001373291016,50.005001068115234,49.349998474121094,49.98500061035156,49.723228454589844
2024-06-17,50.029998779296875,51.584999084472656,49.76499938964844,51.20000076293945,50.93185806274414
2024-06-18,51.185001373291016,51.3650016784668,50.849998474121094,51.21500015258789,50.94677734375
2024-06-20,51.470001220703125,51.54999923706055,50.04499816894531,50.400001525878906,50.13604736328125
2024-06-21,50.334999084472656,50.6150016784668,49.81999969482422,50.099998474121094,49.837623596191406
2024-06-24,49.86000061035156,50.220001220703125,48.94499969482422,48.974998474121094,48.71851348876953
2024-06-25,49.404998779296875,50.14500045776367,49.224998474121094,50.09000015258789,49.82767868041992
2024-06-26,49.849998474121094,50.345001220703125,49.78499984741211,50.2400016784668,50.02982711791992
2024-06-27,50.17499923706055,50.79499816894531,50.0,50.470001220703125,50.25886535644531
2024-06-28,50.619998931884766,51.630001068115234,49.810001373291016,49.904998779296875,49.69622802734375
2024-07-01,50.1150016784668,50.625,49.34000015258789,50.51499938964844,50.30367660522461
2024-07-02,50.18000030517578,51.560001373291016,50.15999984741211,51.560001373291016,51.344303131103516
2024-07-03,51.380001068115234,52.42499923706055,51.380001068115234,52.39500045776367,52.17580795288086
2024-07-05,52.54999923706055,53.55500030517578,52.48500061035156,53.459999084472656,53.236351013183594
2024-07-08,53.53499984741211,53.82500076293945,53.33000183105469,53.724998474121094,53.500244140625
2024-07-09,54.025001525878906,54.27000045776367,53.46500015258789,53.779998779296875,53.555015563964844
2024-07-10,54.20000076293945,55.02000045776367,53.915000915527344,54.915000915527344,54.685264587402344
2024-07-11,54.915000915527344,54.95500183105469,52.220001220703125,52.470001220703125,52.2504997253418
2024-07-12,52.584999084472656,54.09000015258789,52.4900016784668,53.064998626708984,52.843013763427734
2024-07-15,53.45000076293945,54.38999938964844,52.900001525878906,53.36000061035156,53.13676834106445
2024-07-16,53.650001525878906,53.82500076293945,52.689998626708984,53.38999938964844,53.166648864746094
2024-07-17,51.6349983215332,51.73500061035156,50.224998474121094,50.244998931884766,50.0348014831543
2024-07-18,50.994998931884766,51.040000915527344,49.08000183105469,49.75,49.54187774658203
2024-07-19,49.66999816894531,50.165000915527344,48.57500076293945,48.845001220703125,48.640663146972656
2024-07-22,50.04499816894531,50.4900016784668,49.345001220703125,50.275001525878906,50.06467819213867
2024-07-23,50.084999084472656,50.709999084472656,49.82500076293945,49.93000030517578,49.72112274169922
2024-07-24,48.505001068115234,48.560001373291016,46.150001525878906,46.31999969482422,46.12622833251953
2024-07-25,46.39500045776367,47.22999954223633,44.775001525878906,45.30500030517578,45.1154670715332
2024-07-26,46.13999938964844,46.779998779296875,45.57500076293945,46.220001220703125,46.026649475097656
2024-07-29,46.7400016784668,47.16999816894531,45.92499923706055,46.36000061035156,46.166053771972656
2024-07-30,46.7599983215332,46.89500045776367,44.42499923706055,45.08000183105469,44.891414642333984
2024-07-31,47.130001068115234,48.09000015258789,46.849998474121094,47.755001068115234,47.55522155761719
2024-08-01,47.880001068115234,48.6349983215332,44.68000030517578,45.44499969482422,45.254886627197266
2024-08-02,43.689998626708984,44.189998626708984,42.41999816894531,43.25,43.069068908691406
2024-08-05,38.595001220703125,42.0,38.380001068115234,40.744998931884766,40.574554443359375
2024-08-06,41.029998779296875,42.83000183105469,40.5,41.45000076293945,41.2765998840332
2024-08-07,42.744998931884766,43.20500183105469,40.45000076293945,40.529998779296875,40.360443115234375
2024-08-08,41.689998626708984,43.15999984741211,40.959999084472656,43.02000045776367,42.840030670166016
2024-08-09,42.720001220703125,43.7400016784668,42.5099983215332,43.45500183105469,43.273216247558594
2024-08-12,43.595001220703125,44.18000030517578,43.05500030517578,43.6150016784668,43.43254470825195
2024-08-13,44.45000076293945,45.79999923706055,44.42499923706055,45.76499938964844,45.57354736328125
2024-08-14,45.935001373291016,46.25,44.935001373291016,45.79999923706055,45.60840606689453
2024-08-15,46.974998474121094,48.15999984741211,46.89500045776367,48.09000015258789,47.888824462890625
2024-08-16,47.689998626708984,48.45500183105469,47.494998931884766,48.17499923706055,47.97346496582031
2024-08-19,48.20500183105469,49.45000076293945,47.82500076293945,49.439998626708984,49.23317337036133
2024-08-20,49.244998931884766,49.775001525878906,48.869998931884766,49.220001220703125,49.01409912109375
2024-08-21,49.380001068115234,50.04999923706055,49.02000045776367,49.69499969482422,49.48710250854492
2024-08-22,50.14500045776367,50.28499984741211,47.8849983215332,48.08000183105469,47.87886428833008
2024-08-23,48.95500183105469,49.66999816894531,48.150001525878906,49.1150016784668,48.9095344543457
2024-08-26,48.91999816894531,49.16999816894531,47.720001220703125,48.14500045776367,47.94359588623047
2024-08-27,47.810001373291016,48.6349983215332,47.40999984741211,48.43000030517578,48.22739791870117
2024-08-28,48.314998626708984,48.459999084472656,46.60499954223633,47.310001373291016,47.11208724975586
2024-08-29,47.689998626708984,48.625,46.92499923706055,47.165000915527344,46.96769332885742
2024-08-30,48.005001068115234,48.3650016784668,47.099998474121094,48.275001525878906,48.07304763793945
2024-09-03,47.61000061035156,47.63999938964844,44.84000015258789,45.310001373291016,45.120452880859375
2024-09-04,44.685001373291016,45.80500030517578,44.4900016784668,45.06999969482422,44.8814582824707
2024-09-05,44.724998474121094,45.98500061035156,44.540000915527344,45.15999984741211,44.9710807800293
2024-09-06,44.974998474121094,45.14500045776367,42.599998474121094,42.720001220703125,42.541290283203125
2024-09-09,43.52000045776367,43.970001220703125,42.904998779296875,43.790000915527344,43.6068115234375
2024-09-10,44.130001068115234,44.68000030517578,43.345001220703125,44.584999084472656,44.39847946166992
2024-09-11,44.814998626708984,46.654998779296875,43.150001525878906,46.48500061035156,46.29053497314453
2024-09-12,46.505001068115234,47.584999084472656,46.154998779296875,47.435001373291016,47.23656463623047
2024-09-13,47.25,48.04999923706055,47.20000076293945,47.814998626708984,47.61497497558594
2024-09-16,47.380001068115234,47.505001068115234,46.72999954223633,47.380001068115234,47.181793212890625
2024-09-17,47.9900016784668,48.23500061035156,46.935001373291016,47.43000030517578,47.2315788269043
2024-09-18,47.65999984741211,48.47999954223633,46.88999938964844,46.98500061035156,46.78844451904297
2024-09-19,49.2400016784668,49.95500183105469,48.814998626708984,49.3849983215332,49.17840576171875
2024-09-20,49.185001373291016,49.41999816894531,48.32500076293945,49.15999984741211,48.954341888427734
2024-09-23,49.404998779296875,49.64500045776367,49.130001068115234,49.41999816894531,49.21324920654297
2024-09-24,49.70000076293945,50.08000183105469,48.83000183105469,49.88999938964844,49.6812858581543
2024-09-25,49.72999954223633,50.349998474121094,49.689998626708984,49.98500061035156,49.80134963989258
2024-09-26,51.494998931884766,51.560001373291016,49.939998626708984,50.69499969482422,50.50873947143555
2024-09-27,50.89500045776367,50.900001525878906,49.86000061035156,50.099998474121094,49.91592788696289
2024-09-30,49.8849983215332,50.43000030517578,49.29999923706055,50.349998474121094,50.165000915527344
2024-10-01,50.275001525878906,50.334999084472656,48.154998779296875,48.92499923706055,48.745243072509766
2024-10-02,48.75,49.474998474121094,48.224998474121094,49.09000015258789,48.909637451171875
2024-10-03,48.625,49.60499954223633,48.474998474121094,49.0099983215332,48.82992935180664
2024-10-04,50.17499923706055,50.25,49.13999938964844,50.17499923706055,49.99065399169922
2024-10-07,49.779998779296875,49.959999084472656,48.810001373291016,49.04499816894531,48.86479568481445
2024-10-08,49.56999969482422,50.654998779296875,49.42499923706055,50.5099983215332,50.32441711425781
2024-10-09,50.44499969482422,51.415000915527344,50.23500061035156,51.29499816894531,51.10653305053711
2024-10-10,50.810001373291016,51.55500030517578,50.540000915527344,51.185001373291016,50.99694061279297
2024-10-11,50.7599983215332,51.5099983215332,50.63999938964844,51.290000915527344,51.10155487060547
2024-10-14,51.810001373291016,52.439998626708984,51.69499969482422,52.150001525878906,51.958396911621094
2024-10-15,52.220001220703125,52.35499954223633,50.29999923706055,50.75,50.56353759765625
2024-10-16,50.80500030517578,50.91999816894531,50.08000183105469,50.76499938964844,50.5784797668457
2024-10-17,51.89500045776367,51.904998779296875,50.81999969482422,50.845001220703125,50.65818786621094
2024-10-18,51.380001068115234,51.69499969482422,51.224998474121094,51.46500015258789,51.275909423828125
2024-10-21,51.20500183105469,51.81999969482422,50.790000915527344,51.65999984741211,51.470191955566406
2024-10-22,51.084999084472656,52.064998626708984,50.91999816894531,51.7599983215332,51.569828033447266
2024-10-23,51.25,51.380001068115234,49.470001220703125,50.15999984741211,49.975711822509766
2024-10-24,50.90999984741211,51.099998474121094,50.380001068115234,50.96500015258789,50.777748107910156
2024-10-25,51.529998779296875,52.58000183105469,51.380001068115234,51.54999923706055,51.360599517822266
2024-10-28,52.21500015258789,52.21500015258789,51.5099983215332,51.56999969482422,51.38051986694336
2024-10-29,51.619998931884766,52.79499816894531,51.2400016784668,52.54499816894531,52.35193634033203
2024-10-30,52.369998931884766,52.57500076293945,51.654998779296875,51.75,51.55986785888672
2024-10-31,50.904998779296875,50.904998779296875,49.119998931884766,49.13999938964844,48.95945358276367
2024-11-01,49.41999816894531,50.505001068115234,49.375,49.82500076293945,49.64194107055664
2024-11-04,49.70000076293945,50.220001220703125,49.17499923706055,49.51499938964844,49.33307647705078
2024-11-05,49.85499954223633,50.91999816894531,49.83000183105469,50.779998779296875,50.59342575073242
2024-11-06,52.5099983215332,53.70000076293945,52.29999923706055,53.540000915527344,53.34328842163086
2024-11-07,54.125,55.380001068115234,54.1150016784668,55.224998474121094,55.022090911865234
2024-11-08,55.05500030517578,55.46500015258789,54.95000076293945,55.29999923706055,55.09681701660156
2024-11-11,55.54499816894531,55.599998474121094,54.61000061035156,55.22999954223633,55.02707290649414
2024-11-12,55.209999084472656,55.404998779296875,54.375,55.03499984741211,54.83279800415039
2024-11-13,54.915000915527344,55.459999084472656,54.400001525878906,54.880001068115234,54.678367614746094
2024-11-14,54.79499816894531,54.97999954223633,53.91999816894531,54.09000015258789,53.89126968383789
2024-11-15,52.86000061035156,52.93000030517578,51.05500030517578,51.474998474121094,51.28586959838867
2024-11-18,51.814998626708984,52.650001525878906,51.529998779296875,52.209999084472656,52.018165588378906
2024-11-19,51.63999938964844,53.02000045776367,51.59000015258789,52.904998779296875,52.71061706542969
2024-11-20,52.84000015258789,52.904998779296875,51.45000076293945,52.84000015258789,52.64585876464844
2024-11-21,53.47999954223633,53.6150016784668,51.67499923706055,53.224998474121094,53.029441833496094
2024-11-22,53.06999969482422,53.505001068115234,52.7400016784668,53.36000061035156,53.163944244384766
2024-11-25,54.224998474121094,54.54999923706055,53.03499984741211,53.525001525878906,53.32834243774414
2024-11-26,53.83000183105469,54.255001068115234,53.654998779296875,54.084999084472656,53.88628005981445
2024-11-27,53.834999084472656,53.834999084472656,52.5,53.224998474121094,53.029441833496094
2024-11-29,53.30500030517578,54.244998931884766,53.19499969482422,54.10499954223633,53.906211853027344
2024-12-02,54.3849983215332,55.505001068115234,54.314998626708984,55.28499984741211,55.081871032714844
2024-12-03,54.98500061035156,55.67499923706055,54.88999938964844,55.6349983215332,55.43058395385742
2024-12-04,56.36000061035156,57.03499984741211,56.21500015258789,56.9900016784668,56.78061294555664
2024-12-05,56.98500061035156,57.150001525878906,56.584999084472656,56.67499923706055,56.466773986816406
2024-12-06,56.78499984741211,57.70500183105469,56.77000045776367,57.665000915527344,57.45313262939453
2024-12-09,57.41999816894531,57.60499954223633,56.4900016784668,56.7400016784668,56.53152847290039
2024-12-10,56.98500061035156,57.3849983215332,56.040000915527344,56.32500076293945,56.11805725097656
2024-12-11,57.279998779296875,58.505001068115234,57.209999084472656,58.35499954223633,58.140586853027344
2024-12-12,57.85499954223633,58.130001068115234,57.494998931884766,57.59000015258789,57.3784065246582
2024-12-13,58.43000030517578,59.01499938964844,57.75,58.439998626708984,58.22528076171875
2024-12-16,59.005001068115234,60.34000015258789,58.98500061035156,60.125,59.904090881347656
2024-12-17,59.709999084472656,59.95500183105469,59.220001220703125,59.59000015258789,59.371055603027344
2024-12-18,59.41999816894531,59.80500030517578,54.95000076293945,55.290000915527344,55.086856842041016
2024-12-19,56.27000045776367,56.38999938964844,54.69499969482422,54.755001068115234,54.55382537841797
2024-12-20,53.939998626708984,57.005001068115234,53.69499969482422,55.724998474121094,55.5202522277832
2024-12-23,56.01499938964844,56.810001373291016,55.290000915527344,56.7400016784668,56.56248474121094
2024-12-24,57.14500045776367,58.27000045776367,57.0099983215332,58.27000045776367,58.08770751953125
2024-12-26,57.8849983215332,58.529998779296875,57.439998626708984,58.165000915527344,57.9830322265625
2024-12-27,57.35499954223633,57.435001373291016,55.564998626708984,56.58000183105469,56.40298843383789
2024-12-30,55.04499816894531,55.8849983215332,54.2599983215332,55.064998626708984,54.89272689819336
2024-12-31,55.334999084472656,55.494998931884766,53.91999816894531,54.119998931884766,53.950679779052734
2025-01-02,54.77000045776367,55.25,52.95000076293945,53.880001068115234,53.71143341064453
2025-01-03,54.53499984741211,55.85499954223633,54.36000061035156,55.63999938964844,55.4659309387207
2025-01-06,56.790000915527344,57.625,56.369998931884766,56.904998779296875,56.726966857910156
2025-01-07,57.150001525878906,57.20000076293945,54.45500183105469,54.85499954223633,54.683387756347656
2025-01-08,54.845001220703125,55.220001220703125,53.875,54.8650016784668,54.693355560302734
2025-01-10,54.04999923706055,54.04999923706055,52.42499923706055,53.1150016784668,52.948829650878906
2025-01-13,51.83000183105469,52.86000061035156,51.54499816894531,52.78499984741211,52.6198616027832
2025-01-14,53.435001373291016,53.709999084472656,51.93000030517578,52.65999984741211,52.49525451660156
2025-01-15,54.310001373291016,55.310001373291016,53.9900016784668,55.040000915527344,54.86780548095703
2025-01-16,55.55500030517578,55.564998626708984,54.279998779296875,54.30500030517578,54.13510513305664
2025-01-17,56.369998931884766,56.45500183105469,55.5,56.095001220703125,55.91950988769531
2025-01-21,56.685001373291016,57.0,55.72999954223633,56.70000076293945,56.522613525390625
2025-01-22,57.755001068115234,58.685001373291016,57.709999084472656,58.18000030517578,57.997982025146484
2025-01-23,57.630001068115234,58.439998626708984,57.505001068115234,58.435001373291016,58.2521858215332
2025-01-24,58.47999954223633,58.650001525878906,57.415000915527344,57.744998931884766,57.56434631347656
2025-01-27,53.665000915527344,55.18000030517578,53.474998474121094,54.33000183105469,54.160030364990234
2025-01-28,54.56999969482422,56.20500183105469,53.84000015258789,55.96500015258789,55.789913177490234
2025-01-29,56.095001220703125,56.099998474121094,54.900001525878906,55.7400016784668,55.565616607666016
2025-01-30,56.36000061035156,56.849998474121094,55.17499923706055,56.20500183105469,56.02916717529297
2025-01-31,57.029998779296875,57.98500061035156,55.78499984741211,56.005001068115234,55.82978820800781
2025-02-03,54.125,55.69499969482422,53.59000015258789,55.1150016784668,54.942569732666016
2025-02-04,55.19499969482422,56.58000183105469,55.130001068115234,56.459999084472656,56.283355712890625
2025-02-05,55.875,56.994998931884766,55.6150016784668,56.95500183105469,56.77682113647461
2025-02-06,57.05500030517578,57.584999084472656,56.71500015258789,57.529998779296875,57.350013732910156
2025-02-07,57.64500045776367,58.05500030517578,55.904998779296875,56.07500076293945,55.89957046508789
2025-02-10,56.98500061035156,57.63999938964844,56.880001068115234,57.39500045776367,57.21544647216797
2025-02-11,56.685001373291016,57.540000915527344,56.665000915527344,57.125,56.94628143310547
2025-02-12,55.8849983215332,57.380001068115234,55.82500076293945,57.189998626708984,57.01108169555664
2025-02-13,57.55500030517578,58.8849983215332,57.375,58.81999969482422,58.63597869873047
2025-02-14,58.79499816894531,59.43000030517578,58.7400016784668,59.27000045776367,59.08457946777344
2025-02-18,59.630001068115234,59.68000030517578,58.80500030517578,59.529998779296875,59.3437614440918
2025-02-19,59.35499954223633,59.834999084472656,58.900001525878906,59.560001373291016,59.37366485595703
2025-02-20,59.375,59.45500183105469,57.994998931884766,59.029998779296875,58.8453254699707
2025-02-21,59.27000045776367,59.27000045776367,56.4900016784668,56.56999969482422,56.39301681518555
2025-02-24,56.94499969482422,57.17499923706055,55.14500045776367,55.20500183105469,55.03229522705078
2025-02-25,55.07500076293945,55.09000015258789,53.0,53.80500030517578,53.63666534423828
2025-02-26,54.28499984741211,55.1349983215332,53.400001525878906,54.04999923706055,53.88090896606445
2025-02-27,54.82500076293945,55.005001068115234,51.02000045776367,51.06999969482422,50.91022491455078
2025-02-28,51.005001068115234,52.7599983215332,50.36000061035156,52.64500045776367,52.48029708862305
2025-03-03,53.33000183105469,53.650001525878906,49.6150016784668,50.39500045776367,50.23733901977539
2025-03-04,49.755001068115234,51.67499923706055,48.439998626708984,50.025001525878906,49.868492126464844
2025-03-05,50.13999938964844,51.63999938964844,49.150001525878906,51.334999084472656,51.17439651489258
2025-03-06,49.595001220703125,50.599998474121094,48.07500076293945,48.5099983215332,48.35823059082031
2025-03-07,48.244998931884766,49.46500015258789,46.95000076293945,49.18000030517578,49.02613830566406
2025-03-10,47.5,47.595001220703125,44.54499816894531,45.45500183105469,45.31279373168945
2025-03-11,45.2400016784668,46.5,44.25,45.125,44.98382568359375
2025-03-12,46.564998626708984,46.92499923706055,45.154998779296875,46.165000915527344,46.020572662353516
2025-03-13,45.9900016784668,46.0,44.09000015258789,44.474998474121094,44.33585739135742
2025-03-14,45.46500015258789,46.755001068115234,45.35499954223633,46.595001220703125,46.44922637939453
2025-03-17,46.56999969482422,47.81999969482422,46.22999954223633,47.19499969482422,47.0473518371582
2025-03-18,46.53499984741211,46.53499984741211,45.150001525878906,45.599998474121094,45.457332611083984
2025-03-19,45.994998931884766,47.625,45.625,46.7599983215332,46.613704681396484
2025-03-20,45.97999954223633,47.47999954223633,45.85499954223633,46.45000076293945,46.304683685302734
2025-03-21,45.44499969482422,46.875,45.22999954223633,46.779998779296875,46.63364791870117
2025-03-24,48.21500015258789,48.935001373291016,48.084999084472656,48.75,48.59748077392578
2025-03-25,48.915000915527344,49.349998474121094,48.73500061035156,49.33000183105469,49.17567443847656
2025-03-26,49.09000015258789,49.244998931884766,47.185001373291016,47.505001068115234,47.368865966796875
2025-03-27,47.09000015258789,47.915000915527344,46.685001373291016,46.939998626708984,46.805477142333984
2025-03-28,46.57500076293945,46.70000076293945,44.279998779296875,44.470001220703125,44.34256362915039
2025-03-31,43.1150016784668,44.61000061035156,42.224998474121094,44.439998626708984,44.312644958496094
2025-04-01,44.119998931884766,45.310001373291016,43.58000183105469,45.1349983215332,45.005653381347656
2025-04-02,43.880001068115234,46.45000076293945,43.84000015258789,45.79499816894531,45.663761138916016
2025-04-03,41.9900016784668,42.685001373291016,40.79499816894531,40.900001525878906,40.78279495239258
2025-04-04,38.59000015258789,38.97999954223633,35.875,35.904998779296875,35.80210494995117
2025-04-07,33.35499954223633,39.25,32.36000061035156,36.0099983215332,35.90679931640625
2025-04-08,38.44499969482422,39.25,33.595001220703125,34.66999816894531,34.57064437866211
2025-04-09,34.564998626708984,43.25,34.54999923706055,42.814998626708984,42.692298889160156
2025-04-10,40.68000030517578,41.029998779296875,36.814998626708984,39.314998626708984,39.202335357666016
2025-04-11,39.060001373291016,40.96500015258789,38.439998626708984,40.70500183105469,40.588348388671875
2025-04-14,42.529998779296875,42.625,40.40999984741211,41.27000045776367,41.151729583740234
2025-04-15,41.459999084472656,42.150001525878906,41.029998779296875,41.3650016784668,41.246456146240234
2025-04-16,39.720001220703125,40.380001068115234,37.70000076293945,38.880001068115234,38.76858139038086
2025-04-17,39.345001220703125,39.45500183105469,38.349998474121094,38.81999969482422,38.70875549316406
2025-04-21,37.78499984741211,37.939998626708984,35.98500061035156,36.91999816894531,36.81419372558594
2025-04-22,37.86000061035156,39.345001220703125,37.654998779296875,38.80500030517578,38.69379425048828
2025-04-23,41.23500061035156,42.10499954223633,40.279998779296875,40.529998779296875,40.413848876953125
2025-04-24,40.904998779296875,42.900001525878906,40.79999923706055,42.834999084472656,42.71224594116211
2025-04-25,42.7599983215332,43.8849983215332,42.470001220703125,43.779998779296875,43.654537200927734
2025-04-28,43.86000061035156,44.19499969482422,42.56999969482422,43.7599983215332,43.63459396362305
2025-04-29,43.310001373291016,44.474998474121094,43.2400016784668,44.29999923706055,44.17304611206055
2025-04-30,42.7599983215332,44.619998931884766,41.869998931884766,44.290000915527344,44.16307067871094
2025-05-01,45.76499938964844,46.51499938964844,45.279998779296875,45.375,45.24496078491211
2025-05-02,46.345001220703125,47.16999816894531,46.03499984741211,46.77000045776367,46.63596725463867
2025-05-05,45.96500015258789,46.80500030517578,45.86000061035156,46.220001220703125,46.08755111694336
2025-05-06,44.994998931884766,46.040000915527344,44.73500061035156,45.369998931884766,45.2399787902832
2025-05-07,45.46500015258789,46.154998779296875,44.46500015258789,45.709999084472656,45.57900619506836
2025-05-08,46.66999816894531,47.459999084472656,45.8650016784668,46.619998931884766,46.48640060424805
2025-05-09,46.97999954223633,47.224998474121094,46.220001220703125,46.540000915527344,46.4066276550293
2025-05-12,50.165000915527344,50.345001220703125,49.1150016784668,50.33000183105469,50.18576431274414
2025-05-13,50.59000015258789,52.209999084472656,50.45000076293945,51.845001220703125,51.69642639160156
2025-05-14,52.07500076293945,52.57500076293945,51.880001068115234,52.46500015258789,52.31464767456055
2025-05-15,52.01499938964844,53.10499954223633,51.77000045776367,52.58000183105469,52.4293212890625
2025-05-16,52.849998474121094,53.05500030517578,52.130001068115234,53.029998779296875,52.87802505493164
2025-05-19,51.540000915527344,53.209999084472656,51.525001525878906,53.10499954223633,52.952816009521484
2025-05-20,52.58000183105469,52.869998931884766,52.005001068115234,52.724998474121094,52.57389831542969
2025-05-21,51.915000915527344,53.290000915527344,50.89500045776367,51.2599983215332,51.11309814453125
2025-05-22,51.3650016784668,52.18000030517578,51.1150016784668,51.45000076293945,51.302555084228516
2025-05-23,49.85499954223633,50.97999954223633,49.7400016784668,50.470001220703125,50.32536315917969
2025-05-27,51.81999969482422,52.90999984741211,51.525001525878906,52.814998626708984,52.66364288330078
2025-05-28,53.02000045776367,53.314998626708984,52.255001068115234,52.3650016784668,52.214935302734375
2025-05-29,53.84000015258789,53.869998931884766,52.03499984741211,52.55500030517578,52.404396057128906
2025-05-30,52.43000030517578,52.665000915527344,50.90999984741211,52.3650016784668,52.214935302734375
2025-06-02,51.974998474121094,53.224998474121094,51.72999954223633,53.16999816894531,53.01762390136719
2025-06-03,53.2400016784668,54.29499816894531,53.06999969482422,54.01499938964844,53.860206604003906
2025-06-04,54.1349983215332,54.51499938964844,53.744998931884766,54.29499816894531,54.139404296875
2025-06-05,54.58000183105469,55.15999984741211,53.029998779296875,53.44499969482422,53.291839599609375
2025-06-06,54.51499938964844,54.8650016784668,54.150001525878906,54.474998474121094,54.31888961791992
2025-06-09,54.52000045776367,54.974998474121094,54.29999923706055,54.625,54.46845626831055
2025-06-10,54.71500015258789,55.4900016784668,54.2599983215332,55.35499954223633,55.19636154174805
2025-06-11,55.630001068115234,55.875,54.4900016784668,54.970001220703125,54.812469482421875
2025-06-12,54.68000030517578,55.415000915527344,54.6349983215332,55.220001220703125,55.0617561340332
2025-06-13,53.959999084472656,54.82500076293945,53.54999923706055,53.80500030517578,53.65080642700195
2025-06-16,54.5099983215332,55.51499938964844,54.505001068115234,55.28499984741211,55.126564025878906
2025-06-17,54.744998931884766,55.084999084472656,53.974998474121094,54.185001373291016,54.029720306396484
2025-06-18,54.38999938964844,54.88999938964844,53.845001220703125,54.15999984741211,54.004791259765625
2025-06-20,54.810001373291016,55.08000183105469,53.30500030517578,53.67499923706055,53.52117919921875
2025-06-23,53.79999923706055,54.88999938964844,53.15999984741211,54.79499816894531,54.637969970703125
2025-06-24,55.8650016784668,56.650001525878906,55.744998931884766,56.45500183105469,56.293216705322266
2025-06-25,56.8650016784668,57.119998931884766,56.310001373291016,56.665000915527344,56.56473159790039
2025-06-26,57.1349983215332,57.82500076293945,56.75,57.73500061035156,57.63283920288086
2025-06-27,57.935001373291016,58.505001068115234,57.349998474121094,58.1150016784668,58.01216506958008
2025-06-30,58.755001068115234,59.09000015258789,58.29499816894531,58.85499954223633,58.750858306884766
2025-07-01,58.42499923706055,58.6349983215332,57.349998474121094,57.83000183105469,57.72767639160156
2025-07-02,57.654998779296875,58.685001373291016,57.650001525878906,58.64500045776367,58.541229248046875
2025-07-03,59.125,59.96500015258789,59.10499954223633,59.744998931884766,59.639278411865234
2025-07-07,59.154998779296875,59.34000015258789,58.32500076293945,58.849998474121094,58.7458610534668
2025-07-08,59.119998931884766,59.25,58.650001525878906,58.89500045776367,58.79078674316406
2025-07-09,59.334999084472656,60.01499938964844,59.060001373291016,59.724998474121094,59.619319915771484
2025-07-10,59.84000015258789,59.93000030517578,58.959999084472656,59.53499984741211,59.42965316772461
2025-07-11,59.04499816894531,59.58000183105469,58.779998779296875,59.25,59.14515686035156
2025-07-14,59.189998626708984,59.81999969482422,58.685001373291016,59.654998779296875,59.5494384765625
2025-07-15,60.529998779296875,60.6150016784668,59.744998931884766,59.75,59.6442756652832
2025-07-16,59.8650016784668,60.0099983215332,58.64500045776367,59.880001068115234,59.77404022216797
2025-07-17,60.025001525878906,60.94499969482422,59.849998474121094,60.84000015258789,60.73234558105469
2025-07-18,61.099998474121094,61.13999938964844,60.415000915527344,60.685001373291016,60.57761764526367
2025-07-21,60.869998931884766,61.720001220703125,60.85499954223633,61.310001373291016,61.20151138305664
2025-07-22,61.32500076293945,61.34000015258789,60.084999084472656,60.665000915527344,60.557655334472656
2025-07-23,60.88999938964844,61.209999084472656,60.29499816894531,61.209999084472656,61.101688385009766
2025-07-24,61.494998931884766,61.72999954223633,61.09000015258789,61.47999954223633,61.371212005615234
2025-07-25,61.42499923706055,62.01499938964844,61.28499984741211,61.724998474121094,61.615779876708984
2025-07-28,62.0099983215332,62.29999923706055,61.845001220703125,62.1150016784668,62.005088806152344
2025-07-29,62.66999816894531,62.96500015258789,61.744998931884766,61.93000030517578,61.82041549682617
2025-07-30,62.09000015258789,62.6150016784668,61.43000030517578,62.07500076293945,61.96516036987305
2025-07-31,63.46500015258789,63.4900016784668,61.14500045776367,61.3849983215332,61.2763786315918
2025-08-01,60.025001525878906,60.060001373291016,58.400001525878906,58.935001373291016,58.83071517944336
2025-08-04,60.03499984741211,61.14500045776367,60.01499938964844,61.099998474121094,60.99188232421875
2025-08-05,61.375,61.630001068115234,60.150001525878906,60.255001068115234,60.148380279541016
2025-08-06,60.435001373291016,61.869998931884766,60.345001220703125,61.77000045776367,61.660701751708984
2025-08-07,62.709999084472656,63.06999969482422,61.290000915527344,62.185001373291016,62.07496643066406
2025-08-08,62.40999984741211,63.36000061035156,62.349998474121094,63.310001373291016,63.19797134399414
2025-08-11,63.33000183105469,63.79999923706055,62.63999938964844,62.900001525878906,62.78870391845703
2025-08-12,63.41999816894531,64.56999969482422,62.849998474121094,64.5,64.3858642578125
2025-08-13,65.09500122070312,65.20999908447266,64.24500274658203,64.55000305175781,64.43578338623047
2025-08-14,64.08499908447266,64.88500213623047,64.01000213623047,64.43499755859375,64.32098388671875
2025-08-15,64.40499877929688,64.40499877929688,63.46500015258789,63.83000183105469,63.7170524597168
2025-08-18,63.630001068115234,63.92499923706055,63.380001068115234,63.790000915527344,63.6771240234375
2025-08-19,63.6150016784668,63.630001068115234,61.814998626708984,62.040000915527344,61.93022155761719
2025-08-20,61.81999969482422,61.83000183105469,59.7599983215332,61.28499984741211,61.17655944824219
2025-08-21,60.935001373291016,61.404998779296875,60.220001220703125,60.724998474121094,60.61754608154297
2025-08-22,60.994998931884766,63.005001068115234,60.689998626708984,62.56999969482422,62.459285736083984
2025-08-25,62.209999084472656,62.845001220703125,61.94499969482422,62.19499969482422,62.08494186401367
2025-08-26,62.07500076293945,62.75,61.86000061035156,62.69499969482422,62.58406448364258
2025-08-27,62.45500183105469,63.064998626708984,62.18000030517578,62.869998931884766,62.758750915527344
2025-08-28,62.9900016784668,63.834999084472656,62.630001068115234,63.6349983215332,63.522396087646484
2025-08-29,63.07500076293945,63.13999938964844,61.720001220703125,62.11000061035156,62.00009536743164
2025-09-02,60.14500045776367,61.13999938964844,59.73500061035156,61.08000183105469,60.971923828125
2025-09-03,61.845001220703125,62.380001068115234,61.310001373291016,62.0099983215332,61.900272369384766
2025-09-04,62.15999984741211,63.209999084472656,61.79499816894531,63.13999938964844,63.02827835083008
2025-09-05,64.26000213623047,64.4000015258789,62.29499816894531,63.279998779296875,63.168025970458984
2025-09-08,63.790000915527344,64.33000183105469,63.66999816894531,63.900001525878906,63.78693389892578
2025-09-09,64.05999755859375,64.3499984741211,63.4900016784668,64.24500274658203,64.13130950927734
2025-09-10,64.95500183105469,64.95999908447266,63.814998626708984,64.28500366210938,64.17125701904297
2025-09-11,64.83499908447266,65.20999908447266,64.48500061035156,65.01499938964844,64.89995574951172
2025-09-12,65.20999908447266,65.83499908447266,65.0,65.57499694824219,65.4589614868164
2025-09-15,65.95500183105469,66.69499969482422,65.93000030517578,66.69000244140625,66.57199096679688
2025-09-16,66.875,66.93499755859375,66.4000015258789,66.54000091552734,66.42225646972656
2025-09-17,66.53500366210938,66.66500091552734,65.01000213623047,66.25499725341797,66.13776397705078
2025-09-18,67.37000274658203,68.08999633789062,66.93499755859375,67.4800033569336,67.360595703125
2025-09-19,67.88500213623047,68.50499725341797,67.55999755859375,68.36000061035156,68.2390365600586
2025-09-22,68.12999725341797,69.29499816894531,68.12000274658203,69.15499877929688,69.03263092041016
2025-09-23,69.16500091552734,69.20999908447266,67.94499969482422,68.22000122070312,68.09928894042969
2025-09-24,68.5,68.56500244140625,67.08499908447266,67.7249984741211,67.62548828125
2025-09-25,66.81500244140625,67.4749984741211,65.9749984741211,67.11499786376953,67.0163803100586
2025-09-26,67.2699966430664,67.70999908447266,66.52999877929688,67.65499877929688,67.55558776855469
2025-09-29,68.34500122070312,69.0,67.97000122070312,68.26000213623047,68.15969848632812
2025-09-30,68.16999816894531,68.69000244140625,67.63999938964844,68.5999984741211,68.49919891357422
2025-10-01,67.87000274658203,69.38500213623047,67.69499969482422,69.26000213623047,69.1582260131836
2025-10-02,70.125,70.12999725341797,69.17500305175781,69.81999969482422,69.7174072265625
2025-10-03,69.97000122070312,70.15499877929688,68.79000091552734,69.19000244140625,69.08833312988281
2025-10-06,70.4000015258789,70.61499786376953,69.83499908447266,70.23500061035156,70.13180541992188
2025-10-07,70.52999877929688,70.67500305175781,69.13999938964844,69.4800033569336,69.3779067993164
2025-10-08,69.67500305175781,71.13999938964844,69.66000366210938,71.05999755859375,70.95558166503906
2025-10-09,71.07499694824219,71.08499908447266,70.13500213623047,70.875,70.77085876464844
2025-10-10,71.00499725341797,71.41000366210938,65.81999969482422,65.90499877929688,65.80815124511719
2025-10-13,68.18499755859375,68.91999816894531,67.65499877929688,68.71499633789062,68.61402893066406
2025-10-14,67.16999816894531,68.8499984741211,65.9749984741211,67.80000305175781,67.70037841796875
2025-10-15,69.13999938964844,69.74500274658203,67.30500030517578,68.72000122070312,68.61903381347656
2025-10-16,69.375,70.0999984741211,67.19499969482422,68.20999908447266,68.10977172851562
2025-10-17,67.71499633789062,69.43499755859375,67.36499786376953,69.08000183105469,68.97850036621094
2025-10-20,69.82499694824219,71.08999633789062,69.79000091552734,70.80500030517578,70.70095825195312
2025-10-21,70.81999969482422,71.06999969482422,70.29000091552734,70.76499938964844,70.66102600097656
2025-10-22,70.61499786376953,70.75,68.05999755859375,69.36000061035156,69.2580795288086
2025-10-23,69.23500061035156,70.72000122070312,69.15499877929688,70.55000305175781,70.44633483886719
2025-10-24,71.76000213623047,72.31999969482422,71.56500244140625,71.98999786376953,71.88421630859375
2025-10-27,73.76499938964844,74.68000030517578,73.62999725341797,74.56999969482422,74.4604263305664
2025-10-28,75.11000061035156,76.11499786376953,74.83499908447266,75.69499969482422,75.58377075195312
2025-10-29,76.33499908447266,76.66500091552734,75.05000305175781,76.38500213623047,76.27275085449219
2025-10-30,75.5,75.80999755859375,73.99500274658203,74.0250015258789,73.91622924804688
2025-10-31,75.91500091552734,75.93000030517578,74.1500015258789,74.73999786376953,74.63017272949219
2025-11-03,76.13999938964844,76.30500030517578,74.87999725341797,75.41000366210938,75.29920196533203
2025-11-04,73.29499816894531,74.16500091552734,72.15499877929688,72.31999969482422,72.21372985839844
2025-11-05,72.16000366210938,74.05000305175781,71.84500122070312,73.2699966430664,73.1623306274414
2025-11-06,72.91000366210938,72.95999908447266,70.22000122070312,70.52999877929688,70.42636108398438
2025-11-07,69.73500061035156,70.0999984741211,67.5,70.05500030517578,69.95205688476562
2025-11-10,72.13500213623047,73.37999725341797,71.68000030517578,73.125,73.01754760742188
2025-11-11,72.51499938964844,73.01000213623047,71.78500366210938,72.73500061035156,72.62812805175781
2025-11-12,73.50499725341797,73.50499725341797,71.8499984741211,72.61000061035156,72.50331115722656
2025-11-13,71.7699966430664,71.88999938964844,69.1050033569336,69.625,69.52268981933594
2025-11-14,67.58000183105469,70.73500061035156,67.04000091552734,69.69499969482422,69.59258270263672
2025-11-17,69.1050033569336,70.5250015258789,67.6449966430664,68.5,68.39934539794922
2025-11-18,67.56500244140625,68.19499969482422,65.72000122070312,66.83499908447266,66.7367935180664
2025-11-19,66.99500274658203,69.0199966430664,66.43499755859375,67.59500122070312,67.49567413330078
2025-11-20,70.2699966430664,70.79000091552734,64.20999908447266,64.41000366210938,64.31535339355469
2025-11-21,64.76000213623047,66.86000061035156,63.29999923706055,65.36000061035156,65.26396179199219
2025-11-24,66.47000122070312,69.0199966430664,66.45999908447266,68.7300033569336,68.6290054321289
2025-11-25,68.29000091552734,69.81999969482422,66.88999938964844,69.51000213623047,69.4078598022461
2025-11-26,70.3499984741211,71.16000366210938,69.8499984741211,70.73999786376953,70.63605499267578
2025-11-28,71.11000061035156,71.83000183105469,70.97000122070312,71.80999755859375,71.70448303222656
2025-12-01,70.55000305175781,71.87999725341797,70.2699966430664,71.3499984741211,71.24514770507812
2025-12-02,71.86000061035156,72.8499984741211,71.44000244140625,72.47000122070312,72.36351776123047
2025-12-03,71.88999938964844,72.95999908447266,71.5199966430664,72.79000091552734,72.68303680419922
2025-12-04,73.11000061035156,73.13999938964844,71.87999725341797,72.62000274658203,72.51329040527344
2025-12-05,72.94999694824219,74.01000213623047,72.79000091552734,73.22000122070312,73.11241149902344
2025-12-08,73.58999633789062,73.9800033569336,72.30999755859375,72.88999938964844,72.78289031982422
2025-12-09,72.5999984741211,73.2699966430664,72.29000091552734,73.0999984741211,72.99258422851562
2025-12-10,72.79000091552734,74.04000091552734,72.12000274658203,73.66000366210938,73.55176544189453
2025-12-11,72.77999877929688,73.22000122070312,71.33999633789062,73.18000030517578,73.07246398925781
2025-12-12,72.3499984741211,72.66999816894531,69.83000183105469,70.33999633789062,70.23664093017578
2025-12-15,71.44999694824219,71.44999694824219,69.36000061035156,69.62999725341797,69.5276870727539
2025-12-16,69.0999984741211,70.30000305175781,68.80000305175781,69.9000015258789,69.79729461669922
2025-12-17,70.18000030517578,70.30000305175781,67.26000213623047,67.27999877929688,67.18114471435547
2025-12-18,69.37999725341797,70.08000183105469,68.75,69.23999786376953,69.13825988769531
2025-12-19,69.86000061035156,71.12999725341797,69.83999633789062,71.05000305175781,70.94560241699219
2025-12-22,72.19000244140625,72.23999786376953,71.33999633789062,71.66999816894531,71.56468963623047
2025-12-23,71.43000030517578,72.4000015258789,71.33999633789062,72.36000061035156,72.25367736816406
2025-12-24,72.26000213623047,72.80000305175781,72.20999908447266,72.7300033569336,72.64622497558594
2025-12-26,72.8499984741211,73.05000305175781,72.5,72.68000030517578,72.59627532958984
2025-12-29,71.77999877929688,72.4000015258789,71.47000122070312,71.95999908447266,71.87711334228516
2025-12-30,71.70999908447266,72.25,71.56999969482422,71.61000061035156,71.52751922607422
2025-12-31,71.6500015258789,71.70999908447266,70.3499984741211,70.41000366210938,70.32890319824219
2026-01-02,71.70999908447266,72.31999969482422,69.44000244140625,70.0999984741211,70.01925659179688
2026-01-05,71.51000213623047,71.86000061035156,70.94000244140625,71.19999694824219,71.11798095703125
2026-01-06,71.48999786376953,72.58999633789062,71.33999633789062,72.45999908447266,72.37652587890625
2026-01-07,72.3499984741211,73.48999786376953,72.25,72.58999633789062,72.50638580322266
2026-01-08,72.37000274658203,72.43000030517578,71.13999938964844,71.75,71.66735076904297
2026-01-09,71.93000030517578,73.43000030517578,71.4000015258789,73.13999938964844,73.05574798583984
2026-01-12,72.12999725341797,73.63999938964844,72.12000274658203,73.2699966430664,73.18559265136719
2026-01-13,73.26000213623047,73.77999877929688,72.44999694824219,73.01000213623047,72.9259033203125
2026-01-14,72.08000183105469,72.36000061035156,70.30000305175781,71.48999786376953,71.40765380859375
2026-01-15,73.12000274658203,73.22000122070312,71.7300033569336,71.94000244140625,71.85713958740234
2026-01-16,72.80000305175781,72.91999816894531,71.26000213623047,71.75,71.66735076904297
2026-01-20,69.30999755859375,70.3499984741211,68.51000213623047,68.7300033569336,68.65083312988281
2026-01-21,69.04000091552734,71.5199966430664,68.69000244140625,70.54000091552734,70.45874786376953
2026-01-22,71.97000122070312,71.9800033569336,70.93000030517578,71.61000061035156,71.52751922607422
2026-01-23,71.31999969482422,72.6500015258789,71.08999633789062,72.05000305175781,71.96701049804688
2026-01-26,72.12999725341797,73.13999938964844,71.9000015258789,72.66000366210938,72.57630920410156
2026-01-27,73.44000244140625,74.16999816894531,73.06999969482422,73.95999908447266,73.87480926513672
2026-01-28,74.97000122070312,75.22000122070312,74.0999984741211,74.36000061035156,74.27435302734375
2026-01-29,74.29000091552734,74.5199966430664,70.91000366210938,73.5199966430664,73.43531036376953
2026-01-30,72.58999633789062,73.19999694824219,71.13999938964844,71.70999908447266,71.62740325927734
2026-02-02,70.98999786376953,73.2300033569336,70.9800033569336,72.7300033569336,72.64622497558594
2026-02-03,73.19000244140625,73.29000091552734,69.16999816894531,70.45999908447266,70.37883758544922
2026-02-04,70.11000061035156,70.12999725341797,66.79000091552734,67.9800033569336,67.90170288085938
2026-02-05,66.72000122070312,67.7699966430664,65.51000213623047,66.04000091552734,65.96392822265625
2026-02-06,66.69000244140625,69.16999816894531,66.38999938964844,68.79000091552734,68.71076202392578
2026-02-09,68.30000305175781,70.30999755859375,67.73999786376953,69.83000183105469,69.74956512451172
2026-02-10,70.04000091552734,70.43000030517578,69.06999969482422,69.18000030517578,69.10031127929688
2026-02-11,70.27999877929688,70.5199966430664,68.31999969482422,69.5199966430664,69.4399185180664
2026-02-12,69.87999725341797,70.12000274658203,66.45999908447266,66.69000244140625,66.6131820678711
2026-02-13,66.62000274658203,67.94999694824219,65.73999786376953,66.91999816894531,66.84291076660156
2026-02-17,66.1500015258789,67.37999725341797,65.0199966430664,66.7699966430664,66.69308471679688
2026-02-18,66.95999908447266,68.66000366210938,66.68000030517578,67.75,67.67195892333984
2026-02-19,67.0999984741211,67.7699966430664,66.63999938964844,67.23999786376953,67.16253662109375
2026-02-20,66.47000122070312,68.75,66.2699966430664,68.4000015258789,68.32121276855469
2026-02-23,67.91000366210938,68.19999694824219,66.20999908447266,66.75,66.67311096191406
2026-02-24,66.94999694824219,68.4000015258789,66.36000061035156,68.12999725341797,68.051513671875
2026-02-25,68.86000061035156,70.1500015258789,68.86000061035156,70.08000183105469,69.99928283691406
2026-02-26,69.86000061035156,69.88999938964844,67.2300033569336,68.44000244140625,68.36116790771484
2026-02-27,66.9800033569336,68.19000244140625,66.81999969482422,67.98999786376953,67.91168212890625
2026-03-02,66.05999755859375,68.54000091552734,65.87000274658203,68.12999725341797,68.051513671875
2026-03-03,65.4800033569336,67.18000030517578,64.48999786376953,66.68000030517578,66.60319519042969
2026-03-04,67.2300033569336,69.16000366210938,67.06999969482422,68.6500015258789,68.5709228515625
2026-03-05,67.93000030517578,69.12999725341797,66.7699966430664,68.26000213623047,68.1813735961914
2026-03-06,66.30999755859375,67.58000183105469,65.87999725341797,66.19000244140625,66.11375427246094
2026-03-09,64.94000244140625,68.2699966430664,64.30000305175781,67.94000244140625,67.86174011230469
2026-03-10,67.95999908447266,69.1500015258789,67.41999816894531,67.91000366210938,67.83177947998047
2026-03-11,68.19000244140625,68.94000244140625,67.31999969482422,67.9000015258789,67.82178497314453
2026-03-12,66.77999877929688,67.08999633789062,65.51000213623047,65.58000183105469,65.50446319580078
2026-03-13,66.06999969482422,66.93000030517578,64.51000213623047,64.76000213623047,64.68540954589844
2026-03-16,66.12000274658203,66.95999908447266,65.91999816894531,66.19000244140625,66.11375427246094
2026-03-17,66.79000091552734,67.41000366210938,66.52999877929688,66.8499984741211,66.77299499511719
2026-03-18,66.43000030517578,66.79000091552734,64.9000015258789,64.94999694824219,64.87518310546875
2026-03-19,63.779998779296875,65.1500015258789,63.2599983215332,64.52999877929688,64.4556655883789
2026-03-20,64.08999633789062,64.12000274658203,61.369998931884766,62.130001068115234,62.058433532714844
2026-03-23,64.08000183105469,65.05999755859375,63.119998931884766,63.58000183105469,63.50676345825195
2026-03-24,62.84000015258789,63.52000045776367,62.2400016784668,62.63999938964844,62.56784439086914
2026-03-25,63.7599983215332,64.23999786376953,63.02000045776367,63.43000030517578,63.370086669921875
2026-03-26,62.33000183105469,62.7599983215332,60.36000061035156,60.43000030517578,60.372920989990234
2026-03-27,59.77000045776367,59.81999969482422,57.83000183105469,58.04999923706055,57.99517059326172
2026-03-30,59.02000045776367,59.16999816894531,56.599998474121094,57.15999984741211,57.10601043701172
2026-03-31,58.369998931884766,61.29999923706055,58.349998474121094,61.0,60.9423828125
2026-04-01,61.900001525878906,63.220001220703125,61.70000076293945,62.4900016784668,62.43097686767578
2026-04-02,60.2599983215332,62.810001373291016,59.81999969482422,62.599998474121094,62.54086685180664
2026-04-06,62.86000061035156,63.810001373291016,62.540000915527344,63.349998474121094,63.2901611328125
2026-04-07,62.720001220703125,63.439998626708984,61.16999816894531,63.38999938964844,63.33012390136719
2026-04-08,67.70999908447266,67.94999694824219,66.29000091552734,67.08000183105469,67.01663970947266
2026-04-09,67.08999633789062,68.11000061035156,66.44999694824219,68.01000213623047,67.94576263427734
2026-04-10,68.37000274658203,68.77999877929688,67.87000274658203,68.19000244140625,68.12559509277344
2026-04-13,67.88999938964844,69.63999938964844,67.54000091552734,69.58999633789062,69.52426147460938
2026-04-14,70.2300033569336,72.11000061035156,70.2300033569336,72.0999984741211,72.03189086914062
2026-04-15,72.23999786376953,74.18000030517578,72.0199966430664,74.11000061035156,74.04000091552734
2026-04-16,74.55000305175781,75.23999786376953,73.62000274658203,74.80000305175781,74.72935485839844
2026-04-17,76.0,77.02999877929688,75.62999725341797,76.7300033569336,76.65753173828125
2026-04-20,76.54000091552734,76.69999694824219,75.25,76.2699966430664,76.19795989990234
2026-04-21,76.62000274658203,77.05000305175781,75.18000030517578,75.66999816894531,75.59851837158203
2026-04-22,77.02999877929688,78.23999786376953,76.6500015258789,78.18000030517578,78.10615539550781
2026-04-23,77.80999755859375,78.61000061035156,75.9000015258789,77.30000305175781,77.22698974609375
2026-04-24,78.94000244140625,80.37000274658203,78.48999786376953,80.23999786376953,80.1642074584961
2026-04-27,80.05999755859375,80.33000183105469,79.44000244140625,80.29000091552734,80.21416473388672
2026-04-28,78.62000274658203,79.16000366210938,77.7699966430664,78.66999816894531,78.59569549560547
2026-04-29,78.9000015258789,79.6500015258789,78.43000030517578,79.63999938964844,79.56478118896484
2026-04-30,80.54000091552734,81.31999969482422,78.6500015258789,81.05000305175781,80.97344970703125
2026-05-01,81.41999816894531,83.05000305175781,81.31999969482422,82.5999984741211,82.52198028564453
2026-05-04,82.72000122070312,83.23999786376953,81.33000183105469,82.27999877929688,82.20227813720703
2026-05-05,83.51000213623047,84.69000244140625,83.41999816894531,84.38999938964844,84.31028747558594
2026-05-06,85.94000244140625,87.94000244140625,85.61000061035156,87.8499984741211,87.76702117919922
2026-05-07,88.08000183105469,89.2699966430664,86.88999938964844,87.66000366210938,87.57720184326172
2026-05-08,88.9000015258789,91.73999786376953,88.80999755859375,91.72000122070312,91.63336944580078
2026-05-11,91.5199966430664,92.61000061035156,91.16000366210938,92.26000213623047,92.17285919189453
2026-05-12,90.93000030517578,91.44999694824219,87.97000122070312,90.69000244140625,90.60433959960938
2026-05-13,91.37999725341797,93.11000061035156,90.06999969482422,92.55000305175781,92.46258544921875
2026-05-14,92.58000183105469,94.4800033569336,92.47000122070312,93.9000015258789,93.81130981445312
2026-05-15,91.33000183105469,92.63999938964844,90.16000366210938,91.02999877929688,90.94402313232422
2026-05-18,91.70999908447266,91.80999755859375,88.44999694824219,90.19999694824219,90.11479949951172
2026-05-19,88.66999816894531,90.37999725341797,87.5199966430664,89.12999725341797,89.04580688476562
2026-05-20,90.05999755859375,92.05000305175781,89.68000030517578,92.05000305175781,91.96305847167969
2026-05-21,90.95999908447266,93.04000091552734,90.41999816894531,92.37999725341797,92.29273986816406
2026-05-22,93.2699966430664,94.31999969482422,92.7300033569336,93.0999984741211,93.0120620727539
2026-05-26,95.30000305175781,96.6500015258789,94.83999633789062,96.4000015258789,96.30894470214844
2026-05-27,97.11000061035156,97.13999938964844,95.1500015258789,96.19000244140625,96.0991439819336
2026-05-28,96.25,98.05999755859375,95.4000015258789,97.79000091552734,97.6976318359375
2026-05-29,98.38999938964844,99.3499984741211,97.68000030517578,98.45999908447266,98.36700439453125
2026-06-01,98.16000366210938,100.41000366210938,97.83999633789062,99.62999725341797,99.535888671875
2026-06-02,99.55999755859375,100.5999984741211,98.69000244140625,100.52999877929688,100.43504333496094
2026-06-03,100.8499984741211,101.19000244140625,99.16000366210938,100.0,99.90554809570312
2026-06-04,97.66000366210938,99.77999877929688,96.87999725341797,99.0199966430664,98.92646026611328
2026-06-05,96.18000030517578,96.58000183105469,89.27999877929688,89.54000091552734,89.4554214477539
2026-06-08,92.70999908447266,94.02999877929688,91.54000091552734,92.25,92.1628646850586
2026-06-09,94.0199966430664,94.72000122070312,84.5999984741211,90.12000274658203,90.03487396240234
2026-06-10,88.5199966430664,90.9800033569336,86.31999969482422,86.51000213623047,86.42829132080078
2026-06-11,87.91000366210938,92.66000366210938,86.83999633789062,92.18000030517578,92.09293365478516
2026-06-12,92.47000122070312,94.06999969482422,90.80000305175781,93.37999725341797,93.29180145263672
2026-06-15,97.69000244140625,99.44000244140625,97.54000091552734,99.18000030517578,99.08631896972656
2026-06-16,98.7699966430664,99.27999877929688,95.38999938964844,95.45999908447266,95.36982727050781
2026-06-17,96.83000183105469,96.95999908447266,93.11000061035156,93.55999755859375,93.47162628173828
2026-06-18,97.2699966430664,98.44999694824219,96.06999969482422,97.91000366210938,97.8175277709961
2026-06-22,98.7300033569336,99.63999938964844,96.72000122070312,97.68000030517578,97.58773803710938
2026-06-23,91.73999786376953,93.81999969482422,90.80999755859375,91.22000122070312,91.13384246826172
2026-06-24,91.58999633789062,92.73999786376953,88.80000305175781,90.37000274658203,90.34505462646484
2026-06-25,94.22000122070312,94.47000122070312,88.9800033569336,91.7699966430664,91.74466705322266
2026-06-26,89.38999938964844,91.5199966430664,88.30000305175781,89.12000274658203,89.09540557861328
2026-06-29,91.12000274658203,93.79000091552734,88.91000366210938,93.68000030517578,93.65414428710938
2026-06-30,93.69000244140625,97.16000366210938,93.63999938964844,96.76000213623047,96.73329162597656
2026-07-01,94.93000030517578,95.6500015258789,93.73999786376953,93.9000015258789,93.87408447265625
2026-07-02,93.97000122070312,95.29000091552734,89.30000305175781,90.61000061035156,90.58499145507812
2026-07-06,92.4000015258789,93.9800033569336,92.05000305175781,93.13999938964844,93.11428833007812
2026-07-07,90.91000366210938,91.4800033569336,88.54000091552734,89.69000244140625,89.66524505615234
2026-07-08,88.55999755859375,90.37999725341797,87.54000091552734,90.13999938964844,90.11511993408203
2026-07-09,91.9000015258789,93.41999816894531,91.12999725341797,93.13999938964844,93.11428833007812
2026-07-10,92.45999908447266,93.94000244140625,91.5199966430664,93.69999694824219,93.67413330078125
2026-07-13,91.66999816894531,91.94000244140625,89.69999694824219,90.12999725341797,90.10511779785156
2026-07-14,92.27999877929688,92.80000305175781,90.77999877929688,92.12999725341797,92.10456848144531
2026-07-15,93.16999816894531,93.30999755859375,89.7300033569336,91.61000061035156,91.584716796875
2026-07-16,90.13999938964844,90.55999755859375,87.76000213623047,88.56999969482422,88.5455551147461
2026-07-17,84.9800033569336,87.6500015258789,83.7699966430664,85.91000366210938,85.88629150390625
2026-07-20,87.5999984741211,88.45999908447266,85.94999694824219,86.02999877929688,86.0062484741211
2026-07-21,88.66000366210938,89.5,87.73999786376953,89.2300033569336,89.20537567138672
2026-07-22,87.9000015258789,89.37000274658203,87.87000274658203,88.27999877929688,88.25563049316406
2026-07-23,85.63999938964844,86.62999725341797,83.9000015258789,85.0,84.9765396118164
2026-07-24,84.54000091552734,85.08000183105469,82.58999633789062,83.0,82.97708892822266
2026-07-27,84.81999969482422,84.94000244140625,80.98999786376953,82.4800033569336,82.45723724365234
2026-07-28,81.05000305175781,81.81999969482422,79.05000305175781,80.87000274658203,80.8476791381836
2026-07-29,80.87999725341797,81.94000244140625,77.44999694824219,77.58000183105469,77.55858612060547
2026-07-30,80.61000061035156,83.04000091552734,80.2699966430664,82.68000030517578,82.65718078613281
2026-07-31,84.69000244140625,85.58999633789062,81.79000091552734,83.66999816894531,83.64690399169922
2026-08-03,83.77999877929688,86.98999786376953,83.18000030517578,86.62000274658203,86.5960922241211
2026-08-04,88.62999725341797,92.94999694824219,88.47000122070312,92.45999908447266,92.43447875976562
2026-08-05,93.11000061035156,93.69000244140625,90.72000122070312,90.80000305175781,90.77494049072266
2026-08-06,89.13999938964844,91.30999755859375,88.58999633789062,90.12999725341797,90.10511779785156
2026-08-07,91.5,92.36000061035156,90.56999969482422,92.20999908447266,92.1845474243164
2026-08-10,92.02999877929688,92.62000274658203,91.51000213623047,91.62999725341797,91.60470581054688
2026-08-11,92.25,92.26000213623047,90.36000061035156,90.9800033569336,90.95488739013672
2026-08-12,93.1500015258789,93.2300033569336,92.13999938964844,92.31999969482422,92.29451751708984
2026-08-13,92.68000030517578,94.94000244140625,92.41999816894531,94.43000030517578,94.40393829345703
2026-08-14,94.76000213623047,95.0,93.44999694824219,94.1500015258789,94.12401580810547
2026-08-17,94.62999725341797,95.04000091552734,93.68000030517578,93.83999633789062,93.81409454345703
2026-08-18,91.33999633789062,91.80999755859375,90.23999786376953,90.6500015258789,90.6249771118164
2026-08-19,91.37000274658203,91.63999938964844,89.4000015258789,90.25,90.22509002685547
2026-08-20,89.26000213623047,89.94999694824219,88.36000061035156,88.94999694824219,88.92544555664062
2026-08-21,90.0,90.0999984741211,88.48999786376953,89.52999877929688,89.50528717041016
2026-08-24,88.56999969482422,88.61000061035156,86.83999633789062,87.72000122070312,87.69578552246094
2026-08-25,88.95999908447266,89.62999725341797,88.01000213623047,88.80000305175781,88.7754898071289
2026-08-26,88.23999786376953,89.37999725341797,88.12000274658203,88.93000030517578,88.90545654296875
2026-08-27,90.38999938964844,91.44999694824219,89.7699966430664,91.37999725341797,91.35477447509766
2026-08-28,91.0199966430664,92.13999938964844,89.83999633789062,90.16999816894531,90.14511108398438
2026-08-31,89.83000183105469,90.43000030517578,89.33000183105469,90.23999786376953,90.215087890625
2026-09-01,87.86000061035156,89.08999633789062,87.19999694824219,87.91999816894531,87.8957290649414
2026-09-02,87.77999877929688,88.44000244140625,87.29000091552734,88.30999755859375,88.2856216430664
2026-09-03,88.69999694824219,90.69999694824219,88.41000366210938,90.37999725341797,90.35504913330078
2026-09-04,90.77999877929688,91.4000015258789,90.06999969482422,90.68000030517578,90.65496826171875
2026-09-08,91.13999938964844,91.38999938964844,89.80999755859375,90.52999877929688,90.50501251220703
2026-09-09,89.9800033569336,90.83000183105469,89.41000366210938,89.9800033569336,89.95516967773438
2026-09-10,87.70999908447266,88.87999725341797,87.58999633789062,88.0199966430664,87.99569702148438
2026-09-11,89.75,90.22000122070312,89.23999786376953,89.55000305175781,89.52528381347656
2026-09-14,86.63999938964844,89.02999877929688,86.4800033569336,88.0999984741211,88.07568359375
2026-09-15,87.9800033569336,88.16999816894531,86.70999908447266,86.95999908447266,86.93599700927734
2026-09-16,87.77999877929688,88.7300033569336,85.80999755859375,86.95999908447266,86.93599700927734
2026-09-17,89.7699966430664,90.2300033569336,89.08999633789062,89.94000244140625,89.91517639160156
2026-09-18,90.41000366210938,91.12000274658203,89.4800033569336,91.0,90.97488403320312
2026-09-21,92.86000061035156,96.7300033569336,92.8499984741211,96.2699966430664,96.24342346191406
2026-09-22,96.12999725341797,98.05000305175781,96.12999725341797,97.81999969482422,97.79299926757812
2026-09-23,97.68000030517578,97.70999908447266,95.37999725341797,96.16000366210938,96.16000366210938
2026-09-24,94.5999984741211,96.5,94.44999694824219,96.0999984741211,96.0999984741211
2026-09-25,96.5199966430664,97.31999969482422,95.69999694824219,96.94999694824219,96.94999694824219
2026-09-28,95.87999725341797,96.12000274658203,93.5999984741211,94.87000274658203,94.87000274658203
2026-09-29,95.80999755859375,95.9000015258789,94.55000305175781,95.22000122070312,95.22000122070312
2026-09-30,95.77999877929688,97.04000091552734,95.61000061035156,95.6500015258789,95.6500015258789
2026-10-01,96.41000366210938,96.91000366210938,94.75,96.23999786376953,96.23999786376953
2026-10-02,98.62000274658203,99.44000244140625,97.63999938964844,98.12999725341797,98.12999725341797
2026-10-05,98.08000183105469,100.05999755859375,98.0199966430664,99.83999633789062,99.83999633789062
2026-10-06,100.9800033569336,101.62000274658203,100.6500015258789,100.7699966430664,100.7699966430664
2026-10-07,99.19000244140625,100.37000274658203,98.6500015258789,100.2300033569336,100.2300033569336
2026-10-08,99.2300033569336,100.08000183105469,96.38999938964844,97.54000091552734,97.54000091552734
